longitude,latitude,elevation
80.85805555555557,30.121111111111112,2962.0
80.85777777777778,30.120833333333334,2962.0
80.85750000000002,30.120833333333334,2961.0
80.85722222222223,30.120833333333334,2961.0
80.85694444444445,30.120833333333334,2960.0
80.85666666666668,30.120833333333334,2960.0
80.8563888888889,30.120555555555555,2958.0
80.85611111111112,30.120555555555555,2958.0
80.85583333333335,30.120555555555555,2958.0
80.85555555555557,30.120555555555555,2958.0
80.85527777777779,30.12027777777778,2957.0
80.855,30.12027777777778,2956.0
80.85472222222224,30.12027777777778,2958.0
80.85444444444445,30.12,2956.0
80.85444444444445,30.119722222222222,2953.0
80.85444444444445,30.119444444444444,2952.0
80.85416666666667,30.11916666666667,2950.0
80.8538888888889,30.11888888888889,2949.0
80.85361111111112,30.11888888888889,2948.0
80.85333333333334,30.11888888888889,2947.0
80.85305555555557,30.11888888888889,2947.0
80.85277777777779,30.11888888888889,2947.0
80.8525,30.11888888888889,2950.0
80.85222222222224,30.11861111111111,2943.0
80.85194444444446,30.11861111111111,2948.0
80.85166666666667,30.118333333333336,2947.0
80.8513888888889,30.118333333333336,2948.0
80.85111111111112,30.118333333333336,2946.0
80.85083333333334,30.118333333333336,2946.0
80.85055555555557,30.118333333333336,2946.0
80.85027777777779,30.118333333333336,2949.0
80.85000000000001,30.118055555555557,2945.0
80.84972222222223,30.118055555555557,2945.0
80.84944444444446,30.118055555555557,2944.0
80.84916666666668,30.118055555555557,2942.0
80.8488888888889,30.118055555555557,2940.0
80.84861111111113,30.118055555555557,2943.0
80.84833333333334,30.118055555555557,2947.0
80.84805555555556,30.118055555555557,2950.0
80.8477777777778,30.11777777777778,2946.0
80.84750000000001,30.1175,2938.0
80.84722222222223,30.1175,2943.0
80.84694444444446,30.1175,2950.0
80.84666666666668,30.117222222222225,2949.0
80.8463888888889,30.116944444444446,2950.0
80.8463888888889,30.116666666666667,2950.0
80.84611111111113,30.11638888888889,2950.0
80.84583333333335,30.116111111111113,2949.0
80.84555555555556,30.116111111111113,2939.0
80.8452777777778,30.116111111111113,2937.0
80.84500000000001,30.116111111111113,2938.0
80.84472222222223,30.116111111111113,2941.0
80.84444444444445,30.116111111111113,2943.0
80.84416666666668,30.115833333333335,2940.0
80.8438888888889,30.115555555555556,2940.0
80.84361111111112,30.115277777777777,2944.0
80.84333333333335,30.115000000000002,2942.0
80.84305555555557,30.114722222222223,2947.0
80.84277777777778,30.114444444444445,2946.0
80.84277777777778,30.114166666666666,2944.0
80.84277777777778,30.11388888888889,2939.0
80.84277777777778,30.113611111111112,2935.0
80.84250000000002,30.113333333333333,2934.0
80.84222222222223,30.113055555555558,2924.0
80.84222222222223,30.11277777777778,2920.0
80.84222222222223,30.1125,2920.0
80.84222222222223,30.112222222222222,2918.0
80.84222222222223,30.111944444444447,2910.0
80.84222222222223,30.111666666666668,2897.0
80.84222222222223,30.11138888888889,2887.0
80.84222222222223,30.11111111111111,2879.0
80.84222222222223,30.110833333333336,2874.0
80.84222222222223,30.110555555555557,2865.0
80.84222222222223,30.110277777777778,2857.0
80.84222222222223,30.11,2856.0
80.84222222222223,30.109722222222224,2852.0
80.84222222222223,30.109444444444446,2850.0
80.84222222222223,30.109166666666667,2855.0
80.84250000000002,30.108888888888888,2847.0
80.84277777777778,30.108611111111113,2846.0
80.84305555555557,30.108333333333334,2844.0
80.84333333333335,30.108055555555556,2845.0
80.84361111111112,30.107777777777777,2856.0
80.8438888888889,30.1075,2866.0
80.84416666666668,30.107222222222223,2881.0
80.84444444444445,30.106944444444444,2895.0
80.84472222222223,30.10666666666667,2909.0
80.84500000000001,30.10638888888889,2912.0
80.8452777777778,30.10611111111111,2907.0
80.84555555555556,30.105833333333333,2912.0
80.84583333333335,30.105555555555558,2916.0
80.84583333333335,30.10527777777778,2923.0
80.84583333333335,30.105,2923.0
80.84583333333335,30.10472222222222,2919.0
80.84583333333335,30.104444444444447,2915.0
80.84555555555556,30.104166666666668,2905.0
80.84555555555556,30.10388888888889,2888.0
80.84555555555556,30.10361111111111,2869.0
80.8452777777778,30.103333333333335,2842.0
80.8452777777778,30.103055555555557,2815.0
80.8452777777778,30.102777777777778,2797.0
80.84500000000001,30.1025,2782.0
80.84500000000001,30.102222222222224,2776.0
80.84472222222223,30.101944444444445,2771.0
80.84444444444445,30.101666666666667,2765.0
80.84416666666668,30.101666666666667,2746.0
80.8438888888889,30.101666666666667,2753.0
80.84361111111112,30.10138888888889,2757.0
80.84333333333335,30.101111111111113,2758.0
80.84305555555557,30.100833333333334,2756.0
80.84277777777778,30.100555555555555,2752.0
80.84250000000002,30.10027777777778,2749.0
80.84222222222223,30.10027777777778,2747.0
80.84194444444445,30.1,2745.0
80.84166666666668,30.099722222222223,2737.0
80.8413888888889,30.099722222222223,2731.0
80.84111111111112,30.099722222222223,2731.0
80.84083333333335,30.099444444444444,2734.0
80.84055555555557,30.09916666666667,2731.0
80.84027777777779,30.09888888888889,2721.0
80.84000000000002,30.09888888888889,2719.0
80.83972222222224,30.09861111111111,2708.0
80.83944444444445,30.09861111111111,2711.0
80.83916666666667,30.09861111111111,2717.0
80.8388888888889,30.098333333333333,2709.0
80.83861111111112,30.098333333333333,2713.0
80.83833333333334,30.098333333333333,2712.0
80.83805555555557,30.098333333333333,2710.0
80.83777777777779,30.098333333333333,2716.0
80.8375,30.098055555555558,2720.0
80.83722222222224,30.09777777777778,2720.0
80.83694444444446,30.0975,2707.0
80.83666666666667,30.09722222222222,2683.0
80.8363888888889,30.09722222222222,2674.0
80.83611111111112,30.09722222222222,2665.0
80.83583333333334,30.09722222222222,2656.0
80.83555555555557,30.09722222222222,2648.0
80.83527777777779,30.09722222222222,2647.0
80.83500000000001,30.09722222222222,2659.0
80.83472222222224,30.09722222222222,2665.0
80.83444444444446,30.09722222222222,2669.0
80.83416666666668,30.09722222222222,2675.0
80.8338888888889,30.0975,2659.0
80.83361111111113,30.0975,2662.0
80.83333333333334,30.0975,2663.0
80.83305555555556,30.0975,2671.0
80.83277777777779,30.0975,2677.0
80.83250000000001,30.09722222222222,2671.0
80.83222222222223,30.096944444444446,2654.0
80.83194444444446,30.096944444444446,2639.0
80.83166666666668,30.096944444444446,2637.0
80.8313888888889,30.09722222222222,2629.0
80.83111111111113,30.09722222222222,2618.0
80.83083333333335,30.09722222222222,2615.0
80.83055555555556,30.09722222222222,2610.0
80.8302777777778,30.09722222222222,2605.0
80.83000000000001,30.09722222222222,2603.0
80.82972222222223,30.09722222222222,2603.0
80.82944444444446,30.096944444444446,2598.0
80.82916666666668,30.096944444444446,2593.0
80.8288888888889,30.09722222222222,2588.0
80.82861111111112,30.0975,2589.0
80.82833333333335,30.09777777777778,2593.0
80.82805555555557,30.098055555555558,2592.0
80.82777777777778,30.098055555555558,2589.0
80.82750000000001,30.098333333333333,2576.0
80.82722222222223,30.09861111111111,2576.0
80.82694444444445,30.09888888888889,2578.0
80.82666666666668,30.09916666666667,2576.0
80.8263888888889,30.09916666666667,2574.0
80.8263888888889,30.099444444444444,2574.0
80.82611111111112,30.099722222222223,2571.0
80.82611111111112,30.1,2564.0
80.82583333333335,30.1,2560.0
80.82555555555557,30.1,2562.0
80.82527777777779,30.1,2562.0
80.82500000000002,30.099722222222223,2559.0
80.82472222222223,30.099722222222223,2563.0
80.82444444444445,30.099722222222223,2562.0
80.82416666666668,30.099722222222223,2562.0
80.8238888888889,30.099722222222223,2558.0
80.82361111111112,30.099722222222223,2550.0
80.82333333333334,30.099722222222223,2548.0
80.82305555555557,30.099722222222223,2548.0
80.82277777777779,30.099722222222223,2548.0
80.8225,30.099722222222223,2551.0
80.82222222222224,30.099722222222223,2551.0
80.82194444444445,30.099722222222223,2550.0
80.82166666666667,30.099722222222223,2552.0
80.8213888888889,30.099722222222223,2552.0
80.82111111111112,30.099722222222223,2550.0
80.82083333333334,30.099722222222223,2553.0
80.82055555555557,30.099444444444444,2562.0
80.82027777777779,30.09916666666667,2564.0
80.82000000000001,30.09888888888889,2567.0
80.82000000000001,30.09861111111111,2566.0
80.82000000000001,30.098333333333333,2562.0
80.82000000000001,30.098055555555558,2564.0
80.81972222222224,30.09777777777778,2567.0
80.81944444444446,30.0975,2563.0
80.81916666666667,30.09722222222222,2556.0
80.8188888888889,30.09722222222222,2552.0
80.81861111111112,30.09722222222222,2543.0
80.81833333333334,30.09722222222222,2531.0
80.81805555555556,30.09722222222222,2522.0
80.81777777777779,30.09722222222222,2519.0
80.81750000000001,30.09722222222222,2517.0
80.81722222222223,30.09722222222222,2516.0
80.81694444444446,30.096944444444446,2513.0
80.81666666666668,30.096666666666668,2519.0
80.8163888888889,30.09638888888889,2527.0
80.81611111111113,30.096111111111114,2535.0
80.81583333333334,30.095833333333335,2546.0
80.81555555555556,30.095555555555556,2550.0
80.8152777777778,30.095277777777778,2551.0
80.81500000000001,30.095000000000002,2555.0
80.81472222222223,30.094722222222224,2558.0
80.81444444444446,30.094444444444445,2556.0
80.81444444444446,30.094166666666666,2553.0
80.81444444444446,30.09388888888889,2553.0
80.81444444444446,30.093611111111112,2557.0
80.81416666666668,30.093333333333334,2556.0
80.8138888888889,30.093055555555555,2547.0
80.81361111111113,30.093055555555555,2538.0
80.81333333333335,30.093055555555555,2538.0
80.81305555555556,30.093055555555555,2535.0
80.81277777777778,30.093055555555555,2529.0
80.81250000000001,30.093055555555555,2520.0
80.81222222222223,30.093055555555555,2514.0
80.81194444444445,30.093055555555555,2509.0
80.81166666666668,30.093055555555555,2508.0
80.8113888888889,30.09277777777778,2501.0
80.81111111111112,30.0925,2508.0
80.81083333333335,30.092222222222222,2514.0
80.81055555555557,30.091944444444444,2520.0
80.81027777777778,30.09166666666667,2520.0
80.81000000000002,30.09138888888889,2506.0
80.81000000000002,30.09111111111111,2501.0
80.80972222222223,30.09111111111111,2500.0
80.80944444444445,30.090833333333332,2499.0
80.80916666666668,30.09111111111111,2495.0
80.8088888888889,30.090833333333332,2489.0
80.80861111111112,30.090555555555557,2468.0
80.80833333333335,30.090555555555557,2456.0
80.80805555555557,30.090555555555557,2458.0
80.80777777777779,30.09027777777778,2462.0
80.8075,30.09,2474.0
80.80722222222224,30.089722222222225,2474.0
80.80694444444445,30.089722222222225,2459.0
80.80666666666667,30.089722222222225,2452.0
80.8063888888889,30.089444444444446,2445.0
80.80611111111112,30.089444444444446,2437.0
80.80583333333334,30.089444444444446,2432.0
80.80555555555557,30.089444444444446,2433.0
80.80527777777779,30.089166666666667,2433.0
80.805,30.089166666666667,2434.0
80.80472222222224,30.08888888888889,2427.0
80.80444444444446,30.088611111111113,2427.0
80.80416666666667,30.088333333333335,2426.0
80.8038888888889,30.088055555555556,2426.0
80.80361111111112,30.087777777777777,2427.0
80.80333333333334,30.087500000000002,2428.0
80.80305555555557,30.087222222222223,2433.0
80.80277777777779,30.086944444444445,2433.0
80.80277777777779,30.086666666666666,2434.0
80.80250000000001,30.08638888888889,2428.0
80.80222222222223,30.086111111111112,2416.0
80.80194444444446,30.085833333333333,2410.0
80.80166666666668,30.085555555555555,2414.0
80.8013888888889,30.08527777777778,2419.0
80.8013888888889,30.085,2418.0
80.80111111111113,30.084722222222222,2411.0
80.80111111111113,30.084444444444447,2405.0
80.80111111111113,30.08416666666667,2404.0
80.80111111111113,30.08388888888889,2404.0
80.80111111111113,30.08361111111111,2404.0
80.80083333333334,30.083333333333336,2403.0
80.80055555555556,30.083055555555557,2402.0
80.80055555555556,30.08277777777778,2396.0
80.80055555555556,30.0825,2392.0
80.80055555555556,30.082222222222224,2385.0
80.80055555555556,30.081944444444446,2384.0
80.8002777777778,30.081666666666667,2387.0
80.80000000000001,30.08138888888889,2391.0
80.79972222222223,30.081111111111113,2400.0
80.79944444444446,30.080833333333334,2401.0
80.79916666666668,30.080555555555556,2394.0
80.7988888888889,30.080555555555556,2391.0
80.79861111111113,30.080277777777777,2384.0
80.79833333333335,30.080277777777777,2371.0
80.79805555555556,30.080277777777777,2359.0
80.79777777777778,30.080277777777777,2351.0
80.79750000000001,30.080277777777777,2353.0
80.79722222222223,30.080000000000002,2367.0
80.79694444444445,30.079722222222223,2375.0
80.79666666666668,30.079444444444444,2383.0
80.7963888888889,30.07916666666667,2383.0
80.7963888888889,30.07888888888889,2374.0
80.7963888888889,30.078611111111112,2362.0
80.7963888888889,30.078333333333333,2353.0
80.79611111111112,30.078333333333333,2343.0
80.79583333333335,30.078333333333333,2339.0
80.79555555555557,30.078055555555558,2334.0
80.79527777777778,30.07777777777778,2339.0
80.79500000000002,30.0775,2342.0
80.79472222222223,30.077222222222222,2347.0
80.79444444444445,30.076944444444447,2355.0
80.79416666666668,30.076666666666668,2355.0
80.7938888888889,30.07638888888889,2347.0
80.7938888888889,30.07611111111111,2337.0
80.7938888888889,30.075833333333335,2333.0
80.7938888888889,30.075555555555557,2338.0
80.79361111111112,30.075277777777778,2327.0
80.79333333333335,30.075,2303.0
80.79305555555557,30.074722222222224,2290.0
80.79277777777779,30.074444444444445,2284.0
80.7925,30.074166666666667,2289.0
80.79222222222224,30.073888888888888,2305.0
80.79194444444445,30.073611111111113,2319.0
80.79166666666667,30.073333333333334,2331.0
80.7913888888889,30.073055555555555,2341.0
80.79111111111112,30.07277777777778,2329.0
80.79083333333334,30.0725,2322.0
80.79055555555557,30.072222222222223,2315.0
80.79055555555557,30.071944444444444,2316.0
80.79027777777779,30.07166666666667,2317.0
80.79,30.07166666666667,2313.0
80.78972222222224,30.07138888888889,2303.0
80.78944444444446,30.07111111111111,2277.0
80.78944444444446,30.070833333333333,2262.0
80.78944444444446,30.070555555555558,2260.0
80.78916666666667,30.07027777777778,2259.0
80.7888888888889,30.07,2275.0
80.78861111111112,30.06972222222222,2276.0
80.78861111111112,30.069444444444446,2272.0
80.78861111111112,30.069166666666668,2266.0
80.78833333333334,30.06888888888889,2266.0
80.78805555555557,30.06861111111111,2275.0
80.78777777777779,30.068333333333335,2276.0
80.78750000000001,30.068055555555556,2276.0
80.78722222222223,30.067777777777778,2274.0
80.78722222222223,30.067500000000003,2270.0
80.78694444444446,30.067222222222224,2273.0
80.78694444444446,30.066944444444445,2271.0
80.78694444444446,30.066666666666666,2273.0
80.78666666666668,30.06638888888889,2272.0
80.7863888888889,30.066111111111113,2255.0
80.78611111111113,30.065833333333334,2247.0
80.78611111111113,30.065555555555555,2237.0
80.78611111111113,30.06527777777778,2231.0
80.78611111111113,30.065,2230.0
80.78611111111113,30.064722222222223,2231.0
80.78583333333334,30.064444444444444,2225.0
80.78583333333334,30.06416666666667,2225.0
80.78583333333334,30.06388888888889,2225.0
80.78555555555556,30.06361111111111,2217.0
80.7852777777778,30.063333333333333,2213.0
80.78500000000001,30.063055555555557,2211.0
80.78472222222223,30.06277777777778,2202.0
80.78444444444446,30.0625,2200.0
80.78416666666668,30.062222222222225,2193.0
80.7838888888889,30.061944444444446,2182.0
80.78361111111113,30.061666666666667,2178.0
80.78333333333335,30.06138888888889,2169.0
80.78305555555556,30.061111111111114,2166.0
80.7827777777778,30.060833333333335,2169.0
80.78250000000001,30.060555555555556,2169.0
80.78222222222223,30.060277777777777,2168.0
80.78194444444445,30.060000000000002,2173.0
80.78166666666668,30.059722222222224,2183.0
80.7813888888889,30.059444444444445,2199.0
80.78111111111112,30.059166666666666,2207.0
80.78083333333335,30.05888888888889,2228.0
80.78055555555557,30.058611111111112,2234.0
80.78055555555557,30.058333333333334,2230.0
80.78027777777778,30.058055555555555,2215.0
80.78027777777778,30.05777777777778,2198.0
80.78027777777778,30.0575,2187.0
80.78000000000002,30.057222222222222,2169.0
80.77972222222223,30.056944444444444,2150.0
80.77944444444445,30.056944444444444,2148.0
80.77916666666668,30.05666666666667,2148.0
80.7788888888889,30.05666666666667,2140.0
80.77861111111112,30.05666666666667,2134.0
80.77833333333335,30.05638888888889,2118.0
80.77805555555557,30.05611111111111,2118.0
80.77777777777779,30.055833333333336,2127.0
80.77750000000002,30.055555555555557,2136.0
80.77722222222224,30.05527777777778,2149.0
80.77694444444445,30.055,2154.0
80.77666666666667,30.054722222222225,2152.0
80.7763888888889,30.054722222222225,2145.0
80.77611111111112,30.054444444444446,2133.0
80.77583333333334,30.054444444444446,2122.0
80.77555555555557,30.054444444444446,2116.0
80.77527777777779,30.054444444444446,2113.0
80.775,30.054722222222225,2113.0
80.77472222222224,30.054444444444446,2108.0
80.77444444444446,30.054444444444446,2101.0
80.77416666666667,30.054444444444446,2098.0
80.7738888888889,30.054444444444446,2099.0
80.77361111111112,30.054166666666667,2098.0
80.77333333333334,30.054166666666667,2098.0
80.77305555555557,30.054166666666667,2102.0
80.77277777777779,30.054166666666667,2103.0
80.77250000000001,30.05388888888889,2099.0
80.77222222222224,30.05388888888889,2094.0
80.77194444444446,30.05388888888889,2087.0
80.77166666666668,30.05388888888889,2079.0
80.7713888888889,30.05388888888889,2072.0
80.77111111111113,30.05388888888889,2073.0
80.77083333333334,30.05388888888889,2075.0
80.77055555555556,30.05388888888889,2074.0
80.77027777777779,30.05388888888889,2080.0
80.77000000000001,30.05388888888889,2090.0
80.76972222222223,30.053611111111113,2064.0
80.76944444444446,30.053611111111113,2070.0
80.76916666666668,30.053611111111113,2081.0
80.7688888888889,30.053611111111113,2090.0
80.76861111111113,30.053611111111113,2089.0
80.76833333333335,30.053611111111113,2086.0
80.76805555555556,30.053611111111113,2081.0
80.7677777777778,30.053611111111113,2077.0
80.76750000000001,30.053611111111113,2077.0
80.76722222222223,30.053611111111113,2079.0
80.76694444444446,30.053611111111113,2086.0
80.76666666666668,30.053333333333335,2081.0
80.7663888888889,30.053333333333335,2093.0
80.76611111111112,30.053055555555556,2078.0
80.76583333333335,30.052777777777777,2060.0
80.76555555555557,30.052500000000002,2044.0
80.76527777777778,30.052222222222223,2032.0
80.76500000000001,30.051944444444445,2027.0
80.76472222222223,30.051666666666666,2036.0
80.76444444444445,30.05138888888889,2061.0
80.76416666666668,30.051111111111112,2075.0
80.7638888888889,30.050833333333333,2083.0
80.76361111111112,30.050555555555558,2079.0
80.76333333333335,30.05027777777778,2075.0
80.76305555555557,30.05,2072.0
80.76277777777779,30.049722222222222,2062.0
80.76250000000002,30.049444444444447,2064.0
80.76222222222223,30.049166666666668,2070.0
80.76194444444445,30.04888888888889,2085.0
80.76166666666668,30.04861111111111,2087.0
80.7613888888889,30.048333333333336,2085.0
80.76111111111112,30.048055555555557,2083.0
80.76083333333334,30.047777777777778,2080.0
80.76083333333334,30.0475,2082.0
80.76083333333334,30.047222222222224,2091.0
80.76083333333334,30.046944444444446,2094.0
80.76055555555557,30.046666666666667,2089.0
80.76027777777779,30.046388888888888,2085.0
80.76027777777779,30.046111111111113,2092.0
80.76,30.045833333333334,2086.0
80.76,30.045555555555556,2094.0
80.75972222222224,30.045277777777777,2068.0
80.75972222222224,30.045,2067.0
80.75972222222224,30.044722222222223,2046.0
80.75972222222224,30.044444444444444,2029.0
80.75944444444445,30.04416666666667,1993.0
80.75916666666667,30.04388888888889,1994.0
80.7588888888889,30.04361111111111,2002.0
80.75861111111112,30.043333333333333,2034.0
80.75833333333334,30.043055555555558,2056.0
80.75805555555557,30.04277777777778,2078.0
80.75777777777779,30.0425,2094.0
80.75750000000001,30.04222222222222,2094.0
80.75722222222224,30.041944444444447,2081.0
80.75722222222224,30.041666666666668,2066.0
80.75694444444446,30.04138888888889,2032.0
80.75666666666667,30.04111111111111,1986.0
80.75666666666667,30.040833333333335,1956.0
80.75666666666667,30.040555555555557,1932.0
80.7563888888889,30.040277777777778,1938.0
80.75611111111112,30.04,1968.0
80.75583333333334,30.039722222222224,1980.0
80.75583333333334,30.039444444444445,1980.0
80.75583333333334,30.039166666666667,1979.0
80.75583333333334,30.03888888888889,1978.0
80.75583333333334,30.038611111111113,1977.0
80.75583333333334,30.038333333333334,1972.0
80.75583333333334,30.038055555555555,1951.0
80.75583333333334,30.03777777777778,1937.0
80.75583333333334,30.0375,1930.0
80.75555555555556,30.037222222222223,1915.0
80.75555555555556,30.036944444444444,1911.0
80.75555555555556,30.03666666666667,1913.0
80.75555555555556,30.03638888888889,1916.0
80.75555555555556,30.03611111111111,1918.0
80.75583333333334,30.035833333333333,1918.0
80.75583333333334,30.035555555555558,1919.0
80.75583333333334,30.03527777777778,1918.0
80.75583333333334,30.035,1916.0
80.75583333333334,30.03472222222222,1916.0
80.75583333333334,30.034444444444446,1916.0
80.75583333333334,30.034166666666668,1916.0
80.75583333333334,30.03388888888889,1912.0
80.75583333333334,30.033611111111114,1905.0
80.75555555555556,30.033333333333335,1898.0
80.75555555555556,30.033055555555556,1889.0
80.75555555555556,30.032777777777778,1885.0
80.75555555555556,30.032500000000002,1885.0
80.75555555555556,30.032222222222224,1884.0
80.75555555555556,30.031944444444445,1882.0
80.75555555555556,30.031666666666666,1879.0
80.75555555555556,30.03138888888889,1875.0
80.75555555555556,30.031111111111112,1871.0
80.75583333333334,30.030833333333334,1866.0
80.75611111111112,30.030555555555555,1864.0
80.7563888888889,30.03027777777778,1859.0
80.7563888888889,30.03,1856.0
80.75666666666667,30.029722222222222,1852.0
80.75666666666667,30.029444444444444,1854.0
80.75694444444446,30.02916666666667,1849.0
80.75722222222224,30.02888888888889,1848.0
80.75750000000001,30.02861111111111,1846.0
80.75777777777779,30.028333333333332,1842.0
80.75777777777779,30.028055555555557,1842.0
80.75777777777779,30.02777777777778,1842.0
80.75777777777779,30.0275,1843.0
80.75777777777779,30.027222222222225,1843.0
80.75777777777779,30.026944444444446,1840.0
80.75777777777779,30.026666666666667,1838.0
80.75777777777779,30.02638888888889,1838.0
80.75777777777779,30.026111111111113,1839.0
80.75777777777779,30.025833333333335,1840.0
80.75750000000001,30.025555555555556,1835.0
80.75750000000001,30.025277777777777,1833.0
80.75750000000001,30.025000000000002,1830.0
80.75750000000001,30.024722222222223,1832.0
80.75750000000001,30.024444444444445,1832.0
80.75750000000001,30.024166666666666,1832.0
80.75750000000001,30.02388888888889,1832.0
80.75722222222224,30.023611111111112,1831.0
80.75694444444446,30.023333333333333,1831.0
80.75666666666667,30.023055555555555,1830.0
80.7563888888889,30.023055555555555,1832.0
80.75611111111112,30.02277777777778,1825.0
80.75583333333334,30.02277777777778,1828.0
80.75555555555556,30.0225,1832.0
80.75527777777779,30.0225,1831.0
80.75500000000001,30.0225,1828.0
80.75500000000001,30.022222222222222,1825.0
80.75472222222223,30.021944444444447,1823.0
80.75472222222223,30.02166666666667,1823.0
80.75472222222223,30.02138888888889,1820.0
80.75472222222223,30.02111111111111,1819.0
80.75472222222223,30.020833333333336,1826.0
80.75444444444446,30.020555555555557,1819.0
80.75416666666668,30.02027777777778,1817.0
80.75416666666668,30.02,1825.0
80.7538888888889,30.019722222222224,1811.0
80.7538888888889,30.019444444444446,1818.0
80.7538888888889,30.019166666666667,1827.0
80.7538888888889,30.01888888888889,1828.0
80.7538888888889,30.018611111111113,1820.0
80.7538888888889,30.018333333333334,1824.0
80.75361111111113,30.018055555555556,1818.0
80.75361111111113,30.017777777777777,1826.0
80.75333333333334,30.017500000000002,1813.0
80.75333333333334,30.017222222222223,1821.0
80.75333333333334,30.016944444444444,1821.0
80.75305555555556,30.01666666666667,1814.0
80.75305555555556,30.01638888888889,1819.0
80.7527777777778,30.016111111111112,1819.0
80.75250000000001,30.015833333333333,1821.0
80.75222222222223,30.015555555555558,1808.0
80.75222222222223,30.01527777777778,1806.0
80.75222222222223,30.015,1804.0
80.75222222222223,30.014722222222222,1804.0
80.75222222222223,30.014444444444447,1810.0
80.75222222222223,30.014166666666668,1816.0
80.75222222222223,30.01388888888889,1819.0
80.75222222222223,30.01361111111111,1819.0
80.75194444444446,30.013333333333335,1812.0
80.75166666666668,30.013055555555557,1820.0
80.7513888888889,30.012777777777778,1829.0
80.75111111111113,30.0125,1827.0
80.75083333333335,30.012222222222224,1825.0
80.75055555555556,30.011944444444445,1816.0
80.75055555555556,30.011666666666667,1804.0
80.75055555555556,30.011388888888888,1806.0
80.75055555555556,30.011111111111113,1809.0
80.75027777777778,30.010833333333334,1808.0
80.75027777777778,30.010555555555555,1809.0
80.75027777777778,30.01027777777778,1806.0
80.75027777777778,30.01,1791.0
80.75000000000001,30.009722222222223,1783.0
80.74972222222223,30.009444444444444,1782.0
80.74944444444445,30.00916666666667,1790.0
80.74916666666668,30.00888888888889,1801.0
80.7488888888889,30.00861111111111,1807.0
80.74861111111112,30.008333333333333,1808.0
80.74833333333335,30.008055555555558,1805.0
80.74805555555557,30.00777777777778,1805.0
80.74777777777778,30.0075,1803.0
80.74750000000002,30.00722222222222,1791.0
80.74722222222223,30.00722222222222,1786.0
80.74694444444445,30.006944444444446,1784.0
80.74666666666668,30.006666666666668,1780.0
80.7463888888889,30.00638888888889,1770.0
80.7463888888889,30.00611111111111,1752.0
80.7463888888889,30.005833333333335,1738.0
80.74611111111112,30.005833333333335,1735.0
80.74583333333335,30.005555555555556,1726.0
80.74555555555557,30.005277777777778,1722.0
80.74527777777779,30.005000000000003,1731.0
80.745,30.004722222222224,1744.0
80.74472222222224,30.004444444444445,1750.0
80.74444444444445,30.004166666666666,1747.0
80.74416666666667,30.00388888888889,1730.0
80.7438888888889,30.00388888888889,1706.0
80.74361111111112,30.00388888888889,1689.0
80.74333333333334,30.00388888888889,1674.0
80.74305555555557,30.00388888888889,1674.0
80.74277777777779,30.00388888888889,1685.0
80.7425,30.003611111111113,1678.0
80.74222222222224,30.003333333333334,1679.0
80.74194444444446,30.003055555555555,1683.0
80.74166666666667,30.00277777777778,1686.0
80.7413888888889,30.0025,1688.0
80.74111111111112,30.002222222222223,1684.0
80.74083333333334,30.001944444444444,1688.0
80.74055555555557,30.00166666666667,1686.0
80.74055555555557,30.00138888888889,1683.0
80.74027777777779,30.00111111111111,1680.0
80.74000000000001,30.00111111111111,1678.0
80.73972222222223,30.00111111111111,1678.0
80.73944444444446,30.000833333333333,1681.0
80.73916666666668,30.000555555555557,1679.0
80.7388888888889,30.00027777777778,1676.0
80.73861111111113,30.0,1671.0
80.73833333333334,29.999722222222225,1667.0
80.73805555555556,29.999722222222225,1656.0
80.7377777777778,29.999722222222225,1648.0
80.73750000000001,29.999722222222225,1644.0
80.73722222222223,29.999722222222225,1641.0
80.73694444444446,29.999444444444446,1638.0
80.73666666666668,29.999444444444446,1635.0
80.7363888888889,29.999444444444446,1628.0
80.73611111111113,29.999444444444446,1618.0
80.73583333333335,29.999444444444446,1611.0
80.73555555555556,29.999444444444446,1608.0
80.73527777777778,29.999444444444446,1607.0
80.73500000000001,29.999444444444446,1608.0
80.73472222222223,29.999444444444446,1609.0
80.73444444444445,29.999444444444446,1607.0
80.73416666666668,29.999444444444446,1604.0
80.7338888888889,29.999444444444446,1601.0
80.73361111111112,29.999444444444446,1597.0
80.73333333333335,29.999444444444446,1596.0
80.73305555555557,29.999444444444446,1596.0
80.73277777777778,29.999444444444446,1595.0
80.73250000000002,29.999444444444446,1594.0
80.73222222222223,29.999722222222225,1588.0
80.73194444444445,29.999722222222225,1583.0
80.73166666666668,29.999722222222225,1581.0
80.7313888888889,29.999722222222225,1581.0
80.73111111111112,30.0,1581.0
80.73083333333335,30.0,1578.0
80.73055555555557,30.0,1575.0
80.73027777777779,30.00027777777778,1566.0
80.73,30.00027777777778,1561.0
80.72972222222224,30.00027777777778,1560.0
80.72944444444445,30.00027777777778,1558.0
80.72916666666667,30.00027777777778,1558.0
80.7288888888889,30.00027777777778,1558.0
80.72861111111112,30.000555555555557,1561.0
80.72833333333334,30.000555555555557,1560.0
80.72805555555557,30.000555555555557,1558.0
80.72777777777779,30.000555555555557,1557.0
80.7275,30.000555555555557,1555.0
80.72722222222224,30.000555555555557,1554.0
80.72694444444446,30.000555555555557,1551.0
80.72666666666667,30.000555555555557,1551.0
80.7263888888889,30.000555555555557,1553.0
80.72611111111112,30.00027777777778,1550.0
80.72583333333334,30.00027777777778,1550.0
80.72555555555557,30.00027777777778,1550.0
80.72527777777779,30.00027777777778,1550.0
80.72500000000001,30.00027777777778,1550.0
80.72472222222223,30.00027777777778,1550.0
80.72444444444446,30.00027777777778,1548.0
80.72416666666668,30.00027777777778,1548.0
80.7238888888889,30.00027777777778,1546.0
80.72361111111113,30.00027777777778,1545.0
80.72333333333334,30.00027777777778,1541.0
80.72305555555556,30.00027777777778,1536.0
80.7227777777778,30.00027777777778,1535.0
80.72250000000001,30.00027777777778,1539.0
80.72222222222223,30.00027777777778,1544.0
80.72194444444446,30.00027777777778,1548.0
80.72166666666668,30.00027777777778,1552.0
80.7213888888889,30.000555555555557,1553.0
80.72111111111113,30.000555555555557,1555.0
80.72083333333335,30.000555555555557,1551.0
80.72055555555556,30.000555555555557,1540.0
80.7202777777778,30.000555555555557,1526.0
80.72000000000001,30.000555555555557,1519.0
80.71972222222223,30.000555555555557,1523.0
80.71944444444445,30.00027777777778,1533.0
80.71916666666668,30.0,1539.0
80.7188888888889,29.999722222222225,1540.0
80.71861111111112,29.999444444444446,1541.0
80.71833333333335,29.999166666666667,1536.0
80.71805555555557,29.99888888888889,1533.0
80.71777777777778,29.998611111111114,1533.0
80.71777777777778,29.998333333333335,1530.0
80.71777777777778,29.998055555555556,1525.0
80.71750000000002,29.997777777777777,1520.0
80.71722222222223,29.997777777777777,1515.0
80.71694444444445,29.997500000000002,1516.0
80.71666666666668,29.997222222222224,1516.0
80.7163888888889,29.997222222222224,1513.0
80.71611111111112,29.996944444444445,1511.0
80.71583333333335,29.996666666666666,1507.0
80.71555555555557,29.99638888888889,1504.0
80.71527777777779,29.996111111111112,1501.0
80.71527777777779,29.995833333333334,1498.0
80.71527777777779,29.995555555555555,1498.0
80.71527777777779,29.99527777777778,1503.0
80.71527777777779,29.995,1504.0
80.71500000000002,29.994722222222222,1503.0
80.71500000000002,29.994444444444444,1502.0
80.71500000000002,29.99416666666667,1499.0
80.71500000000002,29.99388888888889,1499.0
80.71472222222224,29.99361111111111,1501.0
80.71444444444445,29.993333333333336,1502.0
80.71416666666667,29.993055555555557,1495.0
80.7138888888889,29.99277777777778,1492.0
80.71361111111112,29.9925,1490.0
80.71333333333334,29.992222222222225,1493.0
80.71305555555557,29.991944444444446,1500.0
80.71277777777779,29.991666666666667,1501.0
80.71277777777779,29.99138888888889,1502.0
80.7125,29.991111111111113,1502.0
80.71222222222224,29.990833333333335,1495.0
80.71194444444446,29.990555555555556,1487.0
80.71166666666667,29.990277777777777,1485.0
80.7113888888889,29.990277777777777,1491.0
80.71111111111112,29.990000000000002,1487.0
80.71083333333334,29.990000000000002,1486.0
80.71055555555557,29.990000000000002,1488.0
80.71027777777779,29.989722222222223,1489.0
80.71000000000001,29.989722222222223,1489.0
80.70972222222224,29.989444444444445,1486.0
80.70944444444446,29.989166666666666,1483.0
80.70916666666668,29.98888888888889,1477.0
80.7088888888889,29.988611111111112,1477.0
80.7088888888889,29.988333333333333,1474.0
80.70861111111113,29.988055555555558,1472.0
80.70833333333334,29.98777777777778,1474.0
80.70805555555556,29.9875,1475.0
80.70777777777779,29.987222222222222,1472.0
80.70750000000001,29.987222222222222,1464.0
80.70722222222223,29.987222222222222,1460.0
80.70694444444446,29.987222222222222,1460.0
80.70666666666668,29.986944444444447,1448.0
80.7063888888889,29.986666666666668,1443.0
80.70611111111113,29.98638888888889,1444.0
80.70583333333335,29.98611111111111,1447.0
80.70555555555556,29.985833333333336,1455.0
80.7052777777778,29.985555555555557,1462.0
80.70500000000001,29.985277777777778,1466.0
80.70472222222223,29.985,1466.0
80.70444444444446,29.984722222222224,1463.0
80.70416666666668,29.984444444444446,1460.0
80.7038888888889,29.984166666666667,1460.0
80.70361111111112,29.983888888888888,1465.0
80.70333333333335,29.983611111111113,1467.0
80.70333333333335,29.983333333333334,1462.0
80.70333333333335,29.983055555555556,1460.0
80.70305555555557,29.982777777777777,1461.0
80.70277777777778,29.9825,1462.0
80.70250000000001,29.982222222222223,1458.0
80.70222222222223,29.981944444444444,1451.0
80.70194444444445,29.98166666666667,1442.0
80.70166666666668,29.98138888888889,1439.0
80.7013888888889,29.98111111111111,1443.0
80.70111111111112,29.980833333333333,1447.0
80.70083333333335,29.980555555555558,1452.0
80.70055555555557,29.98027777777778,1449.0
80.70055555555557,29.98,1444.0
80.70027777777779,29.98,1442.0
80.70000000000002,29.97972222222222,1442.0
80.69972222222223,29.97972222222222,1439.0
80.69944444444445,29.97972222222222,1434.0
80.69916666666668,29.97972222222222,1429.0
80.6988888888889,29.97972222222222,1428.0
80.69861111111112,29.97972222222222,1428.0
80.69833333333334,29.97972222222222,1429.0
80.69805555555557,29.97972222222222,1425.0
80.69777777777779,29.97972222222222,1423.0
80.6975,29.97972222222222,1426.0
80.69722222222224,29.979444444444447,1427.0
80.69694444444445,29.979166666666668,1426.0
80.69666666666667,29.97888888888889,1425.0
80.6963888888889,29.97861111111111,1422.0
80.69611111111112,29.978333333333335,1423.0
80.69583333333334,29.978055555555557,1426.0
80.69555555555557,29.977777777777778,1433.0
80.69527777777779,29.9775,1429.0
80.69500000000001,29.977222222222224,1427.0
80.69472222222224,29.977222222222224,1423.0
80.69444444444446,29.977222222222224,1419.0
80.69416666666667,29.977222222222224,1418.0
80.6938888888889,29.977222222222224,1419.0
80.69361111111112,29.976944444444445,1420.0
80.69333333333334,29.976666666666667,1424.0
80.69305555555556,29.97638888888889,1425.0
80.69277777777779,29.976111111111113,1423.0
80.69250000000001,29.975833333333334,1422.0
80.69222222222223,29.975555555555555,1423.0
80.69194444444446,29.97527777777778,1418.0
80.69166666666668,29.97527777777778,1412.0
80.6913888888889,29.975,1412.0
80.69111111111113,29.974722222222223,1413.0
80.69083333333334,29.974444444444444,1414.0
80.69055555555556,29.974444444444444,1407.0
80.69055555555556,29.97416666666667,1408.0
80.6902777777778,29.97388888888889,1399.0
80.6902777777778,29.97361111111111,1399.0
80.6902777777778,29.973333333333333,1402.0
80.69000000000001,29.973055555555558,1397.0
80.69000000000001,29.97277777777778,1408.0
80.68972222222223,29.9725,1409.0
80.68944444444446,29.97222222222222,1406.0
80.68916666666668,29.971944444444446,1402.0
80.6888888888889,29.971666666666668,1402.0
80.6888888888889,29.97138888888889,1406.0
80.68861111111113,29.971111111111114,1399.0
80.68833333333335,29.970833333333335,1391.0
80.68805555555556,29.970555555555556,1381.0
80.68777777777778,29.970277777777778,1374.0
80.68750000000001,29.970000000000002,1372.0
80.68722222222223,29.969722222222224,1375.0
80.68694444444445,29.969444444444445,1373.0
80.68666666666668,29.969166666666666,1371.0
80.6863888888889,29.96888888888889,1371.0
80.68611111111112,29.968611111111112,1370.0
80.68583333333335,29.968333333333334,1381.0
80.68555555555557,29.968055555555555,1399.0
80.68527777777778,29.96777777777778,1406.0
80.68500000000002,29.9675,1400.0
80.68472222222223,29.967222222222222,1387.0
80.68472222222223,29.966944444444444,1394.0
80.68444444444445,29.96666666666667,1383.0
80.68416666666668,29.96638888888889,1390.0
80.6838888888889,29.96611111111111,1401.0
80.68361111111112,29.965833333333332,1395.0
80.68361111111112,29.965555555555557,1392.0
80.68361111111112,29.96527777777778,1387.0
80.68361111111112,29.965,1391.0
80.68361111111112,29.964722222222225,1400.0
80.68361111111112,29.964444444444446,1406.0
80.68333333333335,29.964166666666667,1398.0
80.68333333333335,29.96388888888889,1404.0
80.68305555555557,29.963611111111113,1401.0
80.68277777777779,29.963333333333335,1402.0
80.6825,29.963055555555556,1405.0
80.68222222222224,29.962777777777777,1407.0
80.68222222222224,29.962500000000002,1409.0
80.68194444444445,29.962222222222223,1408.0
80.68166666666667,29.961944444444445,1407.0
80.6813888888889,29.961944444444445,1397.0
80.68111111111112,29.961944444444445,1382.0
80.68083333333334,29.961944444444445,1370.0
80.68055555555557,29.961666666666666,1360.0
80.68027777777779,29.96138888888889,1367.0
80.68,29.961111111111112,1376.0
80.67972222222224,29.960833333333333,1381.0
80.67944444444446,29.960555555555555,1388.0
80.67916666666667,29.96027777777778,1382.0
80.6788888888889,29.96,1370.0
80.67861111111112,29.959722222222222,1371.0
80.67833333333334,29.959444444444447,1368.0
80.67805555555557,29.95916666666667,1358.0
80.67777777777779,29.95888888888889,1353.0
80.67750000000001,29.95888888888889,1351.0
80.67722222222223,29.95861111111111,1350.0
80.67694444444446,29.95861111111111,1353.0
80.67666666666668,29.95861111111111,1351.0
80.6763888888889,29.95861111111111,1352.0
80.67611111111113,29.958333333333336,1350.0
80.67583333333334,29.958055555555557,1351.0
80.67555555555556,29.95777777777778,1349.0
80.6752777777778,29.95777777777778,1351.0
80.67500000000001,29.95777777777778,1352.0
80.67472222222223,29.9575,1348.0
80.67444444444446,29.9575,1354.0
80.67416666666668,29.957222222222224,1351.0
80.6738888888889,29.957222222222224,1353.0
80.67361111111113,29.957222222222224,1351.0
80.67333333333335,29.957222222222224,1348.0
80.67305555555556,29.957222222222224,1345.0
80.67277777777778,29.957222222222224,1343.0
80.67250000000001,29.957222222222224,1344.0
80.67222222222223,29.957222222222224,1345.0
80.67194444444445,29.957222222222224,1346.0
80.67166666666668,29.957222222222224,1346.0
80.6713888888889,29.957222222222224,1349.0
80.67111111111112,29.957222222222224,1350.0
80.67083333333335,29.957222222222224,1351.0
80.67055555555557,29.957222222222224,1354.0
80.67027777777778,29.957222222222224,1355.0
80.67000000000002,29.957222222222224,1353.0
80.66972222222223,29.957222222222224,1351.0
80.66944444444445,29.957222222222224,1350.0
80.66916666666668,29.9575,1350.0
80.6688888888889,29.9575,1350.0
80.66861111111112,29.957222222222224,1346.0
80.66833333333335,29.957222222222224,1344.0
80.66805555555557,29.957222222222224,1343.0
80.66777777777779,29.956944444444446,1339.0
80.6675,29.956944444444446,1336.0
80.66722222222224,29.956944444444446,1334.0
80.66694444444445,29.956944444444446,1332.0
80.66666666666667,29.956944444444446,1331.0
80.6663888888889,29.956944444444446,1328.0
80.66611111111112,29.956944444444446,1325.0
80.66583333333334,29.956944444444446,1324.0
80.66555555555557,29.956944444444446,1324.0
80.66527777777779,29.956944444444446,1323.0
80.665,29.956944444444446,1323.0
80.66472222222224,29.956944444444446,1323.0
80.66444444444446,29.956944444444446,1323.0
80.66416666666667,29.956944444444446,1323.0
80.6638888888889,29.956666666666667,1321.0
80.66361111111112,29.956666666666667,1319.0
80.66333333333334,29.956666666666667,1315.0
80.66305555555557,29.956666666666667,1310.0
80.66277777777779,29.956666666666667,1309.0
80.66250000000001,29.95638888888889,1311.0
80.66222222222223,29.95638888888889,1311.0
80.66194444444446,29.95638888888889,1310.0
80.66166666666668,29.95638888888889,1310.0
80.6613888888889,29.956111111111113,1309.0
80.66111111111113,29.956111111111113,1308.0
80.66083333333334,29.956111111111113,1307.0
80.66055555555556,29.956111111111113,1304.0
80.6602777777778,29.956111111111113,1300.0
80.66000000000001,29.956111111111113,1299.0
80.65972222222223,29.956111111111113,1299.0
80.65944444444446,29.956111111111113,1301.0
80.65916666666668,29.956111111111113,1302.0
80.6588888888889,29.955833333333334,1300.0
80.65861111111113,29.955833333333334,1297.0
80.65833333333335,29.955833333333334,1295.0
80.65805555555556,29.955833333333334,1295.0
80.6577777777778,29.955555555555556,1295.0
80.65750000000001,29.955555555555556,1294.0
80.65722222222223,29.955555555555556,1294.0
80.65694444444445,29.955555555555556,1293.0
80.65666666666668,29.955555555555556,1293.0
80.6563888888889,29.955277777777777,1292.0
80.65611111111112,29.955277777777777,1293.0
80.65583333333335,29.955277777777777,1294.0
80.65555555555557,29.955277777777777,1294.0
80.65527777777778,29.955277777777777,1293.0
80.65500000000002,29.955555555555556,1290.0
80.65472222222223,29.955555555555556,1288.0
80.65444444444445,29.955555555555556,1286.0
80.65416666666668,29.955555555555556,1284.0
80.6538888888889,29.955555555555556,1282.0
80.65361111111112,29.955555555555556,1284.0
80.65333333333335,29.955555555555556,1289.0
80.65305555555557,29.955555555555556,1291.0
80.65277777777779,29.955555555555556,1290.0
80.65250000000002,29.955833333333334,1290.0
80.65222222222224,29.955833333333334,1291.0
80.65194444444445,29.955833333333334,1289.0
80.65166666666667,29.955833333333334,1288.0
80.6513888888889,29.955833333333334,1288.0
80.65111111111112,29.955555555555556,1287.0
80.65083333333334,29.955555555555556,1287.0
80.65055555555557,29.955555555555556,1288.0
80.65027777777779,29.955833333333334,1285.0
80.65,29.955833333333334,1283.0
80.64972222222224,29.955833333333334,1284.0
80.64944444444446,29.955833333333334,1284.0
80.64916666666667,29.955833333333334,1282.0
80.6488888888889,29.955833333333334,1279.0
80.64861111111112,29.955833333333334,1278.0
80.64833333333334,29.956111111111113,1272.0
80.64805555555557,29.956111111111113,1266.0
80.64777777777779,29.956111111111113,1263.0
80.64750000000001,29.956111111111113,1265.0
80.64722222222224,29.95638888888889,1265.0
80.64694444444446,29.956666666666667,1266.0
80.64666666666668,29.956944444444446,1265.0
80.6463888888889,29.956944444444446,1263.0
80.64611111111113,29.956944444444446,1262.0
80.64583333333334,29.956944444444446,1259.0
80.64555555555556,29.956944444444446,1259.0
80.64527777777779,29.957222222222224,1253.0
80.64500000000001,29.9575,1257.0
80.64472222222223,29.95777777777778,1254.0
80.64444444444446,29.95777777777778,1255.0
80.64416666666668,29.958055555555557,1254.0
80.6438888888889,29.958333333333336,1256.0
80.64361111111113,29.958333333333336,1259.0
80.64333333333335,29.958333333333336,1257.0
80.64305555555556,29.95861111111111,1258.0
80.6427777777778,29.95888888888889,1256.0
80.6427777777778,29.95916666666667,1247.0
80.64250000000001,29.95916666666667,1248.0
80.64222222222223,29.95916666666667,1245.0
80.64194444444446,29.959444444444447,1243.0
80.64166666666668,29.959444444444447,1237.0
80.6413888888889,29.959444444444447,1232.0
80.64111111111112,29.959444444444447,1231.0
80.64083333333335,29.959444444444447,1237.0
80.64055555555557,29.959444444444447,1241.0
80.64027777777778,29.959722222222222,1237.0
80.64000000000001,29.96,1239.0
80.64000000000001,29.96027777777778,1236.0
80.64000000000001,29.960555555555555,1236.0
80.64000000000001,29.960833333333333,1239.0
80.63972222222223,29.961111111111112,1236.0
80.63944444444445,29.96138888888889,1242.0
80.63916666666668,29.961666666666666,1242.0
80.6388888888889,29.961944444444445,1235.0
80.6388888888889,29.962222222222223,1227.0
80.63861111111112,29.962222222222223,1226.0
80.63833333333335,29.962500000000002,1222.0
80.63805555555557,29.962777777777777,1223.0
80.63777777777779,29.963055555555556,1226.0
80.63750000000002,29.963333333333335,1224.0
80.63722222222223,29.963333333333335,1219.0
80.63694444444445,29.963333333333335,1219.0
80.63666666666668,29.963611111111113,1218.0
80.6363888888889,29.963611111111113,1222.0
80.63611111111112,29.963611111111113,1222.0
80.63583333333334,29.963611111111113,1220.0
80.63555555555557,29.963611111111113,1219.0
80.63527777777779,29.963611111111113,1216.0
80.635,29.963611111111113,1218.0
80.63472222222224,29.96388888888889,1214.0
80.63444444444445,29.96388888888889,1212.0
80.63416666666667,29.96388888888889,1217.0
80.6338888888889,29.964166666666667,1221.0
80.63361111111112,29.964444444444446,1221.0
80.63333333333334,29.964722222222225,1222.0
80.63305555555557,29.965,1222.0
80.63277777777779,29.965,1220.0
80.63250000000001,29.965,1216.0
80.63222222222224,29.965,1213.0
80.63194444444446,29.965,1211.0
80.63166666666667,29.965,1210.0
80.6313888888889,29.965,1210.0
80.63111111111112,29.965,1214.0
80.63083333333334,29.965,1217.0
80.63055555555556,29.965,1217.0
80.63027777777779,29.965,1216.0
80.63000000000001,29.965,1216.0
80.62972222222223,29.965,1212.0
80.62944444444446,29.965,1209.0
80.62916666666668,29.965,1209.0
80.6288888888889,29.965,1205.0
80.62861111111113,29.965,1205.0
80.62833333333334,29.965,1204.0
80.62805555555556,29.965,1206.0
80.6277777777778,29.965,1207.0
80.62750000000001,29.965,1207.0
80.62722222222223,29.965,1207.0
80.62694444444446,29.965,1208.0
80.62666666666668,29.965,1211.0
80.6263888888889,29.965,1217.0
80.62611111111113,29.964722222222225,1217.0
80.62583333333335,29.964444444444446,1217.0
80.62555555555556,29.964444444444446,1211.0
80.62527777777778,29.964166666666667,1196.0
80.62500000000001,29.964166666666667,1188.0
80.62472222222223,29.964166666666667,1187.0
80.62444444444445,29.964166666666667,1187.0
80.62416666666668,29.964166666666667,1183.0
80.6238888888889,29.964166666666667,1180.0
80.62361111111112,29.964166666666667,1180.0
80.62333333333335,29.964166666666667,1184.0
80.62305555555557,29.964166666666667,1189.0
80.62277777777778,29.964166666666667,1190.0
80.62250000000002,29.964166666666667,1191.0
80.62222222222223,29.964166666666667,1196.0
80.62194444444445,29.964166666666667,1197.0
80.62166666666668,29.964166666666667,1196.0
80.6213888888889,29.964166666666667,1193.0
80.62111111111112,29.964166666666667,1185.0
80.62083333333335,29.964166666666667,1178.0
80.62055555555557,29.964166666666667,1178.0
80.62027777777779,29.964166666666667,1182.0
80.62,29.964166666666667,1186.0
80.61972222222224,29.964166666666667,1188.0
80.61944444444445,29.96388888888889,1182.0
80.61916666666667,29.96388888888889,1184.0
80.6188888888889,29.963611111111113,1188.0
80.61861111111112,29.963333333333335,1188.0
80.61833333333334,29.963333333333335,1182.0
80.61805555555557,29.963055555555556,1174.0
80.61777777777779,29.962777777777777,1164.0
80.6175,29.962777777777777,1161.0
80.61722222222224,29.962500000000002,1158.0
80.61694444444446,29.962500000000002,1162.0
80.61666666666667,29.962222222222223,1158.0
80.6163888888889,29.961944444444445,1160.0
80.61611111111112,29.961666666666666,1162.0
80.61583333333334,29.961666666666666,1164.0
80.61555555555557,29.96138888888889,1155.0
80.61527777777779,29.96138888888889,1155.0
80.61500000000001,29.96138888888889,1159.0
80.61472222222223,29.96138888888889,1163.0
80.61444444444446,29.961111111111112,1155.0
80.61416666666668,29.961111111111112,1158.0
80.6138888888889,29.961111111111112,1161.0
80.61361111111113,29.961111111111112,1162.0
80.61333333333334,29.960833333333333,1157.0
80.61305555555556,29.960833333333333,1160.0
80.6127777777778,29.960555555555555,1155.0
80.61250000000001,29.960555555555555,1152.0
80.61222222222223,29.960555555555555,1153.0
80.61194444444446,29.960555555555555,1157.0
80.61166666666668,29.96027777777778,1148.0
80.6113888888889,29.96027777777778,1158.0
80.61111111111113,29.96,1160.0
80.61083333333335,29.959722222222222,1162.0
80.61055555555556,29.959722222222222,1163.0
80.61027777777778,29.959444444444447,1163.0
80.61000000000001,29.959444444444447,1164.0
80.60972222222223,29.95916666666667,1160.0
80.60944444444445,29.95916666666667,1155.0
80.60916666666668,29.95888888888889,1147.0
80.6088888888889,29.95888888888889,1149.0
80.60861111111112,29.95888888888889,1147.0
80.60833333333335,29.95888888888889,1139.0
80.60805555555557,29.95888888888889,1131.0
80.60777777777778,29.95888888888889,1128.0
80.60750000000002,29.95888888888889,1126.0
80.60722222222223,29.95888888888889,1129.0
80.60694444444445,29.95888888888889,1131.0
80.60666666666668,29.95888888888889,1122.0
80.6063888888889,29.95888888888889,1120.0
80.60611111111112,29.95888888888889,1121.0
80.60583333333335,29.95888888888889,1124.0
80.60555555555557,29.95888888888889,1130.0
80.60527777777779,29.95888888888889,1135.0
80.605,29.95888888888889,1136.0
80.60472222222224,29.95888888888889,1140.0
80.60444444444445,29.95888888888889,1150.0
80.60416666666667,29.95916666666667,1150.0
80.6038888888889,29.95916666666667,1152.0
80.60361111111112,29.95916666666667,1152.0
80.60333333333334,29.95888888888889,1145.0
80.60305555555557,29.95888888888889,1136.0
80.60277777777779,29.95888888888889,1138.0
80.6025,29.95861111111111,1124.0
80.60222222222224,29.95861111111111,1127.0
80.60194444444446,29.95861111111111,1136.0
80.60166666666667,29.958333333333336,1139.0
80.6013888888889,29.958333333333336,1138.0
80.60111111111112,29.958055555555557,1123.0
80.60083333333334,29.95777777777778,1118.0
80.60055555555557,29.9575,1122.0
80.60027777777779,29.957222222222224,1123.0
80.60000000000001,29.956944444444446,1127.0
80.59972222222223,29.956666666666667,1135.0
80.59944444444446,29.95638888888889,1140.0
80.59916666666668,29.956111111111113,1139.0
80.5988888888889,29.955833333333334,1140.0
80.59861111111113,29.955555555555556,1143.0
80.59833333333334,29.955277777777777,1144.0
80.59805555555556,29.955000000000002,1142.0
80.5977777777778,29.955000000000002,1133.0
80.59750000000001,29.954722222222223,1119.0
80.59722222222223,29.954444444444444,1121.0
80.59694444444446,29.954444444444444,1115.0
80.59666666666668,29.954444444444444,1118.0
80.5963888888889,29.95416666666667,1109.0
80.59611111111113,29.95416666666667,1116.0
80.59583333333335,29.95388888888889,1113.0
80.59555555555556,29.953611111111112,1109.0
80.5952777777778,29.953333333333333,1105.0
80.59500000000001,29.953055555555558,1112.0
80.59472222222223,29.95277777777778,1113.0
80.59444444444445,29.9525,1112.0
80.59416666666668,29.952222222222222,1111.0
80.5938888888889,29.951944444444447,1102.0
80.59361111111112,29.951666666666668,1096.0
80.59333333333335,29.95138888888889,1098.0
80.59305555555557,29.95111111111111,1098.0
80.59277777777778,29.950833333333335,1097.0
80.59250000000002,29.950555555555557,1096.0
80.59222222222223,29.950277777777778,1094.0
80.59194444444445,29.95,1093.0
80.59166666666668,29.949722222222224,1102.0
80.5913888888889,29.949444444444445,1108.0
80.59111111111112,29.949166666666667,1106.0
80.59083333333335,29.948888888888888,1107.0
80.59055555555557,29.948611111111113,1099.0
80.59027777777779,29.948333333333334,1100.0
80.59000000000002,29.948055555555555,1112.0
80.58972222222224,29.94777777777778,1115.0
80.58972222222224,29.9475,1116.0
80.58944444444445,29.947222222222223,1108.0
80.58916666666667,29.946944444444444,1107.0
80.5888888888889,29.94666666666667,1118.0
80.58861111111112,29.94638888888889,1116.0
80.58861111111112,29.94611111111111,1104.0
80.58861111111112,29.945833333333333,1096.0
80.58861111111112,29.945555555555558,1090.0
80.58833333333334,29.94527777777778,1085.0
80.58805555555557,29.945,1083.0
80.58777777777779,29.94472222222222,1082.0
80.58777777777779,29.944444444444446,1078.0
80.58777777777779,29.944166666666668,1081.0
80.5875,29.94388888888889,1077.0
80.5875,29.94361111111111,1081.0
80.58722222222224,29.943333333333335,1075.0
80.58722222222224,29.943055555555556,1079.0
80.58694444444446,29.942777777777778,1081.0
80.58666666666667,29.942500000000003,1082.0
80.5863888888889,29.942222222222224,1074.0
80.58611111111112,29.941944444444445,1071.0
80.58583333333334,29.941666666666666,1074.0
80.58555555555557,29.94138888888889,1072.0
80.58555555555557,29.941111111111113,1070.0
80.58555555555557,29.940833333333334,1072.0
80.58555555555557,29.940555555555555,1075.0
80.58527777777779,29.94027777777778,1069.0
80.58500000000001,29.94,1069.0
80.58472222222224,29.939722222222223,1075.0
80.58444444444446,29.939444444444444,1075.0
80.58416666666668,29.93916666666667,1070.0
80.5838888888889,29.93916666666667,1070.0
80.58361111111113,29.93888888888889,1069.0
80.58333333333334,29.93888888888889,1070.0
80.58305555555556,29.93861111111111,1070.0
80.58277777777779,29.938333333333333,1070.0
80.58250000000001,29.938055555555557,1070.0
80.58222222222223,29.93777777777778,1070.0
80.58194444444446,29.93777777777778,1067.0
80.58166666666668,29.9375,1065.0
80.5813888888889,29.937222222222225,1063.0
80.5813888888889,29.936944444444446,1059.0
80.5813888888889,29.936666666666667,1058.0
80.5813888888889,29.93638888888889,1059.0
80.5813888888889,29.936111111111114,1059.0
80.58111111111113,29.935833333333335,1058.0
80.58083333333335,29.935555555555556,1061.0
80.58055555555556,29.935277777777777,1059.0
80.58055555555556,29.935000000000002,1058.0
80.5802777777778,29.934722222222224,1059.0
80.5802777777778,29.934444444444445,1056.0
80.5802777777778,29.934166666666666,1055.0
80.58000000000001,29.93388888888889,1048.0
80.57972222222223,29.933611111111112,1049.0
80.57944444444446,29.933333333333334,1056.0
80.57916666666668,29.933055555555555,1056.0
80.5788888888889,29.93277777777778,1053.0
80.5788888888889,29.9325,1051.0
80.5788888888889,29.932222222222222,1051.0
80.5788888888889,29.931944444444444,1051.0
80.57861111111112,29.93166666666667,1052.0
80.57861111111112,29.93138888888889,1053.0
80.57861111111112,29.93111111111111,1054.0
80.57833333333335,29.930833333333336,1052.0
80.57833333333335,29.930555555555557,1053.0
80.57833333333335,29.93027777777778,1052.0
80.57833333333335,29.93,1049.0
80.57833333333335,29.929722222222225,1047.0
80.57833333333335,29.929444444444446,1045.0
80.57833333333335,29.929166666666667,1045.0
80.57833333333335,29.92888888888889,1044.0
80.57833333333335,29.928611111111113,1043.0
80.57833333333335,29.928333333333335,1047.0
80.57805555555557,29.928055555555556,1042.0
80.57805555555557,29.927777777777777,1043.0
80.57777777777778,29.927500000000002,1040.0
80.57750000000001,29.927222222222223,1041.0
80.57722222222223,29.926944444444445,1045.0
80.57694444444445,29.926666666666666,1048.0
80.57666666666668,29.92638888888889,1049.0
80.5763888888889,29.926111111111112,1048.0
80.57611111111112,29.925833333333333,1048.0
80.57583333333335,29.925555555555558,1045.0
80.57555555555557,29.92527777777778,1042.0
80.57527777777779,29.925,1042.0
80.57527777777779,29.924722222222222,1049.0
80.57500000000002,29.924444444444447,1041.0
80.57500000000002,29.924166666666668,1049.0
80.57472222222223,29.92388888888889,1043.0
80.57444444444445,29.92361111111111,1048.0
80.57416666666668,29.923333333333336,1050.0
80.57416666666668,29.923055555555557,1049.0
80.57416666666668,29.922777777777778,1051.0
80.5738888888889,29.9225,1046.0
80.57361111111112,29.922222222222224,1047.0
80.57361111111112,29.921944444444446,1051.0
80.57333333333334,29.921666666666667,1049.0
80.57333333333334,29.921388888888888,1050.0
80.57305555555557,29.921111111111113,1043.0
80.57305555555557,29.920833333333334,1040.0
80.57305555555557,29.920555555555556,1041.0
80.57305555555557,29.920277777777777,1045.0
80.57305555555557,29.92,1044.0
80.57305555555557,29.919722222222223,1041.0
80.57305555555557,29.919444444444444,1040.0
80.57305555555557,29.91916666666667,1041.0
80.57277777777779,29.91888888888889,1037.0
80.57277777777779,29.91861111111111,1030.0
80.5725,29.918333333333333,1030.0
80.57222222222224,29.918055555555558,1028.0
80.57222222222224,29.91777777777778,1027.0
80.57194444444445,29.9175,1027.0
80.57194444444445,29.91722222222222,1024.0
80.57194444444445,29.916944444444447,1025.0
80.57194444444445,29.916666666666668,1025.0
80.57166666666667,29.91638888888889,1022.0
80.57166666666667,29.91611111111111,1024.0
80.5713888888889,29.915833333333335,1019.0
80.5713888888889,29.915555555555557,1019.0
80.5713888888889,29.915277777777778,1024.0
80.57111111111112,29.915,1022.0
80.57111111111112,29.914722222222224,1018.0
80.57111111111112,29.914444444444445,1017.0
80.57111111111112,29.914166666666667,1022.0
80.57083333333334,29.91388888888889,1018.0
80.57083333333334,29.913611111111113,1019.0
80.57083333333334,29.913333333333334,1018.0
80.57083333333334,29.913055555555555,1017.0
80.57083333333334,29.91277777777778,1019.0
80.57083333333334,29.9125,1022.0
80.57055555555557,29.912222222222223,1020.0
80.57055555555557,29.911944444444444,1023.0
80.57027777777779,29.91166666666667,1025.0
80.57000000000001,29.91138888888889,1024.0
80.57000000000001,29.91111111111111,1024.0
80.57000000000001,29.910833333333333,1024.0
80.57000000000001,29.910555555555558,1023.0
80.57000000000001,29.91027777777778,1021.0
80.56972222222224,29.91,1015.0
80.56972222222224,29.90972222222222,1010.0
80.57000000000001,29.909444444444446,1011.0
80.57000000000001,29.909166666666668,1007.0
80.57000000000001,29.90888888888889,1003.0
80.57000000000001,29.908611111111114,998.0
80.57000000000001,29.908333333333335,998.0
80.57000000000001,29.908055555555556,1001.0
80.57000000000001,29.907777777777778,1005.0
80.57027777777779,29.907500000000002,998.0
80.57027777777779,29.907222222222224,999.0
80.57027777777779,29.906944444444445,1000.0
80.57027777777779,29.906666666666666,1003.0
80.57027777777779,29.90638888888889,1006.0
80.57055555555557,29.906111111111112,997.0
80.57055555555557,29.905833333333334,1003.0
80.57083333333334,29.905555555555555,999.0
80.57111111111112,29.90527777777778,998.0
80.57111111111112,29.905,998.0
80.57111111111112,29.904722222222222,1001.0
80.57111111111112,29.904444444444444,1003.0
80.57111111111112,29.90416666666667,1006.0
80.5713888888889,29.90388888888889,1006.0
80.5713888888889,29.90361111111111,1003.0
80.5713888888889,29.903333333333336,1001.0
80.5713888888889,29.903055555555557,1000.0
80.5713888888889,29.90277777777778,1003.0
80.5713888888889,29.9025,1006.0
80.57111111111112,29.902222222222225,1004.0
80.57111111111112,29.901944444444446,1003.0
80.57111111111112,29.901666666666667,999.0
80.57111111111112,29.90138888888889,1000.0
80.57111111111112,29.901111111111113,998.0
80.5713888888889,29.900833333333335,994.0
80.5713888888889,29.900555555555556,989.0
80.57166666666667,29.900277777777777,989.0
80.57166666666667,29.900000000000002,985.0
80.57166666666667,29.899722222222223,988.0
80.57166666666667,29.899444444444445,983.0
80.57166666666667,29.899166666666666,979.0
80.57166666666667,29.89888888888889,982.0
80.57166666666667,29.898611111111112,982.0
80.57166666666667,29.898333333333333,979.0
80.57194444444445,29.898055555555555,972.0
80.57194444444445,29.89777777777778,968.0
80.57194444444445,29.8975,964.0
80.57222222222224,29.897222222222222,959.0
80.57222222222224,29.896944444444447,956.0
80.57222222222224,29.89666666666667,956.0
80.57222222222224,29.89638888888889,958.0
80.57222222222224,29.89611111111111,957.0
80.57222222222224,29.895833333333336,955.0
80.57222222222224,29.895555555555557,954.0
80.57222222222224,29.89527777777778,959.0
80.5725,29.895,959.0
80.5725,29.894722222222224,959.0
80.57222222222224,29.894444444444446,955.0
80.57222222222224,29.894166666666667,953.0
80.57222222222224,29.89388888888889,954.0
80.57194444444445,29.893611111111113,948.0
80.57166666666667,29.893333333333334,948.0
80.5713888888889,29.893055555555556,957.0
80.57111111111112,29.892777777777777,958.0
80.57083333333334,29.892500000000002,953.0
80.57055555555557,29.892222222222223,953.0
80.57055555555557,29.891944444444444,954.0
80.57027777777779,29.891666666666666,954.0
80.57027777777779,29.89138888888889,952.0
80.57000000000001,29.891111111111112,953.0
80.57000000000001,29.890833333333333,953.0
80.57000000000001,29.890555555555558,951.0
80.56972222222224,29.89027777777778,951.0
80.56972222222224,29.89,951.0
80.56944444444446,29.889722222222222,949.0
80.56944444444446,29.889444444444447,949.0
80.56944444444446,29.889166666666668,949.0
80.56916666666667,29.88888888888889,949.0
80.56916666666667,29.88861111111111,949.0
80.5688888888889,29.888333333333335,944.0
80.5688888888889,29.888055555555557,941.0
80.5688888888889,29.887777777777778,943.0
80.5688888888889,29.8875,945.0
80.56861111111112,29.887222222222224,944.0
80.56833333333334,29.886944444444445,941.0
80.56833333333334,29.886666666666667,947.0
80.56805555555556,29.886388888888888,948.0
80.56805555555556,29.886111111111113,946.0
80.56805555555556,29.885833333333334,942.0
80.56805555555556,29.885555555555555,942.0
80.56805555555556,29.88527777777778,944.0
80.56777777777779,29.885,936.0
80.56777777777779,29.884722222222223,936.0
80.56777777777779,29.884444444444444,935.0
80.56777777777779,29.88416666666667,937.0
80.56777777777779,29.88388888888889,942.0
80.56750000000001,29.88361111111111,942.0
80.56722222222223,29.883333333333333,940.0
80.56722222222223,29.883055555555558,941.0
80.56694444444446,29.88277777777778,937.0
80.56694444444446,29.8825,941.0
80.56694444444446,29.88222222222222,943.0
80.56666666666668,29.881944444444446,936.0
80.56666666666668,29.881666666666668,936.0
80.56666666666668,29.88138888888889,937.0
80.56666666666668,29.88111111111111,938.0
80.56666666666668,29.880833333333335,939.0
80.56666666666668,29.880555555555556,944.0
80.5663888888889,29.880277777777778,937.0
80.5663888888889,29.880000000000003,940.0
80.56611111111113,29.879722222222224,935.0
80.56611111111113,29.879444444444445,939.0
80.56583333333334,29.879166666666666,935.0
80.56555555555556,29.87888888888889,926.0
80.5652777777778,29.878611111111113,924.0
80.56500000000001,29.878333333333334,926.0
80.56472222222223,29.878055555555555,931.0
80.56444444444446,29.87777777777778,932.0
80.56416666666668,29.8775,932.0
80.5638888888889,29.877222222222223,934.0
80.56361111111113,29.876944444444444,938.0
80.56333333333335,29.87666666666667,944.0
80.56305555555556,29.87638888888889,940.0
80.56277777777778,29.87638888888889,932.0
80.56250000000001,29.87611111111111,922.0
80.56222222222223,29.87611111111111,922.0
80.56194444444445,29.875833333333333,920.0
80.56166666666668,29.875555555555557,919.0
80.5613888888889,29.87527777777778,919.0
80.56111111111112,29.875,922.0
80.56083333333335,29.874722222222225,924.0
80.56055555555557,29.874444444444446,923.0
80.56027777777778,29.874166666666667,919.0
80.56000000000002,29.87388888888889,919.0
80.55972222222223,29.873611111111114,921.0
80.55944444444445,29.873333333333335,921.0
80.55916666666668,29.873055555555556,920.0
80.5588888888889,29.872777777777777,919.0
80.55861111111112,29.872500000000002,919.0
80.55861111111112,29.872222222222224,922.0
80.55833333333335,29.871944444444445,916.0
80.55833333333335,29.871666666666666,922.0
80.55805555555557,29.87138888888889,920.0
80.55777777777779,29.871111111111112,921.0
80.5575,29.870833333333334,919.0
80.55722222222224,29.870555555555555,920.0
80.55694444444445,29.87027777777778,924.0
80.55666666666667,29.87,924.0
80.55666666666667,29.869722222222222,924.0
80.55694444444445,29.869444444444444,923.0
80.55694444444445,29.86916666666667,921.0
80.55722222222224,29.86888888888889,915.0
80.5575,29.86861111111111,914.0
80.55777777777779,29.868333333333336,918.0
80.55805555555557,29.868055555555557,912.0
80.55833333333335,29.86777777777778,907.0
80.55861111111112,29.8675,907.0
80.5588888888889,29.867222222222225,907.0
80.55916666666668,29.866944444444446,913.0
80.55944444444445,29.866666666666667,917.0
80.55972222222223,29.86638888888889,917.0
80.56000000000002,29.866111111111113,917.0
80.56000000000002,29.865833333333335,913.0
80.56000000000002,29.865555555555556,910.0
80.55972222222223,29.865277777777777,912.0
80.55944444444445,29.865000000000002,918.0
80.55916666666668,29.864722222222223,919.0
80.5588888888889,29.864444444444445,916.0
80.55861111111112,29.864166666666666,911.0
80.55833333333335,29.864166666666666,915.0
80.55805555555557,29.86388888888889,915.0
80.55777777777779,29.86388888888889,919.0
80.5575,29.863611111111112,916.0
80.55722222222224,29.863333333333333,909.0
80.55694444444445,29.863333333333333,901.0
80.55666666666667,29.863333333333333,900.0
80.5563888888889,29.863055555555558,898.0
80.55611111111112,29.86277777777778,899.0
80.55583333333334,29.8625,903.0
80.55555555555557,29.862222222222222,905.0
80.55527777777779,29.861944444444447,903.0
80.55527777777779,29.861666666666668,905.0
80.555,29.86138888888889,899.0
80.555,29.86111111111111,904.0
80.555,29.860833333333336,910.0
80.55472222222224,29.860555555555557,899.0
80.55472222222224,29.860277777777778,905.0
80.55444444444446,29.86,908.0
80.55416666666667,29.859722222222224,911.0
80.55416666666667,29.859444444444446,911.0
80.5538888888889,29.859166666666667,908.0
80.5538888888889,29.858888888888888,904.0
80.5538888888889,29.858611111111113,904.0
80.55361111111112,29.858333333333334,895.0
80.55333333333334,29.858055555555556,893.0
80.55305555555557,29.857777777777777,897.0
80.55277777777779,29.8575,899.0
80.55250000000001,29.857222222222223,902.0
80.55222222222223,29.856944444444444,906.0
80.55194444444446,29.85666666666667,905.0
80.55194444444446,29.85638888888889,905.0
80.55194444444446,29.85611111111111,905.0
80.55166666666668,29.855833333333333,906.0
80.55166666666668,29.855555555555558,902.0
80.55166666666668,29.85527777777778,899.0
80.55166666666668,29.855,899.0
80.55166666666668,29.85472222222222,899.0
80.55166666666668,29.854444444444447,896.0
80.55166666666668,29.854166666666668,893.0
80.55166666666668,29.85388888888889,893.0
80.55166666666668,29.85361111111111,898.0
80.55166666666668,29.853333333333335,903.0
80.55194444444446,29.853055555555557,898.0
80.55222222222223,29.852777777777778,897.0
80.55250000000001,29.8525,900.0
80.55277777777779,29.852222222222224,898.0
80.55277777777779,29.851944444444445,902.0
80.55277777777779,29.851666666666667,904.0
80.55277777777779,29.85138888888889,901.0
80.55277777777779,29.851111111111113,895.0
80.55277777777779,29.850833333333334,890.0
80.55277777777779,29.850555555555555,882.0
80.55250000000001,29.85027777777778,879.0
80.55222222222223,29.85,875.0
80.55194444444446,29.849722222222223,876.0
80.55166666666668,29.849722222222223,874.0
80.5513888888889,29.849722222222223,875.0
80.55111111111113,29.849444444444444,874.0
80.55083333333334,29.849722222222223,873.0
80.55055555555556,29.849722222222223,873.0
80.5502777777778,29.849722222222223,872.0
80.55000000000001,29.849722222222223,872.0
80.54972222222223,29.85,871.0
80.54944444444446,29.85,870.0
80.54916666666668,29.85,871.0
80.5488888888889,29.85,874.0
80.54861111111113,29.85,873.0
80.54833333333335,29.85,873.0
80.54805555555556,29.849722222222223,874.0
80.54777777777778,29.849444444444444,873.0
80.54750000000001,29.84916666666667,871.0
80.54750000000001,29.84888888888889,870.0
80.54722222222223,29.84861111111111,870.0
80.54694444444445,29.848333333333333,869.0
80.54666666666668,29.848333333333333,867.0
80.5463888888889,29.848055555555558,864.0
80.54611111111112,29.84777777777778,865.0
80.54583333333335,29.8475,865.0
80.54555555555557,29.8475,865.0
80.54527777777778,29.84722222222222,865.0
80.54500000000002,29.846944444444446,864.0
80.54472222222223,29.846666666666668,862.0
80.54444444444445,29.846666666666668,863.0
80.54416666666668,29.846666666666668,864.0
80.5438888888889,29.84638888888889,861.0
80.54361111111112,29.84638888888889,861.0
80.54333333333335,29.84638888888889,863.0
80.54305555555557,29.84638888888889,864.0
80.54277777777779,29.84638888888889,865.0
80.5425,29.84638888888889,864.0
80.54222222222224,29.846666666666668,859.0
80.54194444444445,29.846666666666668,858.0
80.54166666666667,29.846666666666668,858.0
80.5413888888889,29.846666666666668,857.0
80.54111111111112,29.846666666666668,858.0
80.54083333333334,29.846666666666668,855.0
80.54055555555557,29.846666666666668,857.0
80.54027777777779,29.846944444444446,856.0
80.54,29.846944444444446,856.0
80.53972222222224,29.846944444444446,856.0
80.53944444444446,29.846944444444446,856.0
80.53916666666667,29.846944444444446,856.0
80.5388888888889,29.846944444444446,855.0
80.53861111111112,29.846944444444446,855.0
80.53833333333334,29.846666666666668,854.0
80.53805555555557,29.84638888888889,855.0
80.53805555555557,29.846111111111114,856.0
80.53805555555557,29.845833333333335,856.0
80.53805555555557,29.845555555555556,855.0
80.53777777777779,29.845277777777778,853.0
80.53750000000001,29.845000000000002,856.0
80.53722222222223,29.844722222222224,855.0
80.53722222222223,29.844444444444445,853.0
80.53722222222223,29.844166666666666,853.0
80.53694444444446,29.84388888888889,852.0
80.53694444444446,29.843611111111112,852.0
80.53694444444446,29.843333333333334,853.0
80.53666666666668,29.843055555555555,851.0
80.53666666666668,29.84277777777778,851.0
80.53666666666668,29.8425,852.0
80.53666666666668,29.842222222222222,852.0
80.5363888888889,29.841944444444444,852.0
80.5363888888889,29.84166666666667,853.0
80.5363888888889,29.84138888888889,852.0
80.5363888888889,29.84111111111111,849.0
80.5363888888889,29.840833333333336,847.0
80.5363888888889,29.840555555555557,846.0
80.5363888888889,29.84027777777778,847.0
80.5363888888889,29.84,846.0
80.5363888888889,29.839722222222225,846.0
80.5363888888889,29.839444444444446,846.0
80.5363888888889,29.839166666666667,846.0
80.53611111111113,29.83888888888889,845.0
80.53611111111113,29.838611111111113,845.0
80.53583333333334,29.838333333333335,844.0
80.53555555555556,29.838055555555556,844.0
80.5352777777778,29.837777777777777,844.0
80.53500000000001,29.837777777777777,844.0
80.53472222222223,29.838055555555556,841.0
80.53444444444446,29.838055555555556,840.0
80.53416666666668,29.838055555555556,840.0
80.5338888888889,29.838055555555556,842.0
80.53361111111113,29.837777777777777,839.0
80.53333333333335,29.837777777777777,841.0
80.53305555555556,29.837777777777777,843.0
80.5327777777778,29.837500000000002,839.0
80.53250000000001,29.837500000000002,839.0
80.53222222222223,29.837500000000002,842.0
80.53194444444445,29.837222222222223,838.0
80.53166666666668,29.837222222222223,838.0
80.5313888888889,29.837222222222223,838.0
80.53111111111112,29.837222222222223,838.0
80.53083333333335,29.836944444444445,839.0
80.53055555555557,29.836666666666666,839.0
80.53027777777778,29.83638888888889,841.0
80.53000000000002,29.836111111111112,839.0
80.52972222222223,29.835833333333333,840.0
80.52944444444445,29.835555555555555,839.0
80.52916666666668,29.83527777777778,836.0
80.5288888888889,29.835,831.0
80.52861111111112,29.834722222222222,837.0
80.52833333333335,29.834444444444447,842.0
80.52805555555557,29.83416666666667,843.0
80.52777777777779,29.83388888888889,840.0
80.52750000000002,29.83361111111111,840.0
80.52722222222224,29.833333333333336,835.0
80.52694444444445,29.833333333333336,837.0
80.52666666666667,29.833333333333336,838.0
80.5263888888889,29.833333333333336,838.0
80.52611111111112,29.833333333333336,841.0
80.52583333333334,29.833055555555557,833.0
80.52555555555557,29.833055555555557,835.0
80.52527777777779,29.833055555555557,834.0
80.525,29.83277777777778,829.0
80.52472222222224,29.8325,831.0
80.52444444444446,29.832222222222224,831.0
80.52416666666667,29.831944444444446,833.0
80.5238888888889,29.831666666666667,834.0
80.52361111111112,29.83138888888889,840.0
80.52361111111112,29.831111111111113,843.0
80.52361111111112,29.830833333333334,840.0
80.52361111111112,29.830555555555556,835.0
80.52361111111112,29.830277777777777,829.0
80.52361111111112,29.830000000000002,824.0
80.52361111111112,29.829722222222223,823.0
80.52361111111112,29.829444444444444,823.0
80.52361111111112,29.829166666666666,826.0
80.52333333333334,29.82888888888889,825.0
80.52305555555557,29.828611111111112,828.0
80.52277777777779,29.828333333333333,827.0
80.52250000000001,29.828055555555558,829.0
80.52222222222224,29.82777777777778,830.0
80.52194444444446,29.8275,827.0
80.52166666666668,29.827222222222222,832.0
80.5213888888889,29.826944444444447,836.0
80.52111111111113,29.826944444444447,833.0
80.52083333333334,29.826944444444447,829.0
80.52055555555556,29.826666666666668,821.0
80.52027777777779,29.826666666666668,816.0
80.52000000000001,29.826666666666668,817.0
80.51972222222223,29.826666666666668,821.0
80.51944444444446,29.82638888888889,819.0
80.51916666666668,29.82638888888889,823.0
80.5188888888889,29.82611111111111,817.0
80.51861111111113,29.82611111111111,821.0
80.51833333333335,29.82611111111111,822.0
80.51805555555556,29.825833333333335,813.0
80.5177777777778,29.825833333333335,814.0
80.51750000000001,29.825833333333335,816.0
80.51722222222223,29.825833333333335,819.0
80.51694444444446,29.825555555555557,815.0
80.51666666666668,29.825555555555557,820.0
80.5163888888889,29.825277777777778,814.0
80.51611111111112,29.825277777777778,815.0
80.51583333333335,29.825277777777778,812.0
80.51555555555557,29.825277777777778,810.0
80.51527777777778,29.825277777777778,810.0
80.51500000000001,29.825277777777778,813.0
80.51472222222223,29.825277777777778,822.0
80.51444444444445,29.825277777777778,823.0
80.51416666666668,29.825277777777778,814.0
80.5138888888889,29.825277777777778,810.0
80.51361111111112,29.825277777777778,812.0
80.51333333333335,29.825277777777778,814.0
80.51305555555557,29.825,815.0
80.51277777777779,29.824722222222224,814.0
80.51250000000002,29.824722222222224,813.0
80.51222222222223,29.824722222222224,812.0
80.51194444444445,29.824722222222224,811.0
80.51166666666668,29.824444444444445,810.0
80.5113888888889,29.824444444444445,809.0
80.51111111111112,29.824444444444445,809.0
80.51083333333334,29.824166666666667,807.0
80.51055555555557,29.824166666666667,807.0
80.51027777777779,29.824166666666667,806.0
80.51,29.824166666666667,805.0
80.50972222222224,29.824166666666667,805.0
80.50944444444445,29.824166666666667,805.0
80.50916666666667,29.824166666666667,807.0
80.5088888888889,29.823888888888888,801.0
80.50861111111112,29.823888888888888,803.0
80.50833333333334,29.823888888888888,805.0
80.50805555555557,29.823611111111113,804.0
80.50777777777779,29.823333333333334,804.0
80.50750000000001,29.823055555555555,805.0
80.50722222222224,29.82277777777778,807.0
80.50694444444446,29.8225,806.0
80.50666666666667,29.8225,804.0
80.50666666666667,29.822222222222223,804.0
80.5063888888889,29.821944444444444,803.0
80.5063888888889,29.82166666666667,805.0
80.50611111111112,29.82138888888889,805.0
80.50583333333334,29.82111111111111,804.0
80.50583333333334,29.820833333333333,802.0
80.50583333333334,29.820555555555558,802.0
80.50583333333334,29.82027777777778,803.0
80.50555555555556,29.82,802.0
80.50555555555556,29.81972222222222,801.0
80.50527777777779,29.81972222222222,800.0
80.50500000000001,29.819444444444446,801.0
80.50472222222223,29.819166666666668,799.0
80.50444444444446,29.819166666666668,801.0
80.50416666666668,29.81888888888889,801.0
80.5038888888889,29.81888888888889,801.0
80.50361111111113,29.81861111111111,798.0
80.50333333333334,29.81861111111111,796.0
80.50305555555556,29.818333333333335,797.0
80.5027777777778,29.818055555555556,798.0
80.50250000000001,29.818055555555556,798.0
80.50222222222223,29.817777777777778,798.0
80.50194444444446,29.817500000000003,798.0
80.50166666666668,29.817222222222224,797.0
80.5013888888889,29.817222222222224,797.0
80.50111111111113,29.816944444444445,797.0
80.50083333333335,29.816666666666666,796.0
80.50083333333335,29.81638888888889,796.0
80.50055555555556,29.816111111111113,795.0
80.50027777777778,29.816111111111113,794.0
80.50000000000001,29.816111111111113,793.0
80.50000000000001,29.815833333333334,793.0
80.50000000000001,29.815555555555555,791.0
80.50000000000001,29.81527777777778,788.0
80.50000000000001,29.815,786.0
80.50000000000001,29.814722222222223,786.0
80.50000000000001,29.814444444444444,789.0
80.49972222222223,29.81416666666667,791.0
80.49944444444445,29.81388888888889,791.0
80.49944444444445,29.81361111111111,791.0
80.49944444444445,29.813333333333333,792.0
80.49944444444445,29.813055555555557,792.0
80.49944444444445,29.81277777777778,792.0
80.49944444444445,29.8125,792.0
80.49916666666668,29.812222222222225,791.0
80.4988888888889,29.811944444444446,791.0
80.49861111111112,29.811666666666667,792.0
80.49833333333335,29.81138888888889,790.0
80.49833333333335,29.811111111111114,791.0
80.49833333333335,29.810833333333335,789.0
80.49833333333335,29.810555555555556,789.0
80.49833333333335,29.810277777777777,789.0
80.49833333333335,29.810000000000002,788.0
80.49833333333335,29.809722222222224,789.0
80.49861111111112,29.809444444444445,792.0
80.4988888888889,29.809166666666666,792.0
80.49916666666668,29.80888888888889,791.0
80.49944444444445,29.808611111111112,790.0
80.49944444444445,29.808333333333334,792.0
80.49944444444445,29.808055555555555,790.0
80.49944444444445,29.80777777777778,789.0
80.49944444444445,29.8075,790.0
80.49916666666668,29.807222222222222,791.0
80.4988888888889,29.806944444444444,792.0
80.49861111111112,29.80666666666667,788.0
80.49833333333335,29.80666666666667,788.0
80.49805555555557,29.80638888888889,788.0
80.49777777777778,29.80611111111111,789.0
80.49750000000002,29.80611111111111,788.0
80.49722222222223,29.805833333333336,787.0
80.49694444444445,29.805833333333336,786.0
80.49666666666668,29.805555555555557,782.0
80.4963888888889,29.805555555555557,780.0
80.4963888888889,29.80527777777778,779.0
80.49611111111112,29.805,777.0
80.49583333333335,29.804722222222225,777.0
80.49583333333335,29.804444444444446,779.0
80.49555555555557,29.804166666666667,774.0
80.49555555555557,29.80388888888889,775.0
80.49555555555557,29.803611111111113,775.0
80.49555555555557,29.803333333333335,777.0
80.49527777777779,29.803055555555556,779.0
80.495,29.802777777777777,780.0
80.49472222222224,29.802500000000002,775.0
80.49444444444445,29.802500000000002,775.0
80.49416666666667,29.802222222222223,771.0
80.4938888888889,29.802222222222223,771.0
80.49361111111112,29.802222222222223,771.0
80.49333333333334,29.801944444444445,767.0
80.49305555555557,29.801666666666666,775.0
80.49277777777779,29.80138888888889,776.0
80.49277777777779,29.801111111111112,775.0
80.49277777777779,29.800833333333333,773.0
80.49277777777779,29.800555555555558,771.0
80.49305555555557,29.80027777777778,776.0
80.49333333333334,29.8,776.0
80.49333333333334,29.799722222222222,770.0
80.49333333333334,29.799444444444447,766.0
80.49333333333334,29.799166666666668,767.0
80.49361111111112,29.79888888888889,765.0
80.49361111111112,29.79861111111111,765.0
80.4938888888889,29.798333333333336,766.0
80.49416666666667,29.798055555555557,766.0
80.49416666666667,29.797777777777778,766.0
80.49416666666667,29.7975,765.0
80.49416666666667,29.797222222222224,764.0
80.49416666666667,29.796944444444446,763.0
80.49416666666667,29.796666666666667,765.0
80.4938888888889,29.796388888888888,765.0
80.4938888888889,29.796111111111113,764.0
80.49361111111112,29.795833333333334,757.0
80.49333333333334,29.795555555555556,765.0
80.49305555555557,29.795277777777777,762.0
80.49277777777779,29.795277777777777,759.0
80.4925,29.795,756.0
80.49222222222224,29.795,751.0
80.49194444444446,29.795,751.0
80.49166666666667,29.795,753.0
80.4913888888889,29.795,754.0
80.49111111111112,29.795277777777777,751.0
80.49083333333334,29.795277777777777,751.0
80.49055555555557,29.795277777777777,752.0
80.49027777777779,29.795277777777777,753.0
80.49000000000001,29.795277777777777,754.0
80.48972222222223,29.795555555555556,753.0
80.48944444444446,29.795555555555556,752.0
80.48916666666668,29.795555555555556,752.0
80.4888888888889,29.795555555555556,752.0
80.48861111111113,29.795555555555556,752.0
80.48833333333334,29.795833333333334,750.0
80.48805555555556,29.795833333333334,746.0
80.4877777777778,29.795833333333334,747.0
80.48750000000001,29.795833333333334,746.0
80.48722222222223,29.795833333333334,747.0
80.48694444444446,29.795833333333334,748.0
80.48666666666668,29.795833333333334,748.0
80.4863888888889,29.795833333333334,745.0
80.48611111111113,29.795833333333334,743.0
80.48583333333335,29.795833333333334,743.0
80.48555555555556,29.795833333333334,742.0
80.48527777777778,29.795833333333334,743.0
80.48500000000001,29.795833333333334,742.0
80.48472222222223,29.795833333333334,742.0
80.48444444444445,29.795833333333334,746.0
80.48416666666668,29.796111111111113,744.0
80.4838888888889,29.796111111111113,743.0
80.48361111111112,29.796111111111113,743.0
80.48333333333335,29.796111111111113,743.0
80.48305555555557,29.796111111111113,746.0
80.48277777777778,29.796111111111113,746.0
80.48250000000002,29.796111111111113,742.0
80.48222222222223,29.796111111111113,740.0
80.48194444444445,29.796111111111113,739.0
80.48166666666668,29.796111111111113,739.0
80.4813888888889,29.796111111111113,738.0
80.48111111111112,29.796111111111113,738.0
80.48083333333335,29.796111111111113,737.0
80.48055555555557,29.795833333333334,736.0
80.48027777777779,29.795833333333334,738.0
80.48,29.795555555555556,737.0
80.47972222222224,29.795555555555556,735.0
80.47944444444445,29.795555555555556,735.0
80.47916666666667,29.795833333333334,736.0
80.4788888888889,29.795833333333334,735.0
80.47861111111112,29.796111111111113,732.0
80.47833333333334,29.796388888888888,732.0
80.47805555555557,29.796666666666667,734.0
80.47777777777779,29.796944444444446,734.0
80.4775,29.797222222222224,735.0
80.47722222222224,29.7975,735.0
80.47694444444446,29.7975,735.0
80.47666666666667,29.797777777777778,735.0
80.4763888888889,29.797777777777778,734.0
80.47611111111112,29.797777777777778,735.0
80.47583333333334,29.798055555555557,733.0
80.47555555555557,29.798055555555557,732.0
80.47527777777779,29.798055555555557,732.0
80.47500000000001,29.798333333333336,732.0
80.47472222222223,29.798333333333336,731.0
80.47444444444446,29.798333333333336,731.0
80.47416666666668,29.798333333333336,730.0
80.4738888888889,29.79861111111111,730.0
80.47361111111113,29.79861111111111,729.0
80.47333333333334,29.79861111111111,728.0
80.47305555555556,29.79888888888889,728.0
80.4727777777778,29.79888888888889,727.0
80.47250000000001,29.79888888888889,727.0
80.47222222222223,29.79888888888889,726.0
80.47194444444446,29.79888888888889,726.0
80.47166666666668,29.799166666666668,725.0
80.4713888888889,29.799166666666668,724.0
80.47111111111113,29.799166666666668,724.0
80.47083333333335,29.799166666666668,723.0
80.47055555555556,29.799444444444447,723.0
80.4702777777778,29.799722222222222,722.0
80.47000000000001,29.8,721.0
80.46972222222223,29.8,721.0
80.46944444444445,29.80027777777778,720.0
80.46916666666668,29.80027777777778,720.0
80.4688888888889,29.800555555555558,719.0
80.46861111111112,29.800555555555558,719.0
80.46833333333335,29.800833333333333,719.0
80.46805555555557,29.800833333333333,719.0
80.46777777777778,29.800833333333333,719.0
80.46750000000002,29.801111111111112,719.0
80.46722222222223,29.801111111111112,718.0
80.46694444444445,29.801111111111112,718.0
80.46666666666668,29.80138888888889,718.0
80.4663888888889,29.80138888888889,718.0
80.46611111111112,29.801666666666666,718.0
80.46583333333335,29.801666666666666,717.0
80.46555555555557,29.801666666666666,717.0
80.46527777777779,29.801944444444445,717.0
80.46500000000002,29.801944444444445,717.0
80.46472222222224,29.801944444444445,717.0
80.46444444444445,29.802222222222223,717.0
80.46416666666667,29.802222222222223,716.0
80.4638888888889,29.802222222222223,716.0
80.46361111111112,29.802222222222223,716.0
80.46333333333334,29.802222222222223,716.0
80.46305555555557,29.802222222222223,716.0
80.46277777777779,29.802222222222223,716.0
80.4625,29.802222222222223,715.0
80.46222222222224,29.802222222222223,715.0
80.46194444444446,29.802222222222223,715.0
80.46166666666667,29.802222222222223,715.0
80.4613888888889,29.801944444444445,715.0
80.46111111111112,29.801944444444445,715.0
80.46083333333334,29.801944444444445,714.0
80.46055555555557,29.801666666666666,714.0
80.46027777777779,29.801666666666666,714.0
80.46000000000001,29.801666666666666,714.0
80.45972222222224,29.801666666666666,714.0
80.45944444444446,29.801666666666666,714.0
80.45916666666668,29.801666666666666,713.0
80.4588888888889,29.801944444444445,713.0
80.45861111111113,29.801944444444445,713.0
80.45833333333334,29.802222222222223,713.0
80.45805555555556,29.802222222222223,713.0
80.45777777777779,29.802500000000002,712.0
80.45750000000001,29.802500000000002,712.0
80.45722222222223,29.802500000000002,712.0
80.45694444444446,29.802500000000002,712.0
80.45666666666668,29.802500000000002,712.0
80.4563888888889,29.802500000000002,712.0
80.45611111111113,29.802500000000002,712.0
80.45583333333335,29.802500000000002,711.0
80.45555555555556,29.802500000000002,711.0
80.4552777777778,29.802500000000002,711.0
80.45500000000001,29.802500000000002,711.0
80.45472222222223,29.802500000000002,711.0
80.45444444444446,29.802500000000002,712.0
80.45416666666668,29.802500000000002,712.0
80.4538888888889,29.802222222222223,710.0
80.45361111111112,29.802222222222223,711.0
80.45333333333335,29.801944444444445,710.0
80.45305555555557,29.801944444444445,710.0
80.45277777777778,29.801666666666666,711.0
80.45250000000001,29.801666666666666,711.0
80.45222222222223,29.80138888888889,712.0
80.45194444444445,29.801111111111112,711.0
80.45166666666668,29.801111111111112,712.0
80.4513888888889,29.800833333333333,710.0
80.45111111111112,29.800555555555558,710.0
80.45083333333335,29.80027777777778,712.0
80.45055555555557,29.8,710.0
80.45027777777779,29.8,712.0
80.45000000000002,29.799722222222222,711.0
80.45000000000002,29.799444444444447,707.0
80.44972222222223,29.799444444444447,705.0
80.44944444444445,29.799444444444447,705.0
80.44916666666668,29.799444444444447,707.0
80.4488888888889,29.799166666666668,706.0
80.44861111111112,29.799166666666668,707.0
80.44833333333334,29.799166666666668,707.0
80.44805555555557,29.79888888888889,707.0
80.44777777777779,29.79861111111111,705.0
80.4475,29.79861111111111,705.0
80.44722222222224,29.79861111111111,705.0
80.44694444444445,29.79861111111111,705.0
80.44666666666667,29.79861111111111,705.0
80.4463888888889,29.79861111111111,705.0
80.44611111111112,29.79861111111111,705.0
80.44583333333334,29.79861111111111,705.0
80.44555555555557,29.79861111111111,705.0
80.44527777777779,29.79861111111111,705.0
80.44500000000001,29.79861111111111,705.0
80.44472222222224,29.79861111111111,705.0
80.44444444444446,29.79861111111111,705.0
80.44416666666667,29.79861111111111,705.0
80.4438888888889,29.79861111111111,705.0
80.44361111111112,29.79861111111111,705.0
80.44333333333334,29.79861111111111,705.0
80.44305555555556,29.79888888888889,705.0
80.44277777777779,29.79888888888889,705.0
80.44250000000001,29.799166666666668,705.0
80.44222222222223,29.799166666666668,705.0
80.44194444444446,29.799444444444447,705.0
80.44166666666668,29.799722222222222,705.0
80.4413888888889,29.8,705.0
80.44111111111113,29.80027777777778,705.0
80.44083333333334,29.800555555555558,705.0
80.44055555555556,29.800833333333333,705.0
80.4402777777778,29.801111111111112,705.0
80.44000000000001,29.80138888888889,702.0
80.43972222222223,29.80138888888889,701.0
80.43944444444446,29.801666666666666,701.0
80.43916666666668,29.801944444444445,699.0
80.4388888888889,29.802222222222223,698.0
80.4388888888889,29.802500000000002,697.0
80.4388888888889,29.802777777777777,694.0
80.4388888888889,29.803055555555556,694.0
80.43861111111113,29.803333333333335,693.0
80.43833333333335,29.803611111111113,696.0
80.43805555555556,29.80388888888889,695.0
80.43777777777778,29.804166666666667,696.0
80.43750000000001,29.804444444444446,697.0
80.43722222222223,29.804722222222225,698.0
80.43694444444445,29.805,697.0
80.43666666666668,29.805,695.0
80.4363888888889,29.805,696.0
80.43611111111112,29.80527777777778,696.0
80.43583333333335,29.80527777777778,696.0
80.43555555555557,29.805555555555557,696.0
80.43527777777778,29.805833333333336,696.0
80.43500000000002,29.805833333333336,696.0
80.43472222222223,29.805555555555557,696.0
80.43444444444445,29.80527777777778,696.0
80.43416666666668,29.805,696.0
80.4338888888889,29.804722222222225,695.0
80.43361111111112,29.804444444444446,693.0
80.43361111111112,29.804166666666667,696.0
80.43333333333335,29.80388888888889,695.0
80.43333333333335,29.803611111111113,697.0
80.43333333333335,29.803333333333335,696.0
80.43333333333335,29.803055555555556,697.0
80.43305555555557,29.802777777777777,693.0
80.43277777777779,29.802500000000002,692.0
80.4325,29.802222222222223,689.0
80.43222222222224,29.801944444444445,689.0
80.43194444444445,29.801666666666666,691.0
80.43166666666667,29.80138888888889,692.0
80.4313888888889,29.801111111111112,691.0
80.4313888888889,29.800833333333333,695.0
80.43111111111112,29.800555555555558,693.0
80.43111111111112,29.80027777777778,694.0
80.43083333333334,29.8,689.0
80.43055555555557,29.799722222222222,688.0
80.43027777777779,29.799444444444447,690.0
80.43,29.799166666666668,691.0
80.42972222222224,29.79888888888889,694.0
80.42944444444446,29.79861111111111,697.0
80.42916666666667,29.798333333333336,697.0
80.4288888888889,29.798055555555557,692.0
80.42861111111112,29.798055555555557,690.0
80.42833333333334,29.798055555555557,689.0
80.42805555555557,29.798055555555557,689.0
80.42777777777779,29.798055555555557,688.0
80.42750000000001,29.797777777777778,690.0
80.42722222222223,29.797777777777778,690.0
80.42694444444446,29.7975,685.0
80.42666666666668,29.7975,683.0
80.4263888888889,29.797222222222224,682.0
80.42611111111113,29.797222222222224,684.0
80.42583333333334,29.796944444444446,681.0
80.42555555555556,29.796944444444446,680.0
80.4252777777778,29.796944444444446,679.0
80.42500000000001,29.796944444444446,678.0
80.42472222222223,29.796944444444446,679.0
80.42444444444446,29.796944444444446,682.0
80.42416666666668,29.796666666666667,680.0
80.4238888888889,29.796666666666667,680.0
80.42361111111113,29.796666666666667,681.0
80.42333333333335,29.796388888888888,679.0
80.42305555555556,29.796388888888888,681.0
80.42277777777778,29.796388888888888,681.0
80.42250000000001,29.796388888888888,678.0
80.42222222222223,29.796388888888888,679.0
80.42194444444445,29.796388888888888,681.0
80.42166666666668,29.796111111111113,680.0
80.4213888888889,29.796111111111113,677.0
80.42111111111112,29.796111111111113,675.0
80.42083333333335,29.796111111111113,677.0
80.42055555555557,29.796111111111113,677.0
80.42027777777778,29.796111111111113,674.0
80.42000000000002,29.796111111111113,672.0
80.41972222222223,29.796111111111113,672.0
80.41944444444445,29.796111111111113,672.0
80.41916666666668,29.796111111111113,672.0
80.4188888888889,29.796111111111113,672.0
80.41861111111112,29.796111111111113,673.0
80.41833333333335,29.796111111111113,673.0
80.41805555555557,29.796111111111113,673.0
80.41777777777779,29.796111111111113,672.0
80.4175,29.796111111111113,671.0
80.41722222222224,29.796111111111113,671.0
80.41694444444445,29.796111111111113,671.0
80.41666666666667,29.796111111111113,672.0
80.4163888888889,29.796111111111113,674.0
80.41611111111112,29.795833333333334,673.0
80.41583333333334,29.795555555555556,674.0
80.41555555555557,29.795277777777777,671.0
80.41527777777779,29.795,669.0
80.415,29.794722222222223,669.0
80.41472222222224,29.794444444444444,670.0
80.41444444444446,29.79416666666667,671.0
80.41444444444446,29.79388888888889,671.0
80.41444444444446,29.79361111111111,670.0
80.41444444444446,29.793333333333333,670.0
80.41444444444446,29.793055555555558,669.0
80.41416666666667,29.79277777777778,668.0
80.4138888888889,29.7925,669.0
80.41361111111112,29.79222222222222,668.0
80.41333333333334,29.791944444444447,667.0
80.41305555555557,29.791944444444447,668.0
80.41277777777779,29.791944444444447,668.0
80.41250000000001,29.791944444444447,668.0
80.41222222222223,29.791944444444447,668.0
80.41194444444446,29.791666666666668,665.0
80.41166666666668,29.791666666666668,662.0
80.4113888888889,29.791666666666668,663.0
80.41111111111113,29.791666666666668,661.0
80.41083333333334,29.791944444444447,659.0
80.41055555555556,29.79222222222222,663.0
80.4102777777778,29.7925,664.0
80.41000000000001,29.7925,664.0
80.40972222222223,29.79277777777778,661.0
80.40944444444446,29.793055555555558,658.0
80.40916666666668,29.793055555555558,659.0
80.4088888888889,29.793333333333333,660.0
80.40861111111113,29.79361111111111,659.0
80.40833333333335,29.79388888888889,657.0
80.40805555555556,29.79388888888889,656.0
80.4077777777778,29.79388888888889,655.0
80.40750000000001,29.79361111111111,656.0
80.40750000000001,29.793333333333333,654.0
80.40750000000001,29.793055555555558,653.0
80.40750000000001,29.79277777777778,652.0
80.40750000000001,29.7925,653.0
80.40750000000001,29.79222222222222,654.0
80.40722222222223,29.791944444444447,653.0
80.40722222222223,29.791666666666668,654.0
80.40694444444445,29.79138888888889,653.0
80.40666666666668,29.79111111111111,654.0
80.40666666666668,29.790833333333335,654.0
80.40666666666668,29.790555555555557,654.0
80.4063888888889,29.790277777777778,654.0
80.40611111111112,29.79,652.0
80.40611111111112,29.789722222222224,651.0
80.40611111111112,29.789444444444445,649.0
80.40611111111112,29.789166666666667,647.0
80.40611111111112,29.78888888888889,646.0
80.40611111111112,29.788611111111113,645.0
80.40611111111112,29.788333333333334,645.0
80.40611111111112,29.788055555555555,646.0
80.40611111111112,29.78777777777778,646.0
80.40611111111112,29.7875,646.0
80.40611111111112,29.787222222222223,648.0
80.4063888888889,29.786944444444444,647.0
80.4063888888889,29.78666666666667,647.0
80.4063888888889,29.78638888888889,648.0
80.40666666666668,29.78611111111111,649.0
80.40666666666668,29.785833333333333,649.0
80.40666666666668,29.785555555555558,648.0
80.40666666666668,29.78527777777778,649.0
80.40666666666668,29.785,649.0
80.40666666666668,29.78472222222222,647.0
80.40666666666668,29.784444444444446,648.0
80.40666666666668,29.784166666666668,647.0
80.4063888888889,29.78388888888889,650.0
80.40611111111112,29.783611111111114,649.0
80.40583333333335,29.783333333333335,645.0
80.40555555555557,29.783333333333335,643.0
80.40527777777778,29.783055555555556,641.0
80.40500000000002,29.782777777777778,641.0
80.40472222222223,29.782500000000002,642.0
80.40444444444445,29.782222222222224,641.0
80.40416666666668,29.781944444444445,647.0
80.4038888888889,29.781666666666666,646.0
80.4038888888889,29.78138888888889,644.0
80.4038888888889,29.781111111111112,644.0
80.4038888888889,29.780833333333334,645.0
80.40361111111112,29.780555555555555,643.0
80.4038888888889,29.78027777777778,645.0
80.40416666666668,29.78,642.0
80.40416666666668,29.779722222222222,639.0
80.40416666666668,29.779444444444444,637.0
80.40416666666668,29.77916666666667,637.0
80.40416666666668,29.77888888888889,638.0
80.40416666666668,29.77861111111111,640.0
80.40416666666668,29.778333333333336,642.0
80.40416666666668,29.778055555555557,642.0
80.40416666666668,29.77777777777778,641.0
80.4038888888889,29.7775,640.0
80.40361111111112,29.777222222222225,637.0
80.40333333333335,29.777222222222225,640.0
80.40305555555557,29.776944444444446,640.0
80.40277777777779,29.776666666666667,637.0
80.40250000000002,29.77638888888889,635.0
80.40222222222224,29.776111111111113,635.0
80.40194444444445,29.775833333333335,637.0
80.40166666666667,29.775555555555556,639.0
80.4013888888889,29.775277777777777,638.0
80.4013888888889,29.775000000000002,639.0
80.40111111111112,29.774722222222223,634.0
80.40111111111112,29.774444444444445,636.0
80.40111111111112,29.774166666666666,638.0
80.40083333333334,29.77388888888889,633.0
80.40055555555557,29.773611111111112,636.0
80.40027777777779,29.773333333333333,639.0
80.4,29.773055555555555,639.0
80.39972222222224,29.77277777777778,637.0
80.39944444444446,29.7725,638.0
80.39916666666667,29.772222222222222,635.0
80.39916666666667,29.771944444444447,637.0
80.39916666666667,29.77166666666667,637.0
80.39916666666667,29.77138888888889,636.0
80.39916666666667,29.77111111111111,635.0
80.39916666666667,29.770833333333336,634.0
80.39916666666667,29.770555555555557,634.0
80.39916666666667,29.77027777777778,633.0
80.39916666666667,29.77,632.0
80.39916666666667,29.769722222222224,632.0
80.39916666666667,29.769444444444446,633.0
80.39916666666667,29.769166666666667,635.0
80.39916666666667,29.76888888888889,640.0
80.3988888888889,29.768611111111113,633.0
80.3988888888889,29.768333333333334,636.0
80.3988888888889,29.768055555555556,640.0
80.39861111111112,29.767777777777777,631.0
80.39861111111112,29.767500000000002,635.0
80.39833333333334,29.767222222222223,632.0
80.39805555555557,29.766944444444444,631.0
80.39777777777779,29.766666666666666,633.0
80.39777777777779,29.76638888888889,638.0
80.39777777777779,29.766111111111112,640.0
80.39750000000001,29.765833333333333,632.0
80.39722222222224,29.765555555555558,632.0
80.39694444444446,29.76527777777778,631.0
80.39694444444446,29.765,639.0
80.39666666666668,29.764722222222222,632.0
80.39666666666668,29.764444444444447,633.0
80.39666666666668,29.764166666666668,633.0
80.39666666666668,29.76388888888889,632.0
80.39666666666668,29.76361111111111,633.0
80.39666666666668,29.763333333333335,633.0
80.39666666666668,29.763055555555557,635.0
80.39666666666668,29.762777777777778,633.0
80.39666666666668,29.7625,634.0
80.39666666666668,29.762222222222224,640.0
80.39694444444446,29.761944444444445,640.0
80.39694444444446,29.761666666666667,636.0
80.39694444444446,29.761388888888888,633.0
80.39694444444446,29.761111111111113,630.0
80.39694444444446,29.760833333333334,634.0
80.39722222222224,29.760555555555555,630.0
80.39722222222224,29.76027777777778,633.0
80.39722222222224,29.76,635.0
80.39722222222224,29.759722222222223,634.0
80.39722222222224,29.759444444444444,632.0
80.39722222222224,29.75916666666667,628.0
80.39694444444446,29.75888888888889,627.0
80.39666666666668,29.75861111111111,622.0
80.3963888888889,29.75861111111111,620.0
80.39611111111113,29.75861111111111,619.0
80.39583333333334,29.758333333333333,619.0
80.39555555555556,29.758333333333333,619.0
80.39527777777779,29.758333333333333,619.0
80.39500000000001,29.758333333333333,618.0
80.39472222222223,29.758333333333333,618.0
80.39444444444446,29.758333333333333,618.0
80.39416666666668,29.758333333333333,618.0
80.3938888888889,29.758333333333333,617.0
80.39361111111113,29.758333333333333,617.0
80.39333333333335,29.758333333333333,617.0
80.39305555555556,29.758333333333333,616.0
80.3927777777778,29.758333333333333,616.0
80.39250000000001,29.75861111111111,616.0
80.39222222222223,29.75888888888889,616.0
80.39194444444446,29.75916666666667,615.0
80.39166666666668,29.759444444444444,615.0
80.3913888888889,29.759444444444444,619.0
80.39111111111112,29.759722222222223,621.0
80.39083333333335,29.76,620.0
80.39055555555557,29.76027777777778,616.0
80.39027777777778,29.76027777777778,617.0
80.39000000000001,29.76027777777778,616.0
80.38972222222223,29.76027777777778,613.0
80.38944444444445,29.76027777777778,613.0
80.38916666666668,29.76027777777778,613.0
80.3888888888889,29.76027777777778,613.0
80.38861111111112,29.76027777777778,613.0
80.38833333333335,29.76027777777778,612.0
80.38805555555557,29.76027777777778,616.0
80.38777777777779,29.76027777777778,620.0
80.38750000000002,29.76,612.0
80.38722222222223,29.76,616.0
80.38694444444445,29.759722222222223,612.0
80.38666666666668,29.759444444444444,611.0
80.3863888888889,29.75916666666667,611.0
80.38611111111112,29.75888888888889,613.0
80.38611111111112,29.75861111111111,619.0
80.38583333333334,29.758333333333333,618.0
80.38555555555557,29.758055555555558,618.0
80.38555555555557,29.75777777777778,619.0
80.38555555555557,29.7575,620.0
80.38527777777779,29.75722222222222,618.0
80.38527777777779,29.756944444444446,618.0
80.38527777777779,29.756666666666668,619.0
80.38527777777779,29.75638888888889,620.0
80.38527777777779,29.75611111111111,621.0
80.385,29.755833333333335,619.0
80.385,29.755555555555556,618.0
80.385,29.755277777777778,619.0
80.385,29.755000000000003,621.0
80.385,29.754722222222224,621.0
80.38527777777779,29.754444444444445,614.0
80.38555555555557,29.754166666666666,612.0
80.38583333333334,29.75388888888889,612.0
80.38583333333334,29.753611111111113,609.0
80.38583333333334,29.753333333333334,610.0
80.38583333333334,29.753055555555555,612.0
80.38583333333334,29.75277777777778,613.0
80.38611111111112,29.7525,612.0
80.38611111111112,29.752222222222223,614.0
80.38611111111112,29.751944444444444,613.0
80.38611111111112,29.75166666666667,611.0
80.38611111111112,29.75138888888889,610.0
80.38583333333334,29.75111111111111,613.0
80.38555555555557,29.750833333333333,613.0
80.38527777777779,29.750555555555557,609.0
80.385,29.750555555555557,604.0
80.38472222222224,29.750555555555557,604.0
80.38444444444445,29.750555555555557,604.0
80.38416666666667,29.750555555555557,603.0
80.3838888888889,29.750555555555557,603.0
80.38361111111112,29.750555555555557,603.0
80.38333333333334,29.750555555555557,603.0
80.38305555555557,29.750555555555557,603.0
80.38277777777779,29.750555555555557,603.0
80.38250000000001,29.750555555555557,602.0
80.38222222222224,29.750555555555557,602.0
80.38194444444446,29.750555555555557,602.0
80.38166666666667,29.750555555555557,602.0
80.3813888888889,29.750555555555557,602.0
80.38111111111112,29.750555555555557,601.0
80.38083333333334,29.750555555555557,601.0
80.38055555555556,29.750555555555557,601.0
80.38027777777779,29.750555555555557,601.0
80.38000000000001,29.75027777777778,601.0
80.37972222222223,29.75027777777778,601.0
80.37944444444446,29.75027777777778,600.0
80.37916666666668,29.75027777777778,600.0
80.3788888888889,29.75027777777778,600.0
80.37861111111113,29.75027777777778,603.0
80.37833333333334,29.75027777777778,605.0
80.37805555555556,29.75,600.0
80.3777777777778,29.75,603.0
80.37750000000001,29.75,603.0
80.37722222222223,29.75,604.0
80.37694444444446,29.75,602.0
80.37666666666668,29.75,601.0
80.3763888888889,29.75,598.0
80.37611111111113,29.75,598.0
80.37583333333335,29.75,598.0
80.37555555555556,29.75,598.0
80.37527777777778,29.75,598.0
80.37500000000001,29.75,598.0
80.37472222222223,29.75,598.0
80.37444444444445,29.75,603.0
80.37416666666668,29.749722222222225,598.0
80.3738888888889,29.749722222222225,598.0
80.37361111111112,29.749722222222225,598.0
80.37333333333335,29.749722222222225,598.0
80.37305555555557,29.749722222222225,598.0
80.37277777777778,29.749722222222225,603.0
80.37250000000002,29.749722222222225,604.0
80.37222222222223,29.749722222222225,604.0
80.37194444444445,29.749722222222225,604.0
80.37166666666668,29.749722222222225,603.0
80.3713888888889,29.749722222222225,600.0
80.37111111111112,29.749722222222225,598.0
80.37083333333335,29.749722222222225,598.0
80.37055555555557,29.749722222222225,598.0
80.37027777777779,29.749722222222225,598.0
80.37,29.749722222222225,598.0
80.36972222222224,29.75,598.0
80.36944444444445,29.75027777777778,605.0
80.36916666666667,29.750555555555557,605.0
80.3688888888889,29.750555555555557,602.0
80.36861111111112,29.750555555555557,599.0
80.36833333333334,29.750555555555557,601.0
80.36805555555557,29.750555555555557,604.0
80.36777777777779,29.75027777777778,604.0
80.3675,29.75027777777778,604.0
80.36722222222224,29.75,602.0
80.36694444444446,29.749722222222225,602.0
80.36666666666667,29.749444444444446,605.0
80.3663888888889,29.749166666666667,603.0
80.3663888888889,29.74888888888889,604.0
80.3663888888889,29.748611111111114,599.0
80.3663888888889,29.748333333333335,601.0
80.36611111111112,29.748055555555556,599.0
80.36611111111112,29.747777777777777,604.0
80.36583333333334,29.747500000000002,601.0
80.36583333333334,29.747222222222224,605.0
80.36555555555557,29.746944444444445,600.0
80.36555555555557,29.746666666666666,602.0
80.36555555555557,29.74638888888889,604.0
80.36555555555557,29.746111111111112,604.0
80.36555555555557,29.745833333333334,605.0
80.36527777777779,29.745555555555555,602.0
80.36527777777779,29.74527777777778,604.0
80.36527777777779,29.745,603.0
80.36527777777779,29.744722222222222,604.0
80.36527777777779,29.744444444444444,605.0
80.36527777777779,29.74416666666667,603.0
80.36527777777779,29.74388888888889,601.0
80.36527777777779,29.74361111111111,601.0
80.36527777777779,29.743333333333336,603.0
80.36527777777779,29.743055555555557,603.0
80.36527777777779,29.74277777777778,602.0
80.36527777777779,29.7425,601.0
80.36527777777779,29.742222222222225,600.0
80.36527777777779,29.741944444444446,600.0
80.36527777777779,29.741666666666667,604.0
80.36500000000001,29.74138888888889,605.0
80.36472222222223,29.741111111111113,604.0
80.36472222222223,29.740833333333335,600.0
80.36472222222223,29.740555555555556,597.0
80.36472222222223,29.740277777777777,594.0
80.36472222222223,29.740000000000002,593.0
80.36472222222223,29.739722222222223,592.0
80.36472222222223,29.739444444444445,595.0
80.36472222222223,29.739166666666666,601.0
80.36500000000001,29.73888888888889,595.0
80.36527777777779,29.738611111111112,593.0
80.36555555555557,29.738333333333333,594.0
80.36583333333334,29.738055555555558,592.0
80.36611111111112,29.73777777777778,590.0
80.3663888888889,29.7375,593.0
80.36666666666667,29.737222222222222,596.0
80.36694444444446,29.736944444444447,595.0
80.36722222222224,29.736666666666668,596.0
80.3675,29.73638888888889,600.0
80.36777777777779,29.73611111111111,601.0
80.36805555555557,29.735833333333336,598.0
80.36833333333334,29.735555555555557,595.0
80.36861111111112,29.735555555555557,591.0
80.3688888888889,29.735277777777778,589.0
80.36916666666667,29.735,591.0
80.36944444444445,29.734722222222224,592.0
80.36944444444445,29.734444444444446,592.0
80.36944444444445,29.734166666666667,591.0
80.36944444444445,29.733888888888888,591.0
80.36944444444445,29.733611111111113,591.0
80.36944444444445,29.733333333333334,589.0
80.36916666666667,29.733333333333334,588.0
80.3688888888889,29.733055555555556,589.0
80.36861111111112,29.732777777777777,589.0
80.36833333333334,29.7325,588.0
80.36805555555557,29.7325,586.0
80.36777777777779,29.732222222222223,585.0
80.3675,29.731944444444444,587.0
80.36722222222224,29.73166666666667,587.0
80.36694444444446,29.73138888888889,587.0
80.36694444444446,29.73111111111111,586.0
80.36694444444446,29.730833333333333,585.0
80.36694444444446,29.730555555555558,584.0
80.36666666666667,29.73027777777778,587.0
80.3663888888889,29.73,586.0
80.3663888888889,29.72972222222222,585.0
80.3663888888889,29.729444444444447,583.0
80.3663888888889,29.729166666666668,587.0
80.36611111111112,29.72888888888889,587.0
80.36611111111112,29.72861111111111,587.0
80.36583333333334,29.728333333333335,586.0
80.36583333333334,29.728055555555557,586.0
80.36583333333334,29.727777777777778,586.0
80.36583333333334,29.7275,587.0
80.36555555555557,29.727222222222224,587.0
80.36527777777779,29.726944444444445,586.0
80.36527777777779,29.726666666666667,586.0
80.36527777777779,29.72638888888889,586.0
80.36527777777779,29.726111111111113,585.0
80.36555555555557,29.725833333333334,585.0
80.36583333333334,29.725555555555555,585.0
80.36611111111112,29.72527777777778,584.0
80.36611111111112,29.725,584.0
80.36611111111112,29.724722222222223,584.0
80.36611111111112,29.724444444444444,584.0
80.3663888888889,29.72416666666667,584.0
80.36666666666667,29.72388888888889,584.0
80.36694444444446,29.72361111111111,584.0
80.36722222222224,29.723333333333333,583.0
80.36722222222224,29.723055555555558,583.0
80.3675,29.72277777777778,583.0
80.36777777777779,29.7225,583.0
80.36805555555557,29.72222222222222,583.0
80.36833333333334,29.721944444444446,583.0
80.36861111111112,29.721666666666668,583.0
80.3688888888889,29.72138888888889,582.0
80.36916666666667,29.72138888888889,582.0
80.36944444444445,29.72138888888889,582.0
80.36972222222224,29.72138888888889,582.0
80.37,29.72138888888889,582.0
80.37027777777779,29.72138888888889,582.0
80.37055555555557,29.72138888888889,582.0
80.37083333333335,29.72138888888889,582.0
80.37111111111112,29.72138888888889,582.0
80.3713888888889,29.72138888888889,582.0
80.37166666666668,29.72138888888889,581.0
80.37194444444445,29.72138888888889,581.0
80.37222222222223,29.72138888888889,581.0
80.37250000000002,29.72138888888889,581.0
80.37277777777778,29.72138888888889,581.0
80.37305555555557,29.72138888888889,581.0
80.37333333333335,29.72138888888889,581.0
80.37361111111112,29.72138888888889,581.0
80.3738888888889,29.72138888888889,581.0
80.37416666666668,29.721111111111114,581.0
80.37444444444445,29.720833333333335,581.0
80.37472222222223,29.720555555555556,581.0
80.37472222222223,29.720277777777778,579.0
80.37472222222223,29.720000000000002,579.0
80.37472222222223,29.719722222222224,579.0
80.37472222222223,29.719444444444445,580.0
80.37500000000001,29.719166666666666,580.0
80.37500000000001,29.71888888888889,579.0
80.37500000000001,29.718611111111112,579.0
80.37527777777778,29.718333333333334,580.0
80.37527777777778,29.718055555555555,579.0
80.37527777777778,29.71777777777778,578.0
80.37500000000001,29.7175,576.0
80.37472222222223,29.717222222222222,579.0
80.37444444444445,29.716944444444444,577.0
80.37416666666668,29.71666666666667,579.0
80.3738888888889,29.71638888888889,578.0
80.37361111111112,29.71611111111111,578.0
80.37333333333335,29.715833333333336,579.0
80.37305555555557,29.715555555555557,579.0
80.37277777777778,29.71527777777778,579.0
80.37250000000002,29.715,579.0
80.37250000000002,29.714722222222225,577.0
80.37250000000002,29.714444444444446,575.0
80.37250000000002,29.714166666666667,574.0
80.37250000000002,29.71388888888889,575.0
80.37250000000002,29.713611111111113,577.0
80.37277777777778,29.713333333333335,577.0
80.37305555555557,29.713055555555556,577.0
80.37305555555557,29.712777777777777,577.0
80.37305555555557,29.712500000000002,578.0
80.37305555555557,29.712222222222223,579.0
80.37305555555557,29.711944444444445,579.0
80.37333333333335,29.711666666666666,579.0
80.37361111111112,29.71138888888889,579.0
80.37361111111112,29.711111111111112,578.0
80.37361111111112,29.710833333333333,578.0
80.37361111111112,29.710555555555555,577.0
80.3738888888889,29.71027777777778,577.0
80.3738888888889,29.71,579.0
80.3738888888889,29.709722222222222,579.0
80.3738888888889,29.709444444444447,579.0
80.37416666666668,29.70916666666667,578.0
80.37416666666668,29.70888888888889,579.0
80.37444444444445,29.70861111111111,577.0
80.37444444444445,29.708333333333336,578.0
80.37472222222223,29.708055555555557,579.0
80.37472222222223,29.70777777777778,578.0
80.37472222222223,29.7075,579.0
80.37500000000001,29.707222222222224,577.0
80.37500000000001,29.706944444444446,578.0
80.37500000000001,29.706666666666667,579.0
80.37500000000001,29.70638888888889,579.0
80.37527777777778,29.706111111111113,578.0
80.37527777777778,29.705833333333334,577.0
80.37527777777778,29.705555555555556,577.0
80.37527777777778,29.705277777777777,578.0
80.37527777777778,29.705000000000002,577.0
80.37527777777778,29.704722222222223,577.0
80.37527777777778,29.704444444444444,577.0
80.37555555555556,29.704166666666666,575.0
80.37583333333335,29.70388888888889,575.0
80.37583333333335,29.703611111111112,577.0
80.37611111111113,29.703333333333333,573.0
80.3763888888889,29.703055555555558,568.0
80.37666666666668,29.70277777777778,569.0
80.37694444444446,29.7025,570.0
80.37722222222223,29.702222222222222,570.0
80.37750000000001,29.701944444444447,570.0
80.3777777777778,29.701666666666668,575.0
80.37805555555556,29.70138888888889,578.0
80.37833333333334,29.70111111111111,579.0
80.37861111111113,29.700833333333335,577.0
80.3788888888889,29.700555555555557,575.0
80.3788888888889,29.700277777777778,578.0
80.3788888888889,29.7,578.0
80.3788888888889,29.699722222222224,578.0
80.37916666666668,29.699444444444445,575.0
80.37916666666668,29.699166666666667,578.0
80.37916666666668,29.698888888888888,579.0
80.37916666666668,29.698611111111113,575.0
80.37916666666668,29.698333333333334,573.0
80.37916666666668,29.698055555555555,572.0
80.37916666666668,29.69777777777778,570.0
80.37916666666668,29.6975,572.0
80.37916666666668,29.697222222222223,574.0
80.37916666666668,29.696944444444444,576.0
80.37916666666668,29.69666666666667,577.0
80.37916666666668,29.69638888888889,577.0
80.37916666666668,29.69611111111111,577.0
80.37944444444446,29.695833333333333,576.0
80.37944444444446,29.695555555555558,578.0
80.37944444444446,29.69527777777778,578.0
80.37944444444446,29.695,578.0
80.37944444444446,29.69472222222222,577.0
80.37944444444446,29.694444444444446,576.0
80.37944444444446,29.694166666666668,576.0
80.37944444444446,29.69388888888889,573.0
80.37944444444446,29.69361111111111,570.0
80.37944444444446,29.693333333333335,570.0
80.37944444444446,29.693055555555556,569.0
80.37944444444446,29.692777777777778,568.0
80.37944444444446,29.692500000000003,569.0
80.37944444444446,29.692222222222224,571.0
80.37944444444446,29.691944444444445,572.0
80.37944444444446,29.691666666666666,571.0
80.37944444444446,29.69138888888889,569.0
80.37944444444446,29.691111111111113,567.0
80.37944444444446,29.690833333333334,567.0
80.37944444444446,29.690555555555555,570.0
80.37944444444446,29.69027777777778,572.0
80.37972222222223,29.69,570.0
80.38000000000001,29.689722222222223,569.0
80.38027777777779,29.689444444444444,571.0
80.38055555555556,29.68916666666667,573.0
80.38083333333334,29.68888888888889,574.0
80.38111111111112,29.68861111111111,573.0
80.3813888888889,29.688333333333333,574.0
80.38166666666667,29.688055555555557,578.0
80.38194444444446,29.68777777777778,578.0
80.38222222222224,29.6875,576.0
80.38250000000001,29.687222222222225,576.0
80.38277777777779,29.686944444444446,575.0
80.38305555555557,29.686666666666667,574.0
80.38333333333334,29.68638888888889,575.0
80.38361111111112,29.686111111111114,575.0
80.3838888888889,29.685833333333335,578.0
80.38416666666667,29.685555555555556,578.0
80.38444444444445,29.685277777777777,575.0
80.38444444444445,29.685000000000002,574.0
80.38444444444445,29.684722222222224,577.0
80.38472222222224,29.684444444444445,579.0
80.38472222222224,29.684166666666666,579.0
80.385,29.68388888888889,571.0
80.385,29.683611111111112,564.0
80.385,29.683333333333334,559.0
80.385,29.683055555555555,558.0
80.385,29.68277777777778,562.0
80.385,29.6825,566.0
80.385,29.682222222222222,566.0
80.385,29.681944444444444,567.0
80.38472222222224,29.68166666666667,563.0
80.38472222222224,29.68138888888889,567.0
80.38472222222224,29.68111111111111,566.0
80.38472222222224,29.680833333333336,565.0
80.38444444444445,29.680555555555557,564.0
80.38416666666667,29.68027777777778,567.0
80.3838888888889,29.68,564.0
80.3838888888889,29.679722222222225,563.0
80.3838888888889,29.679444444444446,562.0
80.3838888888889,29.679166666666667,561.0
80.3838888888889,29.67888888888889,560.0
80.3838888888889,29.678611111111113,561.0
80.3838888888889,29.678333333333335,567.0
80.3838888888889,29.678055555555556,569.0
80.3838888888889,29.677777777777777,568.0
80.3838888888889,29.677500000000002,569.0
80.3838888888889,29.677222222222223,569.0
80.3838888888889,29.676944444444445,568.0
80.3838888888889,29.676666666666666,567.0
80.3838888888889,29.67638888888889,565.0
80.3838888888889,29.676111111111112,561.0
80.3838888888889,29.675833333333333,559.0
80.38416666666667,29.675555555555558,560.0
80.38444444444445,29.67527777777778,563.0
80.38472222222224,29.675,563.0
80.385,29.674722222222222,563.0
80.38527777777779,29.674722222222222,566.0
80.38555555555557,29.674444444444447,563.0
80.38583333333334,29.674166666666668,564.0
80.38611111111112,29.67388888888889,563.0
80.3863888888889,29.67388888888889,568.0
80.38666666666668,29.67361111111111,565.0
80.38694444444445,29.673333333333336,561.0
80.38722222222223,29.673055555555557,557.0
80.38750000000002,29.672777777777778,555.0
80.38777777777779,29.6725,555.0
80.38805555555557,29.672222222222224,555.0
80.38833333333335,29.671944444444446,555.0
80.38861111111112,29.671666666666667,560.0
80.3888888888889,29.671388888888888,562.0
80.38916666666668,29.671111111111113,564.0
80.38916666666668,29.670833333333334,567.0
80.38916666666668,29.670555555555556,569.0
80.38916666666668,29.670277777777777,566.0
80.38916666666668,29.67,563.0
80.38916666666668,29.669722222222223,562.0
80.38916666666668,29.669444444444444,561.0
80.38916666666668,29.66916666666667,559.0
80.38916666666668,29.66888888888889,558.0
80.38916666666668,29.66861111111111,560.0
80.38916666666668,29.668333333333333,561.0
80.38916666666668,29.668055555555558,560.0
80.38916666666668,29.66777777777778,560.0
80.38916666666668,29.6675,561.0
80.38916666666668,29.66722222222222,564.0
80.38916666666668,29.666944444444447,567.0
80.38944444444445,29.666666666666668,563.0
80.38972222222223,29.66638888888889,560.0
80.39000000000001,29.66611111111111,558.0
80.39027777777778,29.665833333333335,561.0
80.39055555555557,29.665555555555557,567.0
80.39083333333335,29.665277777777778,569.0
80.39111111111112,29.665,569.0
80.3913888888889,29.664722222222224,566.0
80.39166666666668,29.664722222222224,568.0
80.39194444444446,29.664444444444445,564.0
80.39222222222223,29.664444444444445,565.0
80.39250000000001,29.664444444444445,566.0
80.3927777777778,29.664444444444445,569.0
80.39305555555556,29.664166666666667,560.0
80.39333333333335,29.664166666666667,562.0
80.39361111111113,29.664166666666667,561.0
80.3938888888889,29.664166666666667,560.0
80.39416666666668,29.664166666666667,561.0
80.39444444444446,29.664166666666667,561.0
80.39472222222223,29.66388888888889,556.0
80.39500000000001,29.663611111111113,557.0
80.39527777777779,29.663333333333334,554.0
80.39555555555556,29.663055555555555,551.0
80.39583333333334,29.66277777777778,553.0
80.39611111111113,29.6625,555.0
80.3963888888889,29.662222222222223,561.0
80.39666666666668,29.661944444444444,564.0
80.39694444444446,29.66166666666667,564.0
80.39722222222224,29.66138888888889,562.0
80.39750000000001,29.66111111111111,555.0
80.39777777777779,29.660833333333333,549.0
80.39805555555557,29.660555555555558,551.0
80.39833333333334,29.66027777777778,557.0
80.39861111111112,29.66,563.0
80.3988888888889,29.65972222222222,558.0
80.39916666666667,29.65972222222222,565.0
80.39944444444446,29.65972222222222,569.0
80.39972222222224,29.659444444444446,565.0
80.4,29.659444444444446,564.0
80.40027777777779,29.659444444444446,566.0
80.40055555555557,29.659444444444446,565.0
80.40083333333334,29.659444444444446,563.0
80.40111111111112,29.659444444444446,563.0
80.4013888888889,29.659444444444446,562.0
80.40166666666667,29.659444444444446,558.0
80.40194444444445,29.659444444444446,555.0
80.40222222222224,29.659444444444446,553.0
80.40250000000002,29.659444444444446,551.0
80.40277777777779,29.659444444444446,548.0
80.40305555555557,29.659444444444446,548.0
80.40333333333335,29.659444444444446,548.0
80.40361111111112,29.659444444444446,548.0
80.4038888888889,29.659444444444446,548.0
80.40416666666668,29.659444444444446,549.0
80.40444444444445,29.659444444444446,549.0
80.40472222222223,29.659444444444446,548.0
80.40500000000002,29.659444444444446,548.0
80.40527777777778,29.659444444444446,549.0
80.40555555555557,29.659444444444446,548.0
80.40583333333335,29.659166666666668,550.0
80.40611111111112,29.65888888888889,550.0
80.4063888888889,29.658611111111114,551.0
80.40666666666668,29.658333333333335,548.0
80.40694444444445,29.658055555555556,551.0
80.40722222222223,29.657777777777778,560.0
80.40750000000001,29.657500000000002,566.0
80.40750000000001,29.657222222222224,569.0
80.4077777777778,29.656944444444445,561.0
80.40805555555556,29.656666666666666,560.0
80.40833333333335,29.65638888888889,557.0
80.40861111111113,29.656111111111112,551.0
80.4088888888889,29.655833333333334,547.0
80.40916666666668,29.655555555555555,552.0
80.40944444444446,29.65527777777778,557.0
80.40972222222223,29.655,562.0
80.41000000000001,29.654722222222222,565.0
80.4102777777778,29.654444444444444,562.0
80.41055555555556,29.654444444444444,568.0
80.41083333333334,29.65416666666667,551.0
80.41111111111113,29.65416666666667,552.0
80.4113888888889,29.65416666666667,553.0
80.41166666666668,29.65416666666667,550.0
80.41194444444446,29.65416666666667,546.0
80.41222222222223,29.65416666666667,542.0
80.41250000000001,29.65416666666667,541.0
80.41277777777779,29.65416666666667,540.0
80.41305555555557,29.65416666666667,540.0
80.41333333333334,29.65416666666667,540.0
80.41361111111112,29.65416666666667,539.0
80.4138888888889,29.65388888888889,539.0
80.41416666666667,29.65361111111111,545.0
80.41444444444446,29.653333333333336,553.0
80.41472222222224,29.653055555555557,560.0
80.415,29.65277777777778,563.0
80.41527777777779,29.6525,567.0
80.41555555555557,29.652222222222225,564.0
80.41555555555557,29.651944444444446,562.0
80.41583333333334,29.651666666666667,564.0
80.41611111111112,29.65138888888889,567.0
80.41611111111112,29.651111111111113,569.0
80.41611111111112,29.650833333333335,567.0
80.41611111111112,29.650555555555556,563.0
80.41583333333334,29.650277777777777,559.0
80.41583333333334,29.650000000000002,558.0
80.41555555555557,29.649722222222223,557.0
80.41555555555557,29.649444444444445,554.0
80.41555555555557,29.649166666666666,551.0
80.41555555555557,29.64888888888889,546.0
80.41555555555557,29.648611111111112,541.0
80.41555555555557,29.648333333333333,540.0
80.41555555555557,29.648055555555555,545.0
80.41555555555557,29.64777777777778,552.0
80.41527777777779,29.6475,552.0
80.415,29.647222222222222,553.0
80.41472222222224,29.646944444444447,547.0
80.41472222222224,29.64666666666667,549.0
80.41444444444446,29.64638888888889,545.0
80.41444444444446,29.64611111111111,547.0
80.41444444444446,29.645833333333336,548.0
80.41444444444446,29.645555555555557,551.0
80.41444444444446,29.64527777777778,554.0
80.41444444444446,29.645,554.0
80.41444444444446,29.644722222222224,553.0
80.41444444444446,29.644444444444446,553.0
80.41444444444446,29.644166666666667,549.0
80.41444444444446,29.64388888888889,546.0
80.41444444444446,29.643611111111113,544.0
80.41444444444446,29.643333333333334,544.0
80.41472222222224,29.643055555555556,543.0
80.415,29.642777777777777,542.0
80.41527777777779,29.642500000000002,539.0
80.41555555555557,29.642222222222223,543.0
80.41583333333334,29.641944444444444,546.0
80.41611111111112,29.641666666666666,547.0
80.4163888888889,29.64138888888889,550.0
80.41666666666667,29.641111111111112,551.0
80.41694444444445,29.640833333333333,549.0
80.41722222222224,29.640555555555558,547.0
80.4175,29.64027777777778,546.0
80.41777777777779,29.64,545.0
80.41805555555557,29.639722222222222,548.0
80.41833333333335,29.639444444444447,551.0
80.41861111111112,29.639166666666668,551.0
80.4188888888889,29.63888888888889,552.0
80.41916666666668,29.63861111111111,552.0
80.41944444444445,29.638333333333335,547.0
80.41944444444445,29.638055555555557,549.0
80.41944444444445,29.637777777777778,544.0
80.41944444444445,29.6375,541.0
80.41944444444445,29.637222222222224,537.0
80.41944444444445,29.636944444444445,536.0
80.41944444444445,29.636666666666667,539.0
80.41944444444445,29.636388888888888,544.0
80.41944444444445,29.636111111111113,547.0
80.41944444444445,29.635833333333334,549.0
80.41944444444445,29.635555555555555,547.0
80.41944444444445,29.63527777777778,548.0
80.41944444444445,29.635,552.0
80.41944444444445,29.634722222222223,553.0
80.41944444444445,29.634444444444444,553.0
80.41944444444445,29.63416666666667,553.0
80.41944444444445,29.63388888888889,548.0
80.41944444444445,29.63361111111111,542.0
80.41944444444445,29.633333333333333,541.0
80.41944444444445,29.633055555555558,542.0
80.41944444444445,29.63277777777778,540.0
80.41944444444445,29.6325,540.0
80.41944444444445,29.63222222222222,548.0
80.41972222222223,29.631944444444446,547.0
80.42000000000002,29.631666666666668,545.0
80.42000000000002,29.63138888888889,546.0
80.42000000000002,29.63111111111111,545.0
80.42000000000002,29.630833333333335,548.0
80.42000000000002,29.630555555555556,554.0
80.42000000000002,29.630277777777778,554.0
80.42000000000002,29.630000000000003,550.0
80.42000000000002,29.629722222222224,544.0
80.42000000000002,29.629444444444445,536.0
80.41972222222223,29.629166666666666,538.0
80.41944444444445,29.62888888888889,543.0
80.41916666666668,29.628611111111113,547.0
80.4188888888889,29.628333333333334,550.0
80.41861111111112,29.628055555555555,551.0
80.41833333333335,29.62777777777778,553.0
80.41805555555557,29.6275,552.0
80.41777777777779,29.6275,553.0
80.4175,29.627222222222223,544.0
80.41722222222224,29.627222222222223,548.0
80.41694444444445,29.627222222222223,551.0
80.41666666666667,29.627222222222223,552.0
80.4163888888889,29.627222222222223,550.0
80.41611111111112,29.627222222222223,548.0
80.41583333333334,29.627222222222223,547.0
80.41555555555557,29.627222222222223,545.0
80.41527777777779,29.627222222222223,542.0
80.415,29.627222222222223,539.0
80.41472222222224,29.627222222222223,540.0
80.41444444444446,29.627222222222223,544.0
80.41416666666667,29.627222222222223,549.0
80.4138888888889,29.627222222222223,552.0
80.41361111111112,29.626944444444444,539.0
80.41333333333334,29.62666666666667,530.0
80.41305555555557,29.62638888888889,527.0
80.41277777777779,29.62611111111111,527.0
80.41250000000001,29.625833333333333,526.0
80.41222222222223,29.625555555555557,537.0
80.41194444444446,29.62527777777778,546.0
80.41166666666668,29.625,554.0
80.4113888888889,29.624722222222225,550.0
80.41111111111113,29.624444444444446,545.0
80.41111111111113,29.624166666666667,554.0
80.41083333333334,29.62388888888889,554.0
80.41055555555556,29.623611111111114,554.0
80.4102777777778,29.623333333333335,551.0
80.41000000000001,29.623055555555556,545.0
80.41000000000001,29.622777777777777,554.0
80.40972222222223,29.622500000000002,550.0
80.40944444444446,29.622222222222224,548.0
80.40944444444446,29.621944444444445,554.0
80.40916666666668,29.621666666666666,548.0
80.4088888888889,29.62138888888889,546.0
80.4088888888889,29.621111111111112,551.0
80.40861111111113,29.620833333333334,546.0
80.40861111111113,29.620555555555555,553.0
80.40833333333335,29.62027777777778,548.0
80.40833333333335,29.62,550.0
80.40833333333335,29.619722222222222,549.0
80.40833333333335,29.619444444444447,547.0
80.40833333333335,29.61916666666667,543.0
80.40833333333335,29.61888888888889,540.0
80.40833333333335,29.61861111111111,540.0
80.40833333333335,29.618333333333336,536.0
80.40833333333335,29.618055555555557,534.0
80.40833333333335,29.61777777777778,534.0
80.40833333333335,29.6175,532.0
80.40833333333335,29.617222222222225,531.0
80.40833333333335,29.616944444444446,531.0
80.40833333333335,29.616666666666667,535.0
80.40833333333335,29.61638888888889,540.0
80.40833333333335,29.616111111111113,543.0
80.40833333333335,29.615833333333335,538.0
80.40833333333335,29.615555555555556,529.0
80.40833333333335,29.615277777777777,529.0
80.40805555555556,29.615000000000002,528.0
80.4077777777778,29.614722222222223,530.0
80.40750000000001,29.614444444444445,536.0
80.40722222222223,29.614166666666666,546.0
80.40694444444445,29.61388888888889,546.0
80.40666666666668,29.613611111111112,542.0
80.4063888888889,29.613333333333333,544.0
80.40611111111112,29.613055555555558,549.0
80.40583333333335,29.61277777777778,554.0
80.40583333333335,29.6125,554.0
80.40583333333335,29.612222222222222,551.0
80.40583333333335,29.611944444444447,547.0
80.40583333333335,29.611666666666668,544.0
80.40583333333335,29.61138888888889,545.0
80.40583333333335,29.61111111111111,547.0
80.40611111111112,29.610833333333336,550.0
80.4063888888889,29.610555555555557,544.0
80.4063888888889,29.610277777777778,542.0
80.4063888888889,29.61,541.0
80.4063888888889,29.609722222222224,548.0
80.40666666666668,29.609444444444446,545.0
80.40666666666668,29.609166666666667,545.0
80.40666666666668,29.608888888888888,545.0
80.40666666666668,29.608611111111113,546.0
80.40666666666668,29.608333333333334,549.0
80.40666666666668,29.608055555555556,549.0
80.40666666666668,29.607777777777777,549.0
80.40694444444445,29.6075,533.0
80.40694444444445,29.607222222222223,536.0
80.40694444444445,29.606944444444444,545.0
80.40722222222223,29.60666666666667,550.0
80.40750000000001,29.60638888888889,551.0
80.40750000000001,29.60611111111111,550.0
80.40750000000001,29.605833333333333,547.0
80.40750000000001,29.605555555555558,549.0
80.40750000000001,29.60527777777778,550.0
80.40750000000001,29.605,549.0
80.40750000000001,29.60472222222222,549.0
80.40750000000001,29.604444444444447,549.0
80.40750000000001,29.604166666666668,549.0
80.4077777777778,29.60388888888889,546.0
80.4077777777778,29.60361111111111,546.0
80.4077777777778,29.603333333333335,547.0
80.4077777777778,29.603055555555557,545.0
80.4077777777778,29.602777777777778,541.0
80.4077777777778,29.6025,538.0
80.4077777777778,29.602222222222224,536.0
80.4077777777778,29.601944444444445,534.0
80.4077777777778,29.601666666666667,531.0
80.4077777777778,29.60138888888889,527.0
80.4077777777778,29.601111111111113,524.0
80.4077777777778,29.600833333333334,522.0
80.4077777777778,29.600555555555555,521.0
80.4077777777778,29.60027777777778,522.0
80.4077777777778,29.6,523.0
80.4077777777778,29.599722222222223,524.0
80.4077777777778,29.599444444444444,525.0
80.4077777777778,29.59916666666667,524.0
80.4077777777778,29.59888888888889,524.0
80.4077777777778,29.59861111111111,527.0
80.4077777777778,29.598333333333333,525.0
80.4077777777778,29.598055555555558,521.0
80.4077777777778,29.59777777777778,522.0
80.4077777777778,29.5975,522.0
80.4077777777778,29.59722222222222,521.0
80.4077777777778,29.596944444444446,520.0
80.4077777777778,29.596666666666668,520.0
80.4077777777778,29.59638888888889,521.0
80.4077777777778,29.596111111111114,523.0
80.4077777777778,29.595833333333335,525.0
80.40750000000001,29.595555555555556,529.0
80.40722222222223,29.595277777777778,524.0
80.40694444444445,29.595000000000002,521.0
80.40666666666668,29.594722222222224,522.0
80.4063888888889,29.594444444444445,526.0
80.40611111111112,29.594166666666666,533.0
80.40583333333335,29.59388888888889,534.0
80.40555555555557,29.593611111111112,534.0
80.40527777777778,29.593333333333334,536.0
80.40500000000002,29.593055555555555,540.0
80.40472222222223,29.59277777777778,538.0
80.40444444444445,29.5925,540.0
80.40416666666668,29.592222222222222,544.0
80.4038888888889,29.591944444444444,546.0
80.40361111111112,29.59166666666667,546.0
80.40333333333335,29.59138888888889,545.0
80.40305555555557,29.59111111111111,546.0
80.40277777777779,29.59111111111111,549.0
80.40250000000002,29.590833333333336,547.0
80.40222222222224,29.590833333333336,551.0
80.40194444444445,29.590555555555557,547.0
80.40166666666667,29.59027777777778,544.0
80.4013888888889,29.59,545.0
80.40111111111112,29.589722222222225,543.0
80.40083333333334,29.589444444444446,546.0
80.40055555555557,29.589166666666667,544.0
80.40027777777779,29.589166666666667,550.0
80.4,29.58888888888889,539.0
80.39972222222224,29.58888888888889,540.0
80.39944444444446,29.588611111111113,532.0
80.39916666666667,29.588333333333335,537.0
80.3988888888889,29.588055555555556,534.0
80.39861111111112,29.587777777777777,532.0
80.39833333333334,29.587500000000002,535.0
80.39805555555557,29.587222222222223,538.0
80.39777777777779,29.586944444444445,535.0
80.39750000000001,29.586666666666666,532.0
80.39722222222224,29.58638888888889,538.0
80.39694444444446,29.586111111111112,544.0
80.39666666666668,29.585833333333333,545.0
80.3963888888889,29.585555555555555,542.0
80.39611111111113,29.58527777777778,539.0
80.39583333333334,29.585,541.0
80.39555555555556,29.584722222222222,537.0
80.39527777777779,29.584444444444447,533.0
80.39500000000001,29.58416666666667,529.0
80.39472222222223,29.58388888888889,524.0
80.39444444444446,29.58361111111111,522.0
80.39416666666668,29.583333333333336,522.0
80.3938888888889,29.583055555555557,518.0
80.39361111111113,29.58277777777778,513.0
80.39333333333335,29.5825,516.0
80.39305555555556,29.582222222222224,529.0
80.3927777777778,29.581944444444446,535.0
80.39250000000001,29.581666666666667,539.0
80.39222222222223,29.58138888888889,543.0
80.39194444444446,29.581111111111113,545.0
80.39166666666668,29.580833333333334,542.0
80.3913888888889,29.580555555555556,537.0
80.3913888888889,29.580277777777777,540.0
80.3913888888889,29.580000000000002,539.0
80.3913888888889,29.579722222222223,539.0
80.3913888888889,29.579444444444444,538.0
80.3913888888889,29.579166666666666,534.0
80.3913888888889,29.57888888888889,531.0
80.3913888888889,29.578611111111112,531.0
80.3913888888889,29.578333333333333,534.0
80.3913888888889,29.578055555555558,546.0
80.39111111111112,29.57777777777778,534.0
80.39111111111112,29.5775,545.0
80.39083333333335,29.577222222222222,540.0
80.39083333333335,29.576944444444447,543.0
80.39083333333335,29.576666666666668,544.0
80.39083333333335,29.57638888888889,543.0
80.39083333333335,29.57611111111111,537.0
80.39083333333335,29.575833333333335,536.0
80.39055555555557,29.575555555555557,530.0
80.39027777777778,29.575277777777778,530.0
80.39000000000001,29.575,536.0
80.38972222222223,29.574722222222224,541.0
80.38944444444445,29.574444444444445,543.0
80.38916666666668,29.574166666666667,540.0
80.3888888888889,29.573888888888888,540.0
80.38861111111112,29.573611111111113,540.0
80.38833333333335,29.573611111111113,548.0
80.38805555555557,29.573333333333334,546.0
80.38777777777779,29.573333333333334,551.0
80.38750000000002,29.573333333333334,551.0
80.38722222222223,29.573055555555555,551.0
80.38694444444445,29.573055555555555,551.0
80.38666666666668,29.573055555555555,551.0
80.3863888888889,29.573055555555555,551.0
80.38611111111112,29.573055555555555,551.0
80.38583333333334,29.573055555555555,551.0
80.38555555555557,29.573055555555555,551.0
80.38527777777779,29.573055555555555,550.0
80.385,29.573055555555555,547.0
80.38472222222224,29.573055555555555,548.0
80.38444444444445,29.573055555555555,548.0
80.38416666666667,29.573055555555555,548.0
80.3838888888889,29.573055555555555,547.0
80.38361111111112,29.573055555555555,545.0
80.38333333333334,29.573055555555555,543.0
80.38305555555557,29.573055555555555,542.0
80.38277777777779,29.573055555555555,540.0
80.38250000000001,29.573055555555555,540.0
80.38222222222224,29.573055555555555,542.0
80.38194444444446,29.573055555555555,546.0
80.38166666666667,29.573055555555555,547.0
80.3813888888889,29.573055555555555,545.0
80.38111111111112,29.57277777777778,545.0
80.38083333333334,29.5725,533.0
80.38055555555556,29.572222222222223,521.0
80.38027777777779,29.571944444444444,519.0
80.38000000000001,29.57166666666667,530.0
80.37972222222223,29.57138888888889,547.0
80.37944444444446,29.57111111111111,549.0
80.37916666666668,29.570833333333333,534.0
80.37916666666668,29.570555555555558,536.0
80.37916666666668,29.57027777777778,541.0
80.37916666666668,29.57,550.0
80.3788888888889,29.56972222222222,548.0
80.3788888888889,29.569444444444446,551.0
80.3788888888889,29.569166666666668,550.0
80.3788888888889,29.56888888888889,545.0
80.3788888888889,29.56861111111111,541.0
80.3788888888889,29.568333333333335,539.0
80.3788888888889,29.568055555555556,536.0
80.3788888888889,29.567777777777778,532.0
80.3788888888889,29.567500000000003,531.0
80.3788888888889,29.567222222222224,532.0
80.3788888888889,29.566944444444445,532.0
80.3788888888889,29.566666666666666,528.0
80.3788888888889,29.56638888888889,523.0
80.3788888888889,29.566111111111113,518.0
80.3788888888889,29.565833333333334,514.0
80.3788888888889,29.565555555555555,515.0
80.3788888888889,29.56527777777778,515.0
80.3788888888889,29.565,514.0
80.3788888888889,29.564722222222223,516.0
80.3788888888889,29.564444444444444,520.0
80.3788888888889,29.56416666666667,519.0
80.3788888888889,29.56388888888889,516.0
80.3788888888889,29.56361111111111,512.0
80.3788888888889,29.563333333333333,509.0
80.3788888888889,29.563055555555557,511.0
80.37861111111113,29.56277777777778,524.0
80.37833333333334,29.5625,532.0
80.37805555555556,29.562222222222225,533.0
80.3777777777778,29.561944444444446,532.0
80.37750000000001,29.561666666666667,521.0
80.37722222222223,29.561666666666667,518.0
80.37694444444446,29.561666666666667,514.0
80.37666666666668,29.561666666666667,509.0
80.3763888888889,29.561666666666667,507.0
80.37611111111113,29.561666666666667,508.0
80.37583333333335,29.561666666666667,509.0
80.37555555555556,29.561666666666667,506.0
80.37527777777778,29.561666666666667,504.0
80.37500000000001,29.561666666666667,504.0
80.37472222222223,29.561666666666667,504.0
80.37444444444445,29.561666666666667,503.0
80.37416666666668,29.561666666666667,504.0
80.3738888888889,29.561666666666667,504.0
80.37361111111112,29.561666666666667,504.0
80.37333333333335,29.561666666666667,504.0
80.37305555555557,29.561666666666667,504.0
80.37277777777778,29.561666666666667,505.0
80.37250000000002,29.561666666666667,509.0
80.37222222222223,29.561666666666667,511.0
80.37194444444445,29.561666666666667,512.0
80.37166666666668,29.561666666666667,512.0
80.3713888888889,29.561666666666667,513.0
80.37111111111112,29.561666666666667,515.0
80.37083333333335,29.561666666666667,516.0
80.37055555555557,29.561666666666667,517.0
80.37027777777779,29.561666666666667,518.0
80.37,29.561666666666667,522.0
80.36972222222224,29.561666666666667,524.0
80.36944444444445,29.561666666666667,528.0
80.36916666666667,29.561944444444446,521.0
80.3688888888889,29.561944444444446,526.0
80.36861111111112,29.561944444444446,532.0
80.36833333333334,29.562222222222225,519.0
80.36805555555557,29.562222222222225,516.0
80.36777777777779,29.562222222222225,513.0
80.3675,29.562222222222225,521.0
80.36722222222224,29.562222222222225,530.0
80.36694444444446,29.5625,522.0
80.36666666666667,29.5625,526.0
80.3663888888889,29.5625,530.0
80.36611111111112,29.56277777777778,525.0
80.36583333333334,29.56277777777778,529.0
80.36555555555557,29.56277777777778,531.0
80.36527777777779,29.56277777777778,533.0
80.36500000000001,29.56277777777778,533.0
80.36472222222223,29.56277777777778,532.0
80.36444444444446,29.56277777777778,532.0
80.36416666666668,29.56277777777778,530.0
80.3638888888889,29.56277777777778,528.0
80.36361111111113,29.5625,532.0
80.36333333333334,29.562222222222225,531.0
80.36305555555556,29.561944444444446,520.0
80.36305555555556,29.561666666666667,527.0
80.36305555555556,29.56138888888889,525.0
80.36305555555556,29.561111111111114,513.0
80.36305555555556,29.560833333333335,502.0
80.36305555555556,29.560555555555556,500.0
80.36305555555556,29.560277777777777,503.0
80.36305555555556,29.560000000000002,505.0
80.36305555555556,29.559722222222224,508.0
80.36305555555556,29.559444444444445,513.0
80.36333333333334,29.559166666666666,521.0
80.36361111111113,29.55888888888889,530.0
80.3638888888889,29.558611111111112,533.0
80.3638888888889,29.558333333333334,532.0
80.3638888888889,29.558055555555555,529.0
80.3638888888889,29.55777777777778,527.0
80.3638888888889,29.5575,522.0
80.3638888888889,29.557222222222222,514.0
80.36361111111113,29.557222222222222,512.0
80.36361111111113,29.556944444444447,511.0
80.36333333333334,29.55666666666667,510.0
80.36305555555556,29.55638888888889,506.0
80.3627777777778,29.55638888888889,505.0
80.36250000000001,29.55638888888889,503.0
80.36222222222223,29.55638888888889,504.0
80.36194444444446,29.55638888888889,503.0
80.36166666666668,29.55638888888889,502.0
80.3613888888889,29.55638888888889,504.0
80.36111111111113,29.55638888888889,504.0
80.36083333333335,29.55638888888889,501.0
80.36055555555556,29.55638888888889,499.0
80.36027777777778,29.55638888888889,498.0
80.36000000000001,29.55638888888889,502.0
80.35972222222223,29.55638888888889,507.0
80.35944444444445,29.55638888888889,509.0
80.35916666666668,29.55638888888889,510.0
80.3588888888889,29.55611111111111,502.0
80.35861111111112,29.55611111111111,504.0
80.35833333333335,29.55611111111111,506.0
80.35805555555557,29.55611111111111,509.0
80.35777777777778,29.555833333333336,507.0
80.35750000000002,29.555555555555557,504.0
80.35722222222223,29.555555555555557,507.0
80.35694444444445,29.555555555555557,510.0
80.35666666666668,29.55527777777778,500.0
80.3563888888889,29.55527777777778,499.0
80.35611111111112,29.55527777777778,499.0
80.35583333333335,29.55527777777778,497.0
80.35555555555557,29.55527777777778,498.0
80.35527777777779,29.55527777777778,498.0
80.355,29.55527777777778,499.0
80.35472222222224,29.55527777777778,500.0
80.35444444444445,29.55527777777778,506.0
80.35416666666667,29.555555555555557,511.0
80.3538888888889,29.555555555555557,512.0
80.35361111111112,29.555555555555557,509.0
80.35333333333334,29.555555555555557,508.0
80.35305555555557,29.555555555555557,507.0
80.35277777777779,29.555555555555557,507.0
80.3525,29.555555555555557,506.0
80.35222222222224,29.555555555555557,506.0
80.35194444444446,29.555555555555557,505.0
80.35166666666667,29.555555555555557,504.0
80.3513888888889,29.555555555555557,504.0
80.35111111111112,29.555555555555557,503.0
80.35083333333334,29.555555555555557,503.0
80.35055555555557,29.555555555555557,502.0
80.35027777777779,29.555555555555557,501.0
80.35000000000001,29.555555555555557,501.0
80.34972222222223,29.555555555555557,500.0
80.34944444444446,29.555555555555557,500.0
80.34916666666668,29.555555555555557,499.0
80.3488888888889,29.555555555555557,498.0
80.34861111111113,29.555555555555557,498.0
80.34833333333334,29.555555555555557,497.0
80.34805555555556,29.555555555555557,497.0
80.3477777777778,29.555555555555557,496.0
80.34750000000001,29.55527777777778,495.0
80.34722222222223,29.55527777777778,495.0
80.34694444444446,29.555,494.0
80.34666666666668,29.555,499.0
80.3463888888889,29.554722222222225,495.0
80.34611111111113,29.554722222222225,496.0
80.34583333333335,29.554722222222225,497.0
80.34555555555556,29.554444444444446,493.0
80.3452777777778,29.554444444444446,494.0
80.34500000000001,29.554444444444446,497.0
80.34472222222223,29.554166666666667,495.0
80.34444444444445,29.554166666666667,498.0
80.34416666666668,29.55388888888889,495.0
80.3438888888889,29.55388888888889,496.0
80.34361111111112,29.553611111111113,497.0
80.34333333333335,29.553333333333335,498.0
80.34305555555557,29.553055555555556,499.0
80.34305555555557,29.552777777777777,498.0
80.34305555555557,29.552500000000002,497.0
80.34305555555557,29.552222222222223,497.0
80.34305555555557,29.551944444444445,497.0
80.34305555555557,29.551666666666666,495.0
80.34305555555557,29.55138888888889,491.0
80.34305555555557,29.551111111111112,492.0
80.34333333333335,29.550833333333333,494.0
80.34361111111112,29.550555555555558,494.0
80.34361111111112,29.55027777777778,497.0
80.3438888888889,29.55,497.0
80.34416666666668,29.549722222222222,497.0
80.34444444444445,29.549444444444447,494.0
80.34444444444445,29.549166666666668,500.0
80.34472222222223,29.54888888888889,500.0
80.34500000000001,29.54861111111111,495.0
80.34500000000001,29.548333333333336,496.0
80.34500000000001,29.548055555555557,494.0
80.34500000000001,29.547777777777778,493.0
80.34500000000001,29.5475,491.0
80.34500000000001,29.547222222222224,492.0
80.34500000000001,29.546944444444446,499.0
80.34472222222223,29.546666666666667,495.0
80.34444444444445,29.546388888888888,500.0
80.34416666666668,29.546111111111113,500.0
80.34416666666668,29.545833333333334,497.0
80.34416666666668,29.545555555555556,494.0
80.34416666666668,29.545277777777777,491.0
80.34416666666668,29.545,493.0
80.34416666666668,29.544722222222223,498.0
80.3438888888889,29.544444444444444,496.0
80.34361111111112,29.54416666666667,493.0
80.34361111111112,29.54388888888889,498.0
80.34333333333335,29.54361111111111,495.0
80.34305555555557,29.543333333333333,494.0
80.34277777777778,29.543055555555558,492.0
80.34250000000002,29.54277777777778,492.0
80.34222222222223,29.5425,494.0
80.34194444444445,29.54222222222222,493.0
80.34194444444445,29.541944444444447,491.0
80.34194444444445,29.541666666666668,492.0
80.34222222222223,29.54138888888889,497.0
80.34250000000002,29.54111111111111,498.0
80.34277777777778,29.540833333333335,499.0
80.34305555555557,29.540555555555557,494.0
80.34333333333335,29.540555555555557,497.0
80.34361111111112,29.540555555555557,497.0
80.3438888888889,29.540555555555557,495.0
80.34416666666668,29.540555555555557,489.0
80.34444444444445,29.540555555555557,487.0
80.34472222222223,29.540555555555557,487.0
80.34500000000001,29.540555555555557,487.0
80.3452777777778,29.540555555555557,487.0
80.34555555555556,29.540555555555557,487.0
80.34583333333335,29.540555555555557,487.0
80.34611111111113,29.540555555555557,486.0
80.3463888888889,29.540555555555557,487.0
80.34666666666668,29.540555555555557,488.0
80.34694444444446,29.540555555555557,488.0
80.34722222222223,29.540555555555557,488.0
80.34750000000001,29.540555555555557,488.0
80.3477777777778,29.540555555555557,486.0
80.34805555555556,29.540555555555557,486.0
80.34833333333334,29.540555555555557,487.0
80.34861111111113,29.540555555555557,487.0
80.3488888888889,29.540555555555557,485.0
80.34916666666668,29.540555555555557,485.0
80.34944444444446,29.540277777777778,485.0
80.34972222222223,29.54,485.0
80.35000000000001,29.539722222222224,485.0
80.35027777777779,29.539444444444445,484.0
80.35055555555557,29.539166666666667,484.0
80.35083333333334,29.53888888888889,484.0
80.35111111111112,29.538611111111113,484.0
80.3513888888889,29.538333333333334,486.0
80.35166666666667,29.538055555555555,487.0
80.35194444444446,29.53777777777778,488.0
80.35222222222224,29.5375,489.0
80.3525,29.537222222222223,489.0
80.35277777777779,29.536944444444444,490.0
80.35305555555557,29.53666666666667,490.0
80.35333333333334,29.53638888888889,491.0
80.35361111111112,29.53611111111111,489.0
80.3538888888889,29.535833333333333,488.0
80.35416666666667,29.535555555555558,485.0
80.35444444444445,29.53527777777778,482.0
80.35472222222224,29.535,486.0
80.355,29.53472222222222,492.0
80.35527777777779,29.534444444444446,493.0
80.35555555555557,29.534166666666668,492.0
80.35583333333335,29.53388888888889,495.0
80.35611111111112,29.533611111111114,499.0
80.3563888888889,29.533333333333335,499.0
80.35666666666668,29.533055555555556,498.0
80.35694444444445,29.532777777777778,496.0
80.35694444444445,29.532500000000002,498.0
80.35694444444445,29.532222222222224,497.0
80.35694444444445,29.531944444444445,496.0
80.35694444444445,29.531666666666666,497.0
80.35694444444445,29.53138888888889,497.0
80.35694444444445,29.531111111111112,497.0
80.35694444444445,29.530833333333334,490.0
80.35694444444445,29.530555555555555,482.0
80.35694444444445,29.53027777777778,481.0
80.35694444444445,29.53,480.0
80.35694444444445,29.529722222222222,480.0
80.35694444444445,29.529444444444444,482.0
80.35666666666668,29.52916666666667,482.0
80.3563888888889,29.52888888888889,483.0
80.35611111111112,29.52861111111111,483.0
80.35583333333335,29.528333333333336,488.0
80.35555555555557,29.528055555555557,492.0
80.35527777777779,29.528055555555557,499.0
80.355,29.52777777777778,481.0
80.35472222222224,29.52777777777778,489.0
80.35444444444445,29.5275,483.0
80.35416666666667,29.5275,490.0
80.3538888888889,29.5275,497.0
80.35361111111112,29.527222222222225,485.0
80.35333333333334,29.527222222222225,488.0
80.35305555555557,29.527222222222225,499.0
80.35277777777779,29.526944444444446,486.0
80.3525,29.526666666666667,478.0
80.35222222222224,29.526666666666667,478.0
80.35194444444446,29.526666666666667,478.0
80.35166666666667,29.52638888888889,478.0
80.3513888888889,29.52638888888889,478.0
80.35111111111112,29.526111111111113,478.0
80.35083333333334,29.525833333333335,478.0
80.35055555555557,29.525555555555556,478.0
80.35027777777779,29.525277777777777,478.0
80.35000000000001,29.525000000000002,481.0
80.34972222222223,29.524722222222223,483.0
80.34944444444446,29.524444444444445,487.0
80.34916666666668,29.524166666666666,491.0
80.3488888888889,29.52388888888889,493.0
80.3488888888889,29.523611111111112,497.0
80.3488888888889,29.523333333333333,494.0
80.3488888888889,29.523055555555555,485.0
80.3488888888889,29.52277777777778,479.0
80.3488888888889,29.5225,480.0
80.3488888888889,29.522222222222222,491.0
80.3488888888889,29.521944444444447,493.0
80.3488888888889,29.52166666666667,491.0
80.3488888888889,29.52138888888889,490.0
80.3488888888889,29.52111111111111,492.0
80.3488888888889,29.520833333333336,497.0
80.3488888888889,29.520555555555557,499.0
80.34916666666668,29.52027777777778,496.0
80.34944444444446,29.52,500.0
80.34944444444446,29.519722222222224,500.0
80.34944444444446,29.519444444444446,500.0
80.34944444444446,29.519166666666667,496.0
80.34944444444446,29.51888888888889,491.0
80.34944444444446,29.518611111111113,490.0
80.34916666666668,29.518333333333334,484.0
80.3488888888889,29.518055555555556,483.0
80.34861111111113,29.517777777777777,478.0
80.34833333333334,29.517500000000002,473.0
80.34805555555556,29.517222222222223,475.0
80.3477777777778,29.516944444444444,476.0
80.34750000000001,29.516666666666666,476.0
80.34722222222223,29.51638888888889,476.0
80.34694444444446,29.516111111111112,475.0
80.34666666666668,29.515833333333333,475.0
80.3463888888889,29.515555555555558,475.0
80.34611111111113,29.51527777777778,478.0
80.34583333333335,29.515,477.0
80.34555555555556,29.514722222222222,475.0
80.3452777777778,29.514444444444447,475.0
80.34500000000001,29.514166666666668,481.0
80.34472222222223,29.51388888888889,486.0
80.34444444444445,29.51361111111111,490.0
80.34416666666668,29.513333333333335,495.0
80.3438888888889,29.513055555555557,495.0
80.34361111111112,29.512777777777778,492.0
80.34333333333335,29.5125,491.0
80.34305555555557,29.512222222222224,492.0
80.34277777777778,29.511944444444445,491.0
80.34250000000002,29.511666666666667,488.0
80.34222222222223,29.511388888888888,486.0
80.34194444444445,29.511388888888888,497.0
80.34166666666668,29.511111111111113,486.0
80.3413888888889,29.510833333333334,489.0
80.34111111111112,29.510555555555555,497.0
80.34083333333335,29.51027777777778,481.0
80.34055555555557,29.51027777777778,482.0
80.34027777777779,29.51027777777778,479.0
80.34000000000002,29.51027777777778,476.0
80.33972222222224,29.51027777777778,475.0
80.33944444444445,29.51027777777778,473.0
80.33916666666667,29.51027777777778,472.0
80.3388888888889,29.51027777777778,472.0
80.33861111111112,29.51027777777778,472.0
80.33833333333334,29.51027777777778,472.0
80.33805555555557,29.51027777777778,472.0
80.33777777777779,29.51027777777778,472.0
80.3375,29.51027777777778,498.0
80.33722222222224,29.510555555555555,490.0
80.33694444444446,29.510833333333334,482.0
80.33666666666667,29.511111111111113,471.0
80.3363888888889,29.511111111111113,500.0
80.33611111111112,29.511388888888888,496.0
80.33583333333334,29.511666666666667,490.0
80.33555555555557,29.511944444444445,483.0
80.33527777777779,29.512222222222224,471.0
80.33500000000001,29.512222222222224,494.0
80.33472222222224,29.5125,479.0
80.33444444444446,29.5125,488.0
80.33416666666668,29.5125,498.0
80.3338888888889,29.512777777777778,476.0
80.33361111111113,29.512777777777778,479.0
80.33333333333334,29.512777777777778,478.0
80.33305555555556,29.512777777777778,475.0
80.33277777777779,29.5125,486.0
80.33250000000001,29.512222222222224,492.0
80.33222222222223,29.511944444444445,488.0
80.33222222222223,29.511666666666667,495.0
80.33194444444446,29.511388888888888,494.0
80.33166666666668,29.511111111111113,494.0
80.3313888888889,29.510833333333334,486.0
80.3313888888889,29.510555555555555,496.0
80.33111111111113,29.51027777777778,494.0
80.33083333333335,29.51,500.0
80.33083333333335,29.509722222222223,500.0
80.33083333333335,29.509444444444444,495.0
80.33083333333335,29.50916666666667,489.0
80.33083333333335,29.50888888888889,484.0
80.33055555555556,29.50861111111111,478.0
80.33055555555556,29.508333333333333,475.0
80.33055555555556,29.508055555555558,477.0
80.3302777777778,29.50777777777778,471.0
80.3302777777778,29.5075,474.0
80.33000000000001,29.50722222222222,469.0
80.33000000000001,29.506944444444446,471.0
80.33000000000001,29.506666666666668,471.0
80.32972222222223,29.50638888888889,475.0
80.32944444444446,29.50611111111111,478.0
80.32916666666668,29.505833333333335,478.0
80.3288888888889,29.505555555555556,478.0
80.32861111111112,29.505277777777778,471.0
80.32833333333335,29.505277777777778,470.0
80.32805555555557,29.505277777777778,470.0
80.32777777777778,29.505277777777778,470.0
80.32750000000001,29.505000000000003,470.0
80.32722222222223,29.505000000000003,470.0
80.32694444444445,29.505000000000003,470.0
80.32666666666668,29.505000000000003,470.0
80.3263888888889,29.505000000000003,478.0
80.32611111111112,29.504722222222224,469.0
80.32583333333335,29.504722222222224,469.0
80.32555555555557,29.504444444444445,469.0
80.32527777777779,29.504444444444445,469.0
80.32500000000002,29.504444444444445,469.0
80.32472222222223,29.504444444444445,477.0
80.32444444444445,29.504166666666666,469.0
80.32416666666668,29.504166666666666,473.0
80.3238888888889,29.504166666666666,478.0
80.32361111111112,29.50388888888889,473.0
80.32333333333334,29.50388888888889,478.0
80.32305555555557,29.503611111111113,469.0
80.32277777777779,29.503611111111113,476.0
80.3225,29.503611111111113,469.0
80.32222222222224,29.503333333333334,469.0
80.32194444444445,29.503333333333334,469.0
80.32166666666667,29.503055555555555,469.0
80.3213888888889,29.503055555555555,469.0
80.32111111111112,29.50277777777778,469.0
80.32083333333334,29.50277777777778,469.0
80.32055555555557,29.5025,469.0
80.32027777777779,29.5025,469.0
80.32000000000001,29.502222222222223,469.0
80.31972222222224,29.501944444444444,469.0
80.31944444444446,29.501944444444444,469.0
80.31916666666667,29.501944444444444,468.0
80.3188888888889,29.501944444444444,468.0
80.31861111111112,29.501944444444444,478.0
80.31833333333334,29.50166666666667,468.0
80.31805555555556,29.50166666666667,468.0
80.31777777777779,29.50138888888889,468.0
80.31750000000001,29.50138888888889,468.0
80.31722222222223,29.50138888888889,474.0
80.31694444444446,29.50111111111111,468.0
80.31666666666668,29.50111111111111,468.0
80.3163888888889,29.500833333333333,468.0
80.31611111111113,29.500555555555557,468.0
80.31583333333334,29.50027777777778,468.0
80.31555555555556,29.5,468.0
80.3152777777778,29.499722222222225,468.0
80.31500000000001,29.499444444444446,468.0
80.31472222222223,29.499166666666667,468.0
80.31444444444446,29.49888888888889,476.0
80.31416666666668,29.498611111111114,475.0
80.3138888888889,29.498333333333335,476.0
80.31361111111113,29.498055555555556,474.0
80.31361111111113,29.497777777777777,477.0
80.31333333333335,29.497500000000002,471.0
80.31333333333335,29.497222222222224,472.0
80.31333333333335,29.496944444444445,472.0
80.31333333333335,29.496666666666666,472.0
80.31333333333335,29.49638888888889,472.0
80.31333333333335,29.496111111111112,472.0
80.31333333333335,29.495833333333334,474.0
80.31333333333335,29.495555555555555,475.0
80.31333333333335,29.49527777777778,475.0
80.31333333333335,29.495,478.0
80.31361111111113,29.494722222222222,478.0
80.31361111111113,29.494444444444447,476.0
80.31361111111113,29.49416666666667,476.0
80.3138888888889,29.49388888888889,478.0
80.3138888888889,29.49361111111111,477.0
80.3138888888889,29.493333333333336,475.0
80.31416666666668,29.493055555555557,475.0
80.31416666666668,29.49277777777778,474.0
80.31416666666668,29.4925,473.0
80.31416666666668,29.492222222222225,471.0
80.31416666666668,29.491944444444446,472.0
80.31444444444446,29.491666666666667,472.0
80.31472222222223,29.49138888888889,472.0
80.31472222222223,29.491111111111113,467.0
80.31472222222223,29.490833333333335,465.0
80.31472222222223,29.490555555555556,465.0
80.31472222222223,29.490277777777777,465.0
80.31472222222223,29.490000000000002,465.0
80.31472222222223,29.489722222222223,465.0
80.31472222222223,29.489444444444445,465.0
80.31472222222223,29.489166666666666,465.0
80.31472222222223,29.48888888888889,465.0
80.31472222222223,29.488611111111112,465.0
80.31472222222223,29.488333333333333,465.0
80.31472222222223,29.488055555555558,465.0
80.31472222222223,29.48777777777778,465.0
80.31472222222223,29.4875,465.0
80.31472222222223,29.487222222222222,465.0
80.31444444444446,29.486944444444447,465.0
80.31416666666668,29.486666666666668,464.0
80.3138888888889,29.48638888888889,464.0
80.31361111111113,29.48611111111111,464.0
80.31333333333335,29.485833333333336,464.0
80.31305555555556,29.485555555555557,469.0
80.31277777777778,29.485277777777778,469.0
80.31250000000001,29.485,464.0
80.31222222222223,29.485,464.0
80.31194444444445,29.485,464.0
80.31166666666668,29.485,464.0
80.3113888888889,29.485,464.0
80.31111111111112,29.485,464.0
80.31083333333335,29.485,464.0
80.31055555555557,29.485,464.0
80.31027777777778,29.485,464.0
80.31000000000002,29.485,464.0
80.30972222222223,29.485,464.0
80.30944444444445,29.485,464.0
80.30916666666668,29.485,464.0
80.3088888888889,29.485,464.0
80.30861111111112,29.485,464.0
80.30833333333335,29.485,468.0
80.30805555555557,29.485,469.0
80.30777777777779,29.485,471.0
80.3075,29.485,471.0
80.30722222222224,29.485277777777778,464.0
80.30694444444445,29.485277777777778,464.0
80.30666666666667,29.485277777777778,464.0
80.3063888888889,29.485277777777778,464.0
80.30611111111112,29.485277777777778,464.0
80.30583333333334,29.485277777777778,471.0
80.30555555555557,29.485555555555557,464.0
80.30527777777779,29.485555555555557,464.0
80.305,29.485555555555557,471.0
80.30472222222224,29.485833333333336,464.0
80.30444444444446,29.485833333333336,464.0
80.30416666666667,29.48611111111111,464.0
80.3038888888889,29.48638888888889,464.0
80.30361111111112,29.486666666666668,464.0
80.30333333333334,29.486944444444447,464.0
80.30305555555557,29.487222222222222,464.0
80.30277777777779,29.4875,466.0
80.30250000000001,29.48777777777778,469.0
80.30222222222223,29.488055555555558,465.0
80.30194444444446,29.488333333333333,463.0
80.30166666666668,29.488333333333333,467.0
80.3013888888889,29.488611111111112,467.0
80.30111111111113,29.48888888888889,466.0
80.30083333333334,29.48888888888889,471.0
80.30055555555556,29.489166666666666,470.0
80.3002777777778,29.489444444444445,470.0
80.30000000000001,29.489722222222223,470.0
80.29972222222223,29.489722222222223,471.0
80.29944444444446,29.489722222222223,472.0
80.29916666666668,29.489722222222223,472.0
80.2988888888889,29.489722222222223,466.0
80.29861111111113,29.489722222222223,461.0
80.29833333333335,29.489444444444445,460.0
80.29805555555556,29.489166666666666,461.0
80.29777777777778,29.48888888888889,461.0
80.29750000000001,29.488611111111112,465.0
80.29722222222223,29.488333333333333,466.0
80.29694444444445,29.488055555555558,464.0
80.29694444444445,29.48777777777778,468.0
80.29694444444445,29.4875,470.0
80.29694444444445,29.487222222222222,471.0
80.29694444444445,29.486944444444447,472.0
80.29694444444445,29.486666666666668,470.0
80.29694444444445,29.48638888888889,465.0
80.29694444444445,29.48611111111111,462.0
80.29694444444445,29.485833333333336,464.0
80.29694444444445,29.485555555555557,466.0
80.29694444444445,29.485277777777778,466.0
80.29694444444445,29.485,467.0
80.29694444444445,29.484722222222224,468.0
80.29694444444445,29.484444444444446,472.0
80.29666666666668,29.484166666666667,466.0
80.29666666666668,29.483888888888888,470.0
80.2963888888889,29.483611111111113,457.0
80.2963888888889,29.483333333333334,456.0
80.2963888888889,29.483055555555556,456.0
80.29611111111112,29.482777777777777,456.0
80.29583333333335,29.4825,456.0
80.29555555555557,29.482222222222223,456.0
80.29527777777778,29.481944444444444,456.0
80.29500000000002,29.48166666666667,455.0
80.29472222222223,29.48138888888889,455.0
80.29444444444445,29.48111111111111,455.0
80.29416666666668,29.480833333333333,455.0
80.2938888888889,29.480555555555558,455.0
80.29361111111112,29.48027777777778,455.0
80.29333333333335,29.48,455.0
80.29305555555557,29.47972222222222,464.0
80.29277777777779,29.479444444444447,467.0
80.2925,29.479166666666668,468.0
80.29222222222224,29.47888888888889,462.0
80.29194444444445,29.47888888888889,464.0
80.29166666666667,29.47888888888889,464.0
80.2913888888889,29.47888888888889,467.0
80.29111111111112,29.47888888888889,468.0
80.29083333333334,29.47888888888889,467.0
80.29055555555557,29.47888888888889,467.0
80.29027777777779,29.47888888888889,468.0
80.29,29.47861111111111,456.0
80.28972222222224,29.478333333333335,455.0
80.28944444444446,29.478055555555557,455.0
80.28916666666667,29.477777777777778,455.0
80.2888888888889,29.4775,456.0
80.28861111111112,29.477222222222224,462.0
80.28833333333334,29.476944444444445,466.0
80.28805555555557,29.476666666666667,470.0
80.28777777777779,29.47638888888889,469.0
80.28750000000001,29.476111111111113,465.0
80.28750000000001,29.475833333333334,469.0
80.28750000000001,29.475555555555555,469.0
80.28750000000001,29.47527777777778,466.0
80.28750000000001,29.475,465.0
80.28750000000001,29.474722222222223,464.0
80.28750000000001,29.474444444444444,461.0
80.28750000000001,29.47416666666667,454.0
80.28750000000001,29.47388888888889,454.0
80.28750000000001,29.47361111111111,454.0
80.28750000000001,29.473333333333333,457.0
80.28750000000001,29.473055555555558,460.0
80.28750000000001,29.47277777777778,462.0
80.28750000000001,29.4725,466.0
80.28777777777779,29.47222222222222,465.0
80.28805555555557,29.471944444444446,466.0
80.28833333333334,29.471666666666668,465.0
80.28833333333334,29.47138888888889,469.0
80.28833333333334,29.471111111111114,472.0
80.28861111111112,29.470833333333335,469.0
80.2888888888889,29.470555555555556,471.0
80.28916666666667,29.470277777777778,472.0
80.28944444444446,29.470000000000002,470.0
80.28972222222224,29.469722222222224,467.0
80.29,29.469444444444445,463.0
80.29027777777779,29.469166666666666,462.0
80.29055555555557,29.46888888888889,459.0
80.29083333333334,29.468611111111112,463.0
80.29111111111112,29.468333333333334,472.0
80.2913888888889,29.468055555555555,472.0
80.29166666666667,29.46777777777778,470.0
80.29194444444445,29.4675,470.0
80.29194444444445,29.467222222222222,469.0
80.29194444444445,29.466944444444444,471.0
80.29222222222224,29.46666666666667,471.0
80.2925,29.46638888888889,470.0
80.29277777777779,29.46611111111111,464.0
80.29277777777779,29.465833333333336,458.0
80.29277777777779,29.465555555555557,455.0
80.29305555555557,29.46527777777778,451.0
80.29333333333335,29.46527777777778,450.0
80.29333333333335,29.465,450.0
80.29361111111112,29.464722222222225,450.0
80.2938888888889,29.464444444444446,449.0
80.29416666666668,29.464166666666667,449.0
80.29444444444445,29.46388888888889,449.0
80.29472222222223,29.463611111111113,449.0
80.29500000000002,29.463333333333335,449.0
80.29527777777778,29.463055555555556,449.0
80.29555555555557,29.462777777777777,449.0
80.29583333333335,29.462500000000002,449.0
80.29611111111112,29.462222222222223,449.0
80.2963888888889,29.461944444444445,449.0
80.29666666666668,29.461666666666666,448.0
80.29666666666668,29.46138888888889,448.0
80.29666666666668,29.461111111111112,448.0
80.29694444444445,29.460833333333333,448.0
80.29722222222223,29.460555555555555,448.0
80.29750000000001,29.46027777777778,448.0
80.29777777777778,29.46,448.0
80.29805555555556,29.459722222222222,448.0
80.29833333333335,29.459444444444447,448.0
80.29861111111113,29.45916666666667,448.0
80.2988888888889,29.45888888888889,447.0
80.2988888888889,29.45861111111111,447.0
80.2988888888889,29.458333333333336,447.0
80.2988888888889,29.458055555555557,447.0
80.2988888888889,29.45777777777778,447.0
80.29916666666668,29.4575,447.0
80.29944444444446,29.457222222222224,447.0
80.29972222222223,29.456944444444446,447.0
80.29972222222223,29.456666666666667,447.0
80.30000000000001,29.45638888888889,447.0
80.30000000000001,29.456111111111113,447.0
80.3002777777778,29.455833333333334,446.0
80.3002777777778,29.455555555555556,446.0
80.30055555555556,29.455277777777777,446.0
80.30055555555556,29.455000000000002,446.0
80.30055555555556,29.454722222222223,446.0
80.30083333333334,29.454444444444444,446.0
80.30083333333334,29.454166666666666,446.0
80.30111111111113,29.45388888888889,446.0
80.3013888888889,29.453611111111112,446.0
80.30166666666668,29.453333333333333,446.0
80.30194444444446,29.453055555555558,446.0
80.30222222222223,29.45277777777778,447.0
80.30222222222223,29.4525,447.0
80.30222222222223,29.452222222222222,447.0
80.30222222222223,29.451944444444447,447.0
80.30222222222223,29.451666666666668,446.0
80.30222222222223,29.45138888888889,447.0
80.30222222222223,29.45111111111111,446.0
80.30194444444446,29.450833333333335,445.0
80.30166666666668,29.450833333333335,445.0
80.3013888888889,29.450833333333335,445.0
80.30111111111113,29.450833333333335,445.0
80.30083333333334,29.450833333333335,444.0
80.30055555555556,29.450833333333335,444.0
80.3002777777778,29.450833333333335,444.0
80.30000000000001,29.450833333333335,443.0
80.29972222222223,29.450833333333335,443.0
80.29944444444446,29.450833333333335,443.0
80.29916666666668,29.450833333333335,442.0
80.2988888888889,29.450833333333335,442.0
80.29861111111113,29.450833333333335,442.0
80.29833333333335,29.450833333333335,441.0
80.29805555555556,29.450833333333335,441.0
80.29777777777778,29.450833333333335,441.0
80.29750000000001,29.450833333333335,440.0
80.29722222222223,29.45111111111111,440.0
80.29694444444445,29.45138888888889,441.0
80.29666666666668,29.451666666666668,442.0
80.2963888888889,29.451944444444447,443.0
80.29611111111112,29.452222222222222,442.0
80.29583333333335,29.4525,440.0
80.29555555555557,29.45277777777778,440.0
80.29527777777778,29.453055555555558,440.0
80.29500000000002,29.453055555555558,440.0
80.29472222222223,29.453333333333333,440.0
80.29444444444445,29.453333333333333,440.0
80.29416666666668,29.453333333333333,440.0
80.2938888888889,29.453333333333333,440.0
80.29361111111112,29.453333333333333,440.0
80.29333333333335,29.453333333333333,440.0
80.29305555555557,29.453333333333333,440.0
80.29277777777779,29.453333333333333,440.0
80.2925,29.453333333333333,440.0
80.29222222222224,29.453055555555558,440.0
80.29194444444445,29.45277777777778,440.0
80.29166666666667,29.4525,440.0
80.2913888888889,29.4525,442.0
80.29111111111112,29.4525,443.0
80.29083333333334,29.452222222222222,442.0
80.29055555555557,29.452222222222222,443.0
80.29027777777779,29.451944444444447,442.0
80.29,29.451944444444447,443.0
80.28972222222224,29.451666666666668,442.0
80.28944444444446,29.45138888888889,440.0
80.28916666666667,29.45138888888889,443.0
80.2888888888889,29.45111111111111,441.0
80.28861111111112,29.45111111111111,443.0
80.28833333333334,29.45111111111111,443.0
80.28805555555557,29.45111111111111,443.0
80.28777777777779,29.450833333333335,442.0
80.28750000000001,29.450833333333335,440.0
80.28722222222223,29.450833333333335,440.0
80.28694444444446,29.450833333333335,440.0
80.28666666666668,29.450833333333335,440.0
80.2863888888889,29.450833333333335,440.0
80.28611111111113,29.45111111111111,440.0
80.28583333333334,29.45111111111111,440.0
80.28555555555556,29.45111111111111,440.0
80.2852777777778,29.45111111111111,440.0
80.28500000000001,29.45111111111111,441.0
80.28472222222223,29.45111111111111,443.0
80.28444444444446,29.45138888888889,440.0
80.28416666666668,29.45138888888889,440.0
80.2838888888889,29.45138888888889,440.0
80.28361111111113,29.45138888888889,440.0
80.28333333333335,29.45138888888889,440.0
80.28305555555556,29.45138888888889,440.0
80.2827777777778,29.45138888888889,440.0
80.28250000000001,29.45138888888889,440.0
80.28222222222223,29.45138888888889,440.0
80.28194444444445,29.45138888888889,440.0
80.28166666666668,29.45138888888889,440.0
80.2813888888889,29.45138888888889,440.0
80.28111111111112,29.451666666666668,441.0
80.28083333333335,29.451944444444447,440.0
80.28055555555557,29.452222222222222,441.0
80.28027777777778,29.4525,442.0
80.28000000000002,29.45277777777778,443.0
80.27972222222223,29.453055555555558,442.0
80.27972222222223,29.453333333333333,443.0
80.27972222222223,29.453611111111112,443.0
80.27972222222223,29.45388888888889,442.0
80.27972222222223,29.454166666666666,443.0
80.27972222222223,29.454444444444444,442.0
80.27972222222223,29.454722222222223,441.0
80.27972222222223,29.455000000000002,442.0
80.27972222222223,29.455277777777777,440.0
80.27972222222223,29.455555555555556,439.0
80.27972222222223,29.455833333333334,438.0
80.27972222222223,29.456111111111113,438.0
80.27972222222223,29.45638888888889,438.0
80.27944444444445,29.456666666666667,441.0
80.27916666666668,29.456944444444446,442.0
80.2788888888889,29.457222222222224,443.0
80.27861111111112,29.4575,443.0
80.27833333333335,29.45777777777778,443.0
80.27805555555557,29.458055555555557,440.0
80.27777777777779,29.458055555555557,440.0
80.27750000000002,29.458055555555557,439.0
80.27722222222224,29.458055555555557,439.0
80.27694444444445,29.458055555555557,438.0
80.27666666666667,29.458055555555557,438.0
80.2763888888889,29.458055555555557,437.0
80.27611111111112,29.458055555555557,437.0
80.27583333333334,29.458055555555557,437.0
80.27555555555557,29.458055555555557,437.0
80.27527777777779,29.458055555555557,436.0
80.275,29.458055555555557,436.0
80.27472222222224,29.458055555555557,436.0
80.27444444444446,29.458055555555557,436.0
80.27416666666667,29.458055555555557,436.0
80.2738888888889,29.458055555555557,436.0
80.27361111111112,29.458055555555557,436.0
80.27333333333334,29.458055555555557,436.0
80.27305555555557,29.458055555555557,437.0
80.27277777777779,29.458055555555557,436.0
80.27250000000001,29.458055555555557,439.0
80.27222222222224,29.45777777777778,438.0
80.27194444444446,29.45777777777778,443.0
80.27166666666668,29.4575,440.0
80.2713888888889,29.457222222222224,437.0
80.27111111111113,29.456944444444446,436.0
80.27083333333334,29.456666666666667,439.0
80.27055555555556,29.45638888888889,439.0
80.27027777777779,29.456111111111113,442.0
80.27027777777779,29.455833333333334,443.0
80.27027777777779,29.455555555555556,443.0
80.27000000000001,29.455277777777777,443.0
80.26972222222223,29.455000000000002,439.0
80.26972222222223,29.454722222222223,440.0
80.27000000000001,29.454444444444444,443.0
80.27027777777779,29.454166666666666,441.0
80.27055555555556,29.454166666666666,440.0
80.27083333333334,29.45388888888889,433.0
80.27111111111113,29.453611111111112,433.0
80.2713888888889,29.453333333333333,435.0
80.27166666666668,29.453055555555558,437.0
80.27194444444446,29.45277777777778,439.0
80.27222222222224,29.4525,438.0
80.27250000000001,29.452222222222222,438.0
80.27277777777779,29.451944444444447,440.0
80.27305555555557,29.451666666666668,440.0
80.27333333333334,29.45138888888889,439.0
80.27361111111112,29.45111111111111,439.0
80.27361111111112,29.450833333333335,443.0
80.2738888888889,29.450555555555557,438.0
80.27361111111112,29.450277777777778,437.0
80.27333333333334,29.450277777777778,438.0
80.27305555555557,29.450277777777778,432.0
80.27277777777779,29.450277777777778,432.0
80.27250000000001,29.450277777777778,432.0
80.27222222222224,29.450277777777778,432.0
80.27194444444446,29.450277777777778,432.0
80.27166666666668,29.450277777777778,432.0
80.2713888888889,29.450277777777778,432.0
80.27111111111113,29.450277777777778,432.0
80.27083333333334,29.450277777777778,432.0
80.27055555555556,29.450277777777778,432.0
80.27027777777779,29.450277777777778,432.0
80.27000000000001,29.450277777777778,432.0
80.26972222222223,29.450277777777778,432.0
80.26944444444446,29.450277777777778,432.0
80.26916666666668,29.450277777777778,432.0
80.2688888888889,29.450277777777778,432.0
80.26861111111113,29.450277777777778,432.0
80.26833333333335,29.45,434.0
80.26805555555556,29.449722222222224,431.0
80.2677777777778,29.449444444444445,431.0
80.26750000000001,29.449444444444445,437.0
80.26722222222223,29.449444444444445,437.0
80.26694444444446,29.449444444444445,436.0
80.26666666666668,29.449444444444445,435.0
80.2663888888889,29.449444444444445,434.0
80.26611111111112,29.449444444444445,433.0
80.26583333333335,29.449444444444445,434.0
80.26555555555557,29.449444444444445,432.0
80.26527777777778,29.449444444444445,432.0
80.26500000000001,29.449444444444445,431.0
80.26472222222223,29.449444444444445,429.0
80.26444444444445,29.449444444444445,429.0
80.26416666666668,29.449444444444445,429.0
80.2638888888889,29.449444444444445,429.0
80.26361111111112,29.449444444444445,428.0
80.26333333333335,29.449444444444445,428.0
80.26305555555557,29.449444444444445,428.0
80.26277777777779,29.449444444444445,428.0
80.26250000000002,29.449444444444445,428.0
80.26222222222223,29.449444444444445,436.0
80.26194444444445,29.449444444444445,442.0
80.26166666666668,29.449722222222224,427.0
80.2613888888889,29.449722222222224,437.0
80.26111111111112,29.449722222222224,443.0
80.26083333333334,29.45,435.0
80.26055555555557,29.45,442.0
80.26027777777779,29.450277777777778,426.0
80.26,29.450277777777778,439.0
80.25972222222224,29.450555555555557,432.0
80.25944444444445,29.450555555555557,436.0
80.25916666666667,29.450555555555557,441.0
80.2588888888889,29.450833333333335,431.0
80.25861111111112,29.450833333333335,434.0
80.25833333333334,29.450833333333335,434.0
80.25805555555557,29.450833333333335,435.0
80.25777777777779,29.450833333333335,435.0
80.25750000000001,29.450833333333335,432.0
80.25722222222224,29.450555555555557,433.0
80.25694444444446,29.450277777777778,436.0
80.25666666666667,29.45,438.0
80.2563888888889,29.449722222222224,438.0
80.2563888888889,29.449444444444445,438.0
80.25611111111112,29.449166666666667,430.0
80.25583333333334,29.448888888888888,435.0
80.25555555555556,29.448611111111113,435.0
80.25527777777779,29.448333333333334,429.0
80.25500000000001,29.448333333333334,436.0
80.25472222222223,29.448055555555555,427.0
80.25444444444446,29.448055555555555,429.0
80.25416666666668,29.448055555555555,432.0
80.2538888888889,29.448055555555555,437.0
80.25361111111113,29.448055555555555,440.0
80.25333333333334,29.44777777777778,425.0
80.25305555555556,29.44777777777778,430.0
80.2527777777778,29.44777777777778,432.0
80.25250000000001,29.44777777777778,440.0
80.25222222222223,29.4475,433.0
80.25194444444446,29.4475,438.0
80.25166666666668,29.4475,437.0
80.2513888888889,29.4475,435.0
80.25111111111113,29.4475,436.0
80.25083333333335,29.4475,439.0
80.25055555555556,29.447222222222223,425.0
80.25027777777778,29.447222222222223,425.0
80.25000000000001,29.447222222222223,433.0
80.24972222222223,29.447222222222223,435.0
80.24944444444445,29.447222222222223,435.0
80.24916666666668,29.447222222222223,433.0
80.2488888888889,29.447222222222223,432.0
80.24861111111112,29.447222222222223,432.0
80.24833333333335,29.447222222222223,433.0
80.24805555555557,29.447222222222223,433.0
80.24777777777778,29.447222222222223,434.0
80.24750000000002,29.447222222222223,432.0
80.24722222222223,29.447222222222223,430.0
80.24694444444445,29.447222222222223,430.0
80.24666666666668,29.447222222222223,430.0
80.2463888888889,29.447222222222223,432.0
80.24611111111112,29.446944444444444,425.0
80.24583333333335,29.44666666666667,425.0
80.24555555555557,29.44638888888889,425.0
80.24527777777779,29.44611111111111,429.0
80.245,29.445833333333333,436.0
80.24472222222224,29.445555555555558,438.0
80.24444444444445,29.44527777777778,439.0
80.24416666666667,29.445,439.0
80.2438888888889,29.44472222222222,442.0
80.24361111111112,29.444444444444446,442.0
80.24333333333334,29.444166666666668,433.0
80.24333333333334,29.44388888888889,427.0
80.24333333333334,29.44361111111111,421.0
80.24333333333334,29.443333333333335,424.0
80.24333333333334,29.443055555555556,430.0
80.24333333333334,29.442777777777778,435.0
80.24333333333334,29.442500000000003,434.0
80.24333333333334,29.442222222222224,431.0
80.24333333333334,29.441944444444445,429.0
80.24333333333334,29.441666666666666,427.0
80.24333333333334,29.44138888888889,424.0
80.24333333333334,29.441111111111113,422.0
80.24333333333334,29.440833333333334,421.0
80.24361111111112,29.440555555555555,424.0
80.2438888888889,29.44027777777778,426.0
80.24416666666667,29.44,427.0
80.24444444444445,29.439722222222223,426.0
80.24472222222224,29.439444444444444,422.0
80.245,29.43916666666667,427.0
80.24527777777779,29.43888888888889,422.0
80.24555555555557,29.43861111111111,421.0
80.24583333333335,29.438333333333333,421.0
80.24611111111112,29.438055555555557,428.0
80.2463888888889,29.43777777777778,437.0
80.24666666666668,29.4375,438.0
80.24666666666668,29.437222222222225,441.0
80.24694444444445,29.436944444444446,424.0
80.24694444444445,29.436666666666667,431.0
80.24694444444445,29.43638888888889,436.0
80.24694444444445,29.436111111111114,442.0
80.24694444444445,29.435833333333335,442.0
80.24694444444445,29.435555555555556,442.0
80.24694444444445,29.435277777777777,441.0
80.24722222222223,29.435000000000002,438.0
80.24722222222223,29.434722222222224,432.0
80.24722222222223,29.434444444444445,428.0
80.24722222222223,29.434166666666666,428.0
80.24722222222223,29.43388888888889,429.0
80.24722222222223,29.433611111111112,429.0
80.24722222222223,29.433333333333334,429.0
80.24722222222223,29.433055555555555,427.0
80.24722222222223,29.43277777777778,425.0
80.24722222222223,29.4325,425.0
80.24722222222223,29.432222222222222,422.0
80.24722222222223,29.431944444444447,418.0
80.24722222222223,29.43166666666667,419.0
80.24722222222223,29.43138888888889,423.0
80.24722222222223,29.43111111111111,426.0
80.24722222222223,29.430833333333336,428.0
80.24722222222223,29.430555555555557,433.0
80.24722222222223,29.43027777777778,441.0
80.24694444444445,29.43,433.0
80.24694444444445,29.429722222222225,438.0
80.24694444444445,29.429444444444446,440.0
80.24666666666668,29.429166666666667,438.0
80.2463888888889,29.42888888888889,440.0
80.24611111111112,29.428611111111113,433.0
80.24611111111112,29.428333333333335,442.0
80.24583333333335,29.428055555555556,442.0
80.24583333333335,29.427777777777777,441.0
80.24583333333335,29.427500000000002,439.0
80.24583333333335,29.427222222222223,439.0
80.24555555555557,29.426944444444445,435.0
80.24527777777779,29.426666666666666,438.0
80.245,29.42638888888889,443.0
80.24472222222224,29.426111111111112,441.0
80.24472222222224,29.425833333333333,439.0
80.24472222222224,29.425555555555558,440.0
80.24444444444445,29.42527777777778,440.0
80.24416666666667,29.425,441.0
80.24416666666667,29.424722222222222,438.0
80.24416666666667,29.424444444444447,432.0
80.24416666666667,29.424166666666668,428.0
80.24416666666667,29.42388888888889,426.0
80.24416666666667,29.42361111111111,426.0
80.24416666666667,29.423333333333336,427.0
80.24416666666667,29.423055555555557,424.0
80.24416666666667,29.422777777777778,420.0
80.24416666666667,29.4225,419.0
80.24416666666667,29.422222222222224,424.0
80.24416666666667,29.421944444444446,428.0
80.24416666666667,29.421666666666667,428.0
80.24416666666667,29.421388888888888,427.0
80.24416666666667,29.421111111111113,419.0
80.24416666666667,29.420833333333334,419.0
80.24416666666667,29.420555555555556,419.0
80.24416666666667,29.420277777777777,419.0
80.24416666666667,29.42,420.0
80.24416666666667,29.419722222222223,420.0
80.24416666666667,29.419444444444444,419.0
80.24416666666667,29.41916666666667,417.0
80.24416666666667,29.41888888888889,421.0
80.24444444444445,29.41861111111111,418.0
80.24472222222224,29.418333333333333,418.0
80.245,29.418055555555558,421.0
80.24527777777779,29.41777777777778,429.0
80.24527777777779,29.4175,429.0
80.24555555555557,29.41722222222222,434.0
80.24583333333335,29.416944444444447,432.0
80.24583333333335,29.416666666666668,428.0
80.24583333333335,29.41638888888889,425.0
80.24583333333335,29.41611111111111,423.0
80.24583333333335,29.415833333333335,422.0
80.24583333333335,29.415555555555557,423.0
80.24555555555557,29.415277777777778,420.0
80.24527777777779,29.415,420.0
80.245,29.414722222222224,418.0
80.24472222222224,29.414444444444445,418.0
80.24444444444445,29.414166666666667,417.0
80.24416666666667,29.41388888888889,417.0
80.2438888888889,29.413611111111113,420.0
80.24361111111112,29.413333333333334,424.0
80.24333333333334,29.413055555555555,422.0
80.24305555555557,29.41277777777778,423.0
80.24277777777779,29.4125,420.0
80.2425,29.412222222222223,420.0
80.2425,29.411944444444444,423.0
80.2425,29.41166666666667,422.0
80.2425,29.41138888888889,417.0
80.24277777777779,29.41111111111111,411.0
80.24305555555557,29.410833333333333,413.0
80.24333333333334,29.410555555555558,415.0
80.24361111111112,29.41027777777778,416.0
80.2438888888889,29.41,418.0
80.24416666666667,29.40972222222222,418.0
80.24444444444445,29.409444444444446,417.0
80.24472222222224,29.409166666666668,416.0
80.245,29.40888888888889,418.0
80.24527777777779,29.408611111111114,420.0
80.24555555555557,29.408333333333335,417.0
80.24583333333335,29.408055555555556,413.0
80.24611111111112,29.407777777777778,418.0
80.2463888888889,29.407500000000002,418.0
80.24666666666668,29.407500000000002,423.0
80.24694444444445,29.407222222222224,417.0
80.24722222222223,29.407222222222224,414.0
80.24750000000002,29.407222222222224,414.0
80.24777777777778,29.407222222222224,414.0
80.24805555555557,29.407222222222224,418.0
80.24833333333335,29.407222222222224,424.0
80.24861111111112,29.406944444444445,418.0
80.2488888888889,29.406666666666666,414.0
80.24916666666668,29.406666666666666,413.0
80.24944444444445,29.40638888888889,413.0
80.24972222222223,29.40638888888889,413.0
80.25000000000001,29.40638888888889,421.0
80.25027777777778,29.406111111111112,413.0
80.25055555555556,29.406111111111112,416.0
80.25083333333335,29.406111111111112,420.0
80.25111111111113,29.405833333333334,417.0
80.2513888888889,29.405833333333334,424.0
80.25166666666668,29.405555555555555,417.0
80.25194444444446,29.405555555555555,420.0
80.25222222222223,29.405555555555555,422.0
80.25250000000001,29.40527777777778,413.0
80.2527777777778,29.40527777777778,421.0
80.25305555555556,29.405,413.0
80.25333333333334,29.405,413.0
80.25361111111113,29.404722222222222,413.0
80.2538888888889,29.404722222222222,413.0
80.25416666666668,29.404444444444444,413.0
80.25444444444446,29.404444444444444,423.0
80.25472222222223,29.40416666666667,413.0
80.25500000000001,29.40388888888889,413.0
80.25527777777779,29.40361111111111,413.0
80.25555555555556,29.40361111111111,419.0
80.25583333333334,29.403333333333336,413.0
80.25611111111112,29.403055555555557,413.0
80.2563888888889,29.40277777777778,412.0
80.25666666666667,29.4025,415.0
80.25694444444446,29.402222222222225,421.0
80.25722222222224,29.401944444444446,423.0
80.25750000000001,29.401666666666667,412.0
80.25777777777779,29.401666666666667,419.0
80.25805555555557,29.401666666666667,420.0
80.25833333333334,29.40138888888889,412.0
80.25861111111112,29.40138888888889,417.0
80.2588888888889,29.40138888888889,423.0
80.25916666666667,29.401111111111113,417.0
80.25944444444445,29.400833333333335,412.0
80.25972222222224,29.400833333333335,423.0
80.26,29.400555555555556,412.0
80.26027777777779,29.400277777777777,412.0
80.26055555555557,29.400277777777777,412.0
80.26083333333334,29.400277777777777,423.0
80.26111111111112,29.400000000000002,412.0
80.2613888888889,29.400000000000002,418.0
80.26166666666668,29.399722222222223,416.0
80.26194444444445,29.399444444444445,417.0
80.26222222222223,29.399166666666666,418.0
80.26250000000002,29.39888888888889,416.0
80.26277777777779,29.39888888888889,424.0
80.26305555555557,29.398611111111112,417.0
80.26333333333335,29.398333333333333,411.0
80.26361111111112,29.398333333333333,420.0
80.2638888888889,29.398055555555555,411.0
80.26416666666668,29.398055555555555,421.0
80.26444444444445,29.39777777777778,417.0
80.26472222222223,29.39777777777778,421.0
80.26500000000001,29.39777777777778,424.0
80.26527777777778,29.3975,418.0
80.26555555555557,29.3975,420.0
80.26583333333335,29.3975,424.0
80.26611111111112,29.397222222222222,416.0
80.2663888888889,29.397222222222222,418.0
80.26666666666668,29.397222222222222,420.0
80.26694444444446,29.397222222222222,423.0
80.26722222222223,29.396944444444447,416.0
80.26750000000001,29.396944444444447,417.0
80.2677777777778,29.396944444444447,420.0
80.26805555555556,29.396944444444447,424.0
80.26833333333335,29.39666666666667,417.0
80.26861111111113,29.39666666666667,420.0
80.2688888888889,29.39666666666667,423.0
80.26916666666668,29.39638888888889,418.0
80.26944444444446,29.39638888888889,419.0
80.26972222222223,29.39638888888889,420.0
80.27000000000001,29.39638888888889,421.0
80.27027777777779,29.39638888888889,422.0
80.27055555555556,29.39611111111111,418.0
80.27083333333334,29.39611111111111,422.0
80.27111111111113,29.395833333333336,410.0
80.2713888888889,29.395833333333336,410.0
80.27166666666668,29.395833333333336,417.0
80.27194444444446,29.395555555555557,410.0
80.27222222222224,29.39527777777778,410.0
80.27250000000001,29.395,410.0
80.27277777777779,29.394722222222224,410.0
80.27305555555557,29.394444444444446,410.0
80.27333333333334,29.394166666666667,410.0
80.27361111111112,29.39388888888889,410.0
80.2738888888889,29.393611111111113,410.0
80.27416666666667,29.393333333333334,410.0
80.27444444444446,29.393055555555556,410.0
80.27472222222224,29.392777777777777,412.0
80.275,29.392500000000002,413.0
80.27527777777779,29.392222222222223,418.0
80.27555555555557,29.391944444444444,422.0
80.27583333333334,29.391666666666666,421.0
80.27583333333334,29.39138888888889,424.0
80.27555555555557,29.391111111111112,424.0
80.27527777777779,29.390833333333333,421.0
80.275,29.390555555555558,420.0
80.275,29.39027777777778,416.0
80.275,29.39,418.0
80.27472222222224,29.389722222222222,417.0
80.27444444444446,29.389444444444447,412.0
80.27444444444446,29.389166666666668,417.0
80.27416666666667,29.38888888888889,410.0
80.27416666666667,29.38861111111111,413.0
80.2738888888889,29.388333333333335,413.0
80.27361111111112,29.388055555555557,411.0
80.27361111111112,29.387777777777778,412.0
80.27361111111112,29.3875,413.0
80.27361111111112,29.387222222222224,415.0
80.27361111111112,29.386944444444445,414.0
80.27361111111112,29.386666666666667,407.0
80.27361111111112,29.386388888888888,407.0
80.27361111111112,29.386111111111113,407.0
80.27361111111112,29.385833333333334,407.0
80.27361111111112,29.385555555555555,406.0
80.27361111111112,29.38527777777778,406.0
80.27361111111112,29.385,406.0
80.27361111111112,29.384722222222223,406.0
80.27361111111112,29.384444444444444,406.0
80.2738888888889,29.38416666666667,406.0
80.27416666666667,29.38388888888889,406.0
80.27444444444446,29.38361111111111,406.0
80.27472222222224,29.383333333333333,406.0
80.275,29.383055555555558,406.0
80.27527777777779,29.38277777777778,406.0
80.27555555555557,29.3825,406.0
80.27583333333334,29.38222222222222,406.0
80.27611111111112,29.381944444444446,406.0
80.2763888888889,29.381666666666668,406.0
80.27666666666667,29.38138888888889,406.0
80.27694444444445,29.38111111111111,406.0
80.27722222222224,29.380833333333335,406.0
80.27750000000002,29.380555555555556,411.0
80.27777777777779,29.380277777777778,415.0
80.27805555555557,29.380000000000003,414.0
80.27833333333335,29.379722222222224,406.0
80.27833333333335,29.379444444444445,406.0
80.27833333333335,29.379166666666666,406.0
80.27833333333335,29.37888888888889,405.0
80.27805555555557,29.378611111111113,405.0
80.27777777777779,29.378333333333334,405.0
80.27750000000002,29.378333333333334,405.0
80.27722222222224,29.378333333333334,416.0
80.27694444444445,29.378055555555555,405.0
80.27666666666667,29.378055555555555,414.0
80.2763888888889,29.37777777777778,405.0
80.27611111111112,29.37777777777778,417.0
80.27583333333334,29.3775,405.0
80.27555555555557,29.377222222222223,405.0
80.27527777777779,29.376944444444444,405.0
80.275,29.37666666666667,405.0
80.27472222222224,29.37638888888889,405.0
80.27444444444446,29.37611111111111,405.0
80.27416666666667,29.375833333333333,405.0
80.2738888888889,29.375555555555557,404.0
80.27361111111112,29.37527777777778,404.0
80.27333333333334,29.375,404.0
80.27305555555557,29.374722222222225,409.0
80.27277777777779,29.374444444444446,411.0
80.27250000000001,29.374166666666667,411.0
80.27222222222224,29.37388888888889,408.0
80.27222222222224,29.373611111111114,417.0
80.27194444444446,29.373333333333335,410.0
80.27194444444446,29.373055555555556,414.0
80.27194444444446,29.372777777777777,410.0
80.27194444444446,29.372500000000002,404.0
80.27194444444446,29.372222222222224,407.0
80.27194444444446,29.371944444444445,408.0
80.27194444444446,29.371666666666666,405.0
80.27194444444446,29.37138888888889,404.0
80.27194444444446,29.371111111111112,405.0
80.27194444444446,29.370833333333334,406.0
80.27194444444446,29.370555555555555,407.0
80.27194444444446,29.37027777777778,407.0
80.27194444444446,29.37,407.0
80.27194444444446,29.369722222222222,407.0
80.27194444444446,29.369444444444447,406.0
80.27194444444446,29.36916666666667,406.0
80.27194444444446,29.36888888888889,406.0
80.27194444444446,29.36861111111111,405.0
80.27194444444446,29.368333333333336,401.0
80.27194444444446,29.368055555555557,400.0
80.27194444444446,29.36777777777778,400.0
80.27194444444446,29.3675,400.0
80.27194444444446,29.367222222222225,408.0
80.27166666666668,29.366944444444446,413.0
80.2713888888889,29.366666666666667,411.0
80.2713888888889,29.36638888888889,414.0
80.2713888888889,29.366111111111113,411.0
80.2713888888889,29.365833333333335,411.0
80.2713888888889,29.365555555555556,410.0
80.2713888888889,29.365277777777777,407.0
80.2713888888889,29.365000000000002,404.0
80.27166666666668,29.364722222222223,404.0
80.27194444444446,29.364444444444445,405.0
80.27222222222224,29.364166666666666,412.0
80.27250000000001,29.36388888888889,417.0
80.27277777777779,29.363611111111112,416.0
80.27305555555557,29.363333333333333,415.0
80.27333333333334,29.363333333333333,417.0
80.27361111111112,29.363055555555558,415.0
80.2738888888889,29.363055555555558,415.0
80.27416666666667,29.363055555555558,413.0
80.27444444444446,29.363055555555558,416.0
80.27472222222224,29.36277777777778,417.0
80.275,29.3625,412.0
80.27527777777779,29.3625,416.0
80.27555555555557,29.362222222222222,412.0
80.27583333333334,29.361944444444447,406.0
80.27611111111112,29.361666666666668,403.0
80.2763888888889,29.36138888888889,401.0
80.27666666666667,29.36111111111111,398.0
80.27694444444445,29.360833333333336,397.0
80.27722222222224,29.360555555555557,397.0
80.27750000000002,29.360277777777778,397.0
80.27777777777779,29.36,396.0
80.27805555555557,29.359722222222224,401.0
80.27833333333335,29.359444444444446,409.0
80.27861111111112,29.359166666666667,412.0
80.2788888888889,29.358888888888888,410.0
80.2788888888889,29.358611111111113,415.0
80.2788888888889,29.358333333333334,414.0
80.2788888888889,29.358055555555556,411.0
80.2788888888889,29.357777777777777,408.0
80.2788888888889,29.3575,407.0
80.2788888888889,29.357222222222223,407.0
80.2788888888889,29.356944444444444,409.0
80.2788888888889,29.35666666666667,411.0
80.2788888888889,29.35638888888889,412.0
80.2788888888889,29.35611111111111,413.0
80.2788888888889,29.355833333333333,416.0
80.2788888888889,29.355555555555558,418.0
80.2788888888889,29.35527777777778,415.0
80.2788888888889,29.355,408.0
80.2788888888889,29.35472222222222,406.0
80.2788888888889,29.354444444444447,410.0
80.2788888888889,29.354166666666668,412.0
80.2788888888889,29.35388888888889,411.0
80.2788888888889,29.35361111111111,409.0
80.2788888888889,29.353333333333335,408.0
80.2788888888889,29.353055555555557,409.0
80.2788888888889,29.352777777777778,407.0
80.2788888888889,29.3525,409.0
80.2788888888889,29.352222222222224,414.0
80.27916666666668,29.351944444444445,418.0
80.27916666666668,29.351666666666667,417.0
80.27916666666668,29.35138888888889,417.0
80.27916666666668,29.351111111111113,416.0
80.27916666666668,29.350833333333334,412.0
80.27916666666668,29.350555555555555,408.0
80.27916666666668,29.35027777777778,407.0
80.27916666666668,29.35,407.0
80.27916666666668,29.349722222222223,402.0
80.27916666666668,29.349444444444444,395.0
80.27916666666668,29.34916666666667,395.0
80.27916666666668,29.34888888888889,395.0
80.27916666666668,29.34861111111111,394.0
80.27916666666668,29.348333333333333,394.0
80.27916666666668,29.348055555555558,394.0
80.27916666666668,29.34777777777778,394.0
80.27916666666668,29.3475,394.0
80.27916666666668,29.34722222222222,394.0
80.27916666666668,29.346944444444446,394.0
80.27944444444445,29.346666666666668,394.0
80.27944444444445,29.34638888888889,401.0
80.27972222222223,29.346111111111114,393.0
80.28000000000002,29.345833333333335,393.0
80.28027777777778,29.345555555555556,393.0
80.28055555555557,29.345277777777778,393.0
80.28083333333335,29.345000000000002,393.0
80.28111111111112,29.344722222222224,393.0
80.2813888888889,29.344444444444445,393.0
80.28166666666668,29.344166666666666,393.0
80.28194444444445,29.34388888888889,392.0
80.28222222222223,29.343611111111112,392.0
80.28250000000001,29.343333333333334,392.0
80.2827777777778,29.343055555555555,392.0
80.28305555555556,29.34277777777778,392.0
80.28333333333335,29.3425,392.0
80.28361111111113,29.342222222222222,391.0
80.2838888888889,29.341944444444444,391.0
80.28416666666668,29.34166666666667,391.0
80.28444444444446,29.34138888888889,391.0
80.28472222222223,29.34111111111111,391.0
80.28500000000001,29.340833333333336,391.0
80.2852777777778,29.340833333333336,407.0
80.28555555555556,29.340555555555557,397.0
80.28583333333334,29.340555555555557,403.0
80.28611111111113,29.34027777777778,400.0
80.2863888888889,29.34,397.0
80.28666666666668,29.339722222222225,394.0
80.28694444444446,29.339444444444446,393.0
80.28722222222223,29.339166666666667,390.0
80.28750000000001,29.33888888888889,390.0
80.28777777777779,29.338611111111113,389.0
80.28805555555557,29.338333333333335,389.0
80.28833333333334,29.338055555555556,389.0
80.28861111111112,29.337777777777777,389.0
80.2888888888889,29.337500000000002,393.0
80.28916666666667,29.337222222222223,398.0
80.28944444444446,29.336944444444445,403.0
80.28972222222224,29.336666666666666,403.0
80.29,29.33638888888889,407.0
80.29027777777779,29.336111111111112,402.0
80.29027777777779,29.335833333333333,407.0
80.29055555555557,29.335555555555555,404.0
80.29055555555557,29.33527777777778,405.0
80.29055555555557,29.335,403.0
80.29055555555557,29.334722222222222,399.0
80.29055555555557,29.334444444444447,397.0
80.29055555555557,29.33416666666667,396.0
80.29055555555557,29.33388888888889,394.0
80.29055555555557,29.33361111111111,391.0
80.29055555555557,29.333333333333336,389.0
80.29055555555557,29.333055555555557,388.0
80.29055555555557,29.33277777777778,388.0
80.29055555555557,29.3325,388.0
80.29055555555557,29.332222222222224,388.0
80.29055555555557,29.331944444444446,388.0
80.29055555555557,29.331666666666667,388.0
80.29055555555557,29.33138888888889,387.0
80.29055555555557,29.331111111111113,387.0
80.29055555555557,29.330833333333334,387.0
80.29055555555557,29.330555555555556,387.0
80.29083333333334,29.330277777777777,387.0
80.29111111111112,29.330000000000002,387.0
80.2913888888889,29.329722222222223,387.0
80.29166666666667,29.329444444444444,387.0
80.29194444444445,29.329166666666666,387.0
80.29222222222224,29.32888888888889,387.0
80.2925,29.328611111111112,387.0
80.29277777777779,29.328333333333333,387.0
80.29305555555557,29.328055555555558,386.0
80.29333333333335,29.32777777777778,386.0
80.29361111111112,29.3275,386.0
80.2938888888889,29.327222222222222,386.0
80.29416666666668,29.326944444444447,386.0
80.29444444444445,29.326666666666668,386.0
80.29472222222223,29.32638888888889,386.0
80.29500000000002,29.32611111111111,401.0
80.29527777777778,29.325833333333335,405.0
80.29555555555557,29.325555555555557,406.0
80.29583333333335,29.325277777777778,405.0
80.29611111111112,29.325,404.0
80.2963888888889,29.324722222222224,408.0
80.29666666666668,29.324444444444445,385.0
80.29694444444445,29.324444444444445,407.0
80.29722222222223,29.324166666666667,385.0
80.29750000000001,29.324166666666667,385.0
80.29777777777778,29.324166666666667,385.0
80.29805555555556,29.324166666666667,385.0
80.29833333333335,29.324166666666667,385.0
80.29861111111113,29.324166666666667,385.0
80.2988888888889,29.324166666666667,385.0
80.29916666666668,29.324166666666667,384.0
80.29944444444446,29.324166666666667,384.0
80.29972222222223,29.324166666666667,384.0
80.30000000000001,29.324166666666667,384.0
80.3002777777778,29.324166666666667,384.0
80.30055555555556,29.324166666666667,384.0
80.30083333333334,29.324166666666667,384.0
80.30111111111113,29.324166666666667,384.0
80.3013888888889,29.324166666666667,384.0
80.30166666666668,29.324166666666667,405.0
80.30194444444446,29.323888888888888,388.0
80.30222222222223,29.323888888888888,393.0
80.30250000000001,29.323888888888888,398.0
80.30277777777779,29.323888888888888,403.0
80.30305555555557,29.323888888888888,404.0
80.30333333333334,29.323888888888888,407.0
80.30361111111112,29.323888888888888,406.0
80.3038888888889,29.323888888888888,406.0
80.30416666666667,29.323888888888888,408.0
80.30444444444446,29.323888888888888,409.0
80.30472222222224,29.323888888888888,406.0
80.305,29.323888888888888,406.0
80.30527777777779,29.323888888888888,408.0
80.30555555555557,29.323611111111113,389.0
80.30583333333334,29.323611111111113,387.0
80.30611111111112,29.323611111111113,383.0
80.3063888888889,29.323611111111113,386.0
80.30666666666667,29.323611111111113,391.0
80.30694444444445,29.323611111111113,398.0
80.30722222222224,29.323611111111113,406.0
80.3075,29.323333333333334,387.0
80.30777777777779,29.323333333333334,390.0
80.30805555555557,29.323055555555555,382.0
80.30833333333335,29.32277777777778,382.0
80.30861111111112,29.3225,382.0
80.3088888888889,29.322222222222223,382.0
80.30916666666668,29.321944444444444,382.0
80.30944444444445,29.32166666666667,382.0
80.30972222222223,29.32138888888889,394.0
80.31000000000002,29.32111111111111,395.0
80.31027777777778,29.320833333333333,382.0
80.31055555555557,29.320555555555558,382.0
80.31083333333335,29.32027777777778,382.0
80.31111111111112,29.32,381.0
80.31111111111112,29.31972222222222,381.0
80.3113888888889,29.319444444444446,381.0
80.31166666666668,29.319166666666668,395.0
80.31194444444445,29.31888888888889,390.0
80.31222222222223,29.31861111111111,381.0
80.31250000000001,29.318333333333335,381.0
80.31277777777778,29.318055555555556,381.0
80.31305555555556,29.317777777777778,381.0
80.31333333333335,29.317500000000003,381.0
80.31361111111113,29.317222222222224,381.0
80.3138888888889,29.316944444444445,380.0
80.31416666666668,29.316666666666666,388.0
80.31444444444446,29.31638888888889,390.0
80.31472222222223,29.316111111111113,391.0
80.31500000000001,29.315833333333334,391.0
80.3152777777778,29.315555555555555,396.0
80.31555555555556,29.31527777777778,400.0
80.31583333333334,29.315,398.0
80.31611111111113,29.314722222222223,392.0
80.31611111111113,29.314444444444444,396.0
80.31611111111113,29.31416666666667,397.0
80.31611111111113,29.31388888888889,397.0
80.31611111111113,29.31361111111111,399.0
80.31611111111113,29.313333333333333,398.0
80.31611111111113,29.313055555555557,394.0
80.31611111111113,29.31277777777778,391.0
80.31611111111113,29.3125,390.0
80.31611111111113,29.312222222222225,389.0
80.31611111111113,29.311944444444446,389.0
80.31611111111113,29.311666666666667,390.0
80.31611111111113,29.31138888888889,387.0
80.31611111111113,29.311111111111114,383.0
80.31611111111113,29.310833333333335,379.0
80.31611111111113,29.310555555555556,376.0
80.31611111111113,29.310277777777777,377.0
80.31611111111113,29.310000000000002,378.0
80.31611111111113,29.309722222222224,378.0
80.31611111111113,29.309444444444445,379.0
80.31611111111113,29.309166666666666,380.0
80.31611111111113,29.30888888888889,386.0
80.31611111111113,29.308611111111112,390.0
80.31611111111113,29.308333333333334,395.0
80.31611111111113,29.308055555555555,395.0
80.31611111111113,29.30777777777778,396.0
80.31611111111113,29.3075,402.0
80.3163888888889,29.307222222222222,409.0
80.31666666666668,29.306944444444447,409.0
80.31694444444446,29.30666666666667,405.0
80.31722222222223,29.30638888888889,400.0
80.31722222222223,29.30611111111111,393.0
80.31722222222223,29.305833333333336,391.0
80.31722222222223,29.305555555555557,390.0
80.31722222222223,29.30527777777778,390.0
80.31750000000001,29.305,387.0
80.31777777777779,29.304722222222225,387.0
80.31777777777779,29.304444444444446,391.0
80.31805555555556,29.304166666666667,390.0
80.31833333333334,29.30388888888889,388.0
80.31833333333334,29.303611111111113,387.0
80.31833333333334,29.303333333333335,387.0
80.31833333333334,29.303055555555556,389.0
80.31833333333334,29.302777777777777,389.0
80.31833333333334,29.302500000000002,388.0
80.31805555555556,29.302222222222223,382.0
80.31805555555556,29.301944444444445,387.0
80.31777777777779,29.301666666666666,377.0
80.31777777777779,29.30138888888889,379.0
80.31777777777779,29.301111111111112,378.0
80.31777777777779,29.300833333333333,379.0
80.31777777777779,29.300555555555558,382.0
80.31750000000001,29.30027777777778,386.0
80.31722222222223,29.3,388.0
80.31694444444446,29.299722222222222,387.0
80.31694444444446,29.299444444444447,390.0
80.31666666666668,29.299166666666668,387.0
80.31666666666668,29.29888888888889,390.0
80.31666666666668,29.29861111111111,391.0
80.31666666666668,29.298333333333336,391.0
80.3163888888889,29.298055555555557,389.0
80.31611111111113,29.297777777777778,387.0
80.31583333333334,29.2975,385.0
80.31555555555556,29.297222222222224,382.0
80.31555555555556,29.296944444444446,386.0
80.3152777777778,29.296666666666667,374.0
80.3152777777778,29.296388888888888,374.0
80.3152777777778,29.296111111111113,389.0
80.31500000000001,29.295833333333334,374.0
80.31472222222223,29.295555555555556,374.0
80.31444444444446,29.295277777777777,373.0
80.31416666666668,29.295,373.0
80.3138888888889,29.294722222222223,373.0
80.31361111111113,29.294444444444444,373.0
80.31333333333335,29.29416666666667,373.0
80.31305555555556,29.29388888888889,373.0
80.31277777777778,29.29361111111111,372.0
80.31250000000001,29.293333333333333,372.0
80.31222222222223,29.293055555555558,372.0
80.31194444444445,29.29277777777778,372.0
80.31166666666668,29.2925,372.0
80.3113888888889,29.29222222222222,372.0
80.31111111111112,29.291944444444447,372.0
80.31083333333335,29.291666666666668,384.0
80.31055555555557,29.29138888888889,391.0
80.31027777777778,29.29111111111111,382.0
80.31000000000002,29.290833333333335,375.0
80.30972222222223,29.290555555555557,375.0
80.30944444444445,29.290277777777778,371.0
80.30916666666668,29.29,370.0
80.3088888888889,29.289722222222224,370.0
80.30861111111112,29.289444444444445,377.0
80.30833333333335,29.289166666666667,383.0
80.30805555555557,29.28888888888889,386.0
80.30777777777779,29.288611111111113,386.0
80.3075,29.288333333333334,389.0
80.30722222222224,29.288055555555555,388.0
80.30722222222224,29.28777777777778,391.0
80.30694444444445,29.2875,391.0
80.30666666666667,29.287222222222223,388.0
80.3063888888889,29.286944444444444,383.0
80.3063888888889,29.28666666666667,386.0
80.30611111111112,29.28638888888889,380.0
80.30583333333334,29.28611111111111,381.0
80.30555555555557,29.285833333333333,380.0
80.30527777777779,29.285555555555558,381.0
80.305,29.28527777777778,382.0
80.305,29.285,385.0
80.305,29.28472222222222,382.0
80.30472222222224,29.284444444444446,374.0
80.30444444444446,29.284166666666668,382.0
80.30416666666667,29.28388888888889,376.0
80.30416666666667,29.283611111111114,376.0
80.30416666666667,29.283333333333335,376.0
80.30416666666667,29.283055555555556,374.0
80.30416666666667,29.282777777777778,372.0
80.30416666666667,29.282500000000002,372.0
80.30416666666667,29.282222222222224,372.0
80.30416666666667,29.281944444444445,371.0
80.30416666666667,29.281666666666666,372.0
80.30416666666667,29.28138888888889,377.0
80.30416666666667,29.281111111111112,376.0
80.30416666666667,29.280833333333334,377.0
80.30416666666667,29.280555555555555,378.0
80.30416666666667,29.28027777777778,377.0
80.30416666666667,29.28,377.0
80.30416666666667,29.279722222222222,378.0
80.30416666666667,29.279444444444444,381.0
80.30416666666667,29.27916666666667,383.0
80.30416666666667,29.27888888888889,386.0
80.30416666666667,29.27861111111111,391.0
80.30444444444446,29.278333333333336,391.0
80.30472222222224,29.278055555555557,391.0
80.30472222222224,29.27777777777778,391.0
80.30472222222224,29.2775,390.0
80.30472222222224,29.277222222222225,383.0
80.30472222222224,29.276944444444446,374.0
80.30472222222224,29.276666666666667,369.0
80.30472222222224,29.27638888888889,368.0
80.30472222222224,29.276111111111113,368.0
80.30472222222224,29.275833333333335,372.0
80.30472222222224,29.275555555555556,376.0
80.30472222222224,29.275277777777777,378.0
80.30472222222224,29.275000000000002,381.0
80.30472222222224,29.274722222222223,387.0
80.30444444444446,29.274444444444445,385.0
80.30444444444446,29.274166666666666,388.0
80.30444444444446,29.27388888888889,389.0
80.30416666666667,29.273611111111112,376.0
80.30416666666667,29.273333333333333,378.0
80.30416666666667,29.273055555555555,383.0
80.30416666666667,29.27277777777778,385.0
80.30416666666667,29.2725,383.0
80.30416666666667,29.272222222222222,379.0
80.30416666666667,29.271944444444447,377.0
80.3038888888889,29.27166666666667,383.0
80.30361111111112,29.27138888888889,388.0
80.30361111111112,29.27111111111111,389.0
80.30361111111112,29.270833333333336,390.0
80.30361111111112,29.270555555555557,386.0
80.30361111111112,29.27027777777778,387.0
80.30333333333334,29.27,389.0
80.30305555555557,29.269722222222224,390.0
80.30305555555557,29.269444444444446,387.0
80.30305555555557,29.269166666666667,385.0
80.30305555555557,29.26888888888889,381.0
80.30305555555557,29.268611111111113,378.0
80.30305555555557,29.268333333333334,374.0
80.30305555555557,29.268055555555556,370.0
80.30305555555557,29.267777777777777,367.0
80.30305555555557,29.267500000000002,367.0
80.30305555555557,29.267222222222223,369.0
80.30305555555557,29.266944444444444,373.0
80.30305555555557,29.266666666666666,377.0
80.30305555555557,29.26638888888889,381.0
80.30305555555557,29.266111111111112,386.0
80.30305555555557,29.265833333333333,389.0
80.30277777777779,29.265555555555558,381.0
80.30250000000001,29.26527777777778,376.0
80.30222222222223,29.265,373.0
80.30194444444446,29.264722222222222,374.0
80.30166666666668,29.264444444444447,379.0
80.3013888888889,29.264166666666668,375.0
80.3013888888889,29.26388888888889,384.0
80.30111111111113,29.26361111111111,382.0
80.30083333333334,29.263333333333335,379.0
80.30055555555556,29.263055555555557,381.0
80.3002777777778,29.262777777777778,388.0
80.30000000000001,29.2625,387.0
80.29972222222223,29.262222222222224,385.0
80.29972222222223,29.261944444444445,386.0
80.29972222222223,29.261666666666667,388.0
80.29944444444446,29.261388888888888,381.0
80.29944444444446,29.261111111111113,381.0
80.29944444444446,29.260833333333334,374.0
80.29944444444446,29.260555555555555,370.0
80.29944444444446,29.26027777777778,383.0
80.29916666666668,29.26,386.0
80.29916666666668,29.259722222222223,388.0
80.29916666666668,29.259444444444444,388.0
80.29916666666668,29.25916666666667,384.0
80.29916666666668,29.25888888888889,379.0
80.29916666666668,29.25861111111111,376.0
80.29916666666668,29.258333333333333,370.0
80.29916666666668,29.258055555555558,369.0
80.29916666666668,29.25777777777778,368.0
80.29916666666668,29.2575,369.0
80.29916666666668,29.25722222222222,384.0
80.29944444444446,29.256944444444446,385.0
80.29972222222223,29.256666666666668,384.0
80.29972222222223,29.25638888888889,385.0
80.29972222222223,29.25611111111111,384.0
80.29972222222223,29.255833333333335,383.0
80.29972222222223,29.255555555555556,386.0
80.29944444444446,29.255277777777778,389.0
80.29944444444446,29.255000000000003,389.0
80.29944444444446,29.254722222222224,388.0
80.29944444444446,29.254444444444445,386.0
80.29944444444446,29.254166666666666,381.0
80.29944444444446,29.25388888888889,376.0
80.29944444444446,29.253611111111113,376.0
80.29944444444446,29.253333333333334,373.0
80.29944444444446,29.253055555555555,369.0
80.29944444444446,29.25277777777778,368.0
80.29944444444446,29.2525,374.0
80.29944444444446,29.252222222222223,381.0
80.29944444444446,29.251944444444444,385.0
80.29944444444446,29.25166666666667,384.0
80.29944444444446,29.25138888888889,383.0
80.29944444444446,29.25111111111111,385.0
80.29916666666668,29.250833333333333,382.0
80.29916666666668,29.250555555555557,389.0
80.2988888888889,29.25027777777778,384.0
80.2988888888889,29.25,388.0
80.2988888888889,29.249722222222225,389.0
80.2988888888889,29.249444444444446,382.0
80.2988888888889,29.249166666666667,374.0
80.2988888888889,29.24888888888889,370.0
80.2988888888889,29.248611111111114,367.0
80.2988888888889,29.248333333333335,369.0
80.2988888888889,29.248055555555556,374.0
80.2988888888889,29.247777777777777,381.0
80.2988888888889,29.247500000000002,384.0
80.2988888888889,29.247222222222224,387.0
80.29916666666668,29.246944444444445,376.0
80.29916666666668,29.246666666666666,377.0
80.29916666666668,29.24638888888889,378.0
80.29916666666668,29.246111111111112,379.0
80.29944444444446,29.245833333333334,376.0
80.29944444444446,29.245555555555555,386.0
80.29972222222223,29.24527777777778,377.0
80.29972222222223,29.245,384.0
80.30000000000001,29.244722222222222,380.0
80.30000000000001,29.244444444444447,383.0
80.30000000000001,29.24416666666667,385.0
80.30000000000001,29.24388888888889,387.0
80.30000000000001,29.24361111111111,387.0
80.30000000000001,29.243333333333336,387.0
80.30000000000001,29.243055555555557,384.0
80.30000000000001,29.24277777777778,382.0
80.30000000000001,29.2425,378.0
80.30000000000001,29.242222222222225,371.0
80.30000000000001,29.241944444444446,366.0
80.30000000000001,29.241666666666667,360.0
80.30000000000001,29.24138888888889,359.0
80.30000000000001,29.241111111111113,359.0
80.30000000000001,29.240833333333335,359.0
80.29972222222223,29.240555555555556,362.0
80.29944444444446,29.240277777777777,363.0
80.29916666666668,29.240000000000002,363.0
80.2988888888889,29.239722222222223,363.0
80.29861111111113,29.239444444444445,363.0
80.29833333333335,29.239166666666666,361.0
80.29805555555556,29.23888888888889,361.0
80.29777777777778,29.238611111111112,361.0
80.29750000000001,29.238333333333333,361.0
80.29722222222223,29.238055555555558,361.0
80.29694444444445,29.23777777777778,361.0
80.29666666666668,29.2375,376.0
80.2963888888889,29.237222222222222,377.0
80.29611111111112,29.236944444444447,371.0
80.29583333333335,29.236666666666668,377.0
80.29555555555557,29.23638888888889,383.0
80.29527777777778,29.23611111111111,383.0
80.29500000000002,29.235833333333336,379.0
80.29500000000002,29.235555555555557,386.0
80.29472222222223,29.235277777777778,384.0
80.29444444444445,29.235,375.0
80.29444444444445,29.234722222222224,383.0
80.29416666666668,29.234444444444446,373.0
80.2938888888889,29.234166666666667,368.0
80.29361111111112,29.233888888888888,368.0
80.29333333333335,29.233611111111113,367.0
80.29305555555557,29.233333333333334,367.0
80.29277777777779,29.233055555555556,370.0
80.2925,29.232777777777777,364.0
80.29222222222224,29.2325,373.0
80.29194444444445,29.232222222222223,372.0
80.29166666666667,29.231944444444444,360.0
80.29166666666667,29.23166666666667,386.0
80.2913888888889,29.23138888888889,373.0
80.2913888888889,29.23111111111111,384.0
80.2913888888889,29.230833333333333,386.0
80.2913888888889,29.230555555555558,380.0
80.2913888888889,29.23027777777778,370.0
80.2913888888889,29.23,360.0
80.2913888888889,29.22972222222222,360.0
80.2913888888889,29.229444444444447,360.0
80.2913888888889,29.229166666666668,360.0
80.2913888888889,29.22888888888889,360.0
80.2913888888889,29.22861111111111,360.0
80.2913888888889,29.228333333333335,360.0
80.2913888888889,29.228055555555557,370.0
80.29166666666667,29.227777777777778,379.0
80.29194444444445,29.2275,378.0
80.29194444444445,29.227222222222224,384.0
80.29222222222224,29.226944444444445,375.0
80.2925,29.226666666666667,372.0
80.29277777777779,29.22638888888889,368.0
80.29305555555557,29.226111111111113,367.0
80.29333333333335,29.225833333333334,369.0
80.29361111111112,29.225555555555555,378.0
80.2938888888889,29.22527777777778,381.0
80.2938888888889,29.225,385.0
80.29416666666668,29.224722222222223,374.0
80.29416666666668,29.224444444444444,369.0
80.29416666666668,29.22416666666667,363.0
80.29416666666668,29.22388888888889,369.0
80.29416666666668,29.22361111111111,380.0
80.29444444444445,29.223333333333333,382.0
80.29472222222223,29.223055555555558,379.0
80.29472222222223,29.22277777777778,386.0
80.29500000000002,29.2225,374.0
80.29500000000002,29.22222222222222,380.0
80.29527777777778,29.221944444444446,370.0
80.29527777777778,29.221666666666668,382.0
80.29555555555557,29.22138888888889,380.0
80.29555555555557,29.221111111111114,386.0
80.29583333333335,29.220833333333335,382.0
80.29583333333335,29.220555555555556,386.0
80.29611111111112,29.220277777777778,382.0
80.29611111111112,29.220000000000002,384.0
80.29611111111112,29.219722222222224,383.0
80.29611111111112,29.219444444444445,379.0
80.29611111111112,29.219166666666666,376.0
80.29611111111112,29.21888888888889,374.0
80.29611111111112,29.218611111111112,372.0
80.29611111111112,29.218333333333334,373.0
80.29611111111112,29.218055555555555,377.0
80.29583333333335,29.21777777777778,368.0
80.29555555555557,29.2175,375.0
80.29527777777778,29.217222222222222,387.0
80.29527777777778,29.216944444444444,380.0
80.29527777777778,29.21666666666667,369.0
80.29527777777778,29.21638888888889,362.0
80.29527777777778,29.21611111111111,360.0
80.29500000000002,29.215833333333336,361.0
80.29472222222223,29.215555555555557,360.0
80.29472222222223,29.21527777777778,358.0
80.29472222222223,29.215,359.0
80.29472222222223,29.214722222222225,358.0
80.29472222222223,29.214444444444446,359.0
80.29472222222223,29.214166666666667,360.0
80.29444444444445,29.21388888888889,358.0
80.29444444444445,29.213611111111113,358.0
80.29444444444445,29.213333333333335,358.0
80.29444444444445,29.213055555555556,358.0
80.29444444444445,29.212777777777777,357.0
80.29444444444445,29.212500000000002,357.0
80.29444444444445,29.212222222222223,358.0
80.29444444444445,29.211944444444445,358.0
80.29444444444445,29.211666666666666,359.0
80.29444444444445,29.21138888888889,358.0
80.29444444444445,29.211111111111112,359.0
80.29444444444445,29.210833333333333,359.0
80.29444444444445,29.210555555555555,359.0
80.29444444444445,29.21027777777778,360.0
80.29472222222223,29.21,359.0
80.29472222222223,29.209722222222222,356.0
80.29472222222223,29.209444444444447,354.0
80.29472222222223,29.20916666666667,356.0
80.29500000000002,29.20888888888889,353.0
80.29500000000002,29.20861111111111,358.0
80.29527777777778,29.208333333333336,356.0
80.29555555555557,29.208055555555557,357.0
80.29555555555557,29.20777777777778,358.0
80.29583333333335,29.2075,358.0
80.29611111111112,29.207222222222224,357.0
80.2963888888889,29.206944444444446,357.0
80.29666666666668,29.206666666666667,356.0
80.29694444444445,29.20638888888889,356.0
80.29694444444445,29.206111111111113,357.0
80.29722222222223,29.205833333333334,357.0
80.29722222222223,29.205555555555556,357.0
80.29722222222223,29.205277777777777,357.0
80.29722222222223,29.205000000000002,356.0
80.29722222222223,29.204722222222223,358.0
80.29694444444445,29.204444444444444,358.0
80.29694444444445,29.204166666666666,357.0
80.29666666666668,29.20388888888889,356.0
80.29666666666668,29.203611111111112,358.0
80.2963888888889,29.203333333333333,356.0
80.2963888888889,29.203055555555558,357.0
80.29611111111112,29.20277777777778,358.0
80.29611111111112,29.2025,357.0
80.29611111111112,29.202222222222222,356.0
80.29611111111112,29.201944444444447,354.0
80.29611111111112,29.201666666666668,351.0
80.29611111111112,29.20138888888889,350.0
80.29611111111112,29.20111111111111,355.0
80.29583333333335,29.200833333333335,357.0
80.29555555555557,29.200555555555557,358.0
80.29555555555557,29.200277777777778,358.0
80.29555555555557,29.2,357.0
80.29555555555557,29.199722222222224,356.0
80.29555555555557,29.199444444444445,357.0
80.29527777777778,29.199166666666667,357.0
80.29500000000002,29.198888888888888,357.0
80.29472222222223,29.198611111111113,357.0
80.29444444444445,29.198333333333334,358.0
80.29416666666668,29.198055555555555,358.0
80.29416666666668,29.19777777777778,358.0
80.2938888888889,29.1975,357.0
80.2938888888889,29.197222222222223,357.0
80.29361111111112,29.196944444444444,357.0
80.29333333333335,29.19666666666667,357.0
80.29305555555557,29.19638888888889,357.0
80.29277777777779,29.19611111111111,357.0
80.2925,29.195833333333333,357.0
80.29222222222224,29.195555555555558,356.0
80.29194444444445,29.195555555555558,356.0
80.29166666666667,29.195555555555558,356.0
80.2913888888889,29.195555555555558,356.0
80.29111111111112,29.195555555555558,356.0
80.29083333333334,29.195555555555558,356.0
80.29055555555557,29.195555555555558,356.0
80.29027777777779,29.19527777777778,356.0
80.29,29.19527777777778,356.0
80.28972222222224,29.195,356.0
80.28944444444446,29.195,355.0
80.28916666666667,29.195,355.0
80.2888888888889,29.195,355.0
80.28861111111112,29.195,355.0
80.28833333333334,29.195,355.0
80.28805555555557,29.195,355.0
80.28777777777779,29.19527777777778,355.0
80.28750000000001,29.195555555555558,355.0
80.28722222222223,29.195833333333333,354.0
80.28694444444446,29.195833333333333,354.0
80.28666666666668,29.195833333333333,354.0
80.2863888888889,29.195833333333333,354.0
80.28611111111113,29.195833333333333,354.0
80.28583333333334,29.19611111111111,354.0
80.28555555555556,29.19638888888889,354.0
80.2852777777778,29.19666666666667,354.0
80.28500000000001,29.196944444444444,354.0
80.28472222222223,29.197222222222223,353.0
80.28444444444446,29.1975,353.0
80.28416666666668,29.19777777777778,354.0
80.2838888888889,29.198055555555555,354.0
80.28361111111113,29.198333333333334,354.0
80.28333333333335,29.198611111111113,354.0
80.28305555555556,29.198888888888888,354.0
80.2827777777778,29.199166666666667,354.0
80.28250000000001,29.199444444444445,354.0
80.28222222222223,29.199722222222224,352.0
80.28194444444445,29.2,351.0
80.28166666666668,29.200277777777778,354.0
80.2813888888889,29.200555555555557,354.0
80.28111111111112,29.200833333333335,352.0
80.28083333333335,29.200833333333335,352.0
80.28055555555557,29.200555555555557,352.0
80.28027777777778,29.200833333333335,351.0
80.28027777777778,29.20111111111111,352.0
80.28027777777778,29.20138888888889,352.0
80.28000000000002,29.201666666666668,352.0
80.27972222222223,29.201944444444447,352.0
80.27944444444445,29.202222222222222,351.0
80.27944444444445,29.2025,352.0
80.27944444444445,29.20277777777778,352.0
80.27944444444445,29.203055555555558,352.0
80.27916666666668,29.203333333333333,352.0
80.2788888888889,29.203611111111112,350.0
80.2788888888889,29.20388888888889,349.0
80.27861111111112,29.204166666666666,350.0
80.27833333333335,29.204444444444444,352.0
80.27833333333335,29.204722222222223,352.0
80.27833333333335,29.205000000000002,352.0
80.27833333333335,29.205277777777777,347.0
80.27833333333335,29.205555555555556,344.0
80.27805555555557,29.205833333333334,344.0
80.27777777777779,29.206111111111113,344.0
80.27750000000002,29.20638888888889,344.0
80.27722222222224,29.206666666666667,346.0
80.27694444444445,29.206944444444446,345.0
80.27666666666667,29.207222222222224,344.0
80.2763888888889,29.2075,344.0
80.27611111111112,29.20777777777778,344.0
80.27583333333334,29.20777777777778,344.0
80.27555555555557,29.20777777777778,344.0
80.27527777777779,29.20777777777778,344.0
80.275,29.208055555555557,344.0
80.27472222222224,29.208055555555557,344.0
80.27444444444446,29.208055555555557,344.0
80.27416666666667,29.208055555555557,344.0
80.2738888888889,29.208055555555557,344.0
80.27361111111112,29.208055555555557,344.0
80.27333333333334,29.208055555555557,344.0
80.27305555555557,29.208055555555557,344.0
80.27277777777779,29.208055555555557,344.0
80.27250000000001,29.208055555555557,344.0
80.27222222222224,29.208055555555557,344.0
80.27194444444446,29.208055555555557,344.0
80.27166666666668,29.208055555555557,344.0
80.2713888888889,29.208055555555557,344.0
80.27111111111113,29.208055555555557,344.0
80.27083333333334,29.208055555555557,344.0
80.27055555555556,29.208055555555557,344.0
80.27027777777779,29.208055555555557,344.0
80.27000000000001,29.208055555555557,344.0
80.26972222222223,29.208055555555557,344.0
80.26944444444446,29.208055555555557,344.0
80.26916666666668,29.208055555555557,344.0
80.2688888888889,29.20777777777778,344.0
80.26861111111113,29.2075,344.0
80.26833333333335,29.207222222222224,345.0
80.26805555555556,29.206944444444446,344.0
80.2677777777778,29.206666666666667,344.0
80.26750000000001,29.20638888888889,344.0
80.26722222222223,29.206111111111113,345.0
80.26694444444446,29.205833333333334,346.0
80.26666666666668,29.205555555555556,344.0
80.2663888888889,29.205555555555556,344.0
80.26611111111112,29.205555555555556,344.0
80.26583333333335,29.205555555555556,344.0
80.26555555555557,29.205555555555556,344.0
80.26527777777778,29.205555555555556,344.0
80.26500000000001,29.205555555555556,344.0
80.26472222222223,29.205555555555556,344.0
80.26444444444445,29.205555555555556,344.0
80.26416666666668,29.205555555555556,344.0
80.2638888888889,29.205555555555556,344.0
80.26361111111112,29.205555555555556,344.0
80.26333333333335,29.205555555555556,344.0
80.26305555555557,29.205555555555556,344.0
80.26277777777779,29.205555555555556,344.0
80.26250000000002,29.205555555555556,344.0
80.26222222222223,29.205555555555556,344.0
80.26194444444445,29.205555555555556,344.0
80.26166666666668,29.205833333333334,344.0
80.2613888888889,29.206111111111113,344.0
80.26111111111112,29.20638888888889,344.0
80.26083333333334,29.206666666666667,344.0
80.26055555555557,29.206944444444446,344.0
80.26027777777779,29.207222222222224,346.0
80.26,29.2075,345.0
80.25972222222224,29.20777777777778,343.0
80.25944444444445,29.208055555555557,344.0
80.25916666666667,29.208333333333336,342.0
80.25916666666667,29.20861111111111,346.0
80.2588888888889,29.20888888888889,345.0
80.25861111111112,29.20916666666667,346.0
80.25861111111112,29.209444444444447,344.0
80.25861111111112,29.209722222222222,341.0
80.25861111111112,29.21,345.0
80.25833333333334,29.21027777777778,341.0
80.25805555555557,29.210555555555555,340.0
80.25777777777779,29.210833333333333,343.0
80.25750000000001,29.211111111111112,342.0
80.25750000000001,29.21138888888889,341.0
80.25750000000001,29.211666666666666,342.0
80.25750000000001,29.211944444444445,344.0
80.25750000000001,29.212222222222223,345.0
80.25722222222224,29.212500000000002,341.0
80.25722222222224,29.212777777777777,342.0
80.25722222222224,29.213055555555556,343.0
80.25722222222224,29.213333333333335,344.0
80.25722222222224,29.213611111111113,345.0
80.25694444444446,29.21388888888889,339.0
80.25694444444446,29.214166666666667,343.0
80.25694444444446,29.214444444444446,344.0
80.25694444444446,29.214722222222225,344.0
80.25694444444446,29.215,342.0
80.25694444444446,29.21527777777778,341.0
80.25694444444446,29.215555555555557,341.0
80.25694444444446,29.215833333333336,341.0
80.25694444444446,29.21611111111111,343.0
80.25694444444446,29.21638888888889,341.0
80.25694444444446,29.21666666666667,333.0
80.25694444444446,29.216944444444444,337.0
80.25694444444446,29.217222222222222,341.0
80.25694444444446,29.2175,337.0
80.25694444444446,29.21777777777778,331.0
80.25694444444446,29.218055555555555,332.0
80.25694444444446,29.218333333333334,338.0
80.25694444444446,29.218611111111112,342.0
80.25694444444446,29.21888888888889,345.0
80.25694444444446,29.219166666666666,344.0
80.25666666666667,29.219444444444445,343.0
80.2563888888889,29.219444444444445,344.0
80.25611111111112,29.219722222222224,344.0
80.25583333333334,29.220000000000002,345.0
80.25555555555556,29.220277777777778,345.0
80.25527777777779,29.220555555555556,345.0
80.25500000000001,29.220833333333335,344.0
80.25472222222223,29.220833333333335,344.0
80.25444444444446,29.221111111111114,343.0
80.25416666666668,29.221111111111114,343.0
80.2538888888889,29.221111111111114,343.0
80.25361111111113,29.221111111111114,345.0
80.25333333333334,29.221111111111114,345.0
80.25305555555556,29.22138888888889,343.0
80.2527777777778,29.22138888888889,343.0
80.25250000000001,29.22138888888889,342.0
80.25222222222223,29.22138888888889,342.0
80.25194444444446,29.22138888888889,342.0
80.25166666666668,29.22138888888889,342.0
80.2513888888889,29.22138888888889,342.0
80.25111111111113,29.22138888888889,342.0
80.25083333333335,29.22138888888889,341.0
80.25055555555556,29.22138888888889,341.0
80.25027777777778,29.22138888888889,341.0
80.25000000000001,29.22138888888889,341.0
80.24972222222223,29.22138888888889,341.0
80.24944444444445,29.221111111111114,341.0
80.24916666666668,29.220833333333335,344.0
80.2488888888889,29.220555555555556,345.0
80.24861111111112,29.220277777777778,345.0
80.24833333333335,29.220000000000002,345.0
80.24805555555557,29.219722222222224,345.0
80.24805555555557,29.219444444444445,345.0
80.24777777777778,29.219166666666666,344.0
80.24777777777778,29.21888888888889,343.0
80.24777777777778,29.218611111111112,341.0
80.24777777777778,29.218333333333334,338.0
80.24777777777778,29.218055555555555,338.0
80.24777777777778,29.21777777777778,338.0
80.24777777777778,29.2175,338.0
80.24777777777778,29.217222222222222,338.0
80.24777777777778,29.216944444444444,339.0
80.24777777777778,29.21666666666667,339.0
80.24777777777778,29.21638888888889,339.0
80.24750000000002,29.21611111111111,339.0
80.24722222222223,29.215833333333336,342.0
80.24694444444445,29.215555555555557,343.0
80.24666666666668,29.21527777777778,343.0
80.2463888888889,29.215,345.0
80.24611111111112,29.214722222222225,345.0
80.24611111111112,29.214444444444446,345.0
80.24583333333335,29.214166666666667,345.0
80.24583333333335,29.21388888888889,345.0
80.24583333333335,29.213611111111113,344.0
80.24583333333335,29.213333333333335,344.0
80.24583333333335,29.213055555555556,343.0
80.24583333333335,29.212777777777777,342.0
80.24583333333335,29.212500000000002,343.0
80.24583333333335,29.212222222222223,344.0
80.24555555555557,29.211944444444445,345.0
80.24527777777779,29.211666666666666,345.0
80.24527777777779,29.21138888888889,345.0
80.24527777777779,29.211111111111112,344.0
80.245,29.210833333333333,342.0
80.24472222222224,29.210555555555555,344.0
80.24444444444445,29.21027777777778,343.0
80.24416666666667,29.21,341.0
80.2438888888889,29.209722222222222,343.0
80.24361111111112,29.209444444444447,345.0
80.24361111111112,29.20916666666667,343.0
80.24361111111112,29.20888888888889,340.0
80.24361111111112,29.20861111111111,340.0
80.24333333333334,29.208333333333336,339.0
80.24305555555557,29.208055555555557,341.0
80.24277777777779,29.20777777777778,340.0
80.24277777777779,29.2075,341.0
80.24277777777779,29.207222222222224,341.0
80.2425,29.206944444444446,340.0
80.2425,29.206666666666667,341.0
80.24222222222224,29.20638888888889,340.0
80.24222222222224,29.206111111111113,339.0
80.24222222222224,29.205833333333334,338.0
80.24222222222224,29.205555555555556,339.0
80.24194444444446,29.205277777777777,340.0
80.24166666666667,29.205000000000002,341.0
80.2413888888889,29.204722222222223,340.0
80.2413888888889,29.204444444444444,340.0
80.2413888888889,29.204166666666666,340.0
80.2413888888889,29.20388888888889,339.0
80.24111111111112,29.203611111111112,342.0
80.24083333333334,29.203333333333333,342.0
80.24055555555557,29.203055555555558,340.0
80.24055555555557,29.20277777777778,341.0
80.24055555555557,29.2025,340.0
80.24055555555557,29.202222222222222,342.0
80.24055555555557,29.201944444444447,342.0
80.24055555555557,29.201666666666668,342.0
80.24055555555557,29.20138888888889,342.0
80.24083333333334,29.20111111111111,341.0
80.24083333333334,29.200833333333335,341.0
80.24111111111112,29.200555555555557,341.0
80.2413888888889,29.200555555555557,341.0
80.24166666666667,29.200555555555557,340.0
80.24194444444446,29.200555555555557,340.0
80.24222222222224,29.200555555555557,338.0
80.2425,29.200555555555557,336.0
80.24277777777779,29.200555555555557,337.0
80.24305555555557,29.200555555555557,338.0
80.24333333333334,29.200555555555557,340.0
80.24361111111112,29.200277777777778,340.0
80.2438888888889,29.200277777777778,339.0
80.2438888888889,29.2,339.0
80.24416666666667,29.199722222222224,338.0
80.24416666666667,29.199444444444445,339.0
80.2438888888889,29.199166666666667,339.0
80.24361111111112,29.198888888888888,339.0
80.24361111111112,29.198611111111113,338.0
80.2438888888889,29.198333333333334,338.0
80.24416666666667,29.198333333333334,338.0
80.24444444444445,29.198333333333334,336.0
80.24472222222224,29.198333333333334,335.0
80.245,29.198333333333334,335.0
80.24527777777779,29.198055555555555,336.0
80.24555555555557,29.198055555555555,336.0
80.24583333333335,29.198055555555555,335.0
80.24611111111112,29.198333333333334,334.0
80.2463888888889,29.198333333333334,332.0
80.24666666666668,29.198333333333334,334.0
80.24694444444445,29.198055555555555,334.0
80.24722222222223,29.19777777777778,334.0
80.24750000000002,29.19777777777778,334.0
80.24777777777778,29.1975,334.0
80.24805555555557,29.1975,333.0
80.24833333333335,29.1975,333.0
80.24861111111112,29.197222222222223,333.0
80.2488888888889,29.196944444444444,333.0
80.24916666666668,29.19666666666667,333.0
80.24944444444445,29.19638888888889,332.0
80.24972222222223,29.19638888888889,332.0
80.25000000000001,29.19611111111111,332.0
80.25027777777778,29.195833333333333,332.0
80.25055555555556,29.195555555555558,332.0
80.25083333333335,29.19527777777778,332.0
80.25111111111113,29.195,332.0
80.2513888888889,29.19472222222222,331.0
80.25166666666668,29.194444444444446,331.0
80.25194444444446,29.194166666666668,331.0
80.25222222222223,29.19388888888889,331.0
80.25250000000001,29.19361111111111,331.0
80.2527777777778,29.193333333333335,331.0
80.25305555555556,29.193055555555556,330.0
80.25333333333334,29.192777777777778,330.0
80.25361111111113,29.192500000000003,330.0
80.25361111111113,29.192222222222224,330.0
80.25361111111113,29.191944444444445,330.0
80.2538888888889,29.191666666666666,330.0
80.25416666666668,29.19138888888889,329.0
80.25444444444446,29.19138888888889,329.0
80.25472222222223,29.191111111111113,328.0
80.25472222222223,29.190833333333334,327.0
80.25472222222223,29.190555555555555,327.0
80.25500000000001,29.19027777777778,327.0
80.25527777777779,29.19,327.0
80.25555555555556,29.189722222222223,326.0
80.25555555555556,29.189444444444444,325.0
80.25583333333334,29.18916666666667,325.0
80.25611111111112,29.18888888888889,324.0
80.2563888888889,29.18861111111111,324.0
80.25666666666667,29.188333333333333,323.0
80.25666666666667,29.188055555555557,323.0
80.25666666666667,29.18777777777778,323.0
80.25694444444446,29.1875,322.0
80.25722222222224,29.1875,322.0
80.25750000000001,29.187222222222225,322.0
80.25777777777779,29.186944444444446,321.0
80.25805555555557,29.186666666666667,321.0
80.25833333333334,29.18638888888889,320.0
80.25861111111112,29.186111111111114,320.0
80.2588888888889,29.185833333333335,319.0
80.2588888888889,29.185555555555556,319.0
80.2588888888889,29.185277777777777,319.0
80.2588888888889,29.185000000000002,319.0
80.2588888888889,29.184722222222224,318.0
80.2588888888889,29.184444444444445,318.0
80.2588888888889,29.184166666666666,318.0
80.2588888888889,29.18388888888889,317.0
80.2588888888889,29.183611111111112,317.0
80.2588888888889,29.183333333333334,317.0
80.2588888888889,29.183055555555555,316.0
80.2588888888889,29.18277777777778,316.0
80.2588888888889,29.1825,316.0
80.25861111111112,29.182222222222222,315.0
80.25861111111112,29.181944444444447,315.0
80.25861111111112,29.18166666666667,315.0
80.25861111111112,29.18138888888889,315.0
80.25861111111112,29.18111111111111,315.0
80.25861111111112,29.180833333333336,314.0
80.25861111111112,29.180555555555557,314.0
80.25861111111112,29.18027777777778,314.0
80.25861111111112,29.18,314.0
80.2588888888889,29.179722222222225,314.0
80.2588888888889,29.179444444444446,314.0
80.2588888888889,29.179166666666667,314.0
80.2588888888889,29.17888888888889,314.0
80.2588888888889,29.178611111111113,314.0
80.2588888888889,29.178333333333335,314.0
80.2588888888889,29.178055555555556,314.0
80.2588888888889,29.177777777777777,314.0
80.2588888888889,29.177500000000002,314.0
80.2588888888889,29.177222222222223,314.0
80.2588888888889,29.176944444444445,313.0
80.2588888888889,29.176666666666666,313.0
80.2588888888889,29.17638888888889,313.0
80.2588888888889,29.176111111111112,313.0
80.2588888888889,29.175833333333333,313.0
80.2588888888889,29.175555555555555,313.0
80.25916666666667,29.17527777777778,313.0
80.25916666666667,29.175,313.0
80.25916666666667,29.174722222222222,313.0
80.25916666666667,29.174444444444447,313.0
80.25916666666667,29.174166666666668,313.0
80.25916666666667,29.17388888888889,313.0
80.25916666666667,29.17361111111111,313.0
80.25916666666667,29.173333333333336,312.0
80.25916666666667,29.173055555555557,312.0
80.25916666666667,29.172777777777778,312.0
80.25916666666667,29.1725,312.0
80.25916666666667,29.172222222222224,312.0
80.25916666666667,29.171944444444446,312.0
80.25944444444445,29.171666666666667,312.0
80.25944444444445,29.171388888888888,312.0
80.25916666666667,29.171111111111113,312.0
80.2588888888889,29.170833333333334,312.0
80.25861111111112,29.170555555555556,312.0
80.25833333333334,29.170277777777777,312.0
80.25805555555557,29.17,311.0
80.25805555555557,29.169722222222223,311.0
80.25805555555557,29.169444444444444,311.0
80.25805555555557,29.16916666666667,311.0
80.25805555555557,29.16888888888889,311.0
80.25805555555557,29.16861111111111,311.0
80.25805555555557,29.168333333333333,311.0
80.25805555555557,29.168055555555558,311.0
80.25777777777779,29.16777777777778,311.0
80.25777777777779,29.1675,311.0
80.25777777777779,29.16722222222222,311.0
80.25777777777779,29.166944444444447,311.0
80.25777777777779,29.166666666666668,311.0
80.25777777777779,29.16638888888889,311.0
80.25777777777779,29.16611111111111,311.0
80.25805555555557,29.165833333333335,310.0
80.25805555555557,29.165555555555557,310.0
80.25805555555557,29.165277777777778,310.0
80.25805555555557,29.165,310.0
80.25805555555557,29.164722222222224,310.0
80.25805555555557,29.164444444444445,310.0
80.25805555555557,29.164166666666667,310.0
80.25833333333334,29.16388888888889,310.0
80.25833333333334,29.163611111111113,310.0
80.25833333333334,29.163333333333334,310.0
80.25861111111112,29.163055555555555,310.0
80.2588888888889,29.16277777777778,310.0
80.25916666666667,29.1625,310.0
80.25944444444445,29.162222222222223,310.0
80.25972222222224,29.161944444444444,310.0
80.26,29.16166666666667,310.0
80.26027777777779,29.16138888888889,310.0
80.26055555555557,29.16111111111111,310.0
80.26083333333334,29.160833333333333,309.0
80.26083333333334,29.160555555555558,309.0
80.26083333333334,29.16027777777778,309.0
80.26083333333334,29.16,309.0
80.26083333333334,29.15972222222222,309.0
80.26083333333334,29.159444444444446,309.0
80.26111111111112,29.159166666666668,309.0
80.2613888888889,29.15888888888889,309.0
80.26166666666668,29.158611111111114,309.0
80.26194444444445,29.158333333333335,309.0
80.26222222222223,29.158055555555556,309.0
80.26250000000002,29.157777777777778,309.0
80.26277777777779,29.157500000000002,309.0
80.26305555555557,29.157222222222224,309.0
80.26333333333335,29.156944444444445,309.0
80.26361111111112,29.156666666666666,309.0
80.2638888888889,29.15638888888889,309.0
80.26416666666668,29.156111111111112,308.0
80.26416666666668,29.155833333333334,308.0
80.26416666666668,29.155555555555555,308.0
80.26416666666668,29.15527777777778,308.0
80.26444444444445,29.155,308.0
80.26472222222223,29.154722222222222,308.0
80.26500000000001,29.154444444444444,308.0
80.26527777777778,29.15416666666667,308.0
80.26555555555557,29.15388888888889,308.0
80.26583333333335,29.15361111111111,308.0
80.26611111111112,29.153333333333336,308.0
80.2663888888889,29.153055555555557,308.0
80.26666666666668,29.15277777777778,308.0
80.26694444444446,29.1525,308.0
80.26722222222223,29.152222222222225,308.0
80.26750000000001,29.151944444444446,308.0
80.2677777777778,29.151666666666667,307.0
80.2677777777778,29.15138888888889,307.0
80.2677777777778,29.151111111111113,307.0
80.26805555555556,29.150833333333335,307.0
80.26833333333335,29.150555555555556,307.0
80.26861111111113,29.150277777777777,307.0
80.2688888888889,29.150000000000002,307.0
80.26916666666668,29.149722222222223,307.0
80.26916666666668,29.149444444444445,307.0
80.26944444444446,29.149166666666666,307.0
80.26972222222223,29.14888888888889,307.0
80.27000000000001,29.148611111111112,307.0
80.27027777777779,29.148333333333333,307.0
80.27055555555556,29.14805555555556,307.0
80.27083333333334,29.14777777777778,306.0
80.27083333333334,29.1475,306.0
80.27083333333334,29.147222222222222,306.0
80.27083333333334,29.146944444444443,306.0
80.27111111111113,29.14666666666667,306.0
80.2713888888889,29.14638888888889,306.0
80.27166666666668,29.14611111111111,306.0
80.27194444444446,29.145833333333336,306.0
80.27222222222224,29.145555555555557,306.0
80.27250000000001,29.14527777777778,305.0
80.27250000000001,29.145,305.0
80.27250000000001,29.144722222222224,305.0
80.27250000000001,29.144444444444446,305.0
80.27250000000001,29.144166666666667,305.0
80.27250000000001,29.14388888888889,305.0
80.27250000000001,29.143611111111113,305.0
80.27250000000001,29.143333333333334,305.0
80.27250000000001,29.143055555555556,305.0
80.27250000000001,29.142777777777777,305.0
80.27250000000001,29.142500000000002,304.0
80.27250000000001,29.142222222222223,304.0
80.27250000000001,29.141944444444444,304.0
80.27250000000001,29.141666666666666,304.0
80.27250000000001,29.14138888888889,304.0
80.27250000000001,29.141111111111112,304.0
80.27250000000001,29.140833333333333,304.0
80.27250000000001,29.140555555555558,304.0
80.27250000000001,29.14027777777778,304.0
80.27250000000001,29.14,304.0
80.27250000000001,29.139722222222222,303.0
80.27222222222224,29.139444444444447,304.0
80.27194444444446,29.139166666666668,304.0
80.27166666666668,29.13888888888889,303.0
80.2713888888889,29.13861111111111,303.0
80.27111111111113,29.13861111111111,303.0
80.27083333333334,29.138333333333335,303.0
80.27055555555556,29.138333333333335,302.0
80.27027777777779,29.138333333333335,302.0
80.27000000000001,29.138333333333335,302.0
80.26972222222223,29.138333333333335,302.0
80.26944444444446,29.138333333333335,302.0
80.26916666666668,29.138333333333335,302.0
80.2688888888889,29.138333333333335,302.0
80.26861111111113,29.138333333333335,302.0
80.26833333333335,29.138333333333335,302.0
80.26805555555556,29.138333333333335,302.0
80.2677777777778,29.138333333333335,302.0
80.26750000000001,29.138333333333335,301.0
80.26722222222223,29.138333333333335,301.0
80.26694444444446,29.138333333333335,301.0
80.26666666666668,29.138333333333335,301.0
80.2663888888889,29.138333333333335,301.0
80.26611111111112,29.138333333333335,301.0
80.26583333333335,29.138333333333335,301.0
80.26555555555557,29.138333333333335,301.0
80.26527777777778,29.138333333333335,301.0
80.26500000000001,29.138333333333335,301.0
80.26472222222223,29.138333333333335,301.0
80.26444444444445,29.138333333333335,300.0
80.26416666666668,29.138333333333335,300.0
80.2638888888889,29.138333333333335,300.0
80.26361111111112,29.13861111111111,300.0
80.26333333333335,29.13861111111111,300.0
80.26305555555557,29.13861111111111,300.0
80.26277777777779,29.13861111111111,300.0
80.26250000000002,29.13888888888889,300.0
80.26222222222223,29.13888888888889,300.0
80.26194444444445,29.13888888888889,300.0
80.26166666666668,29.139166666666668,300.0
80.2613888888889,29.139166666666668,300.0
80.26111111111112,29.139166666666668,299.0
80.26083333333334,29.139166666666668,299.0
80.26055555555557,29.139166666666668,303.0
80.26027777777779,29.139166666666668,304.0
80.26,29.139166666666668,305.0
80.25972222222224,29.139166666666668,305.0
80.25944444444445,29.139166666666668,305.0
80.25916666666667,29.139166666666668,305.0
80.2588888888889,29.139166666666668,305.0
80.25861111111112,29.139166666666668,305.0
80.25833333333334,29.139166666666668,305.0
80.25805555555557,29.139166666666668,304.0
80.25777777777779,29.139166666666668,303.0
80.25750000000001,29.139166666666668,303.0
80.25722222222224,29.139166666666668,303.0
80.25694444444446,29.139166666666668,302.0
80.25666666666667,29.139166666666668,302.0
80.2563888888889,29.13888888888889,304.0
80.25611111111112,29.13861111111111,304.0
80.25583333333334,29.138333333333335,304.0
80.25555555555556,29.138055555555557,305.0
80.25527777777779,29.137777777777778,305.0
80.25500000000001,29.1375,305.0
80.25472222222223,29.137222222222224,305.0
80.25444444444446,29.136944444444445,304.0
80.25416666666668,29.136666666666667,304.0
80.2538888888889,29.136388888888888,304.0
80.25361111111113,29.136111111111113,304.0
80.25333333333334,29.135833333333334,303.0
80.25305555555556,29.135555555555555,303.0
80.2527777777778,29.13527777777778,302.0
80.25250000000001,29.135,301.0
80.25222222222223,29.134722222222223,300.0
80.25194444444446,29.134444444444444,299.0
80.25166666666668,29.13416666666667,296.0
80.2513888888889,29.13388888888889,295.0
80.25111111111113,29.13361111111111,295.0
80.25083333333335,29.133333333333333,295.0
80.25055555555556,29.133055555555558,295.0
80.25027777777778,29.13277777777778,294.0
80.25000000000001,29.1325,301.0
80.24972222222223,29.13222222222222,302.0
80.24944444444445,29.131944444444446,302.0
80.24916666666668,29.131666666666668,303.0
80.2488888888889,29.13138888888889,304.0
80.24861111111112,29.13111111111111,304.0
80.24833333333335,29.130833333333335,303.0
80.24805555555557,29.130555555555556,301.0
80.24777777777778,29.130277777777778,300.0
80.24750000000002,29.130000000000003,298.0
80.24722222222223,29.129722222222224,298.0
80.24694444444445,29.129444444444445,301.0
80.24666666666668,29.129166666666666,304.0
80.2463888888889,29.12888888888889,305.0
80.24611111111112,29.128611111111113,301.0
80.24583333333335,29.128611111111113,299.0
80.24555555555557,29.128611111111113,295.0
80.24527777777779,29.128611111111113,294.0
80.245,29.128611111111113,294.0
80.24472222222224,29.128611111111113,293.0
80.24444444444445,29.128333333333334,293.0
80.24416666666667,29.128055555555555,293.0
80.2438888888889,29.12777777777778,295.0
80.24361111111112,29.1275,295.0
80.24333333333334,29.127222222222223,294.0
80.24305555555557,29.126944444444444,293.0
80.24277777777779,29.12666666666667,291.0
80.2425,29.12638888888889,289.0
80.24222222222224,29.12611111111111,290.0
80.24194444444446,29.125833333333333,290.0
80.24166666666667,29.125555555555557,290.0
80.2413888888889,29.12527777777778,289.0
80.24111111111112,29.125,289.0
80.24083333333334,29.124722222222225,289.0
80.24055555555557,29.124444444444446,289.0
80.24027777777779,29.124166666666667,289.0
80.24000000000001,29.12388888888889,289.0
80.23972222222223,29.123611111111114,289.0
80.23944444444446,29.123333333333335,288.0
80.23916666666668,29.123055555555556,296.0
80.2388888888889,29.122777777777777,300.0
80.23861111111113,29.122500000000002,298.0
80.23833333333334,29.122222222222224,296.0
80.23805555555556,29.121944444444445,293.0
80.2377777777778,29.121944444444445,294.0
80.23750000000001,29.121944444444445,293.0
80.23722222222223,29.121944444444445,297.0
80.23694444444446,29.121944444444445,305.0
80.23666666666668,29.121666666666666,293.0
80.2363888888889,29.121666666666666,299.0
80.23611111111113,29.12138888888889,293.0
80.23583333333335,29.12138888888889,294.0
80.23555555555556,29.12138888888889,294.0
80.23527777777778,29.12138888888889,296.0
80.23500000000001,29.12138888888889,298.0
80.23472222222223,29.12138888888889,302.0
80.23444444444445,29.12138888888889,301.0
80.23416666666668,29.12138888888889,303.0
80.2338888888889,29.121111111111112,291.0
80.23361111111112,29.121111111111112,291.0
80.23333333333335,29.121111111111112,292.0
80.23305555555557,29.121111111111112,292.0
80.23277777777778,29.121111111111112,292.0
80.23250000000002,29.121111111111112,293.0
80.23222222222223,29.121111111111112,293.0
80.23194444444445,29.121111111111112,294.0
80.23166666666668,29.121111111111112,295.0
80.2313888888889,29.121111111111112,296.0
80.23111111111112,29.121111111111112,299.0
80.23083333333335,29.121111111111112,297.0
80.23055555555557,29.121111111111112,294.0
80.23027777777779,29.121111111111112,291.0
80.23,29.121111111111112,291.0
80.22972222222224,29.121111111111112,290.0
80.22944444444445,29.121111111111112,290.0
80.22916666666667,29.121111111111112,286.0
80.2288888888889,29.121111111111112,287.0
80.22861111111112,29.121111111111112,290.0
80.22833333333334,29.121111111111112,290.0
80.22805555555557,29.121111111111112,288.0
80.22777777777779,29.121111111111112,287.0
80.2275,29.121111111111112,289.0
80.22722222222224,29.121111111111112,288.0
80.22694444444446,29.121111111111112,286.0
80.22666666666667,29.121111111111112,289.0
80.2263888888889,29.121111111111112,290.0
80.22611111111112,29.121111111111112,289.0
80.22583333333334,29.121111111111112,287.0
80.22555555555557,29.121111111111112,284.0
80.22527777777779,29.121111111111112,281.0
80.22500000000001,29.121111111111112,281.0
80.22472222222223,29.121111111111112,281.0
80.22444444444446,29.121111111111112,281.0
80.22416666666668,29.121111111111112,281.0
80.2238888888889,29.121111111111112,281.0
80.22361111111113,29.121111111111112,281.0
80.22333333333334,29.121111111111112,281.0
80.22305555555556,29.121111111111112,284.0
80.2227777777778,29.121111111111112,284.0
80.22250000000001,29.121111111111112,280.0
80.22222222222223,29.121111111111112,280.0
80.22194444444446,29.121111111111112,280.0
80.22166666666668,29.121111111111112,280.0
80.2213888888889,29.121111111111112,283.0
80.22111111111113,29.121111111111112,283.0
80.22083333333335,29.121111111111112,280.0
80.22055555555556,29.121111111111112,280.0
80.2202777777778,29.121111111111112,279.0
80.22000000000001,29.121111111111112,279.0
80.21972222222223,29.121111111111112,279.0
80.21944444444445,29.121111111111112,279.0
80.21916666666668,29.121111111111112,279.0
80.2188888888889,29.121111111111112,279.0
80.21861111111112,29.121111111111112,279.0
80.21833333333335,29.121111111111112,279.0
80.21805555555557,29.121111111111112,279.0
80.21777777777778,29.121111111111112,279.0
80.21750000000002,29.121111111111112,279.0
80.21722222222223,29.121111111111112,278.0
80.21694444444445,29.121111111111112,278.0
80.21666666666668,29.121111111111112,278.0
80.2163888888889,29.121111111111112,278.0
80.21611111111112,29.121111111111112,278.0
80.21583333333335,29.121111111111112,278.0
80.21555555555557,29.121111111111112,278.0
80.21527777777779,29.121111111111112,278.0
80.21500000000002,29.121111111111112,282.0
80.21472222222224,29.121111111111112,284.0
80.21444444444445,29.121111111111112,286.0
80.21416666666667,29.121111111111112,287.0
80.2138888888889,29.121111111111112,288.0
80.21361111111112,29.121111111111112,294.0
80.21333333333334,29.121111111111112,304.0
80.21305555555557,29.12138888888889,290.0
80.21277777777779,29.12138888888889,294.0
80.2125,29.12138888888889,295.0
80.21222222222224,29.12138888888889,292.0
80.21194444444446,29.12138888888889,288.0
80.21166666666667,29.12138888888889,286.0
80.2113888888889,29.12138888888889,286.0
80.21111111111112,29.12138888888889,294.0
80.21083333333334,29.12138888888889,298.0
80.21055555555557,29.12138888888889,299.0
80.21027777777779,29.121666666666666,296.0
80.21000000000001,29.121944444444445,302.0
80.20972222222224,29.122222222222224,305.0
80.20944444444446,29.122222222222224,297.0
80.20916666666668,29.122222222222224,290.0
80.2088888888889,29.122222222222224,285.0
80.20861111111113,29.122500000000002,288.0
80.20833333333334,29.122777777777777,294.0
80.20805555555556,29.123055555555556,286.0
80.20777777777779,29.123333333333335,286.0
80.20750000000001,29.123611111111114,289.0
80.20722222222223,29.12388888888889,288.0
80.20694444444446,29.124166666666667,287.0
80.20666666666668,29.124444444444446,297.0
80.2063888888889,29.124722222222225,297.0
80.20611111111113,29.125,298.0
80.20583333333335,29.12527777777778,297.0
80.20555555555556,29.125555555555557,299.0
80.2052777777778,29.125833333333333,294.0
80.2052777777778,29.12611111111111,286.0
80.2052777777778,29.12638888888889,288.0
80.20500000000001,29.12666666666667,287.0
80.20472222222223,29.126944444444444,285.0
80.20472222222223,29.127222222222223,283.0
80.20472222222223,29.1275,287.0
80.20444444444446,29.12777777777778,288.0
80.20444444444446,29.128055555555555,287.0
80.20444444444446,29.128333333333334,288.0
80.20416666666668,29.128611111111113,288.0
80.2038888888889,29.12888888888889,287.0
80.20361111111112,29.129166666666666,285.0
80.20333333333335,29.129444444444445,286.0
80.20305555555557,29.129722222222224,288.0
80.20277777777778,29.130000000000003,288.0
80.20250000000001,29.130000000000003,283.0
80.20222222222223,29.130000000000003,280.0
80.20194444444445,29.130000000000003,281.0
80.20166666666668,29.130277777777778,279.0
80.2013888888889,29.130277777777778,275.0
80.20111111111112,29.130277777777778,275.0
80.20083333333335,29.130277777777778,275.0
80.20055555555557,29.130277777777778,275.0
80.20027777777779,29.130555555555556,275.0
80.20000000000002,29.130833333333335,274.0
80.19972222222223,29.130555555555556,274.0
80.19944444444445,29.130555555555556,274.0
80.19916666666668,29.130555555555556,274.0
80.1988888888889,29.130555555555556,274.0
80.19861111111112,29.130555555555556,274.0
80.19833333333334,29.130555555555556,274.0
80.19805555555557,29.130555555555556,274.0
80.19777777777779,29.130555555555556,274.0
80.1975,29.130555555555556,274.0
80.19722222222224,29.130555555555556,274.0
80.19694444444445,29.130555555555556,274.0
80.19666666666667,29.130555555555556,274.0
80.1963888888889,29.130833333333335,274.0
80.19611111111112,29.13111111111111,274.0
80.19583333333334,29.13138888888889,274.0
80.19555555555557,29.131666666666668,273.0
80.19527777777779,29.131666666666668,273.0
80.19500000000001,29.131666666666668,273.0
80.19472222222224,29.131666666666668,273.0
80.19444444444446,29.131666666666668,273.0
80.19416666666667,29.131666666666668,273.0
80.1938888888889,29.131666666666668,273.0
80.19361111111112,29.131666666666668,273.0
80.19333333333334,29.131666666666668,273.0
80.19305555555556,29.131944444444446,273.0
80.19277777777779,29.131944444444446,273.0
80.19250000000001,29.13222222222222,273.0
80.19222222222223,29.13222222222222,273.0
80.19194444444446,29.1325,273.0
80.19166666666668,29.1325,273.0
80.1913888888889,29.13277777777778,273.0
80.19111111111113,29.133055555555558,272.0
80.19083333333334,29.133055555555558,272.0
80.19055555555556,29.133333333333333,272.0
80.1902777777778,29.133333333333333,272.0
80.19000000000001,29.13361111111111,272.0
80.18972222222223,29.13388888888889,272.0
80.18944444444446,29.13388888888889,272.0
80.18916666666668,29.13416666666667,272.0
80.1888888888889,29.134444444444444,272.0
80.18861111111113,29.134722222222223,272.0
80.18833333333335,29.135,272.0
80.18805555555556,29.13527777777778,272.0
80.18777777777778,29.135555555555555,272.0
80.18750000000001,29.135833333333334,271.0
80.18722222222223,29.135833333333334,271.0
80.18694444444445,29.135833333333334,271.0
80.18666666666668,29.136111111111113,271.0
80.1863888888889,29.136388888888888,271.0
80.18611111111112,29.136666666666667,271.0
80.18583333333335,29.136666666666667,271.0
80.18555555555557,29.136666666666667,271.0
80.18527777777778,29.136944444444445,271.0
80.18500000000002,29.136944444444445,271.0
80.18472222222223,29.136944444444445,271.0
80.18444444444445,29.136944444444445,271.0
80.18416666666668,29.136944444444445,271.0
80.1838888888889,29.136944444444445,271.0
80.18361111111112,29.136944444444445,271.0
80.18333333333335,29.136944444444445,270.0
80.18305555555557,29.136666666666667,270.0
80.18277777777779,29.136388888888888,270.0
80.1825,29.136111111111113,270.0
80.18222222222224,29.135833333333334,270.0
80.18194444444445,29.135555555555555,270.0
80.18166666666667,29.13527777777778,270.0
80.1813888888889,29.135,270.0
80.18111111111112,29.134722222222223,270.0
80.18083333333334,29.134444444444444,270.0
80.18055555555557,29.13416666666667,269.0
80.18055555555557,29.13388888888889,269.0
80.18055555555557,29.13361111111111,269.0
80.18055555555557,29.133333333333333,269.0
80.18055555555557,29.133055555555558,269.0
80.18027777777779,29.13277777777778,269.0
80.18027777777779,29.1325,269.0
80.18,29.13222222222222,269.0
80.18,29.131944444444446,269.0
80.18027777777779,29.131666666666668,269.0
80.18027777777779,29.13138888888889,269.0
80.18055555555557,29.13111111111111,269.0
80.18055555555557,29.130833333333335,269.0
80.18055555555557,29.130555555555556,269.0
80.18027777777779,29.130277777777778,268.0
80.18027777777779,29.130000000000003,268.0
80.18,29.129722222222224,268.0
80.17972222222224,29.129722222222224,268.0
80.17944444444446,29.129444444444445,268.0
80.17916666666667,29.129166666666666,268.0
80.1788888888889,29.12888888888889,268.0
80.17861111111112,29.128611111111113,268.0
80.17833333333334,29.128333333333334,268.0
80.17805555555557,29.128055555555555,268.0
80.17777777777779,29.12777777777778,268.0
80.17750000000001,29.1275,268.0
80.17722222222223,29.127222222222223,267.0
80.17694444444446,29.127222222222223,267.0
80.17666666666668,29.127222222222223,267.0
80.1763888888889,29.127222222222223,267.0
80.17611111111113,29.127222222222223,267.0
80.17583333333334,29.127222222222223,267.0
80.17555555555556,29.127222222222223,267.0
80.1752777777778,29.126944444444444,267.0
80.17500000000001,29.126944444444444,267.0
80.17472222222223,29.126944444444444,267.0
80.17444444444446,29.126944444444444,267.0
80.17416666666668,29.126944444444444,267.0
80.1738888888889,29.126944444444444,267.0
80.17361111111113,29.126944444444444,267.0
80.17333333333335,29.126944444444444,267.0
80.17305555555556,29.126944444444444,267.0
80.17277777777778,29.126944444444444,266.0
80.17250000000001,29.126944444444444,266.0
80.17222222222223,29.126944444444444,266.0
80.17194444444445,29.126944444444444,266.0
80.17166666666668,29.126944444444444,266.0
80.1713888888889,29.126944444444444,266.0
80.17111111111112,29.126944444444444,266.0
80.17083333333335,29.126944444444444,266.0
80.17055555555557,29.126944444444444,266.0
80.17027777777778,29.126944444444444,266.0
80.17000000000002,29.126944444444444,266.0
80.16972222222223,29.126944444444444,266.0
80.16944444444445,29.126944444444444,266.0
80.16916666666668,29.126944444444444,266.0
80.1688888888889,29.126944444444444,266.0
80.16861111111112,29.12666666666667,266.0
80.16833333333335,29.12638888888889,265.0
80.16805555555557,29.12638888888889,265.0
80.16777777777779,29.12611111111111,265.0
80.1675,29.125833333333333,265.0
80.16722222222224,29.125555555555557,265.0
80.16694444444445,29.12527777777778,265.0
80.16666666666667,29.125,265.0
80.1663888888889,29.124722222222225,265.0
80.1663888888889,29.124444444444446,265.0
80.1663888888889,29.124166666666667,265.0
80.1663888888889,29.12388888888889,265.0
80.1663888888889,29.123611111111114,265.0
80.1663888888889,29.123333333333335,264.0
80.16666666666667,29.123055555555556,264.0
80.16666666666667,29.122777777777777,264.0
80.16666666666667,29.122500000000002,264.0
80.16666666666667,29.122222222222224,264.0
80.16666666666667,29.121944444444445,264.0
80.16666666666667,29.121666666666666,264.0
80.16666666666667,29.12138888888889,264.0
80.16666666666667,29.121111111111112,264.0
80.16666666666667,29.120833333333334,264.0
80.16666666666667,29.120555555555555,264.0
80.16666666666667,29.12027777777778,264.0
80.16666666666667,29.12,264.0
80.1663888888889,29.119722222222222,264.0
80.16611111111112,29.119444444444447,263.0
80.16611111111112,29.11916666666667,263.0
80.16611111111112,29.11888888888889,263.0
80.16611111111112,29.11861111111111,263.0
80.16611111111112,29.118333333333336,263.0
80.16611111111112,29.118055555555557,263.0
80.16583333333334,29.11777777777778,263.0
80.16555555555557,29.1175,263.0
80.16527777777779,29.117222222222225,263.0
80.165,29.116944444444446,263.0
80.16472222222224,29.116666666666667,263.0
80.16444444444446,29.11638888888889,263.0
80.16416666666667,29.116111111111113,262.0
80.1638888888889,29.116111111111113,262.0
80.16361111111112,29.115833333333335,262.0
80.16333333333334,29.115833333333335,262.0
80.16305555555557,29.115555555555556,262.0
80.16277777777779,29.115555555555556,262.0
80.16250000000001,29.115277777777777,262.0
80.16222222222223,29.115277777777777,262.0
80.16194444444446,29.115277777777777,262.0
80.16166666666668,29.115000000000002,262.0
80.1613888888889,29.114722222222223,262.0
80.16111111111113,29.114444444444445,262.0
80.16083333333334,29.114166666666666,262.0
80.16055555555556,29.11388888888889,262.0
80.1602777777778,29.113611111111112,261.0
80.16000000000001,29.113611111111112,261.0
80.15972222222223,29.113611111111112,261.0
80.15944444444446,29.113611111111112,261.0
80.15916666666668,29.113611111111112,261.0
80.1588888888889,29.113611111111112,261.0
80.15861111111113,29.113611111111112,261.0
80.15833333333335,29.113611111111112,261.0
80.15805555555556,29.113333333333333,261.0
80.1577777777778,29.113055555555555,261.0
80.15750000000001,29.11277777777778,261.0
80.15722222222223,29.1125,261.0
80.15694444444445,29.112222222222222,261.0
80.15666666666668,29.111944444444447,261.0
80.1563888888889,29.111666666666668,260.0
80.15611111111112,29.111666666666668,260.0
80.15583333333335,29.111666666666668,260.0
80.15555555555557,29.111666666666668,260.0
80.15527777777778,29.111666666666668,260.0
80.15500000000002,29.11138888888889,260.0
80.15472222222223,29.11111111111111,260.0
80.15444444444445,29.110833333333336,260.0
80.15416666666668,29.110555555555557,260.0
80.1538888888889,29.110277777777778,260.0
80.15361111111112,29.11,260.0
80.15333333333335,29.109722222222224,260.0
80.15305555555557,29.109444444444446,260.0
80.15277777777779,29.109166666666667,259.0
80.15250000000002,29.108888888888888,259.0
80.15222222222224,29.108611111111113,259.0
80.15194444444445,29.108333333333334,259.0
80.15166666666667,29.108055555555556,259.0
80.1513888888889,29.107777777777777,259.0
80.15111111111112,29.1075,259.0
80.15083333333334,29.107222222222223,259.0
80.15055555555557,29.106944444444444,259.0
80.15027777777779,29.10666666666667,259.0
80.15,29.10666666666667,259.0
80.14972222222224,29.10638888888889,259.0
80.14944444444446,29.10611111111111,258.0
80.14916666666667,29.10611111111111,258.0
80.1488888888889,29.10611111111111,258.0
80.14861111111112,29.10611111111111,258.0
80.14833333333334,29.10611111111111,258.0
80.14805555555557,29.105833333333333,258.0
80.14777777777779,29.105833333333333,258.0
80.14750000000001,29.105555555555558,258.0
80.14722222222224,29.10527777777778,258.0
80.14694444444446,29.105,258.0
80.14666666666668,29.10472222222222,258.0
80.1463888888889,29.104444444444447,258.0
80.14611111111113,29.104166666666668,258.0
80.14583333333334,29.10388888888889,257.0
80.14555555555556,29.10361111111111,257.0
80.14527777777779,29.103333333333335,257.0
80.14500000000001,29.103055555555557,257.0
80.14472222222223,29.102777777777778,257.0
80.14444444444446,29.1025,257.0
80.14416666666668,29.102222222222224,257.0
80.1438888888889,29.101944444444445,257.0
80.14361111111113,29.101666666666667,257.0
80.14333333333335,29.10138888888889,257.0
80.14305555555556,29.101111111111113,257.0
80.1427777777778,29.100833333333334,256.0
80.14250000000001,29.100833333333334,256.0
80.14222222222223,29.100833333333334,256.0
80.14194444444446,29.100833333333334,256.0
80.14166666666668,29.100833333333334,256.0
80.1413888888889,29.100555555555555,256.0
80.14111111111112,29.10027777777778,256.0
80.14083333333335,29.1,256.0
80.14055555555557,29.099722222222223,256.0
80.14027777777778,29.099444444444444,256.0
80.14000000000001,29.09916666666667,256.0
80.13972222222223,29.09888888888889,256.0
80.13944444444445,29.09861111111111,256.0
80.13916666666668,29.098333333333333,255.0
80.1388888888889,29.098333333333333,255.0
80.13861111111112,29.098333333333333,255.0
80.13833333333335,29.098333333333333,255.0
80.13805555555557,29.098333333333333,255.0
80.13777777777779,29.098333333333333,255.0
80.13750000000002,29.098333333333333,255.0
80.13722222222223,29.098055555555558,255.0
80.13694444444445,29.09777777777778,255.0
80.13666666666668,29.0975,254.0
80.1363888888889,29.0975,254.0
80.13611111111112,29.0975,254.0
80.13583333333334,29.0975,254.0
80.13555555555557,29.0975,254.0
80.13527777777779,29.0975,254.0
80.135,29.0975,254.0
80.13472222222224,29.0975,254.0
80.13444444444445,29.0975,254.0
80.13416666666667,29.0975,254.0
80.1338888888889,29.0975,254.0
80.13361111111112,29.09722222222222,253.0
80.13333333333334,29.096944444444446,253.0
80.13333333333334,29.096666666666668,253.0
80.13333333333334,29.09638888888889,253.0
80.13305555555557,29.096111111111114,253.0
80.13305555555557,29.095833333333335,253.0
80.13277777777779,29.095555555555556,253.0
80.13250000000001,29.095277777777778,253.0
80.13222222222224,29.095000000000002,253.0
80.13194444444446,29.094722222222224,252.0
80.13166666666667,29.094444444444445,252.0
80.1313888888889,29.094166666666666,252.0
80.1313888888889,29.09388888888889,252.0
80.13111111111112,29.093611111111112,252.0
80.13083333333334,29.093333333333334,251.0
80.13055555555556,29.093055555555555,251.0
80.13027777777779,29.09277777777778,251.0
80.13000000000001,29.0925,251.0
80.12972222222223,29.092222222222222,251.0
80.12944444444446,29.091944444444444,251.0
80.12916666666668,29.09166666666667,251.0
80.12916666666668,29.09138888888889,250.0
80.1288888888889,29.09138888888889,250.0
80.12861111111113,29.09111111111111,250.0
80.12833333333334,29.090833333333336,250.0
80.12805555555556,29.090555555555557,250.0
80.1277777777778,29.09027777777778,250.0
80.12750000000001,29.09,250.0
80.12722222222223,29.089722222222225,249.0
80.12694444444446,29.089722222222225,249.0
80.12666666666668,29.089444444444446,249.0
80.1263888888889,29.089166666666667,249.0
80.12611111111113,29.08888888888889,249.0
80.12583333333335,29.088611111111113,249.0
80.12555555555556,29.088333333333335,249.0
80.12527777777778,29.088055555555556,249.0
80.12500000000001,29.087777777777777,248.0
80.12500000000001,29.087500000000002,248.0
80.12500000000001,29.087222222222223,248.0
80.12472222222223,29.086944444444445,248.0
80.12444444444445,29.086666666666666,248.0
80.12416666666668,29.08638888888889,248.0
80.1238888888889,29.086111111111112,248.0
80.12361111111112,29.085833333333333,247.0
80.12333333333335,29.085833333333333,247.0
80.12305555555557,29.08555555555556,247.0
80.12277777777778,29.08527777777778,247.0
80.12250000000002,29.085,247.0
80.12222222222223,29.084722222222222,247.0
80.12194444444445,29.084444444444443,247.0
80.12194444444445,29.08416666666667,247.0
80.12166666666668,29.08388888888889,246.0
80.12166666666668,29.08361111111111,246.0
80.12166666666668,29.083333333333336,246.0
80.12166666666668,29.083055555555557,246.0
80.12166666666668,29.08277777777778,246.0
80.1213888888889,29.0825,246.0
80.12111111111112,29.082222222222224,246.0
80.12083333333335,29.081944444444446,246.0
80.12055555555557,29.081666666666667,246.0
80.12027777777779,29.08138888888889,245.0
80.12027777777779,29.081111111111113,245.0
80.12027777777779,29.080833333333334,245.0
80.12027777777779,29.080555555555556,245.0
80.12055555555557,29.080277777777777,245.0
80.12055555555557,29.080000000000002,245.0
80.12055555555557,29.079722222222223,245.0
80.12055555555557,29.079444444444444,245.0
80.12055555555557,29.079166666666666,245.0
80.12055555555557,29.07888888888889,245.0
80.12055555555557,29.078611111111112,245.0
80.12055555555557,29.078333333333333,245.0
80.12055555555557,29.078055555555558,245.0
80.12055555555557,29.07777777777778,245.0
80.12055555555557,29.0775,245.0
80.12055555555557,29.077222222222222,245.0
80.12055555555557,29.076944444444447,245.0
80.12055555555557,29.076666666666668,245.0
80.12055555555557,29.07638888888889,245.0
80.12055555555557,29.07611111111111,245.0
80.12055555555557,29.075833333333335,245.0
80.12055555555557,29.075555555555557,245.0
80.12055555555557,29.075277777777778,245.0
80.12055555555557,29.075,245.0
80.12055555555557,29.074722222222224,245.0
80.12055555555557,29.074444444444445,245.0
80.12055555555557,29.074166666666667,245.0
80.12055555555557,29.073888888888888,245.0
80.12055555555557,29.073611111111113,245.0
80.12055555555557,29.073333333333334,245.0
80.12055555555557,29.073055555555555,245.0
80.12055555555557,29.07277777777778,245.0
80.12055555555557,29.0725,245.0
80.12055555555557,29.072222222222223,245.0
80.12055555555557,29.071944444444444,245.0
80.12055555555557,29.07166666666667,245.0
80.12055555555557,29.07138888888889,245.0
80.12055555555557,29.07111111111111,245.0
80.12055555555557,29.070833333333333,245.0
80.12083333333335,29.070555555555558,245.0
80.12111111111112,29.07027777777778,245.0
80.1213888888889,29.07,245.0
80.12166666666668,29.06972222222222,245.0
80.12194444444445,29.069444444444446,245.0
80.12222222222223,29.069166666666668,245.0
80.12250000000002,29.06888888888889,245.0
80.12277777777778,29.06861111111111,245.0
80.12277777777778,29.068333333333335,245.0
80.12305555555557,29.068055555555556,245.0
80.12333333333335,29.067777777777778,245.0
80.12361111111112,29.067500000000003,245.0
80.1238888888889,29.067222222222224,245.0
80.1238888888889,29.066944444444445,245.0
80.12416666666668,29.066666666666666,245.0
80.12416666666668,29.06638888888889,245.0
80.12444444444445,29.066111111111113,245.0
80.12472222222223,29.065833333333334,245.0
80.12500000000001,29.065555555555555,245.0
80.12527777777778,29.06527777777778,245.0
80.12555555555556,29.065,245.0
80.12583333333335,29.064722222222223,245.0
80.12611111111113,29.064444444444444,245.0
80.1263888888889,29.06416666666667,245.0
80.12666666666668,29.06388888888889,245.0
