longitude,latitude,elevation
79.0713888888889,31.128333333333337,3567.0
79.07111111111112,31.12805555555556,3566.0
79.07083333333334,31.12805555555556,3564.0
79.07055555555557,31.12777777777778,3561.0
79.07055555555557,31.127500000000005,3563.0
79.07027777777779,31.127222222222223,3564.0
79.07027777777779,31.126944444444447,3562.0
79.07000000000001,31.126666666666672,3560.0
79.06972222222223,31.126666666666672,3559.0
79.06944444444446,31.126666666666672,3560.0
79.06916666666667,31.126666666666672,3559.0
79.06888888888889,31.126388888888897,3557.0
79.06861111111112,31.126111111111115,3556.0
79.06833333333334,31.126111111111115,3555.0
79.06805555555556,31.126111111111115,3554.0
79.06777777777779,31.126111111111115,3555.0
79.06750000000001,31.125833333333336,3554.0
79.06722222222223,31.125833333333336,3553.0
79.06694444444446,31.125833333333336,3553.0
79.06666666666668,31.125833333333336,3552.0
79.0663888888889,31.125833333333336,3552.0
79.06611111111113,31.12555555555556,3551.0
79.06583333333334,31.12555555555556,3551.0
79.06555555555556,31.125277777777782,3550.0
79.0652777777778,31.125000000000004,3550.0
79.06500000000001,31.125000000000004,3549.0
79.06472222222223,31.125000000000004,3549.0
79.06444444444446,31.124722222222225,3548.0
79.06416666666668,31.124722222222225,3547.0
79.0638888888889,31.124722222222225,3547.0
79.06361111111111,31.12444444444445,3547.0
79.06333333333335,31.12444444444445,3546.0
79.06305555555556,31.12416666666667,3545.0
79.06277777777778,31.123888888888892,3545.0
79.06250000000001,31.123888888888892,3545.0
79.06222222222223,31.123611111111114,3544.0
79.06194444444445,31.12333333333334,3544.0
79.06166666666668,31.12333333333334,3543.0
79.0613888888889,31.12333333333334,3544.0
79.06111111111112,31.12333333333334,3544.0
79.06083333333335,31.12333333333334,3542.0
79.06055555555557,31.12333333333334,3542.0
79.06027777777778,31.12333333333334,3541.0
79.06000000000002,31.12333333333334,3543.0
79.05972222222223,31.12305555555556,3541.0
79.05944444444445,31.12277777777778,3539.0
79.05916666666667,31.12277777777778,3538.0
79.0588888888889,31.1225,3537.0
79.05861111111112,31.1225,3536.0
79.05833333333334,31.1225,3536.0
79.05805555555557,31.1225,3535.0
79.05777777777779,31.1225,3534.0
79.0575,31.122222222222227,3534.0
79.05722222222224,31.122222222222227,3533.0
79.05694444444445,31.122222222222227,3533.0
79.05666666666667,31.12194444444445,3532.0
79.0563888888889,31.12166666666667,3532.0
79.05611111111112,31.12166666666667,3531.0
79.05583333333334,31.12166666666667,3531.0
79.05555555555557,31.121388888888895,3530.0
79.05527777777779,31.121388888888895,3529.0
79.055,31.121388888888895,3530.0
79.05472222222224,31.121111111111116,3530.0
79.05444444444446,31.120833333333337,3528.0
79.05416666666667,31.12055555555556,3528.0
79.05388888888889,31.12055555555556,3526.0
79.05361111111112,31.12055555555556,3527.0
79.05333333333334,31.120277777777783,3526.0
79.05305555555556,31.120277777777783,3525.0
79.05277777777779,31.120277777777783,3525.0
79.05250000000001,31.120277777777783,3525.0
79.05222222222223,31.120277777777783,3525.0
79.05194444444446,31.120277777777783,3524.0
79.05166666666668,31.120277777777783,3523.0
79.0513888888889,31.120277777777783,3522.0
79.05111111111113,31.120277777777783,3523.0
79.05083333333334,31.120000000000005,3522.0
79.05055555555556,31.120000000000005,3522.0
79.0502777777778,31.120000000000005,3521.0
79.05000000000001,31.120000000000005,3521.0
79.04972222222223,31.120000000000005,3521.0
79.04944444444446,31.120000000000005,3521.0
79.04916666666668,31.120000000000005,3521.0
79.0488888888889,31.119722222222222,3521.0
79.04861111111111,31.119722222222222,3521.0
79.04833333333335,31.119722222222222,3520.0
79.04805555555556,31.119722222222222,3518.0
79.04777777777778,31.119722222222222,3517.0
79.04750000000001,31.119722222222222,3515.0
79.04722222222223,31.119722222222222,3514.0
79.04694444444445,31.119722222222222,3514.0
79.04666666666668,31.119722222222222,3514.0
79.0463888888889,31.119722222222222,3514.0
79.04611111111112,31.119722222222222,3513.0
79.04583333333335,31.119722222222222,3511.0
79.04555555555557,31.119722222222222,3511.0
79.04527777777778,31.119722222222222,3511.0
79.04500000000002,31.119722222222222,3511.0
79.04472222222223,31.119722222222222,3509.0
79.04444444444445,31.119722222222222,3507.0
79.04416666666668,31.119722222222222,3509.0
79.0438888888889,31.120000000000005,3511.0
79.04361111111112,31.120000000000005,3510.0
79.04333333333334,31.120000000000005,3510.0
79.04305555555557,31.119722222222222,3508.0
79.04277777777779,31.119722222222222,3507.0
79.0425,31.119722222222222,3506.0
79.04222222222224,31.119722222222222,3506.0
79.04194444444445,31.120000000000005,3505.0
79.04166666666667,31.120000000000005,3503.0
79.0413888888889,31.120000000000005,3502.0
79.04111111111112,31.120000000000005,3504.0
79.04083333333334,31.120277777777783,3505.0
79.04055555555557,31.120277777777783,3504.0
79.04027777777779,31.120277777777783,3502.0
79.04,31.120277777777783,3501.0
79.03972222222224,31.120277777777783,3503.0
79.03944444444446,31.120277777777783,3503.0
79.03916666666667,31.120000000000005,3500.0
79.0388888888889,31.120000000000005,3499.0
79.03861111111112,31.120000000000005,3498.0
79.03833333333334,31.120000000000005,3498.0
79.03805555555556,31.120000000000005,3498.0
79.03777777777779,31.120000000000005,3498.0
79.03750000000001,31.120000000000005,3496.0
79.03722222222223,31.120000000000005,3495.0
79.03694444444446,31.120000000000005,3495.0
79.03666666666668,31.119722222222222,3496.0
79.0363888888889,31.119722222222222,3494.0
79.03611111111113,31.119722222222222,3495.0
79.03583333333334,31.119444444444447,3493.0
79.03555555555556,31.119444444444447,3495.0
79.0352777777778,31.119444444444447,3495.0
79.03500000000001,31.119444444444447,3493.0
79.03472222222223,31.119444444444447,3492.0
79.03444444444446,31.119444444444447,3490.0
79.03416666666668,31.119444444444447,3490.0
79.0338888888889,31.119444444444447,3492.0
79.03361111111113,31.119166666666672,3491.0
79.03333333333335,31.119166666666672,3490.0
79.03305555555556,31.119444444444447,3487.0
79.03277777777778,31.119444444444447,3486.0
79.03250000000001,31.119722222222222,3485.0
79.03222222222223,31.120000000000005,3485.0
79.03194444444445,31.120000000000005,3484.0
79.03166666666668,31.120000000000005,3484.0
79.0313888888889,31.120000000000005,3483.0
79.03111111111112,31.120000000000005,3483.0
79.03083333333335,31.120000000000005,3482.0
79.03055555555557,31.120000000000005,3482.0
79.03027777777778,31.120277777777783,3481.0
79.03000000000002,31.120277777777783,3481.0
79.02972222222223,31.120277777777783,3480.0
79.02944444444445,31.120277777777783,3480.0
79.02916666666668,31.120277777777783,3480.0
79.0288888888889,31.120277777777783,3479.0
79.02861111111112,31.120277777777783,3479.0
79.02833333333335,31.120277777777783,3478.0
79.02805555555557,31.120277777777783,3478.0
79.02777777777779,31.120277777777783,3478.0
79.0275,31.120277777777783,3478.0
79.02722222222224,31.120277777777783,3478.0
79.02694444444445,31.120277777777783,3477.0
79.02666666666667,31.120277777777783,3477.0
79.0263888888889,31.120277777777783,3477.0
79.02611111111112,31.120277777777783,3477.0
79.02583333333334,31.120277777777783,3477.0
79.02555555555557,31.120277777777783,3477.0
79.02527777777779,31.120277777777783,3477.0
79.025,31.120277777777783,3478.0
79.02472222222224,31.120277777777783,3479.0
79.02444444444446,31.120000000000005,3475.0
79.02416666666667,31.120000000000005,3477.0
79.0238888888889,31.119722222222222,3474.0
79.02361111111112,31.119722222222222,3479.0
79.02333333333334,31.119444444444447,3475.0
79.02305555555557,31.119444444444447,3477.0
79.02277777777779,31.119444444444447,3478.0
79.02250000000001,31.119444444444447,3479.0
79.02222222222223,31.119444444444447,3480.0
79.02194444444446,31.119166666666672,3472.0
79.02166666666668,31.119166666666672,3472.0
79.0213888888889,31.119166666666672,3472.0
79.02111111111113,31.119166666666672,3475.0
79.02083333333334,31.118888888888893,3478.0
79.02055555555556,31.118888888888893,3480.0
79.02027777777779,31.118888888888893,3473.0
79.02000000000001,31.118888888888893,3469.0
79.01972222222223,31.118888888888893,3465.0
79.01944444444446,31.119166666666672,3464.0
79.01916666666668,31.119166666666672,3463.0
79.0188888888889,31.119166666666672,3463.0
79.01861111111113,31.119166666666672,3463.0
79.01833333333335,31.119166666666672,3462.0
79.01805555555556,31.118888888888893,3461.0
79.0177777777778,31.118888888888893,3460.0
79.01750000000001,31.118888888888893,3460.0
79.01722222222223,31.118611111111115,3459.0
79.01722222222223,31.118333333333336,3459.0
79.01722222222223,31.11805555555556,3458.0
79.01694444444445,31.11805555555556,3458.0
79.01666666666668,31.117777777777786,3458.0
79.0163888888889,31.117500000000003,3457.0
79.0163888888889,31.117222222222225,3457.0
79.01611111111112,31.11694444444445,3455.0
79.01583333333335,31.11666666666667,3455.0
79.01555555555557,31.116388888888892,3456.0
79.01555555555557,31.116111111111113,3455.0
79.01555555555557,31.115833333333335,3454.0
79.01527777777778,31.11555555555556,3453.0
79.01500000000001,31.11527777777778,3453.0
79.01472222222223,31.11527777777778,3453.0
79.01444444444445,31.11527777777778,3453.0
79.01416666666668,31.11527777777778,3453.0
79.0138888888889,31.11527777777778,3452.0
79.01361111111112,31.11527777777778,3453.0
79.01333333333335,31.11527777777778,3453.0
79.01305555555557,31.11500000000001,3452.0
79.01277777777779,31.114722222222227,3451.0
79.01250000000002,31.114444444444448,3450.0
79.01222222222223,31.11416666666667,3449.0
79.01194444444445,31.113888888888894,3449.0
79.01166666666667,31.113611111111116,3448.0
79.0113888888889,31.113333333333337,3448.0
79.01111111111112,31.11305555555556,3447.0
79.01083333333334,31.112777777777783,3447.0
79.01055555555557,31.112500000000004,3448.0
79.01027777777779,31.112222222222226,3449.0
79.01,31.111944444444447,3446.0
79.00972222222224,31.111944444444447,3448.0
79.00944444444445,31.111944444444447,3440.0
79.00916666666667,31.111944444444447,3448.0
79.0088888888889,31.112222222222226,3449.0
79.00861111111112,31.112500000000004,3442.0
79.00833333333334,31.112500000000004,3452.0
79.00805555555557,31.112500000000004,3453.0
79.00777777777779,31.112777777777783,3444.0
79.00750000000001,31.11305555555556,3437.0
79.00722222222223,31.11305555555556,3447.0
79.00694444444446,31.113333333333337,3445.0
79.00666666666667,31.113333333333337,3450.0
79.00638888888889,31.113611111111116,3442.0
79.00611111111112,31.113611111111116,3452.0
79.00583333333334,31.113888888888894,3438.0
79.00555555555556,31.113888888888894,3439.0
79.00527777777779,31.113888888888894,3437.0
79.00500000000001,31.113888888888894,3435.0
79.00472222222223,31.113888888888894,3436.0
79.00444444444446,31.113888888888894,3445.0
79.00416666666668,31.113888888888894,3452.0
79.0038888888889,31.11416666666667,3427.0
79.00361111111113,31.11416666666667,3434.0
79.00333333333334,31.11416666666667,3451.0
79.00305555555556,31.11416666666667,3453.0
79.0027777777778,31.11416666666667,3440.0
79.00250000000001,31.11416666666667,3426.0
79.00222222222223,31.11416666666667,3427.0
79.00194444444446,31.11416666666667,3425.0
79.00166666666668,31.11416666666667,3426.0
79.0013888888889,31.11416666666667,3429.0
79.00111111111111,31.11416666666667,3434.0
79.00083333333335,31.113888888888894,3411.0
79.00055555555556,31.113611111111116,3420.0
79.00027777777778,31.113333333333337,3435.0
79.00000000000001,31.11305555555556,3444.0
78.99972222222223,31.112777777777783,3440.0
78.99944444444445,31.112500000000004,3423.0
78.99916666666668,31.112222222222226,3401.0
78.9988888888889,31.111944444444447,3399.0
78.99861111111112,31.111944444444447,3396.0
78.99833333333335,31.111944444444447,3393.0
78.99805555555557,31.111944444444447,3392.0
78.99777777777778,31.111944444444447,3389.0
78.99750000000002,31.111944444444447,3387.0
78.99722222222223,31.111944444444447,3387.0
78.99694444444445,31.111944444444447,3385.0
78.99666666666667,31.111944444444447,3384.0
78.9963888888889,31.11166666666667,3385.0
78.99611111111112,31.11166666666667,3381.0
78.99583333333334,31.11166666666667,3384.0
78.99555555555557,31.111388888888893,3381.0
78.99527777777779,31.111388888888893,3378.0
78.995,31.11111111111111,3377.0
78.99472222222224,31.11111111111111,3376.0
78.99444444444445,31.110833333333336,3372.0
78.99416666666667,31.110833333333336,3370.0
78.9938888888889,31.11055555555556,3369.0
78.99361111111112,31.11055555555556,3367.0
78.99333333333334,31.11055555555556,3368.0
78.99305555555557,31.11027777777778,3365.0
78.99277777777779,31.11027777777778,3366.0
78.9925,31.11027777777778,3366.0
78.99222222222224,31.110000000000003,3364.0
78.99194444444446,31.110000000000003,3363.0
78.99166666666667,31.110000000000003,3365.0
78.99138888888889,31.110000000000003,3366.0
78.99111111111112,31.109722222222228,3363.0
78.99083333333334,31.110000000000003,3360.0
78.99055555555556,31.110000000000003,3353.0
78.99027777777779,31.110000000000003,3352.0
78.99000000000001,31.110000000000003,3350.0
78.98972222222223,31.110000000000003,3350.0
78.98944444444446,31.110000000000003,3347.0
78.98916666666668,31.110000000000003,3345.0
78.9888888888889,31.110000000000003,3346.0
78.98861111111113,31.109722222222228,3342.0
78.98833333333334,31.109722222222228,3341.0
78.98805555555556,31.109722222222228,3338.0
78.9877777777778,31.109722222222228,3337.0
78.98750000000001,31.110000000000003,3336.0
78.98722222222223,31.110000000000003,3333.0
78.98694444444446,31.110000000000003,3332.0
78.98666666666668,31.110000000000003,3331.0
78.9863888888889,31.110000000000003,3332.0
78.98611111111111,31.110000000000003,3333.0
78.98583333333335,31.110000000000003,3336.0
78.98555555555556,31.110000000000003,3329.0
78.98527777777778,31.110000000000003,3329.0
78.98500000000001,31.110000000000003,3330.0
78.98472222222223,31.110000000000003,3329.0
78.98444444444445,31.110000000000003,3324.0
78.98416666666668,31.110000000000003,3319.0
78.9838888888889,31.110000000000003,3324.0
78.98361111111112,31.110000000000003,3337.0
78.98333333333335,31.110000000000003,3321.0
78.98305555555557,31.11027777777778,3313.0
78.98277777777778,31.11027777777778,3312.0
78.98250000000002,31.11027777777778,3313.0
78.98222222222223,31.11027777777778,3314.0
78.98194444444445,31.11027777777778,3312.0
78.98166666666668,31.110000000000003,3309.0
78.9813888888889,31.110000000000003,3301.0
78.98111111111112,31.110000000000003,3295.0
78.98083333333334,31.110000000000003,3298.0
78.98055555555557,31.110000000000003,3298.0
78.98027777777779,31.110000000000003,3300.0
78.98,31.110000000000003,3300.0
78.97972222222224,31.110000000000003,3304.0
78.97944444444445,31.110000000000003,3303.0
78.97916666666667,31.110000000000003,3302.0
78.9788888888889,31.110000000000003,3296.0
78.97861111111112,31.110000000000003,3293.0
78.97833333333334,31.109722222222228,3285.0
78.97805555555557,31.109722222222228,3286.0
78.97777777777779,31.109722222222228,3287.0
78.9775,31.109722222222228,3288.0
78.97722222222224,31.109722222222228,3283.0
78.97694444444446,31.109722222222228,3287.0
78.97666666666667,31.109722222222228,3281.0
78.9763888888889,31.109722222222228,3278.0
78.97611111111112,31.109722222222228,3280.0
78.97583333333334,31.109722222222228,3277.0
78.97555555555556,31.109722222222228,3272.0
78.97527777777779,31.109722222222228,3277.0
78.97500000000001,31.109722222222228,3283.0
78.97472222222223,31.109722222222228,3287.0
78.97444444444446,31.109722222222228,3292.0
78.97416666666668,31.10944444444445,3279.0
78.9738888888889,31.10944444444445,3292.0
78.97361111111113,31.10916666666667,3288.0
78.97333333333334,31.10888888888889,3282.0
78.97305555555556,31.108611111111117,3274.0
78.9727777777778,31.108333333333334,3268.0
78.97250000000001,31.10805555555556,3265.0
78.97222222222223,31.10777777777778,3263.0
78.97194444444446,31.107500000000005,3262.0
78.97166666666668,31.107222222222227,3272.0
78.9713888888889,31.106944444444448,3286.0
78.97111111111113,31.10666666666667,3291.0
78.97083333333335,31.106388888888898,3295.0
78.97055555555556,31.106111111111115,3287.0
78.97027777777778,31.105833333333337,3284.0
78.97000000000001,31.105833333333337,3275.0
78.96972222222223,31.10555555555556,3270.0
78.96944444444445,31.105277777777783,3260.0
78.96916666666668,31.105277777777783,3248.0
78.96916666666668,31.105000000000004,3250.0
78.9688888888889,31.104722222222225,3249.0
78.9688888888889,31.10444444444445,3251.0
78.9688888888889,31.10416666666667,3254.0
78.96861111111112,31.103888888888893,3255.0
78.96833333333335,31.10361111111111,3253.0
78.96805555555557,31.10333333333334,3250.0
78.96777777777778,31.10305555555556,3253.0
78.96750000000002,31.10277777777778,3254.0
78.96722222222223,31.102500000000003,3251.0
78.96694444444445,31.102222222222228,3246.0
78.96694444444445,31.10194444444445,3244.0
78.96694444444445,31.10166666666667,3239.0
78.96694444444445,31.10138888888889,3228.0
78.96694444444445,31.101111111111116,3223.0
78.96694444444445,31.100833333333338,3217.0
78.96694444444445,31.10055555555556,3215.0
78.96694444444445,31.10027777777778,3214.0
78.96694444444445,31.100000000000005,3214.0
78.96694444444445,31.099722222222223,3212.0
78.96694444444445,31.099444444444448,3204.0
78.96694444444445,31.09916666666667,3194.0
78.96694444444445,31.098888888888897,3191.0
78.96694444444445,31.098611111111115,3191.0
78.96694444444445,31.098333333333336,3195.0
78.96694444444445,31.09805555555556,3198.0
78.96694444444445,31.097777777777782,3199.0
78.96694444444445,31.097500000000004,3196.0
78.96694444444445,31.097222222222225,3193.0
78.96694444444445,31.09694444444445,3191.0
78.96694444444445,31.09666666666667,3193.0
78.96694444444445,31.096388888888892,3199.0
78.96722222222223,31.096111111111114,3196.0
78.96722222222223,31.09583333333334,3200.0
78.96750000000002,31.09555555555556,3199.0
78.96750000000002,31.09527777777778,3202.0
78.96777777777778,31.095,3203.0
78.96777777777778,31.094722222222227,3203.0
78.96777777777778,31.09444444444445,3202.0
78.96777777777778,31.09416666666667,3200.0
78.96777777777778,31.09388888888889,3194.0
78.96777777777778,31.093611111111116,3192.0
78.96777777777778,31.093333333333337,3190.0
78.96777777777778,31.09305555555556,3187.0
78.96777777777778,31.092777777777783,3190.0
78.96777777777778,31.092500000000005,3194.0
78.96777777777778,31.092222222222222,3199.0
78.96777777777778,31.091944444444447,3203.0
78.96777777777778,31.091666666666672,3200.0
78.96777777777778,31.091388888888893,3197.0
78.96750000000002,31.091111111111115,3195.0
78.96750000000002,31.090833333333336,3192.0
78.96750000000002,31.09055555555556,3191.0
78.96750000000002,31.090277777777786,3189.0
78.96750000000002,31.090000000000003,3191.0
78.96750000000002,31.089722222222225,3192.0
78.96750000000002,31.08944444444445,3188.0
78.96750000000002,31.08916666666667,3190.0
78.96722222222223,31.088888888888892,3186.0
78.96694444444445,31.088611111111113,3186.0
78.96666666666668,31.08833333333334,3185.0
78.9663888888889,31.08805555555556,3187.0
78.96611111111112,31.08777777777778,3193.0
78.96583333333335,31.08750000000001,3190.0
78.96583333333335,31.087222222222227,3188.0
78.96555555555557,31.08694444444445,3190.0
78.96555555555557,31.08666666666667,3185.0
78.96527777777779,31.08666666666667,3186.0
78.965,31.086388888888894,3179.0
78.96472222222224,31.086111111111116,3177.0
78.96444444444445,31.085833333333337,3175.0
78.96416666666667,31.08555555555556,3180.0
78.9638888888889,31.085277777777783,3186.0
78.96361111111112,31.085000000000004,3189.0
78.96333333333334,31.084722222222226,3187.0
78.96305555555557,31.084444444444447,3185.0
78.96277777777779,31.084166666666672,3184.0
78.9625,31.084166666666672,3178.0
78.9625,31.083888888888893,3176.0
78.96222222222224,31.083888888888893,3171.0
78.96194444444446,31.08361111111111,3173.0
78.96166666666667,31.083333333333336,3176.0
78.96166666666667,31.08305555555556,3172.0
78.9613888888889,31.082777777777785,3168.0
78.96111111111112,31.082777777777785,3172.0
78.96083333333334,31.082500000000003,3166.0
78.96055555555557,31.082500000000003,3167.0
78.96027777777779,31.082500000000003,3169.0
78.96000000000001,31.082222222222224,3169.0
78.95972222222223,31.082222222222224,3174.0
78.95944444444446,31.08194444444445,3172.0
78.95916666666668,31.08166666666667,3167.0
78.9588888888889,31.081388888888892,3164.0
78.95916666666668,31.081111111111117,3161.0
78.95916666666668,31.080833333333334,3155.0
78.9588888888889,31.08055555555556,3151.0
78.95861111111113,31.08027777777778,3147.0
78.95833333333334,31.080000000000005,3143.0
78.95805555555556,31.079722222222227,3137.0
78.95805555555556,31.079444444444448,3134.0
78.95777777777779,31.07916666666667,3132.0
78.95777777777779,31.078888888888898,3133.0
78.95777777777779,31.078611111111115,3131.0
78.95750000000001,31.078333333333337,3128.0
78.95750000000001,31.07805555555556,3126.0
78.95750000000001,31.077777777777783,3124.0
78.95750000000001,31.077500000000004,3124.0
78.95722222222223,31.077222222222225,3123.0
78.95694444444446,31.076944444444447,3123.0
78.95666666666668,31.07666666666667,3120.0
78.95666666666668,31.076388888888893,3120.0
78.9563888888889,31.07611111111111,3119.0
78.95611111111113,31.07583333333334,3118.0
78.95583333333335,31.07611111111111,3117.0
78.95555555555556,31.07611111111111,3116.0
78.9552777777778,31.07611111111111,3116.0
78.95500000000001,31.07583333333334,3116.0
78.95500000000001,31.07555555555556,3115.0
78.95472222222223,31.07555555555556,3115.0
78.95444444444445,31.07527777777778,3115.0
78.95416666666668,31.075000000000003,3114.0
78.9538888888889,31.074722222222228,3113.0
78.9538888888889,31.07444444444445,3113.0
78.95361111111112,31.07416666666667,3113.0
78.95333333333335,31.07388888888889,3110.0
78.95305555555557,31.073611111111116,3108.0
78.95277777777778,31.073333333333338,3108.0
78.95250000000001,31.07305555555556,3107.0
78.95222222222223,31.07277777777778,3107.0
78.95194444444445,31.072500000000005,3107.0
78.95166666666668,31.072222222222223,3106.0
78.9513888888889,31.071944444444448,3104.0
78.95111111111112,31.07166666666667,3106.0
78.95083333333335,31.071388888888897,3106.0
78.95055555555557,31.071111111111115,3106.0
78.95027777777779,31.070833333333336,3102.0
78.95000000000002,31.07055555555556,3105.0
78.94972222222223,31.070277777777783,3109.0
78.94944444444445,31.070000000000004,3114.0
78.94916666666667,31.069722222222225,3115.0
78.9488888888889,31.06944444444445,3111.0
78.94861111111112,31.06916666666667,3104.0
78.94861111111112,31.068888888888893,3101.0
78.94861111111112,31.06861111111111,3100.0
78.94861111111112,31.06833333333334,3089.0
78.94861111111112,31.06805555555556,3086.0
78.94861111111112,31.06777777777778,3084.0
78.94861111111112,31.067500000000003,3083.0
78.94861111111112,31.067222222222227,3083.0
78.94833333333334,31.06694444444445,3081.0
78.94805555555557,31.06666666666667,3086.0
78.94777777777779,31.06638888888889,3090.0
78.9475,31.066111111111116,3091.0
78.94722222222224,31.065833333333337,3090.0
78.94694444444445,31.06555555555556,3080.0
78.94666666666667,31.06527777777778,3068.0
78.94666666666667,31.065000000000005,3064.0
78.94666666666667,31.064722222222223,3063.0
78.9463888888889,31.064444444444447,3059.0
78.94611111111112,31.064166666666672,3062.0
78.94583333333334,31.063888888888897,3061.0
78.94555555555557,31.063611111111115,3063.0
78.94527777777779,31.063333333333336,3060.0
78.94500000000001,31.06305555555556,3056.0
78.94472222222223,31.062777777777782,3052.0
78.94472222222223,31.062500000000004,3049.0
78.94444444444446,31.062500000000004,3047.0
78.94416666666667,31.062222222222225,3046.0
78.94388888888889,31.06194444444445,3045.0
78.94361111111112,31.06166666666667,3045.0
78.94333333333334,31.061388888888892,3046.0
78.94305555555556,31.061111111111114,3048.0
78.94277777777779,31.06083333333334,3046.0
78.94250000000001,31.06083333333334,3045.0
78.94222222222223,31.06083333333334,3043.0
78.94194444444446,31.06083333333334,3041.0
78.94166666666668,31.06083333333334,3044.0
78.9413888888889,31.06055555555556,3045.0
78.94111111111113,31.06027777777778,3049.0
78.94083333333334,31.06027777777778,3049.0
78.94055555555556,31.06,3046.0
78.94055555555556,31.059722222222227,3042.0
78.9402777777778,31.05944444444445,3042.0
78.94000000000001,31.05916666666667,3039.0
78.93972222222223,31.058888888888895,3036.0
78.93944444444446,31.058611111111116,3033.0
78.93916666666668,31.058333333333337,3025.0
78.9388888888889,31.05805555555556,3017.0
78.93861111111111,31.057777777777783,3012.0
78.93861111111111,31.057500000000005,3010.0
78.93833333333335,31.057222222222222,3008.0
78.93833333333335,31.056944444444447,3004.0
78.93805555555556,31.056666666666672,3003.0
78.93777777777778,31.056388888888893,2997.0
78.93750000000001,31.056111111111115,2997.0
78.93722222222223,31.056111111111115,2996.0
78.93694444444445,31.055833333333336,2994.0
78.93666666666668,31.055833333333336,2993.0
78.9363888888889,31.055833333333336,2992.0
78.93611111111112,31.05555555555556,2991.0
78.93583333333335,31.055277777777786,2988.0
78.93555555555557,31.055000000000003,2985.0
78.93527777777778,31.055000000000003,2983.0
78.93500000000002,31.055000000000003,2983.0
78.93472222222223,31.054722222222225,2981.0
78.93444444444445,31.05444444444445,2978.0
78.93416666666667,31.05416666666667,2982.0
78.9338888888889,31.053888888888892,2981.0
78.93361111111112,31.053888888888892,2979.0
78.93333333333334,31.053611111111117,2977.0
78.93305555555557,31.053333333333335,2974.0
78.93277777777779,31.05305555555556,2972.0
78.9325,31.05305555555556,2968.0
78.9325,31.05277777777778,2968.0
78.93222222222224,31.05250000000001,2967.0
78.93194444444445,31.052222222222227,2971.0
78.93166666666667,31.051944444444448,2971.0
78.9313888888889,31.05166666666667,2967.0
78.93111111111112,31.051388888888894,2966.0
78.93083333333334,31.051111111111116,2966.0
78.93083333333334,31.050833333333337,2964.0
78.93055555555557,31.05055555555556,2964.0
78.93027777777779,31.050277777777783,2964.0
78.93,31.050000000000004,2963.0
78.92972222222224,31.049722222222226,2961.0
78.92944444444446,31.049444444444447,2958.0
78.92916666666667,31.04916666666667,2957.0
78.92888888888889,31.04916666666667,2954.0
78.92861111111112,31.04916666666667,2952.0
78.92833333333334,31.04916666666667,2951.0
78.92805555555556,31.048888888888893,2947.0
78.92777777777779,31.04861111111111,2951.0
78.92750000000001,31.048333333333336,2956.0
78.92722222222223,31.04805555555556,2955.0
78.92694444444446,31.04777777777778,2952.0
78.92666666666668,31.04777777777778,2955.0
78.9263888888889,31.047500000000003,2950.0
78.92611111111113,31.047222222222228,2946.0
78.92583333333334,31.04694444444445,2938.0
78.92555555555556,31.04666666666667,2935.0
78.9252777777778,31.04638888888889,2945.0
78.92500000000001,31.046111111111117,2955.0
78.92472222222223,31.045833333333334,2955.0
78.92444444444446,31.04555555555556,2940.0
78.92416666666668,31.04527777777778,2921.0
78.9238888888889,31.04527777777778,2913.0
78.92361111111111,31.04527777777778,2910.0
78.92333333333335,31.04527777777778,2909.0
78.92305555555556,31.045000000000005,2905.0
78.92277777777778,31.045000000000005,2906.0
78.92250000000001,31.045000000000005,2907.0
78.92222222222223,31.044722222222227,2905.0
78.92194444444445,31.044722222222227,2905.0
78.92166666666668,31.044722222222227,2906.0
78.9213888888889,31.044444444444448,2901.0
78.92111111111112,31.044444444444448,2906.0
78.92083333333335,31.04416666666667,2905.0
78.92055555555557,31.043888888888898,2896.0
78.92027777777778,31.043888888888898,2898.0
78.92000000000002,31.043888888888898,2903.0
78.91972222222223,31.043888888888898,2907.0
78.91944444444445,31.043611111111115,2897.0
78.91916666666668,31.043611111111115,2897.0
78.9188888888889,31.043611111111115,2899.0
78.91861111111112,31.043611111111115,2909.0
78.91833333333334,31.043333333333337,2908.0
78.91805555555557,31.043333333333337,2909.0
78.91777777777779,31.043333333333337,2908.0
78.9175,31.04305555555556,2908.0
78.91722222222224,31.04305555555556,2906.0
78.91694444444445,31.04305555555556,2900.0
78.91666666666667,31.04305555555556,2894.0
78.9163888888889,31.04305555555556,2892.0
78.91611111111112,31.04305555555556,2892.0
78.91583333333334,31.04305555555556,2896.0
78.91555555555557,31.04305555555556,2895.0
78.91527777777779,31.04305555555556,2892.0
78.915,31.04305555555556,2896.0
78.91472222222224,31.04305555555556,2898.0
78.91444444444446,31.04305555555556,2903.0
78.91416666666667,31.043333333333337,2906.0
78.9138888888889,31.043611111111115,2907.0
78.91361111111112,31.043611111111115,2904.0
78.91333333333334,31.043888888888898,2889.0
78.91305555555556,31.043888888888898,2869.0
78.91277777777779,31.043888888888898,2863.0
78.91250000000001,31.043888888888898,2872.0
78.91222222222223,31.043888888888898,2875.0
78.91194444444446,31.04416666666667,2869.0
78.91166666666668,31.044444444444448,2862.0
78.9113888888889,31.044722222222227,2855.0
78.91111111111113,31.044722222222227,2848.0
78.91083333333334,31.044722222222227,2842.0
78.91055555555556,31.044722222222227,2834.0
78.9102777777778,31.044722222222227,2832.0
78.91000000000001,31.044722222222227,2835.0
78.90972222222223,31.044722222222227,2840.0
78.90944444444446,31.044722222222227,2838.0
78.90916666666668,31.044722222222227,2838.0
78.9088888888889,31.044722222222227,2844.0
78.90861111111113,31.044444444444448,2840.0
78.90833333333335,31.044444444444448,2829.0
78.90805555555556,31.044444444444448,2836.0
78.90777777777778,31.04416666666667,2832.0
78.90750000000001,31.04416666666667,2828.0
78.90722222222223,31.043888888888898,2831.0
78.90694444444445,31.043888888888898,2828.0
78.90666666666668,31.043888888888898,2830.0
78.9063888888889,31.043611111111115,2826.0
78.90611111111112,31.043611111111115,2827.0
78.90583333333335,31.043611111111115,2832.0
78.90555555555557,31.043333333333337,2832.0
78.90527777777778,31.04305555555556,2829.0
78.90500000000002,31.04305555555556,2832.0
78.90472222222223,31.042777777777783,2825.0
78.90444444444445,31.042777777777783,2828.0
78.90416666666668,31.042500000000004,2825.0
78.9038888888889,31.042500000000004,2825.0
78.90361111111112,31.042500000000004,2829.0
78.90333333333335,31.042222222222225,2819.0
78.90305555555557,31.042222222222225,2821.0
78.90277777777779,31.042222222222225,2827.0
78.9025,31.042222222222225,2830.0
78.90222222222224,31.04194444444445,2807.0
78.90194444444445,31.04194444444445,2817.0
78.90166666666667,31.04194444444445,2819.0
78.9013888888889,31.04194444444445,2828.0
78.90111111111112,31.04166666666667,2816.0
78.90083333333334,31.04166666666667,2825.0
78.90055555555557,31.041388888888893,2808.0
78.90027777777779,31.041388888888893,2811.0
78.9,31.041388888888893,2813.0
78.89972222222224,31.041388888888893,2822.0
78.89944444444446,31.041388888888893,2824.0
78.89916666666667,31.041388888888893,2818.0
78.8988888888889,31.041388888888893,2816.0
78.89861111111112,31.041388888888893,2821.0
78.89833333333334,31.041388888888893,2825.0
78.89805555555557,31.04111111111111,2795.0
78.89777777777779,31.04111111111111,2810.0
78.89750000000001,31.04111111111111,2825.0
78.89722222222223,31.04083333333334,2809.0
78.89694444444446,31.04083333333334,2806.0
78.89666666666668,31.04083333333334,2803.0
78.8963888888889,31.04083333333334,2803.0
78.89611111111113,31.04083333333334,2810.0
78.89583333333334,31.04083333333334,2823.0
78.89555555555556,31.04055555555556,2794.0
78.89527777777779,31.04055555555556,2800.0
78.89500000000001,31.04055555555556,2811.0
78.89472222222223,31.04055555555556,2825.0
78.89444444444446,31.04027777777778,2807.0
78.89416666666668,31.04027777777778,2808.0
78.8938888888889,31.04027777777778,2814.0
78.89361111111113,31.04027777777778,2817.0
78.89333333333335,31.04027777777778,2820.0
78.89305555555556,31.04027777777778,2820.0
78.8927777777778,31.04027777777778,2816.0
78.89250000000001,31.04027777777778,2807.0
78.89222222222223,31.04027777777778,2804.0
78.89194444444445,31.04027777777778,2797.0
78.89166666666668,31.04027777777778,2786.0
78.8913888888889,31.04027777777778,2776.0
78.89111111111112,31.04027777777778,2765.0
78.89083333333335,31.04027777777778,2756.0
78.89055555555557,31.04027777777778,2756.0
78.89027777777778,31.04027777777778,2754.0
78.89000000000001,31.04027777777778,2754.0
78.88972222222223,31.04027777777778,2751.0
78.88944444444445,31.04027777777778,2752.0
78.88916666666668,31.04027777777778,2749.0
78.8888888888889,31.04027777777778,2754.0
78.88861111111112,31.04027777777778,2749.0
78.88833333333335,31.04027777777778,2756.0
78.88805555555557,31.040000000000003,2745.0
78.88777777777779,31.039722222222228,2745.0
78.88750000000002,31.03944444444445,2746.0
78.88722222222223,31.03916666666667,2752.0
78.88694444444445,31.03888888888889,2768.0
78.88666666666667,31.038611111111116,2789.0
78.8863888888889,31.038333333333338,2820.0
78.88611111111112,31.03805555555556,2821.0
78.88583333333334,31.03777777777778,2813.0
78.88555555555557,31.037500000000005,2796.0
78.88527777777779,31.037222222222223,2769.0
78.885,31.036944444444448,2747.0
78.88472222222224,31.03666666666667,2729.0
78.88444444444445,31.036388888888897,2737.0
78.88416666666667,31.036111111111115,2764.0
78.8838888888889,31.035833333333336,2786.0
78.88361111111112,31.03555555555556,2805.0
78.88333333333334,31.035277777777782,2819.0
78.88305555555557,31.035000000000004,2820.0
78.88277777777779,31.034722222222225,2820.0
78.88250000000001,31.03444444444445,2822.0
78.88222222222223,31.03416666666667,2815.0
78.88194444444446,31.033888888888892,2808.0
78.88166666666667,31.033611111111114,2803.0
78.88138888888889,31.03333333333334,2798.0
78.88111111111112,31.03305555555556,2788.0
78.88083333333334,31.03305555555556,2812.0
78.88055555555556,31.03305555555556,2825.0
78.88027777777779,31.03277777777778,2785.0
78.88000000000001,31.03277777777778,2801.0
78.87972222222223,31.0325,2799.0
78.87944444444446,31.032222222222227,2801.0
78.87916666666668,31.03194444444445,2806.0
78.8788888888889,31.03166666666667,2818.0
78.87861111111113,31.03166666666667,2830.0
78.87833333333334,31.03138888888889,2825.0
78.87805555555556,31.031111111111116,2816.0
78.8777777777778,31.031111111111116,2826.0
78.87750000000001,31.031111111111116,2831.0
78.87722222222223,31.031111111111116,2832.0
78.87694444444446,31.030833333333337,2831.0
78.87666666666668,31.030833333333337,2832.0
78.8763888888889,31.030833333333337,2829.0
78.87611111111111,31.030833333333337,2828.0
78.87611111111111,31.03055555555556,2828.0
78.87583333333335,31.030277777777783,2828.0
78.87583333333335,31.030000000000005,2824.0
78.87555555555556,31.030000000000005,2822.0
78.87527777777778,31.030277777777783,2823.0
78.87500000000001,31.030000000000005,2819.0
78.87472222222223,31.030000000000005,2818.0
78.87444444444445,31.030000000000005,2813.0
78.87416666666668,31.030000000000005,2807.0
78.8738888888889,31.030000000000005,2800.0
78.87361111111112,31.030277777777783,2792.0
78.87333333333335,31.030277777777783,2782.0
78.87305555555557,31.030277777777783,2772.0
78.87277777777778,31.030277777777783,2762.0
78.87250000000002,31.030277777777783,2750.0
78.87222222222223,31.030277777777783,2738.0
78.87194444444445,31.030277777777783,2723.0
78.87166666666667,31.030277777777783,2712.0
78.8713888888889,31.030277777777783,2702.0
78.87111111111112,31.030277777777783,2702.0
78.87083333333334,31.030277777777783,2708.0
78.87055555555557,31.030277777777783,2713.0
78.87027777777779,31.030277777777783,2716.0
78.87,31.030277777777783,2728.0
78.86972222222224,31.030000000000005,2736.0
78.86944444444445,31.029722222222222,2749.0
78.86916666666667,31.029722222222222,2756.0
78.8688888888889,31.029722222222222,2750.0
78.86861111111112,31.029722222222222,2746.0
78.86833333333334,31.029444444444447,2745.0
78.86833333333334,31.029166666666672,2746.0
78.86805555555557,31.028888888888893,2746.0
78.86777777777779,31.028888888888893,2742.0
78.8675,31.028888888888893,2739.0
78.86722222222224,31.028888888888893,2737.0
78.86694444444446,31.028888888888893,2735.0
78.86666666666667,31.028888888888893,2735.0
78.86638888888889,31.028888888888893,2728.0
78.86611111111112,31.028888888888893,2693.0
78.86583333333334,31.028888888888893,2654.0
78.86555555555556,31.028888888888893,2641.0
78.86527777777779,31.028888888888893,2638.0
78.86500000000001,31.028888888888893,2642.0
78.86472222222223,31.028888888888893,2650.0
78.86444444444446,31.029166666666672,2642.0
78.86416666666668,31.029444444444447,2642.0
78.8638888888889,31.029722222222222,2645.0
78.86361111111113,31.030000000000005,2643.0
78.86333333333334,31.030000000000005,2649.0
78.86305555555556,31.030277777777783,2639.0
78.8627777777778,31.03055555555556,2642.0
78.86250000000001,31.030833333333337,2639.0
78.86222222222223,31.031111111111116,2647.0
78.86194444444446,31.03138888888889,2649.0
78.86166666666668,31.03166666666667,2653.0
78.8613888888889,31.03194444444445,2651.0
78.86111111111111,31.032222222222227,2626.0
78.86083333333335,31.0325,2626.0
78.86055555555556,31.03277777777778,2621.0
78.86027777777778,31.03305555555556,2615.0
78.86000000000001,31.03333333333334,2619.0
78.85972222222223,31.033611111111114,2626.0
78.85944444444445,31.033611111111114,2624.0
78.85916666666668,31.033888888888892,2616.0
78.8588888888889,31.033888888888892,2619.0
78.85861111111112,31.03416666666667,2617.0
78.85833333333335,31.03416666666667,2620.0
78.85805555555557,31.03416666666667,2622.0
78.85777777777778,31.03416666666667,2624.0
78.85750000000002,31.03444444444445,2624.0
78.85722222222223,31.03444444444445,2617.0
78.85694444444445,31.03444444444445,2607.0
78.85666666666668,31.03444444444445,2606.0
78.8563888888889,31.034722222222225,2598.0
78.85611111111112,31.034722222222225,2606.0
78.85583333333334,31.034722222222225,2612.0
78.85555555555557,31.035000000000004,2615.0
78.85527777777779,31.035000000000004,2603.0
78.855,31.035000000000004,2600.0
78.85472222222224,31.035000000000004,2608.0
78.85444444444445,31.035277777777782,2610.0
78.85416666666667,31.035277777777782,2610.0
78.8538888888889,31.03555555555556,2610.0
78.85361111111112,31.035833333333336,2610.0
78.85333333333334,31.036111111111115,2610.0
78.85333333333334,31.036388888888897,2601.0
78.85305555555557,31.036388888888897,2597.0
78.85277777777779,31.03666666666667,2605.0
78.8525,31.036944444444448,2605.0
78.8525,31.037222222222223,2601.0
78.85222222222224,31.037222222222223,2594.0
78.85194444444446,31.037222222222223,2596.0
78.85166666666667,31.037500000000005,2592.0
78.8513888888889,31.03777777777778,2591.0
78.85111111111112,31.03805555555556,2585.0
78.85083333333334,31.038333333333338,2581.0
78.85055555555556,31.038611111111116,2587.0
78.85027777777779,31.03888888888889,2600.0
78.85000000000001,31.03916666666667,2598.0
78.84972222222223,31.03916666666667,2588.0
78.84944444444446,31.03916666666667,2587.0
78.84916666666668,31.03916666666667,2594.0
78.8488888888889,31.03944444444445,2582.0
78.84861111111113,31.039722222222228,2581.0
78.84833333333334,31.040000000000003,2578.0
78.84805555555556,31.04027777777778,2584.0
78.8477777777778,31.04055555555556,2588.0
78.84750000000001,31.04083333333334,2585.0
78.84722222222223,31.04111111111111,2586.0
78.84694444444446,31.04111111111111,2592.0
78.84666666666668,31.041388888888893,2591.0
78.8463888888889,31.04166666666667,2596.0
78.84611111111113,31.04166666666667,2596.0
78.84583333333335,31.04194444444445,2584.0
78.84555555555556,31.04194444444445,2589.0
78.84527777777778,31.042222222222225,2578.0
78.84500000000001,31.042222222222225,2582.0
78.84472222222223,31.042222222222225,2593.0
78.84444444444445,31.042500000000004,2576.0
78.84416666666668,31.042500000000004,2584.0
78.8438888888889,31.042500000000004,2587.0
78.84361111111112,31.042777777777783,2586.0
78.84333333333335,31.042777777777783,2594.0
78.84305555555557,31.042777777777783,2596.0
78.84277777777778,31.042777777777783,2592.0
78.84250000000002,31.04305555555556,2591.0
78.84222222222223,31.04305555555556,2588.0
78.84194444444445,31.04305555555556,2581.0
78.84166666666668,31.04305555555556,2575.0
78.8413888888889,31.04305555555556,2572.0
78.84111111111112,31.04305555555556,2579.0
78.84083333333335,31.043333333333337,2580.0
78.84055555555557,31.043333333333337,2578.0
78.84027777777779,31.043333333333337,2570.0
78.84,31.043333333333337,2559.0
78.83972222222224,31.043333333333337,2556.0
78.83944444444445,31.043333333333337,2565.0
78.83916666666667,31.043611111111115,2557.0
78.8388888888889,31.043888888888898,2558.0
78.83861111111112,31.04416666666667,2553.0
78.83833333333334,31.04416666666667,2564.0
78.83805555555557,31.044444444444448,2556.0
78.83777777777779,31.044722222222227,2562.0
78.8375,31.044722222222227,2562.0
78.83722222222224,31.045000000000005,2552.0
78.83694444444446,31.045000000000005,2553.0
78.83666666666667,31.045000000000005,2552.0
78.8363888888889,31.045000000000005,2555.0
78.83611111111112,31.045000000000005,2556.0
78.83583333333334,31.045000000000005,2556.0
78.83555555555557,31.045000000000005,2556.0
78.83527777777779,31.045000000000005,2554.0
78.83500000000001,31.045000000000005,2552.0
78.83472222222223,31.045000000000005,2550.0
78.83444444444446,31.045000000000005,2548.0
78.83416666666668,31.045000000000005,2548.0
78.8338888888889,31.045000000000005,2548.0
78.83361111111113,31.045000000000005,2549.0
78.83333333333334,31.045000000000005,2552.0
78.83305555555556,31.045000000000005,2547.0
78.83277777777779,31.045000000000005,2546.0
78.83250000000001,31.045000000000005,2547.0
78.83222222222223,31.045000000000005,2546.0
78.83194444444446,31.045000000000005,2548.0
78.83166666666668,31.045000000000005,2548.0
78.8313888888889,31.045000000000005,2548.0
78.83111111111113,31.045000000000005,2551.0
78.83083333333335,31.045000000000005,2553.0
78.83055555555556,31.045000000000005,2552.0
78.8302777777778,31.045000000000005,2555.0
78.83000000000001,31.045000000000005,2563.0
78.82972222222223,31.04527777777778,2557.0
78.82944444444445,31.04527777777778,2563.0
78.82916666666668,31.04527777777778,2567.0
78.8288888888889,31.04527777777778,2567.0
78.82861111111112,31.04527777777778,2564.0
78.82833333333335,31.04527777777778,2564.0
78.82805555555557,31.04555555555556,2553.0
78.82777777777778,31.04555555555556,2560.0
78.82750000000001,31.045833333333334,2551.0
78.82722222222223,31.045833333333334,2560.0
78.82694444444445,31.046111111111117,2544.0
78.82666666666668,31.046111111111117,2545.0
78.8263888888889,31.046111111111117,2546.0
78.82611111111112,31.046111111111117,2547.0
78.82583333333335,31.046111111111117,2551.0
78.82555555555557,31.04638888888889,2548.0
78.82527777777779,31.04638888888889,2551.0
78.82500000000002,31.04638888888889,2551.0
78.82472222222223,31.04638888888889,2550.0
78.82444444444445,31.04638888888889,2557.0
78.82416666666667,31.04666666666667,2558.0
78.8238888888889,31.04666666666667,2564.0
78.82361111111112,31.04694444444445,2557.0
78.82333333333334,31.04694444444445,2546.0
78.82305555555557,31.047222222222228,2538.0
78.82277777777779,31.047222222222228,2539.0
78.8225,31.047222222222228,2543.0
78.82222222222224,31.047222222222228,2545.0
78.82194444444445,31.047222222222228,2539.0
78.82166666666667,31.047222222222228,2535.0
78.8213888888889,31.047222222222228,2538.0
78.82111111111112,31.047222222222228,2548.0
78.82083333333334,31.04694444444445,2550.0
78.82055555555557,31.04666666666667,2547.0
78.82027777777779,31.04666666666667,2539.0
78.82000000000001,31.04666666666667,2534.0
78.81972222222223,31.04666666666667,2534.0
78.81944444444446,31.04638888888889,2533.0
78.81916666666667,31.04638888888889,2532.0
78.81888888888889,31.04638888888889,2532.0
78.81861111111112,31.04638888888889,2532.0
78.81833333333334,31.046111111111117,2533.0
78.81805555555556,31.046111111111117,2532.0
78.81777777777779,31.045833333333334,2531.0
78.81750000000001,31.045833333333334,2531.0
78.81722222222223,31.04555555555556,2532.0
78.81694444444446,31.04555555555556,2532.0
78.81666666666668,31.045833333333334,2531.0
78.8163888888889,31.045833333333334,2531.0
78.81611111111113,31.046111111111117,2530.0
78.81583333333334,31.045833333333334,2530.0
78.81555555555556,31.04555555555556,2530.0
78.8152777777778,31.04555555555556,2530.0
78.81500000000001,31.04555555555556,2530.0
78.81472222222223,31.045833333333334,2530.0
78.81444444444446,31.045833333333334,2528.0
78.81416666666668,31.045833333333334,2528.0
78.8138888888889,31.045833333333334,2528.0
78.81361111111111,31.045833333333334,2528.0
78.81333333333335,31.045833333333334,2527.0
78.81305555555556,31.045833333333334,2527.0
78.81277777777778,31.045833333333334,2526.0
78.81250000000001,31.045833333333334,2527.0
78.81222222222223,31.045833333333334,2527.0
78.81194444444445,31.045833333333334,2527.0
78.81166666666668,31.045833333333334,2527.0
78.8113888888889,31.04555555555556,2526.0
78.81111111111112,31.04555555555556,2526.0
78.81083333333335,31.04527777777778,2525.0
78.81055555555557,31.04527777777778,2527.0
78.81027777777778,31.045000000000005,2525.0
78.81000000000002,31.045000000000005,2524.0
78.80972222222223,31.045000000000005,2527.0
78.80944444444445,31.045000000000005,2527.0
78.80916666666667,31.044722222222227,2526.0
78.8088888888889,31.044722222222227,2527.0
78.80861111111112,31.044722222222227,2527.0
78.80833333333334,31.044722222222227,2524.0
78.80805555555557,31.044722222222227,2523.0
78.80777777777779,31.044722222222227,2523.0
78.8075,31.044444444444448,2522.0
78.80722222222224,31.044444444444448,2523.0
78.80694444444445,31.04416666666667,2523.0
78.80666666666667,31.04416666666667,2521.0
78.8063888888889,31.04416666666667,2521.0
78.80611111111112,31.04416666666667,2521.0
78.80583333333334,31.043888888888898,2520.0
78.80555555555557,31.043888888888898,2520.0
78.80527777777779,31.043888888888898,2519.0
78.805,31.043888888888898,2521.0
78.80472222222224,31.043611111111115,2520.0
78.80444444444446,31.043333333333337,2521.0
78.80416666666667,31.04305555555556,2520.0
78.80388888888889,31.04305555555556,2520.0
78.80361111111112,31.04305555555556,2520.0
78.80333333333334,31.04305555555556,2520.0
78.80305555555556,31.04305555555556,2520.0
78.80277777777779,31.04305555555556,2520.0
78.80250000000001,31.04305555555556,2520.0
78.80222222222223,31.04305555555556,2520.0
78.80194444444446,31.04305555555556,2520.0
78.80166666666668,31.042777777777783,2519.0
78.8013888888889,31.042777777777783,2520.0
78.80111111111113,31.042777777777783,2520.0
78.80083333333334,31.042777777777783,2518.0
78.80055555555556,31.042777777777783,2516.0
78.8002777777778,31.042777777777783,2517.0
78.80000000000001,31.042500000000004,2517.0
78.79972222222223,31.042222222222225,2517.0
78.79944444444446,31.042222222222225,2517.0
78.79916666666668,31.042222222222225,2517.0
78.7988888888889,31.042222222222225,2516.0
78.79861111111111,31.042500000000004,2517.0
78.79833333333335,31.042222222222225,2516.0
78.79833333333335,31.04194444444445,2517.0
78.79805555555556,31.04166666666667,2517.0
78.79777777777778,31.041388888888893,2517.0
78.79750000000001,31.04111111111111,2516.0
78.79722222222223,31.04111111111111,2515.0
78.79694444444445,31.04111111111111,2515.0
78.79666666666668,31.04111111111111,2515.0
78.7963888888889,31.04111111111111,2514.0
78.79611111111112,31.04083333333334,2513.0
78.79583333333335,31.04055555555556,2513.0
78.79555555555557,31.04055555555556,2513.0
78.79527777777778,31.04083333333334,2513.0
78.79500000000002,31.04083333333334,2512.0
78.79472222222223,31.04083333333334,2512.0
78.79444444444445,31.04083333333334,2512.0
78.79416666666668,31.04083333333334,2512.0
78.7938888888889,31.04083333333334,2512.0
78.79361111111112,31.04083333333334,2512.0
78.79333333333334,31.04083333333334,2511.0
78.79305555555557,31.04083333333334,2511.0
78.79277777777779,31.04083333333334,2511.0
78.7925,31.04083333333334,2511.0
78.79222222222224,31.04083333333334,2511.0
78.79194444444445,31.04083333333334,2511.0
78.79166666666667,31.04083333333334,2511.0
78.7913888888889,31.04111111111111,2511.0
78.79111111111112,31.04111111111111,2511.0
78.79083333333334,31.04111111111111,2510.0
78.79055555555557,31.04083333333334,2510.0
78.79055555555557,31.04055555555556,2510.0
78.79027777777779,31.04027777777778,2509.0
78.79,31.04027777777778,2509.0
78.78972222222224,31.04027777777778,2509.0
78.78944444444446,31.04055555555556,2508.0
78.78916666666667,31.04083333333334,2510.0
78.7888888888889,31.04111111111111,2509.0
78.78861111111112,31.04083333333334,2509.0
78.78833333333334,31.04083333333334,2509.0
78.78805555555556,31.04055555555556,2508.0
78.78777777777779,31.04055555555556,2508.0
78.78750000000001,31.04055555555556,2508.0
78.78722222222223,31.04083333333334,2508.0
78.78694444444446,31.04055555555556,2507.0
78.78666666666668,31.04055555555556,2507.0
78.7863888888889,31.04055555555556,2506.0
78.78611111111113,31.04083333333334,2507.0
78.78583333333334,31.04083333333334,2507.0
78.78555555555556,31.04083333333334,2507.0
78.7852777777778,31.04111111111111,2506.0
78.78500000000001,31.04111111111111,2506.0
78.78472222222223,31.041388888888893,2505.0
78.78444444444446,31.041388888888893,2504.0
78.78416666666668,31.041388888888893,2505.0
78.7838888888889,31.041388888888893,2505.0
78.78361111111113,31.041388888888893,2504.0
78.78333333333335,31.04166666666667,2505.0
78.78305555555556,31.04166666666667,2504.0
78.78277777777778,31.04194444444445,2505.0
78.78250000000001,31.04194444444445,2505.0
78.78222222222223,31.04166666666667,2503.0
78.78194444444445,31.04194444444445,2503.0
78.78166666666668,31.042222222222225,2502.0
78.7813888888889,31.042222222222225,2502.0
78.78111111111112,31.042222222222225,2502.0
78.78083333333335,31.042500000000004,2502.0
78.78055555555557,31.042500000000004,2502.0
78.78027777777778,31.042500000000004,2501.0
78.78000000000002,31.042500000000004,2501.0
78.77972222222223,31.042500000000004,2501.0
78.77944444444445,31.042222222222225,2501.0
78.77916666666668,31.04194444444445,2500.0
78.7788888888889,31.04166666666667,2500.0
78.77861111111112,31.041388888888893,2499.0
78.77833333333335,31.041388888888893,2499.0
78.77805555555557,31.04111111111111,2499.0
78.77777777777779,31.04111111111111,2499.0
78.7775,31.04111111111111,2499.0
78.77722222222224,31.041388888888893,2498.0
78.77694444444445,31.04166666666667,2498.0
78.77666666666667,31.04194444444445,2498.0
78.7763888888889,31.042222222222225,2497.0
78.77611111111112,31.042222222222225,2497.0
78.77583333333334,31.042222222222225,2497.0
78.77555555555557,31.042222222222225,2497.0
78.77527777777779,31.042222222222225,2496.0
78.775,31.042222222222225,2496.0
78.77472222222224,31.042222222222225,2496.0
78.77444444444446,31.042222222222225,2496.0
78.77416666666667,31.042222222222225,2496.0
78.7738888888889,31.042222222222225,2495.0
78.77361111111112,31.042222222222225,2495.0
78.77333333333334,31.042222222222225,2495.0
78.77305555555557,31.042222222222225,2495.0
78.77277777777779,31.04194444444445,2494.0
78.77250000000001,31.04194444444445,2494.0
78.77222222222223,31.04194444444445,2494.0
78.77194444444446,31.04194444444445,2494.0
78.77166666666668,31.04166666666667,2493.0
78.7713888888889,31.04166666666667,2493.0
78.77111111111113,31.04166666666667,2493.0
78.77083333333334,31.04166666666667,2493.0
78.77055555555556,31.04166666666667,2493.0
78.77027777777779,31.04166666666667,2492.0
78.77000000000001,31.04166666666667,2492.0
78.76972222222223,31.04166666666667,2492.0
78.76944444444446,31.041388888888893,2492.0
78.76916666666668,31.041388888888893,2492.0
78.7688888888889,31.041388888888893,2491.0
78.76861111111113,31.041388888888893,2491.0
78.76833333333335,31.04111111111111,2491.0
78.76805555555556,31.04111111111111,2491.0
78.7677777777778,31.04111111111111,2490.0
78.76750000000001,31.04111111111111,2491.0
78.76722222222223,31.04083333333334,2490.0
78.76694444444445,31.04083333333334,2490.0
78.76666666666668,31.04083333333334,2489.0
78.7663888888889,31.04083333333334,2489.0
78.76611111111112,31.04055555555556,2489.0
78.76583333333335,31.04055555555556,2489.0
78.76555555555557,31.04027777777778,2489.0
78.76527777777778,31.040000000000003,2491.0
78.76527777777778,31.039722222222228,2491.0
78.76500000000001,31.03944444444445,2491.0
78.76472222222223,31.03916666666667,2491.0
78.76472222222223,31.03888888888889,2490.0
78.76444444444445,31.03888888888889,2490.0
78.76416666666668,31.038611111111116,2490.0
78.7638888888889,31.038333333333338,2490.0
78.76361111111112,31.038333333333338,2490.0
78.76333333333335,31.038333333333338,2489.0
78.76305555555557,31.038333333333338,2489.0
78.76277777777779,31.03805555555556,2489.0
78.76250000000002,31.03777777777778,2489.0
78.76222222222223,31.03777777777778,2489.0
78.76194444444445,31.03777777777778,2489.0
78.76166666666667,31.03777777777778,2488.0
78.7613888888889,31.03777777777778,2487.0
78.76111111111112,31.037500000000005,2487.0
78.76083333333334,31.037222222222223,2487.0
78.76055555555557,31.036944444444448,2488.0
78.76027777777779,31.036944444444448,2488.0
78.76,31.036944444444448,2487.0
78.75972222222224,31.03666666666667,2488.0
78.75944444444445,31.03666666666667,2488.0
78.75916666666667,31.036388888888897,2488.0
78.7588888888889,31.036111111111115,2486.0
78.75861111111112,31.036111111111115,2486.0
78.75833333333334,31.036111111111115,2487.0
78.75805555555557,31.036111111111115,2488.0
78.75777777777779,31.035833333333336,2487.0
78.75750000000001,31.03555555555556,2488.0
78.75722222222223,31.03555555555556,2487.0
78.75694444444446,31.035833333333336,2485.0
78.75666666666667,31.035833333333336,2484.0
78.75638888888889,31.035833333333336,2485.0
78.75611111111112,31.035833333333336,2484.0
78.75583333333334,31.035833333333336,2484.0
78.75555555555556,31.035833333333336,2484.0
78.75527777777779,31.035833333333336,2485.0
78.75500000000001,31.035833333333336,2485.0
78.75472222222223,31.035833333333336,2485.0
78.75444444444446,31.035833333333336,2484.0
78.75416666666668,31.035833333333336,2485.0
78.7538888888889,31.035833333333336,2484.0
78.75361111111113,31.035833333333336,2484.0
78.75333333333334,31.03555555555556,2484.0
78.75305555555556,31.035277777777782,2486.0
78.7527777777778,31.035000000000004,2486.0
78.75250000000001,31.035000000000004,2484.0
78.75222222222223,31.035000000000004,2486.0
78.75194444444445,31.034722222222225,2482.0
78.75166666666668,31.034722222222225,2484.0
78.7513888888889,31.034722222222225,2486.0
78.75111111111111,31.034722222222225,2485.0
78.75083333333335,31.034722222222225,2482.0
78.75055555555556,31.035000000000004,2486.0
78.75027777777778,31.035000000000004,2484.0
78.75000000000001,31.035277777777782,2484.0
78.74972222222223,31.03555555555556,2486.0
78.74944444444445,31.03555555555556,2484.0
78.74916666666668,31.03555555555556,2484.0
78.7488888888889,31.035833333333336,2483.0
78.74861111111112,31.035833333333336,2482.0
78.74833333333335,31.035833333333336,2481.0
78.74805555555557,31.035833333333336,2482.0
78.74777777777778,31.035833333333336,2484.0
78.74750000000002,31.036111111111115,2480.0
78.74722222222223,31.036111111111115,2481.0
78.74694444444445,31.036111111111115,2481.0
78.74666666666667,31.036111111111115,2479.0
78.7463888888889,31.036111111111115,2480.0
78.74611111111112,31.036111111111115,2479.0
78.74583333333334,31.036111111111115,2479.0
78.74555555555557,31.036111111111115,2479.0
78.74527777777779,31.036111111111115,2484.0
78.745,31.036388888888897,2484.0
78.74472222222224,31.036388888888897,2484.0
78.74444444444445,31.03666666666667,2482.0
78.74416666666667,31.03666666666667,2482.0
78.7438888888889,31.036944444444448,2481.0
78.74361111111112,31.037222222222223,2478.0
78.74333333333334,31.037222222222223,2474.0
78.74305555555557,31.037222222222223,2473.0
78.74277777777779,31.037500000000005,2471.0
78.7425,31.037500000000005,2471.0
78.74222222222224,31.037500000000005,2471.0
78.74194444444446,31.037500000000005,2469.0
78.74166666666667,31.037500000000005,2470.0
78.74138888888889,31.037500000000005,2468.0
78.74111111111112,31.03777777777778,2468.0
78.74083333333334,31.03777777777778,2470.0
78.74055555555556,31.03805555555556,2468.0
78.74027777777779,31.03805555555556,2466.0
78.74000000000001,31.03805555555556,2466.0
78.73972222222223,31.03805555555556,2465.0
78.73944444444446,31.038333333333338,2462.0
78.73916666666668,31.038611111111116,2467.0
78.7388888888889,31.038611111111116,2463.0
78.73861111111113,31.038611111111116,2462.0
78.73833333333334,31.038611111111116,2462.0
78.73805555555556,31.038611111111116,2461.0
78.7377777777778,31.038611111111116,2462.0
78.73750000000001,31.038611111111116,2461.0
78.73722222222223,31.03888888888889,2461.0
78.73694444444446,31.03916666666667,2460.0
78.73666666666668,31.03916666666667,2460.0
78.7363888888889,31.03944444444445,2460.0
78.73611111111111,31.03944444444445,2459.0
78.73583333333335,31.039722222222228,2459.0
78.73555555555556,31.039722222222228,2459.0
78.73527777777778,31.039722222222228,2459.0
78.73500000000001,31.039722222222228,2459.0
78.73472222222223,31.039722222222228,2459.0
78.73444444444445,31.039722222222228,2458.0
78.73416666666668,31.039722222222228,2458.0
78.7338888888889,31.039722222222228,2458.0
78.73361111111112,31.03944444444445,2456.0
78.73333333333335,31.03944444444445,2457.0
78.73305555555557,31.03944444444445,2459.0
78.73277777777778,31.03944444444445,2457.0
78.73250000000002,31.03944444444445,2459.0
78.73222222222223,31.03916666666667,2458.0
78.73194444444445,31.03944444444445,2458.0
78.73166666666668,31.03916666666667,2457.0
78.7313888888889,31.03888888888889,2458.0
78.73111111111112,31.038611111111116,2457.0
78.73083333333334,31.038611111111116,2457.0
78.73055555555557,31.038333333333338,2457.0
78.73027777777779,31.038333333333338,2457.0
78.73,31.038333333333338,2456.0
78.72972222222224,31.038333333333338,2456.0
78.72944444444445,31.038611111111116,2455.0
78.72916666666667,31.038333333333338,2455.0
78.7288888888889,31.038333333333338,2455.0
78.72861111111112,31.03805555555556,2455.0
78.72833333333334,31.03777777777778,2455.0
78.72805555555557,31.037500000000005,2455.0
78.72805555555557,31.037222222222223,2455.0
78.72777777777779,31.036944444444448,2454.0
78.7275,31.037222222222223,2454.0
78.72722222222224,31.037222222222223,2453.0
78.72694444444446,31.037222222222223,2454.0
78.72666666666667,31.037222222222223,2453.0
78.7263888888889,31.037222222222223,2452.0
78.72611111111112,31.037222222222223,2451.0
78.72583333333334,31.036944444444448,2449.0
78.72555555555556,31.03666666666667,2447.0
78.72527777777779,31.036388888888897,2447.0
78.72500000000001,31.036111111111115,2447.0
78.72472222222223,31.035833333333336,2450.0
78.72444444444446,31.03555555555556,2451.0
78.72416666666668,31.035277777777782,2451.0
78.7238888888889,31.035000000000004,2450.0
78.72361111111113,31.035000000000004,2450.0
78.72333333333334,31.035000000000004,2450.0
78.72305555555556,31.035000000000004,2450.0
78.7227777777778,31.035000000000004,2450.0
78.72250000000001,31.035000000000004,2450.0
78.72222222222223,31.035000000000004,2450.0
78.72194444444446,31.034722222222225,2450.0
78.72166666666668,31.034722222222225,2449.0
78.7213888888889,31.034722222222225,2449.0
78.72111111111113,31.034722222222225,2449.0
78.72083333333335,31.03444444444445,2449.0
78.72055555555556,31.03416666666667,2449.0
78.72027777777778,31.03416666666667,2448.0
78.72027777777778,31.033888888888892,2447.0
78.72027777777778,31.033611111111114,2448.0
78.72000000000001,31.03333333333334,2448.0
78.71972222222223,31.03305555555556,2448.0
78.71944444444445,31.03277777777778,2447.0
78.71916666666668,31.03277777777778,2447.0
78.7188888888889,31.0325,2447.0
78.71861111111112,31.032222222222227,2446.0
78.71833333333335,31.032222222222227,2446.0
78.71805555555557,31.03194444444445,2446.0
78.71777777777778,31.03166666666667,2445.0
78.71750000000002,31.03166666666667,2446.0
78.71722222222223,31.03166666666667,2445.0
78.71694444444445,31.03166666666667,2444.0
78.71666666666668,31.03138888888889,2444.0
78.71694444444445,31.031111111111116,2444.0
78.71666666666668,31.030833333333337,2444.0
78.71666666666668,31.03055555555556,2444.0
78.71666666666668,31.030277777777783,2444.0
78.7163888888889,31.030000000000005,2443.0
78.71611111111112,31.029722222222222,2443.0
78.71583333333335,31.029444444444447,2442.0
78.71583333333335,31.029166666666672,2441.0
78.71555555555557,31.028888888888893,2441.0
78.71555555555557,31.028611111111115,2439.0
78.71527777777779,31.028333333333336,2435.0
78.715,31.02805555555556,2436.0
78.71472222222224,31.027777777777786,2441.0
78.71444444444445,31.027500000000003,2440.0
78.71416666666667,31.027222222222225,2441.0
78.7138888888889,31.02694444444445,2441.0
78.71361111111112,31.02666666666667,2441.0
78.71361111111112,31.026388888888892,2441.0
78.71333333333334,31.026111111111113,2441.0
78.71305555555557,31.02583333333334,2441.0
78.71277777777779,31.02555555555556,2439.0
78.71277777777779,31.02527777777778,2440.0
78.71277777777779,31.02500000000001,2439.0
78.71277777777779,31.024722222222227,2439.0
78.71277777777779,31.02444444444445,2438.0
78.71277777777779,31.02416666666667,2439.0
78.71277777777779,31.023888888888894,2439.0
78.71277777777779,31.023611111111116,2438.0
78.71277777777779,31.023333333333337,2438.0
78.71277777777779,31.02305555555556,2438.0
78.71277777777779,31.022777777777783,2437.0
78.71277777777779,31.022500000000004,2436.0
78.71277777777779,31.022222222222226,2434.0
78.71277777777779,31.021944444444447,2434.0
78.71277777777779,31.021666666666672,2434.0
78.71277777777779,31.021388888888893,2436.0
78.71277777777779,31.02111111111111,2439.0
78.7125,31.020833333333336,2436.0
78.7125,31.02055555555556,2434.0
78.7125,31.020277777777785,2432.0
78.7125,31.020000000000003,2427.0
78.7125,31.019722222222224,2426.0
78.7125,31.01944444444445,2429.0
78.7125,31.01916666666667,2435.0
78.71222222222224,31.018888888888892,2435.0
78.71222222222224,31.018611111111117,2437.0
78.71222222222224,31.018333333333334,2438.0
78.71222222222224,31.01805555555556,2434.0
78.71222222222224,31.01777777777778,2430.0
78.71222222222224,31.017500000000005,2428.0
78.71222222222224,31.017222222222227,2430.0
78.71222222222224,31.016944444444448,2432.0
78.71222222222224,31.01666666666667,2432.0
78.71222222222224,31.016388888888898,2429.0
78.7125,31.016111111111115,2429.0
78.71277777777779,31.015833333333337,2431.0
78.71305555555557,31.01555555555556,2438.0
78.71305555555557,31.015277777777783,2439.0
78.71305555555557,31.015000000000004,2437.0
78.71305555555557,31.014722222222225,2435.0
78.71305555555557,31.014444444444447,2432.0
78.71305555555557,31.01416666666667,2429.0
78.71305555555557,31.013888888888893,2429.0
78.71305555555557,31.01361111111111,2432.0
78.71305555555557,31.01333333333334,2432.0
78.71333333333334,31.01305555555556,2428.0
78.71333333333334,31.01277777777778,2427.0
78.71361111111112,31.012500000000003,2424.0
78.71361111111112,31.012222222222228,2424.0
78.71361111111112,31.01194444444445,2426.0
78.71361111111112,31.01166666666667,2426.0
78.71361111111112,31.01138888888889,2421.0
78.71361111111112,31.011111111111116,2414.0
78.71361111111112,31.010833333333338,2410.0
78.71361111111112,31.01055555555556,2414.0
78.71361111111112,31.01027777777778,2418.0
78.71361111111112,31.010000000000005,2420.0
78.71361111111112,31.009722222222223,2424.0
78.71333333333334,31.009444444444448,2427.0
78.71333333333334,31.00916666666667,2423.0
78.71333333333334,31.008888888888897,2412.0
78.71333333333334,31.008611111111115,2409.0
78.71333333333334,31.008333333333336,2402.0
78.71333333333334,31.00805555555556,2393.0
78.71361111111112,31.007777777777783,2390.0
78.71361111111112,31.007500000000004,2388.0
78.7138888888889,31.007222222222225,2382.0
78.7138888888889,31.00694444444445,2380.0
78.7138888888889,31.00666666666667,2382.0
78.71361111111112,31.006388888888893,2376.0
78.71361111111112,31.00611111111111,2372.0
78.71333333333334,31.00583333333334,2372.0
78.71305555555557,31.00555555555556,2366.0
78.71277777777779,31.00527777777778,2354.0
78.7125,31.005000000000003,2348.0
78.71222222222224,31.004722222222227,2347.0
78.71222222222224,31.00444444444445,2344.0
78.71222222222224,31.00416666666667,2339.0
78.71222222222224,31.00388888888889,2338.0
78.71194444444446,31.003611111111116,2334.0
78.71194444444446,31.003333333333337,2335.0
78.71194444444446,31.00305555555556,2338.0
78.71166666666667,31.00277777777778,2331.0
78.71166666666667,31.002500000000005,2336.0
78.7113888888889,31.002222222222223,2331.0
78.7113888888889,31.001944444444447,2338.0
78.7113888888889,31.001666666666672,2339.0
78.7113888888889,31.001388888888897,2339.0
78.71111111111112,31.001111111111115,2339.0
78.71111111111112,31.000833333333336,2333.0
78.71083333333334,31.00055555555556,2331.0
78.71083333333334,31.000277777777782,2330.0
78.71055555555557,31.000000000000004,2324.0
78.71055555555557,30.999722222222225,2317.0
78.71055555555557,30.99944444444445,2314.0
78.71027777777779,30.99916666666667,2306.0
78.71000000000001,30.998888888888892,2301.0
78.71000000000001,30.998611111111114,2297.0
78.70972222222223,30.99833333333334,2297.0
78.70944444444446,30.99805555555556,2298.0
78.70916666666668,30.99777777777778,2293.0
78.70916666666668,30.9975,2288.0
78.7088888888889,30.997222222222227,2285.0
78.70861111111113,30.99694444444445,2279.0
78.70833333333334,30.99694444444445,2275.0
78.70805555555556,30.99694444444445,2274.0
78.70777777777779,30.99666666666667,2266.0
78.70750000000001,30.99666666666667,2267.0
78.70722222222223,30.99666666666667,2267.0
78.70694444444446,30.99666666666667,2268.0
78.70666666666668,30.996388888888895,2263.0
78.7063888888889,30.996111111111116,2262.0
78.70611111111113,30.995833333333337,2267.0
78.70583333333335,30.99555555555556,2271.0
78.70555555555556,30.995277777777783,2274.0
78.7052777777778,30.995000000000005,2271.0
78.70500000000001,30.994722222222222,2272.0
78.70472222222223,30.994444444444447,2267.0
78.70472222222223,30.994166666666672,2271.0
78.70472222222223,30.993888888888893,2274.0
78.70444444444445,30.993611111111115,2264.0
78.70444444444445,30.993333333333336,2269.0
78.70444444444445,30.99305555555556,2270.0
78.70416666666668,30.992777777777786,2258.0
78.70416666666668,30.992500000000003,2263.0
78.7038888888889,30.992222222222225,2264.0
78.70361111111112,30.99194444444445,2266.0
78.70333333333335,30.99166666666667,2273.0
78.70305555555557,30.991388888888892,2274.0
78.70277777777778,30.991111111111117,2272.0
78.70250000000001,30.990833333333335,2263.0
78.70250000000001,30.99055555555556,2261.0
78.70250000000001,30.99027777777778,2256.0
78.70250000000001,30.99000000000001,2257.0
78.70250000000001,30.989722222222227,2260.0
78.70250000000001,30.989444444444448,2261.0
78.70250000000001,30.98916666666667,2273.0
78.70222222222223,30.988888888888894,2256.0
78.70222222222223,30.988611111111116,2265.0
78.70222222222223,30.988333333333337,2266.0
78.70222222222223,30.98805555555556,2267.0
78.70194444444445,30.987777777777783,2256.0
78.70194444444445,30.987500000000004,2254.0
78.70194444444445,30.987222222222226,2244.0
78.70194444444445,30.986944444444447,2231.0
78.70194444444445,30.98666666666667,2231.0
78.70194444444445,30.986388888888893,2239.0
78.70194444444445,30.98611111111111,2245.0
78.70194444444445,30.985833333333336,2253.0
78.70194444444445,30.98555555555556,2252.0
78.70194444444445,30.98527777777778,2249.0
78.70194444444445,30.985000000000003,2249.0
78.70194444444445,30.984722222222228,2252.0
78.70194444444445,30.98444444444445,2253.0
78.70194444444445,30.98416666666667,2251.0
78.70194444444445,30.98388888888889,2256.0
78.70194444444445,30.983611111111117,2274.0
78.70166666666668,30.983333333333334,2259.0
78.70166666666668,30.98305555555556,2270.0
78.70166666666668,30.98277777777778,2274.0
78.7013888888889,30.982500000000005,2242.0
78.7013888888889,30.982222222222227,2254.0
78.7013888888889,30.981944444444448,2262.0
78.7013888888889,30.98166666666667,2258.0
78.70111111111112,30.981388888888898,2241.0
78.70083333333335,30.981111111111115,2231.0
78.70055555555557,30.980833333333337,2222.0
78.70027777777779,30.98055555555556,2221.0
78.70000000000002,30.980277777777783,2222.0
78.69972222222223,30.980000000000004,2220.0
78.69944444444445,30.979722222222225,2220.0
78.69916666666667,30.97944444444445,2215.0
78.6988888888889,30.97916666666667,2220.0
78.69861111111112,30.978888888888893,2246.0
78.69833333333334,30.97861111111111,2274.0
78.69805555555557,30.97833333333334,2274.0
78.69777777777779,30.97805555555556,2252.0
78.6975,30.97777777777778,2230.0
78.6975,30.977500000000003,2218.0
78.69722222222224,30.977222222222228,2208.0
78.69694444444445,30.97694444444445,2198.0
78.69694444444445,30.97666666666667,2186.0
78.69666666666667,30.97638888888889,2173.0
78.69666666666667,30.976111111111116,2164.0
78.69666666666667,30.975833333333338,2153.0
78.69666666666667,30.97555555555556,2145.0
78.69666666666667,30.97527777777778,2141.0
78.69666666666667,30.975000000000005,2133.0
78.69666666666667,30.974722222222223,2130.0
78.69666666666667,30.974444444444448,2127.0
78.69666666666667,30.97416666666667,2120.0
78.69666666666667,30.973888888888897,2116.0
78.69666666666667,30.973611111111115,2113.0
78.69666666666667,30.973333333333336,2111.0
78.69666666666667,30.97305555555556,2120.0
78.69666666666667,30.972777777777782,2125.0
78.69666666666667,30.972500000000004,2129.0
78.69666666666667,30.972222222222225,2133.0
78.69666666666667,30.97194444444445,2136.0
78.69666666666667,30.97166666666667,2137.0
78.69666666666667,30.971388888888892,2140.0
78.69666666666667,30.971111111111114,2144.0
78.69666666666667,30.97083333333334,2142.0
78.69666666666667,30.97055555555556,2139.0
78.69666666666667,30.97027777777778,2143.0
78.69666666666667,30.97,2150.0
78.69666666666667,30.969722222222227,2157.0
78.69694444444445,30.96944444444445,2140.0
78.69694444444445,30.96916666666667,2152.0
78.69722222222224,30.96888888888889,2151.0
78.6975,30.968611111111116,2146.0
78.6975,30.968333333333337,2153.0
78.6975,30.96805555555556,2152.0
78.6975,30.967777777777783,2145.0
78.6975,30.967500000000005,2143.0
78.6975,30.967222222222222,2149.0
78.69777777777779,30.966944444444447,2139.0
78.69805555555557,30.966666666666672,2141.0
78.69833333333334,30.966388888888893,2151.0
78.69861111111112,30.966111111111115,2158.0
78.6988888888889,30.965833333333336,2158.0
78.6988888888889,30.96555555555556,2153.0
78.6988888888889,30.965277777777786,2146.0
78.6988888888889,30.965000000000003,2138.0
78.6988888888889,30.964722222222225,2136.0
78.6988888888889,30.96444444444445,2140.0
78.6988888888889,30.96416666666667,2145.0
78.6988888888889,30.963888888888892,2146.0
78.6988888888889,30.963611111111113,2142.0
78.6988888888889,30.96333333333334,2134.0
78.6988888888889,30.96305555555556,2131.0
78.6988888888889,30.96277777777778,2135.0
78.6988888888889,30.96250000000001,2147.0
78.69861111111112,30.962222222222227,2142.0
78.69833333333334,30.96194444444445,2146.0
78.69805555555557,30.96166666666667,2150.0
78.69777777777779,30.961388888888894,2151.0
78.6975,30.961111111111116,2151.0
78.69722222222224,30.960833333333337,2150.0
78.69694444444445,30.960833333333337,2147.0
78.69666666666667,30.960833333333337,2145.0
78.6963888888889,30.960833333333337,2140.0
78.69611111111112,30.960833333333337,2136.0
78.69583333333334,30.960833333333337,2133.0
78.69555555555557,30.96055555555556,2130.0
78.69527777777779,30.960277777777783,2127.0
78.69500000000001,30.960000000000004,2129.0
78.69472222222224,30.959722222222226,2135.0
78.69444444444446,30.959444444444447,2135.0
78.69444444444446,30.959166666666672,2136.0
78.69416666666667,30.958888888888893,2133.0
78.69388888888889,30.95861111111111,2133.0
78.69361111111112,30.958333333333336,2134.0
78.69333333333334,30.95805555555556,2130.0
78.69305555555556,30.957777777777785,2122.0
78.69305555555556,30.957500000000003,2114.0
78.69305555555556,30.957222222222224,2107.0
78.69305555555556,30.95694444444445,2107.0
78.69305555555556,30.95666666666667,2102.0
78.69305555555556,30.956388888888892,2105.0
78.69277777777779,30.956111111111117,2095.0
78.69277777777779,30.955833333333334,2098.0
78.69277777777779,30.95555555555556,2103.0
78.69277777777779,30.95527777777778,2106.0
78.69277777777779,30.955000000000005,2111.0
78.69250000000001,30.954722222222227,2104.0
78.69250000000001,30.954444444444448,2101.0
78.69222222222223,30.95416666666667,2096.0
78.69194444444446,30.953888888888898,2100.0
78.69166666666668,30.953611111111115,2108.0
78.6913888888889,30.953333333333337,2113.0
78.69111111111113,30.95305555555556,2113.0
78.69083333333334,30.952777777777783,2115.0
78.69055555555556,30.952500000000004,2115.0
78.6902777777778,30.952222222222225,2107.0
78.69000000000001,30.951944444444447,2095.0
78.68972222222223,30.95166666666667,2073.0
78.68972222222223,30.951388888888893,2065.0
78.68944444444445,30.95111111111111,2058.0
78.68944444444445,30.95083333333334,2052.0
78.68944444444445,30.95055555555556,2049.0
78.68916666666668,30.95027777777778,2049.0
78.68916666666668,30.950000000000003,2046.0
78.68916666666668,30.949722222222228,2043.0
78.68916666666668,30.94944444444445,2038.0
78.68916666666668,30.94916666666667,2035.0
78.68916666666668,30.94888888888889,2036.0
78.68916666666668,30.948611111111116,2043.0
78.6888888888889,30.948333333333338,2041.0
78.6888888888889,30.94805555555556,2048.0
78.68861111111111,30.94777777777778,2048.0
78.68861111111111,30.947500000000005,2050.0
78.68833333333335,30.947222222222223,2049.0
78.68833333333335,30.946944444444448,2046.0
78.68833333333335,30.94666666666667,2046.0
78.68805555555556,30.946388888888897,2050.0
78.68777777777778,30.946111111111115,2048.0
78.68777777777778,30.945833333333336,2047.0
78.68777777777778,30.94555555555556,2042.0
78.68777777777778,30.945277777777783,2041.0
78.68750000000001,30.945000000000004,2041.0
78.68750000000001,30.944722222222225,2049.0
78.68722222222223,30.94444444444445,2045.0
78.68694444444445,30.94416666666667,2039.0
78.68694444444445,30.943888888888893,2041.0
78.68694444444445,30.94361111111111,2047.0
78.68666666666668,30.94333333333334,2044.0
78.68666666666668,30.94305555555556,2045.0
78.68666666666668,30.94277777777778,2047.0
78.6863888888889,30.942500000000003,2038.0
78.6863888888889,30.942222222222227,2047.0
78.68611111111112,30.94194444444445,2035.0
78.68611111111112,30.94166666666667,2037.0
78.68611111111112,30.94138888888889,2038.0
78.68611111111112,30.941111111111116,2044.0
78.68583333333335,30.940833333333337,2044.0
78.68555555555557,30.94055555555556,2050.0
78.68527777777778,30.94027777777778,2050.0
78.68500000000002,30.940000000000005,2049.0
78.68500000000002,30.939722222222223,2047.0
78.68472222222223,30.939444444444447,2047.0
78.68472222222223,30.939166666666672,2042.0
78.68472222222223,30.938888888888897,2039.0
78.68444444444445,30.938611111111115,2034.0
78.68444444444445,30.938333333333336,2035.0
78.68416666666667,30.93805555555556,2035.0
78.68416666666667,30.937777777777782,2036.0
78.68416666666667,30.937500000000004,2038.0
78.6838888888889,30.937222222222225,2029.0
78.6838888888889,30.93694444444445,2036.0
78.68361111111112,30.93666666666667,2029.0
78.68361111111112,30.936388888888892,2037.0
78.68333333333334,30.936111111111114,2029.0
78.68333333333334,30.93583333333334,2035.0
78.68333333333334,30.93555555555556,2037.0
78.68333333333334,30.93527777777778,2032.0
78.68333333333334,30.935,2031.0
78.68333333333334,30.934722222222227,2036.0
78.68305555555557,30.93444444444445,2028.0
78.68305555555557,30.93416666666667,2035.0
78.68305555555557,30.933888888888895,2039.0
78.68277777777779,30.933611111111116,2034.0
78.68277777777779,30.933333333333337,2035.0
78.6825,30.93305555555556,2034.0
78.6825,30.932777777777783,2039.0
78.68222222222224,30.932500000000005,2037.0
78.68222222222224,30.932222222222222,2033.0
78.68222222222224,30.931944444444447,2027.0
78.68222222222224,30.931666666666672,2025.0
78.68222222222224,30.931388888888893,2027.0
78.68222222222224,30.931111111111115,2027.0
78.68194444444445,30.930833333333336,2024.0
78.68194444444445,30.93055555555556,2015.0
78.68194444444445,30.930277777777786,2010.0
78.68194444444445,30.930000000000003,2006.0
78.68194444444445,30.929722222222225,2003.0
78.68194444444445,30.92944444444445,2000.0
78.68194444444445,30.92916666666667,1995.0
78.68166666666667,30.928888888888892,1989.0
78.68166666666667,30.928611111111117,1985.0
78.68166666666667,30.928333333333335,1986.0
78.68166666666667,30.92805555555556,1987.0
78.6813888888889,30.92777777777778,1987.0
78.6813888888889,30.92750000000001,1988.0
78.68111111111112,30.927222222222227,1985.0
78.68111111111112,30.926944444444448,1980.0
78.68083333333334,30.92666666666667,1978.0
78.68083333333334,30.926388888888894,1975.0
78.68055555555557,30.926111111111116,1972.0
78.68055555555557,30.925833333333337,1971.0
78.68027777777779,30.92555555555556,1971.0
78.68027777777779,30.925277777777783,1971.0
78.68027777777779,30.925000000000004,1970.0
78.68027777777779,30.924722222222226,1969.0
78.68,30.924444444444447,1965.0
78.67972222222224,30.92416666666667,1959.0
78.67972222222224,30.923888888888893,1954.0
78.67972222222224,30.92361111111111,1954.0
78.67944444444446,30.923333333333336,1952.0
78.67916666666667,30.92305555555556,1951.0
78.67916666666667,30.92277777777778,1947.0
78.67916666666667,30.922500000000003,1938.0
78.67916666666667,30.922222222222228,1931.0
78.67916666666667,30.92194444444445,1924.0
78.67916666666667,30.92166666666667,1919.0
78.67916666666667,30.92138888888889,1916.0
78.67916666666667,30.921111111111117,1916.0
78.67916666666667,30.920833333333334,1915.0
78.67916666666667,30.92055555555556,1911.0
78.67916666666667,30.92027777777778,1912.0
78.67916666666667,30.920000000000005,1915.0
78.67916666666667,30.919722222222227,1920.0
78.67888888888889,30.919444444444448,1923.0
78.67888888888889,30.91916666666667,1926.0
78.67861111111112,30.918888888888898,1923.0
78.67861111111112,30.918611111111115,1921.0
78.67861111111112,30.918333333333337,1921.0
78.67861111111112,30.91805555555556,1920.0
78.67861111111112,30.917777777777783,1918.0
78.67861111111112,30.917500000000004,1914.0
78.67861111111112,30.917222222222225,1910.0
78.67861111111112,30.91694444444445,1909.0
78.67861111111112,30.91666666666667,1919.0
78.67888888888889,30.916388888888893,1915.0
78.67888888888889,30.91611111111111,1915.0
78.67888888888889,30.91583333333334,1918.0
78.67888888888889,30.91555555555556,1921.0
78.67916666666667,30.91527777777778,1915.0
78.67916666666667,30.915000000000003,1921.0
78.67944444444446,30.914722222222228,1921.0
78.67944444444446,30.91444444444445,1923.0
78.67972222222224,30.91416666666667,1920.0
78.67972222222224,30.91388888888889,1913.0
78.67972222222224,30.913611111111116,1909.0
78.67972222222224,30.913333333333338,1908.0
78.68,30.91305555555556,1911.0
78.68,30.91277777777778,1910.0
78.68,30.912500000000005,1911.0
78.68027777777779,30.912222222222223,1908.0
78.68027777777779,30.911944444444448,1908.0
78.68027777777779,30.91166666666667,1908.0
78.68,30.911388888888897,1905.0
78.68,30.911111111111115,1903.0
78.68,30.910833333333336,1904.0
78.68,30.91055555555556,1905.0
78.68,30.910277777777782,1907.0
78.67972222222224,30.910000000000004,1900.0
78.67972222222224,30.909722222222225,1901.0
78.67972222222224,30.90944444444445,1907.0
78.67944444444446,30.90916666666667,1909.0
78.67916666666667,30.908888888888892,1909.0
78.67916666666667,30.908611111111114,1908.0
78.67916666666667,30.90833333333334,1906.0
78.67916666666667,30.90805555555556,1903.0
78.67916666666667,30.90777777777778,1900.0
78.67916666666667,30.9075,1895.0
78.67916666666667,30.907222222222227,1894.0
78.67916666666667,30.90694444444445,1896.0
78.67916666666667,30.90666666666667,1901.0
78.67916666666667,30.90638888888889,1906.0
78.67888888888889,30.906111111111116,1899.0
78.67888888888889,30.905833333333337,1906.0
78.67861111111112,30.90555555555556,1905.0
78.67861111111112,30.905277777777783,1907.0
78.67861111111112,30.905000000000005,1904.0
78.67888888888889,30.904722222222222,1898.0
78.67888888888889,30.904444444444447,1890.0
78.67888888888889,30.904166666666672,1882.0
78.67888888888889,30.903888888888893,1878.0
78.67888888888889,30.903611111111115,1878.0
78.67888888888889,30.903333333333336,1881.0
78.67888888888889,30.90305555555556,1882.0
78.67888888888889,30.902777777777786,1884.0
78.67888888888889,30.902500000000003,1889.0
78.67888888888889,30.902222222222225,1897.0
78.67861111111112,30.90194444444445,1900.0
78.67861111111112,30.90166666666667,1900.0
78.67861111111112,30.901388888888892,1901.0
78.67833333333334,30.901111111111113,1896.0
78.67833333333334,30.90083333333334,1895.0
78.67833333333334,30.90055555555556,1890.0
78.67833333333334,30.90027777777778,1885.0
78.67833333333334,30.90000000000001,1881.0
78.67833333333334,30.899722222222227,1883.0
78.67833333333334,30.89944444444445,1882.0
78.67833333333334,30.89916666666667,1877.0
78.67833333333334,30.898888888888894,1877.0
78.67833333333334,30.898611111111116,1881.0
78.67805555555556,30.898333333333337,1883.0
78.67777777777779,30.89805555555556,1885.0
78.67777777777779,30.897777777777783,1882.0
78.67777777777779,30.897500000000004,1878.0
78.67777777777779,30.897222222222226,1874.0
78.67777777777779,30.896944444444447,1871.0
78.67777777777779,30.896666666666672,1869.0
78.67777777777779,30.896388888888893,1872.0
78.67777777777779,30.89611111111111,1875.0
78.67777777777779,30.895833333333336,1874.0
78.67750000000001,30.89555555555556,1870.0
78.67722222222223,30.895277777777785,1865.0
78.67694444444446,30.895000000000003,1862.0
78.67666666666668,30.894722222222224,1866.0
78.6763888888889,30.89444444444445,1870.0
78.67611111111113,30.89416666666667,1873.0
78.67583333333334,30.893888888888892,1871.0
78.67555555555556,30.893611111111117,1872.0
78.6752777777778,30.893333333333334,1872.0
78.67500000000001,30.89305555555556,1875.0
78.67500000000001,30.89277777777778,1874.0
78.67500000000001,30.892500000000005,1865.0
78.67500000000001,30.892222222222227,1847.0
78.67500000000001,30.891944444444448,1838.0
78.67500000000001,30.89166666666667,1848.0
78.67472222222223,30.891388888888898,1848.0
78.67472222222223,30.891111111111115,1853.0
78.67444444444446,30.890833333333337,1848.0
78.67444444444446,30.89055555555556,1844.0
78.67444444444446,30.890277777777783,1840.0
78.67444444444446,30.890000000000004,1840.0
78.67444444444446,30.889722222222225,1838.0
78.67444444444446,30.889444444444447,1838.0
78.67444444444446,30.88916666666667,1842.0
78.67444444444446,30.888888888888893,1850.0
78.67444444444446,30.88861111111111,1848.0
78.67444444444446,30.88833333333334,1846.0
78.67416666666668,30.88805555555556,1845.0
78.6738888888889,30.88777777777778,1845.0
78.67361111111111,30.887500000000003,1851.0
78.67333333333335,30.887222222222228,1853.0
78.67305555555556,30.88694444444445,1845.0
78.67277777777778,30.88666666666667,1831.0
78.67277777777778,30.88638888888889,1828.0
78.67250000000001,30.88638888888889,1826.0
78.67250000000001,30.886111111111116,1827.0
78.67222222222223,30.885833333333338,1827.0
78.67194444444445,30.88555555555556,1825.0
78.67166666666668,30.88527777777778,1821.0
78.6713888888889,30.88527777777778,1817.0
78.67111111111112,30.88527777777778,1815.0
78.67083333333335,30.885000000000005,1812.0
78.67055555555557,30.885000000000005,1813.0
78.67027777777778,30.884722222222223,1812.0
78.67000000000002,30.884722222222223,1814.0
78.66972222222223,30.884444444444448,1816.0
78.66944444444445,30.88416666666667,1816.0
78.66916666666668,30.883888888888897,1813.0
78.6688888888889,30.883888888888897,1811.0
78.66861111111112,30.883888888888897,1813.0
78.66833333333334,30.883611111111115,1811.0
78.66805555555557,30.883611111111115,1812.0
78.66777777777779,30.883333333333336,1810.0
78.6675,30.88305555555556,1807.0
78.66722222222224,30.882777777777783,1805.0
78.66694444444445,30.882500000000004,1806.0
78.66666666666667,30.882222222222225,1807.0
78.6663888888889,30.88194444444445,1810.0
78.66611111111112,30.88166666666667,1812.0
78.66583333333334,30.881388888888893,1813.0
78.66555555555557,30.88111111111111,1810.0
78.66527777777779,30.88083333333334,1806.0
78.665,30.88083333333334,1805.0
78.665,30.88055555555556,1805.0
78.66472222222224,30.88027777777778,1800.0
78.66472222222224,30.880000000000003,1799.0
78.66472222222224,30.879722222222227,1802.0
78.66444444444446,30.87944444444445,1798.0
78.66444444444446,30.87916666666667,1797.0
78.66444444444446,30.87888888888889,1792.0
78.66444444444446,30.878611111111116,1795.0
78.66416666666667,30.878333333333337,1795.0
78.6638888888889,30.87805555555556,1793.0
78.6638888888889,30.87777777777778,1801.0
78.66361111111112,30.877500000000005,1793.0
78.66333333333334,30.877222222222223,1789.0
78.66333333333334,30.876944444444447,1792.0
78.66333333333334,30.876666666666672,1795.0
78.66305555555556,30.876388888888897,1790.0
78.66277777777779,30.876111111111115,1790.0
78.66250000000001,30.875833333333336,1796.0
78.66222222222223,30.87555555555556,1802.0
78.66194444444446,30.875277777777782,1803.0
78.66166666666668,30.875000000000004,1798.0
78.6613888888889,30.874722222222225,1791.0
78.6613888888889,30.87444444444445,1798.0
78.66111111111113,30.87416666666667,1797.0
78.66083333333334,30.873888888888892,1801.0
78.66055555555556,30.873611111111114,1802.0
78.6602777777778,30.87333333333334,1803.0
78.6602777777778,30.87305555555556,1799.0
78.6602777777778,30.87277777777778,1796.0
78.66000000000001,30.8725,1786.0
78.66000000000001,30.872222222222227,1783.0
78.65972222222223,30.87194444444445,1784.0
78.65972222222223,30.87166666666667,1781.0
78.65944444444446,30.871388888888895,1779.0
78.65916666666668,30.871111111111116,1775.0
78.6588888888889,30.870833333333337,1772.0
78.65861111111113,30.87055555555556,1768.0
78.65833333333335,30.87055555555556,1767.0
78.65805555555556,30.870277777777783,1764.0
78.65777777777778,30.870000000000005,1759.0
78.65750000000001,30.870000000000005,1755.0
78.65722222222223,30.870000000000005,1752.0
78.65694444444445,30.870000000000005,1752.0
78.65666666666668,30.869722222222222,1753.0
78.6563888888889,30.869444444444447,1756.0
78.65611111111112,30.869166666666672,1756.0
78.65583333333335,30.868888888888893,1752.0
78.65555555555557,30.868611111111115,1751.0
78.65527777777778,30.868333333333336,1753.0
78.65500000000002,30.86805555555556,1757.0
78.65472222222223,30.867777777777786,1759.0
78.65444444444445,30.867500000000003,1759.0
78.65416666666668,30.867222222222225,1757.0
78.6538888888889,30.86694444444445,1753.0
78.65361111111112,30.86666666666667,1746.0
78.65361111111112,30.866388888888892,1741.0
78.65361111111112,30.866111111111117,1739.0
78.65361111111112,30.865833333333335,1737.0
78.65361111111112,30.86555555555556,1734.0
78.65361111111112,30.86527777777778,1730.0
78.65361111111112,30.86500000000001,1729.0
78.65333333333335,30.864722222222227,1729.0
78.65305555555557,30.864444444444448,1735.0
78.65277777777779,30.86416666666667,1738.0
78.6525,30.863888888888894,1737.0
78.65222222222224,30.863611111111116,1730.0
78.65194444444445,30.863611111111116,1727.0
78.65194444444445,30.863333333333337,1726.0
78.65222222222224,30.86305555555556,1726.0
78.65222222222224,30.862777777777783,1724.0
78.65222222222224,30.862500000000004,1725.0
78.65222222222224,30.862222222222226,1721.0
78.65222222222224,30.861944444444447,1720.0
78.65222222222224,30.86166666666667,1718.0
78.6525,30.861388888888893,1711.0
78.6525,30.86111111111111,1708.0
78.6525,30.860833333333336,1706.0
78.6525,30.86055555555556,1706.0
78.65222222222224,30.86027777777778,1708.0
78.65194444444445,30.860000000000003,1709.0
78.65166666666667,30.859722222222228,1705.0
78.6513888888889,30.859722222222228,1696.0
78.65111111111112,30.859722222222228,1698.0
78.65083333333334,30.859722222222228,1700.0
78.65055555555557,30.85944444444445,1689.0
78.65027777777779,30.85944444444445,1698.0
78.65,30.85916666666667,1701.0
78.64972222222224,30.85916666666667,1702.0
78.64944444444446,30.85916666666667,1703.0
78.64916666666667,30.85888888888889,1701.0
78.6488888888889,30.858611111111117,1702.0
78.64861111111112,30.858333333333334,1702.0
78.64833333333334,30.858333333333334,1701.0
78.64805555555557,30.85805555555556,1698.0
78.64777777777779,30.85777777777778,1699.0
78.64750000000001,30.857500000000005,1702.0
78.64750000000001,30.857222222222227,1699.0
78.64722222222223,30.856944444444448,1696.0
78.64694444444446,30.85666666666667,1697.0
78.64666666666668,30.856388888888898,1698.0
78.6463888888889,30.856388888888898,1698.0
78.64611111111113,30.856111111111115,1695.0
78.64583333333334,30.855833333333337,1692.0
78.64555555555556,30.855833333333337,1690.0
78.64527777777779,30.855833333333337,1691.0
78.64500000000001,30.85555555555556,1685.0
78.64472222222223,30.85555555555556,1689.0
78.64444444444446,30.855277777777783,1687.0
78.64416666666668,30.855277777777783,1691.0
78.6438888888889,30.855000000000004,1687.0
78.64361111111113,30.855000000000004,1693.0
78.64333333333335,30.854722222222225,1691.0
78.64305555555556,30.85444444444445,1691.0
78.6427777777778,30.85444444444445,1686.0
78.64250000000001,30.85444444444445,1690.0
78.64222222222223,30.85416666666667,1677.0
78.64194444444445,30.853888888888893,1668.0
78.64166666666668,30.85361111111111,1673.0
78.6413888888889,30.85333333333334,1686.0
78.64111111111112,30.85305555555556,1695.0
78.64083333333335,30.85277777777778,1696.0
78.64055555555557,30.852500000000003,1687.0
78.64055555555557,30.852222222222228,1682.0
78.64027777777778,30.85194444444445,1677.0
78.64000000000001,30.85166666666667,1679.0
78.63972222222223,30.85138888888889,1682.0
78.63944444444445,30.851111111111116,1683.0
78.63916666666668,30.850833333333338,1682.0
78.6388888888889,30.85055555555556,1684.0
78.6388888888889,30.85027777777778,1686.0
78.6388888888889,30.850000000000005,1687.0
78.63861111111112,30.849722222222223,1686.0
78.63861111111112,30.849444444444448,1680.0
78.63861111111112,30.84916666666667,1671.0
78.63861111111112,30.848888888888897,1668.0
78.63833333333335,30.848611111111115,1668.0
78.63805555555557,30.848333333333336,1670.0
78.63777777777779,30.84805555555556,1670.0
78.63750000000002,30.84805555555556,1670.0
78.63722222222223,30.84805555555556,1665.0
78.63694444444445,30.84805555555556,1663.0
78.63666666666667,30.84805555555556,1662.0
78.6363888888889,30.84805555555556,1663.0
78.63611111111112,30.84805555555556,1672.0
78.63583333333334,30.847777777777782,1661.0
78.63555555555557,30.847777777777782,1668.0
78.63527777777779,30.847777777777782,1674.0
78.635,30.847500000000004,1657.0
78.63472222222224,30.847500000000004,1657.0
78.63444444444445,30.847500000000004,1658.0
78.63416666666667,30.847500000000004,1662.0
78.6338888888889,30.847222222222225,1664.0
78.63361111111112,30.84694444444445,1670.0
78.63333333333334,30.84666666666667,1675.0
78.63305555555557,30.846388888888892,1673.0
78.63277777777779,30.846111111111114,1668.0
78.63250000000001,30.84583333333334,1665.0
78.63222222222224,30.84555555555556,1660.0
78.63194444444446,30.84527777777778,1659.0
78.63166666666667,30.845,1656.0
78.63138888888889,30.844722222222227,1654.0
78.63111111111112,30.84444444444445,1652.0
78.63083333333334,30.84416666666667,1651.0
78.63055555555556,30.84388888888889,1652.0
78.63027777777779,30.843611111111116,1649.0
78.63000000000001,30.843611111111116,1648.0
78.62972222222223,30.843333333333337,1641.0
78.62944444444446,30.84305555555556,1639.0
78.62916666666668,30.842777777777783,1639.0
78.6288888888889,30.842500000000005,1642.0
78.62861111111113,30.842222222222222,1648.0
78.62833333333334,30.841944444444447,1651.0
78.62805555555556,30.841666666666672,1653.0
78.62805555555556,30.841388888888893,1653.0
78.6277777777778,30.841111111111115,1642.0
78.6277777777778,30.840833333333336,1633.0
78.6277777777778,30.84055555555556,1634.0
78.62750000000001,30.840277777777786,1636.0
78.62722222222223,30.840000000000003,1631.0
78.62722222222223,30.839722222222225,1633.0
78.62694444444445,30.83944444444445,1634.0
78.62666666666668,30.83916666666667,1637.0
78.6263888888889,30.838888888888892,1637.0
78.62611111111111,30.838611111111113,1635.0
78.62611111111111,30.83833333333334,1637.0
78.62611111111111,30.83805555555556,1637.0
78.62611111111111,30.83777777777778,1637.0
78.62611111111111,30.83750000000001,1643.0
78.62583333333335,30.837222222222227,1629.0
78.62583333333335,30.83694444444445,1641.0
78.62555555555556,30.83666666666667,1635.0
78.62527777777778,30.836388888888894,1638.0
78.62500000000001,30.836111111111116,1637.0
78.62472222222223,30.835833333333337,1636.0
78.62472222222223,30.83555555555556,1640.0
78.62444444444445,30.835277777777783,1635.0
78.62444444444445,30.835000000000004,1638.0
78.62444444444445,30.834722222222226,1639.0
78.62444444444445,30.834444444444447,1641.0
78.62444444444445,30.834166666666672,1639.0
78.62444444444445,30.833888888888893,1636.0
78.62444444444445,30.83361111111111,1637.0
78.62416666666668,30.833333333333336,1633.0
78.62416666666668,30.83305555555556,1641.0
78.6238888888889,30.832777777777785,1635.0
78.62361111111112,30.832500000000003,1640.0
78.62333333333335,30.832222222222224,1642.0
78.62333333333335,30.83194444444445,1643.0
78.62305555555557,30.83166666666667,1643.0
78.62277777777778,30.831388888888892,1634.0
78.62277777777778,30.831111111111117,1624.0
78.62250000000002,30.830833333333334,1607.0
78.62250000000002,30.83055555555556,1600.0
78.62222222222223,30.83027777777778,1605.0
78.62194444444445,30.830000000000005,1602.0
78.62194444444445,30.829722222222227,1598.0
78.62166666666667,30.829444444444448,1595.0
78.6213888888889,30.82916666666667,1593.0
78.62111111111112,30.828888888888898,1589.0
78.62083333333334,30.828611111111115,1586.0
78.62055555555557,30.828333333333337,1587.0
78.62027777777779,30.82805555555556,1593.0
78.62,30.827777777777783,1588.0
78.62,30.827500000000004,1592.0
78.61972222222224,30.827222222222225,1593.0
78.61944444444445,30.826944444444447,1599.0
78.61944444444445,30.82666666666667,1594.0
78.61944444444445,30.826388888888893,1587.0
78.61944444444445,30.82611111111111,1586.0
78.61944444444445,30.82583333333334,1582.0
78.61944444444445,30.82555555555556,1575.0
78.61944444444445,30.82527777777778,1571.0
78.61944444444445,30.825000000000003,1572.0
78.61944444444445,30.824722222222228,1573.0
78.61944444444445,30.82444444444445,1575.0
78.61944444444445,30.82416666666667,1579.0
78.61944444444445,30.82388888888889,1582.0
78.61944444444445,30.823611111111116,1585.0
78.61916666666667,30.823333333333338,1587.0
78.61916666666667,30.82305555555556,1584.0
78.61916666666667,30.82277777777778,1580.0
78.61916666666667,30.822500000000005,1578.0
78.61916666666667,30.822222222222223,1576.0
78.61916666666667,30.821944444444448,1576.0
78.61916666666667,30.82166666666667,1576.0
78.61916666666667,30.821388888888897,1574.0
78.61916666666667,30.821111111111115,1571.0
78.61916666666667,30.820833333333336,1568.0
78.61916666666667,30.82055555555556,1567.0
78.61916666666667,30.820277777777783,1565.0
78.61916666666667,30.820000000000004,1564.0
78.61916666666667,30.819722222222225,1561.0
78.61916666666667,30.81944444444445,1562.0
78.61916666666667,30.81916666666667,1565.0
78.61916666666667,30.818888888888893,1566.0
78.61944444444445,30.81861111111111,1563.0
78.61944444444445,30.81833333333334,1563.0
78.61944444444445,30.81805555555556,1567.0
78.61972222222224,30.81777777777778,1564.0
78.61972222222224,30.817500000000003,1566.0
78.61972222222224,30.817222222222227,1565.0
78.61972222222224,30.81694444444445,1564.0
78.61972222222224,30.81666666666667,1564.0
78.61972222222224,30.81638888888889,1563.0
78.61972222222224,30.816111111111116,1562.0
78.61972222222224,30.815833333333337,1566.0
78.62,30.81555555555556,1564.0
78.62027777777779,30.81527777777778,1563.0
78.62055555555557,30.815000000000005,1559.0
78.62055555555557,30.814722222222223,1563.0
78.62083333333334,30.814444444444447,1557.0
78.62083333333334,30.814166666666672,1562.0
78.62083333333334,30.813888888888897,1566.0
78.62111111111112,30.813611111111115,1562.0
78.6213888888889,30.813333333333336,1559.0
78.6213888888889,30.81305555555556,1561.0
78.6213888888889,30.812777777777782,1563.0
78.62111111111112,30.812500000000004,1567.0
78.62111111111112,30.812222222222225,1565.0
78.62111111111112,30.81194444444445,1559.0
78.62111111111112,30.81166666666667,1553.0
78.62083333333334,30.811388888888892,1545.0
78.62055555555557,30.811111111111114,1558.0
78.62027777777779,30.81083333333334,1561.0
78.62027777777779,30.81055555555556,1557.0
78.62027777777779,30.81027777777778,1547.0
78.62027777777779,30.81,1541.0
78.62027777777779,30.809722222222227,1538.0
78.62027777777779,30.80944444444445,1535.0
78.62027777777779,30.80916666666667,1537.0
78.62027777777779,30.808888888888895,1543.0
78.62027777777779,30.808611111111116,1548.0
78.62027777777779,30.808333333333337,1552.0
78.62027777777779,30.80805555555556,1557.0
78.62055555555557,30.807777777777783,1550.0
78.62055555555557,30.807500000000005,1551.0
78.62055555555557,30.807222222222222,1549.0
78.62055555555557,30.806944444444447,1543.0
78.62055555555557,30.806666666666672,1551.0
78.62055555555557,30.806388888888893,1556.0
78.62055555555557,30.806111111111115,1558.0
78.62083333333334,30.805833333333336,1553.0
78.62083333333334,30.80555555555556,1552.0
78.62083333333334,30.805277777777786,1549.0
78.62083333333334,30.805000000000003,1547.0
78.62083333333334,30.804722222222225,1546.0
78.62083333333334,30.80444444444445,1541.0
78.62083333333334,30.80416666666667,1537.0
78.62083333333334,30.803888888888892,1539.0
78.62083333333334,30.803611111111117,1545.0
78.62083333333334,30.803333333333335,1550.0
78.62055555555557,30.80305555555556,1554.0
78.62027777777779,30.80277777777778,1557.0
78.62,30.80250000000001,1558.0
78.62,30.802222222222227,1552.0
78.62,30.801944444444448,1544.0
78.61972222222224,30.80166666666667,1540.0
78.61944444444445,30.801388888888894,1544.0
78.61916666666667,30.801111111111116,1548.0
78.6188888888889,30.800833333333337,1543.0
78.61861111111112,30.80055555555556,1540.0
78.61833333333334,30.800277777777783,1548.0
78.61805555555557,30.800000000000004,1545.0
78.61777777777779,30.799722222222226,1538.0
78.6175,30.799444444444447,1533.0
78.61722222222224,30.799444444444447,1531.0
78.61694444444446,30.79916666666667,1529.0
78.61666666666667,30.798888888888893,1526.0
78.61666666666667,30.79861111111111,1526.0
78.61638888888889,30.798333333333336,1523.0
78.61638888888889,30.79805555555556,1515.0
78.61638888888889,30.79777777777778,1511.0
78.61638888888889,30.797500000000003,1516.0
78.61638888888889,30.797222222222228,1517.0
78.61638888888889,30.79694444444445,1519.0
78.61638888888889,30.79666666666667,1522.0
78.61638888888889,30.79638888888889,1517.0
78.61638888888889,30.796111111111117,1510.0
78.61638888888889,30.795833333333334,1508.0
78.61638888888889,30.79555555555556,1506.0
78.61638888888889,30.79527777777778,1505.0
78.61638888888889,30.795000000000005,1506.0
78.61611111111112,30.794722222222227,1505.0
78.61611111111112,30.794444444444448,1502.0
78.61611111111112,30.79416666666667,1499.0
78.61611111111112,30.793888888888898,1497.0
78.61611111111112,30.793611111111115,1497.0
78.61611111111112,30.793333333333337,1499.0
78.61611111111112,30.79305555555556,1500.0
78.61611111111112,30.792777777777783,1500.0
78.61611111111112,30.792500000000004,1499.0
78.61638888888889,30.792222222222225,1493.0
78.61638888888889,30.79194444444445,1487.0
78.61638888888889,30.79166666666667,1485.0
78.61638888888889,30.791388888888893,1487.0
78.61666666666667,30.79111111111111,1486.0
78.61666666666667,30.79083333333334,1490.0
78.61694444444446,30.79055555555556,1488.0
78.61694444444446,30.79027777777778,1485.0
78.61694444444446,30.790000000000003,1480.0
78.61694444444446,30.789722222222228,1476.0
78.61694444444446,30.78944444444445,1475.0
78.61722222222224,30.78916666666667,1472.0
78.61722222222224,30.78888888888889,1471.0
78.6175,30.788611111111116,1471.0
78.6175,30.788333333333338,1471.0
78.6175,30.78805555555556,1470.0
78.61777777777779,30.78777777777778,1469.0
78.61777777777779,30.787500000000005,1472.0
78.61805555555557,30.787222222222223,1470.0
78.61805555555557,30.786944444444448,1472.0
78.61833333333334,30.78666666666667,1470.0
78.61833333333334,30.786388888888897,1472.0
78.61861111111112,30.786111111111115,1468.0
78.61861111111112,30.785833333333336,1469.0
78.61861111111112,30.78555555555556,1470.0
78.61861111111112,30.785277777777782,1473.0
78.61861111111112,30.785000000000004,1467.0
78.61833333333334,30.785000000000004,1461.0
78.61805555555557,30.785000000000004,1464.0
78.61777777777779,30.785000000000004,1464.0
78.6175,30.785000000000004,1465.0
78.61722222222224,30.785000000000004,1465.0
78.61694444444446,30.784722222222225,1455.0
78.61666666666667,30.78444444444445,1459.0
78.61638888888889,30.78416666666667,1467.0
78.61611111111112,30.783888888888892,1468.0
78.61583333333334,30.783611111111114,1465.0
78.61555555555556,30.783611111111114,1460.0
78.61527777777779,30.78333333333334,1455.0
78.61527777777779,30.78305555555556,1455.0
78.61500000000001,30.78277777777778,1454.0
78.61500000000001,30.7825,1455.0
78.61472222222223,30.782222222222227,1453.0
78.61472222222223,30.78194444444445,1452.0
78.61444444444446,30.78166666666667,1453.0
78.61416666666668,30.78138888888889,1453.0
78.6138888888889,30.781111111111116,1451.0
78.61416666666668,30.780833333333337,1451.0
78.61416666666668,30.78055555555556,1449.0
78.6138888888889,30.780277777777783,1450.0
78.61361111111113,30.780277777777783,1449.0
78.61333333333334,30.780000000000005,1448.0
78.61305555555556,30.779722222222222,1448.0
78.61305555555556,30.779444444444447,1446.0
78.6127777777778,30.779166666666672,1445.0
78.6127777777778,30.778888888888893,1442.0
78.61250000000001,30.778611111111115,1440.0
78.61222222222223,30.778611111111115,1439.0
78.61194444444446,30.778611111111115,1439.0
78.61166666666668,30.778333333333336,1438.0
78.6113888888889,30.778333333333336,1437.0
78.61111111111111,30.778333333333336,1437.0
78.61083333333335,30.778333333333336,1436.0
78.61055555555556,30.778333333333336,1436.0
78.61027777777778,30.778333333333336,1436.0
78.61000000000001,30.778333333333336,1436.0
78.60972222222223,30.77805555555556,1436.0
78.60944444444445,30.77805555555556,1436.0
78.60916666666668,30.77805555555556,1437.0
78.6088888888889,30.777777777777786,1433.0
78.60861111111112,30.777777777777786,1432.0
78.60833333333335,30.777500000000003,1432.0
78.60805555555557,30.777500000000003,1434.0
78.60777777777778,30.777222222222225,1431.0
78.60750000000002,30.77694444444445,1430.0
78.60750000000002,30.77666666666667,1431.0
78.60722222222223,30.776388888888892,1431.0
78.60694444444445,30.776111111111113,1432.0
78.60666666666668,30.77583333333334,1431.0
78.6063888888889,30.77555555555556,1431.0
78.60611111111112,30.77555555555556,1431.0
78.60583333333334,30.77527777777778,1431.0
78.60555555555557,30.77527777777778,1432.0
78.60527777777779,30.77500000000001,1430.0
78.605,30.774722222222227,1427.0
78.60472222222224,30.774722222222227,1425.0
78.60444444444445,30.77444444444445,1424.0
78.60416666666667,30.77444444444445,1421.0
78.6038888888889,30.77416666666667,1423.0
78.60361111111112,30.77416666666667,1424.0
78.60333333333334,30.773888888888894,1422.0
78.60305555555557,30.773888888888894,1424.0
78.60277777777779,30.773611111111116,1422.0
78.6025,30.773611111111116,1418.0
78.60222222222224,30.773333333333337,1420.0
78.60194444444446,30.77305555555556,1421.0
78.60166666666667,30.772777777777783,1423.0
78.6013888888889,30.772500000000004,1423.0
78.60111111111112,30.772500000000004,1417.0
78.60083333333334,30.772222222222226,1418.0
78.60055555555556,30.771944444444447,1419.0
78.60027777777779,30.771666666666672,1420.0
78.60000000000001,30.771666666666672,1420.0
78.59972222222223,30.771388888888893,1419.0
78.59944444444446,30.77111111111111,1418.0
78.59916666666668,30.770833333333336,1418.0
78.5988888888889,30.77055555555556,1417.0
78.59861111111113,30.770277777777785,1418.0
78.59833333333334,30.770000000000003,1417.0
78.59805555555556,30.770000000000003,1417.0
78.5977777777778,30.769722222222224,1416.0
78.59750000000001,30.76944444444445,1416.0
78.59722222222223,30.76916666666667,1415.0
78.59722222222223,30.768888888888892,1415.0
78.59694444444446,30.768611111111117,1414.0
78.59666666666668,30.768611111111117,1412.0
78.5963888888889,30.768333333333334,1415.0
78.59611111111113,30.76805555555556,1414.0
78.59583333333335,30.76805555555556,1413.0
78.59555555555556,30.76777777777778,1412.0
78.59527777777778,30.76777777777778,1412.0
78.59500000000001,30.767500000000005,1412.0
78.59472222222223,30.767222222222227,1411.0
78.59444444444445,30.767222222222227,1411.0
78.59416666666668,30.766944444444448,1410.0
78.5938888888889,30.76666666666667,1409.0
78.5938888888889,30.766388888888898,1410.0
78.59361111111112,30.766111111111115,1410.0
78.59333333333335,30.765833333333337,1409.0
78.59333333333335,30.76555555555556,1408.0
78.59333333333335,30.765277777777783,1408.0
78.59305555555557,30.765000000000004,1407.0
78.59277777777778,30.764722222222225,1406.0
78.59250000000002,30.764444444444447,1405.0
78.59222222222223,30.76416666666667,1405.0
78.59194444444445,30.763888888888893,1405.0
78.59166666666668,30.76361111111111,1404.0
78.59166666666668,30.76333333333334,1403.0
78.5913888888889,30.76333333333334,1401.0
78.59111111111112,30.76333333333334,1401.0
78.59083333333335,30.76333333333334,1402.0
78.59055555555557,30.76333333333334,1403.0
78.59027777777779,30.76333333333334,1401.0
78.59,30.76333333333334,1398.0
78.58972222222224,30.76333333333334,1397.0
78.58944444444445,30.76333333333334,1398.0
78.58916666666667,30.76333333333334,1399.0
78.5888888888889,30.76333333333334,1398.0
78.58861111111112,30.76333333333334,1397.0
78.58833333333334,30.76333333333334,1397.0
78.58805555555557,30.76305555555556,1396.0
78.58777777777779,30.76277777777778,1397.0
78.5875,30.762500000000003,1399.0
78.58722222222224,30.762222222222228,1401.0
78.58694444444446,30.76194444444445,1395.0
78.58666666666667,30.76194444444445,1393.0
78.5863888888889,30.76194444444445,1393.0
78.58611111111112,30.76166666666667,1391.0
78.58583333333334,30.76166666666667,1391.0
78.58555555555557,30.76166666666667,1391.0
78.58527777777779,30.76166666666667,1390.0
78.58500000000001,30.76138888888889,1388.0
78.58472222222223,30.76138888888889,1387.0
78.58444444444446,30.76138888888889,1387.0
78.58416666666668,30.76166666666667,1387.0
78.5838888888889,30.76138888888889,1384.0
78.58361111111113,30.76138888888889,1382.0
78.58333333333334,30.76166666666667,1382.0
78.58305555555556,30.76166666666667,1382.0
78.58277777777779,30.76166666666667,1382.0
78.58250000000001,30.76166666666667,1382.0
78.58222222222223,30.76138888888889,1383.0
78.58194444444446,30.761111111111116,1382.0
78.58166666666668,30.760833333333338,1379.0
78.58166666666668,30.76055555555556,1376.0
78.58166666666668,30.76027777777778,1374.0
78.58166666666668,30.760000000000005,1376.0
78.58166666666668,30.759722222222223,1377.0
78.58166666666668,30.759444444444448,1374.0
78.58166666666668,30.75916666666667,1374.0
78.58166666666668,30.758888888888897,1373.0
78.58166666666668,30.758611111111115,1373.0
78.58166666666668,30.758333333333336,1373.0
78.58166666666668,30.75805555555556,1373.0
78.5813888888889,30.757777777777783,1375.0
78.58111111111113,30.757777777777783,1373.0
78.58111111111113,30.757500000000004,1372.0
78.58083333333335,30.757222222222225,1374.0
78.58055555555556,30.75694444444445,1374.0
78.5802777777778,30.75666666666667,1373.0
78.58000000000001,30.75666666666667,1372.0
78.57972222222223,30.75666666666667,1370.0
78.57944444444445,30.756388888888893,1371.0
78.57916666666668,30.756388888888893,1370.0
78.5788888888889,30.75611111111111,1368.0
78.57861111111112,30.75611111111111,1367.0
78.57833333333335,30.75611111111111,1365.0
78.57805555555557,30.75611111111111,1365.0
78.57777777777778,30.75611111111111,1366.0
78.57750000000001,30.75611111111111,1367.0
78.57722222222223,30.75583333333334,1366.0
78.57694444444445,30.75555555555556,1367.0
78.57666666666668,30.75527777777778,1368.0
78.5763888888889,30.755000000000003,1366.0
78.57611111111112,30.755000000000003,1365.0
78.57583333333335,30.75527777777778,1363.0
78.57555555555557,30.755000000000003,1363.0
78.57527777777779,30.754722222222227,1363.0
78.57500000000002,30.754722222222227,1363.0
78.57472222222223,30.75444444444445,1363.0
78.57444444444445,30.75416666666667,1363.0
78.57416666666667,30.75388888888889,1363.0
78.5738888888889,30.75388888888889,1362.0
78.57361111111112,30.75416666666667,1361.0
78.57333333333334,30.75416666666667,1360.0
78.57305555555557,30.75416666666667,1359.0
78.57277777777779,30.75416666666667,1355.0
78.5725,30.75416666666667,1355.0
78.57222222222224,30.75416666666667,1357.0
78.57194444444445,30.75416666666667,1357.0
78.57166666666667,30.75416666666667,1356.0
78.5713888888889,30.75416666666667,1356.0
78.57111111111112,30.75416666666667,1356.0
78.57083333333334,30.75416666666667,1355.0
78.57055555555557,30.75444444444445,1354.0
78.57027777777779,30.75444444444445,1354.0
78.57000000000001,30.75444444444445,1352.0
78.56972222222224,30.75444444444445,1351.0
78.56944444444446,30.754722222222227,1350.0
78.56916666666667,30.754722222222227,1350.0
78.56888888888889,30.75444444444445,1348.0
78.56861111111112,30.75444444444445,1346.0
78.56833333333334,30.75444444444445,1347.0
78.56805555555556,30.75416666666667,1346.0
78.56777777777779,30.75416666666667,1346.0
78.56750000000001,30.75416666666667,1347.0
78.56722222222223,30.75416666666667,1347.0
78.56694444444446,30.75416666666667,1347.0
78.56666666666668,30.75416666666667,1347.0
78.5663888888889,30.75388888888889,1347.0
78.56611111111113,30.75388888888889,1345.0
78.56583333333334,30.75388888888889,1345.0
78.56555555555556,30.75388888888889,1345.0
78.5652777777778,30.75388888888889,1345.0
78.56500000000001,30.75388888888889,1344.0
78.56472222222223,30.75388888888889,1344.0
78.56444444444445,30.753611111111116,1341.0
78.56416666666668,30.753611111111116,1342.0
78.5638888888889,30.753611111111116,1343.0
78.56361111111111,30.753611111111116,1345.0
78.56333333333335,30.753611111111116,1346.0
78.56305555555556,30.753611111111116,1347.0
78.56277777777778,30.753611111111116,1347.0
78.56250000000001,30.75388888888889,1339.0
78.56222222222223,30.75388888888889,1338.0
78.56194444444445,30.75388888888889,1340.0
78.56166666666668,30.75416666666667,1343.0
78.5613888888889,30.75444444444445,1341.0
78.56111111111112,30.75444444444445,1341.0
78.56083333333335,30.75444444444445,1347.0
78.56055555555557,30.75416666666667,1347.0
78.56027777777778,30.75416666666667,1342.0
78.56000000000002,30.75388888888889,1338.0
78.55972222222223,30.75388888888889,1336.0
78.55972222222223,30.753611111111116,1336.0
78.55944444444445,30.753333333333337,1336.0
78.55916666666667,30.75305555555556,1334.0
78.5588888888889,30.753333333333337,1332.0
78.55861111111112,30.75305555555556,1332.0
78.55861111111112,30.75277777777778,1332.0
78.55833333333334,30.752500000000005,1332.0
78.55805555555557,30.752500000000005,1331.0
78.55777777777779,30.752222222222223,1331.0
78.5575,30.752222222222223,1332.0
78.55722222222224,30.751944444444447,1332.0
78.55694444444445,30.751944444444447,1332.0
78.55666666666667,30.751666666666672,1331.0
78.5563888888889,30.751388888888897,1331.0
78.55611111111112,30.751111111111115,1330.0
78.55583333333334,30.750833333333336,1329.0
78.55555555555557,30.75055555555556,1330.0
78.55527777777779,30.750277777777782,1329.0
78.555,30.750000000000004,1328.0
78.55472222222224,30.750000000000004,1327.0
78.55444444444446,30.749722222222225,1326.0
78.55416666666667,30.74944444444445,1327.0
78.55388888888889,30.74944444444445,1327.0
78.55361111111112,30.74944444444445,1327.0
78.55333333333334,30.74916666666667,1327.0
78.55305555555556,30.74916666666667,1324.0
78.55277777777779,30.748888888888892,1324.0
78.55250000000001,30.748888888888892,1325.0
78.55222222222223,30.748611111111114,1324.0
78.55222222222223,30.74833333333334,1322.0
78.55194444444446,30.74805555555556,1323.0
78.55166666666668,30.74777777777778,1323.0
78.5513888888889,30.7475,1322.0
78.5513888888889,30.747222222222227,1323.0
78.55111111111113,30.74694444444445,1322.0
78.55111111111113,30.74666666666667,1322.0
78.55083333333334,30.746388888888895,1320.0
78.55055555555556,30.746111111111116,1318.0
78.55055555555556,30.745833333333337,1319.0
78.55055555555556,30.74555555555556,1321.0
78.5502777777778,30.745277777777783,1321.0
78.55000000000001,30.745000000000005,1318.0
78.55000000000001,30.744722222222222,1316.0
78.54972222222223,30.744722222222222,1315.0
78.54944444444446,30.744722222222222,1315.0
78.54916666666668,30.744722222222222,1316.0
78.5488888888889,30.744444444444447,1316.0
78.54861111111111,30.744444444444447,1315.0
78.54833333333335,30.744444444444447,1314.0
78.54805555555556,30.744444444444447,1313.0
78.54805555555556,30.744166666666672,1313.0
78.54777777777778,30.743888888888893,1313.0
78.54777777777778,30.743611111111115,1312.0
78.54750000000001,30.743333333333336,1310.0
78.54722222222223,30.743333333333336,1309.0
78.54694444444445,30.743333333333336,1309.0
78.54666666666668,30.74305555555556,1308.0
78.5463888888889,30.74305555555556,1308.0
78.54611111111112,30.742777777777786,1308.0
78.54583333333335,30.742500000000003,1306.0
78.54555555555557,30.742222222222225,1305.0
78.54527777777778,30.74194444444445,1304.0
78.54500000000002,30.74166666666667,1305.0
78.54472222222223,30.741388888888892,1304.0
78.54472222222223,30.741111111111117,1305.0
78.54444444444445,30.740833333333335,1304.0
78.54444444444445,30.74055555555556,1305.0
78.54444444444445,30.74027777777778,1304.0
78.54416666666668,30.74000000000001,1302.0
78.5438888888889,30.739722222222227,1301.0
78.54361111111112,30.739722222222227,1301.0
78.54333333333334,30.739722222222227,1301.0
78.54305555555557,30.739722222222227,1300.0
78.54277777777779,30.739722222222227,1299.0
78.5425,30.739722222222227,1298.0
78.54222222222224,30.739722222222227,1297.0
78.54194444444445,30.739722222222227,1297.0
78.54166666666667,30.739444444444448,1296.0
78.5413888888889,30.739444444444448,1297.0
78.54111111111112,30.73916666666667,1297.0
78.54083333333334,30.73916666666667,1297.0
78.54055555555557,30.73916666666667,1297.0
78.54027777777779,30.73916666666667,1297.0
78.54,30.73916666666667,1297.0
78.53972222222224,30.73916666666667,1297.0
78.53944444444446,30.73916666666667,1296.0
78.53916666666667,30.73916666666667,1296.0
78.5388888888889,30.73916666666667,1295.0
78.53861111111112,30.73916666666667,1295.0
78.53833333333334,30.73916666666667,1295.0
78.53805555555556,30.73916666666667,1293.0
78.53777777777779,30.73916666666667,1293.0
78.53750000000001,30.73916666666667,1293.0
78.53722222222223,30.73916666666667,1294.0
78.53694444444446,30.73916666666667,1294.0
78.53666666666668,30.73916666666667,1294.0
78.5363888888889,30.73916666666667,1294.0
78.53611111111113,30.73916666666667,1294.0
78.53583333333334,30.73916666666667,1296.0
78.53555555555556,30.73916666666667,1296.0
78.5352777777778,30.73916666666667,1293.0
78.53500000000001,30.73916666666667,1292.0
78.53472222222223,30.73916666666667,1293.0
78.53444444444446,30.73916666666667,1292.0
78.53416666666668,30.73916666666667,1292.0
78.5338888888889,30.73916666666667,1294.0
78.53361111111113,30.738888888888894,1290.0
78.53333333333335,30.738611111111116,1292.0
78.53305555555556,30.738333333333337,1296.0
78.53277777777778,30.73805555555556,1294.0
78.53250000000001,30.73805555555556,1296.0
78.53222222222223,30.737777777777783,1297.0
78.53194444444445,30.737777777777783,1295.0
78.53166666666668,30.737777777777783,1294.0
78.5313888888889,30.737777777777783,1295.0
78.53111111111112,30.737777777777783,1295.0
78.53083333333335,30.737777777777783,1296.0
78.53055555555557,30.73805555555556,1297.0
78.53027777777778,30.738333333333337,1296.0
78.53000000000002,30.738611111111116,1295.0
78.52972222222223,30.738888888888894,1295.0
78.52944444444445,30.73916666666667,1297.0
78.52916666666668,30.739444444444448,1295.0
78.5288888888889,30.739722222222227,1287.0
78.52861111111112,30.739722222222227,1281.0
78.52861111111112,30.74000000000001,1277.0
78.52833333333335,30.74027777777778,1268.0
78.52805555555557,30.74055555555556,1271.0
78.52777777777779,30.740833333333335,1276.0
78.5275,30.741111111111117,1276.0
78.52722222222224,30.741111111111117,1280.0
78.52694444444445,30.741111111111117,1280.0
78.52666666666667,30.740833333333335,1274.0
78.5263888888889,30.740833333333335,1267.0
78.52611111111112,30.740833333333335,1270.0
78.52583333333334,30.74055555555556,1267.0
78.52555555555557,30.74027777777778,1267.0
78.52527777777779,30.74000000000001,1269.0
78.525,30.739722222222227,1271.0
78.52472222222224,30.739444444444448,1267.0
78.52444444444446,30.73916666666667,1264.0
78.52416666666667,30.738888888888894,1261.0
78.5238888888889,30.738611111111116,1261.0
78.52361111111112,30.738333333333337,1258.0
78.52333333333334,30.738333333333337,1259.0
78.52305555555557,30.73805555555556,1258.0
78.52277777777779,30.737777777777783,1256.0
78.52250000000001,30.737777777777783,1259.0
78.52222222222223,30.737500000000004,1261.0
78.52194444444446,30.737222222222226,1258.0
78.52166666666668,30.736944444444447,1255.0
78.52166666666668,30.73666666666667,1254.0
78.5213888888889,30.736388888888893,1253.0
78.52111111111113,30.736388888888893,1253.0
78.52083333333334,30.736388888888893,1253.0
78.52055555555556,30.73611111111111,1253.0
78.52027777777779,30.73611111111111,1252.0
78.52000000000001,30.73611111111111,1251.0
78.51972222222223,30.73611111111111,1251.0
78.51944444444446,30.73611111111111,1251.0
78.51916666666668,30.73611111111111,1251.0
78.5188888888889,30.73611111111111,1251.0
78.51861111111113,30.73611111111111,1251.0
78.51833333333335,30.73611111111111,1251.0
78.51805555555556,30.735833333333336,1249.0
78.5177777777778,30.735833333333336,1251.0
78.51750000000001,30.73555555555556,1249.0
78.51722222222223,30.73555555555556,1248.0
78.51694444444445,30.73555555555556,1249.0
78.51666666666668,30.73555555555556,1248.0
78.5163888888889,30.73555555555556,1249.0
78.51611111111112,30.73527777777778,1248.0
78.51583333333335,30.73527777777778,1248.0
78.51555555555557,30.73527777777778,1248.0
78.51527777777778,30.73527777777778,1247.0
78.51500000000001,30.735000000000003,1246.0
78.51472222222223,30.735000000000003,1246.0
78.51444444444445,30.735000000000003,1246.0
78.51416666666668,30.734722222222228,1245.0
78.5138888888889,30.734722222222228,1244.0
78.51361111111112,30.734722222222228,1245.0
78.51333333333335,30.734722222222228,1245.0
78.51305555555557,30.734722222222228,1244.0
78.51277777777779,30.73444444444445,1243.0
78.51250000000002,30.73444444444445,1242.0
78.51222222222223,30.73444444444445,1243.0
78.51194444444445,30.73444444444445,1242.0
78.51166666666667,30.73444444444445,1241.0
78.5113888888889,30.73444444444445,1240.0
78.51111111111112,30.73444444444445,1240.0
78.51083333333334,30.73444444444445,1240.0
78.51055555555557,30.734722222222228,1243.0
78.51027777777779,30.734722222222228,1240.0
78.51,30.734722222222228,1240.0
78.50972222222224,30.735000000000003,1243.0
78.50944444444445,30.735000000000003,1240.0
78.50916666666667,30.735000000000003,1238.0
78.5088888888889,30.735000000000003,1240.0
78.50861111111112,30.73527777777778,1238.0
78.50833333333334,30.73527777777778,1239.0
78.50805555555557,30.73527777777778,1237.0
78.50777777777779,30.73527777777778,1240.0
78.50750000000001,30.73555555555556,1238.0
78.50722222222224,30.73555555555556,1237.0
78.50694444444446,30.73555555555556,1236.0
78.50666666666667,30.735833333333336,1240.0
78.50638888888889,30.73611111111111,1239.0
78.50611111111112,30.736388888888893,1237.0
78.50583333333334,30.736388888888893,1236.0
78.50555555555556,30.736388888888893,1233.0
78.50527777777779,30.736388888888893,1234.0
78.50500000000001,30.73666666666667,1234.0
78.50472222222223,30.73666666666667,1234.0
78.50444444444446,30.736944444444447,1234.0
78.50416666666668,30.737222222222226,1233.0
78.5038888888889,30.737500000000004,1234.0
78.50361111111113,30.737500000000004,1234.0
78.50333333333334,30.737500000000004,1234.0
78.50305555555556,30.737777777777783,1234.0
78.5027777777778,30.737777777777783,1234.0
78.50250000000001,30.73805555555556,1232.0
78.50222222222223,30.73805555555556,1231.0
78.50194444444445,30.73805555555556,1232.0
78.50166666666668,30.73805555555556,1231.0
78.5013888888889,30.73805555555556,1231.0
78.50111111111111,30.73805555555556,1230.0
78.50083333333335,30.737777777777783,1228.0
78.50055555555556,30.737777777777783,1228.0
78.50027777777778,30.737777777777783,1228.0
78.50000000000001,30.737500000000004,1229.0
78.49972222222223,30.737222222222226,1229.0
78.49944444444445,30.737222222222226,1228.0
78.49916666666668,30.737222222222226,1226.0
78.4988888888889,30.737222222222226,1228.0
78.49861111111112,30.736944444444447,1227.0
78.49833333333335,30.736944444444447,1227.0
78.49805555555557,30.736944444444447,1227.0
78.49777777777778,30.736944444444447,1227.0
78.49750000000002,30.737222222222226,1225.0
78.49722222222223,30.737222222222226,1224.0
78.49694444444445,30.737500000000004,1224.0
78.49666666666667,30.737500000000004,1223.0
78.4963888888889,30.737500000000004,1223.0
78.49611111111112,30.737500000000004,1224.0
78.49583333333334,30.737777777777783,1223.0
78.49555555555557,30.737777777777783,1223.0
78.49527777777779,30.737777777777783,1223.0
78.495,30.73805555555556,1223.0
78.49472222222224,30.738333333333337,1223.0
78.49444444444445,30.738611111111116,1221.0
78.49444444444445,30.738888888888894,1221.0
78.49416666666667,30.73916666666667,1221.0
78.4938888888889,30.739444444444448,1219.0
78.49361111111112,30.739722222222227,1220.0
78.49333333333334,30.74000000000001,1220.0
78.49361111111112,30.74027777777778,1220.0
78.49333333333334,30.74055555555556,1219.0
78.49305555555557,30.74055555555556,1218.0
78.49277777777779,30.740833333333335,1219.0
78.49277777777779,30.741111111111117,1219.0
78.49277777777779,30.741388888888892,1219.0
78.4925,30.74166666666667,1218.0
78.49222222222224,30.74194444444445,1218.0
78.49194444444446,30.742222222222225,1218.0
78.49166666666667,30.742500000000003,1218.0
78.49138888888889,30.742777777777786,1216.0
78.49111111111112,30.742777777777786,1217.0
78.49083333333334,30.742777777777786,1216.0
78.49055555555556,30.74305555555556,1214.0
78.49027777777779,30.742777777777786,1214.0
78.49000000000001,30.742777777777786,1213.0
78.48972222222223,30.742777777777786,1213.0
78.48944444444446,30.742777777777786,1213.0
78.48916666666668,30.742500000000003,1211.0
78.4888888888889,30.742500000000003,1211.0
78.48861111111113,30.742222222222225,1212.0
78.48833333333334,30.74194444444445,1211.0
78.48805555555556,30.74194444444445,1213.0
78.4877777777778,30.74166666666667,1211.0
78.48750000000001,30.74166666666667,1209.0
78.48722222222223,30.741388888888892,1213.0
78.48694444444446,30.74166666666667,1211.0
78.48666666666668,30.74166666666667,1210.0
78.4863888888889,30.74166666666667,1209.0
78.48611111111111,30.741388888888892,1206.0
78.48583333333335,30.74166666666667,1208.0
78.48555555555556,30.74194444444445,1208.0
78.48527777777778,30.742222222222225,1208.0
78.48500000000001,30.742222222222225,1207.0
78.48500000000001,30.742500000000003,1207.0
78.48472222222223,30.742777777777786,1207.0
78.48444444444445,30.74305555555556,1207.0
78.48416666666668,30.743333333333336,1206.0
78.48416666666668,30.743611111111115,1206.0
78.48416666666668,30.743888888888893,1206.0
78.4838888888889,30.744166666666672,1205.0
78.4838888888889,30.744444444444447,1204.0
78.48361111111112,30.744722222222222,1203.0
78.48361111111112,30.745000000000005,1205.0
78.48333333333335,30.745277777777783,1203.0
78.48333333333335,30.74555555555556,1203.0
78.48305555555557,30.745833333333337,1204.0
78.48277777777778,30.746111111111116,1203.0
78.48250000000002,30.746388888888895,1202.0
78.48250000000002,30.74666666666667,1201.0
78.48222222222223,30.74694444444445,1201.0
78.48194444444445,30.747222222222227,1201.0
78.48194444444445,30.7475,1201.0
78.48194444444445,30.74777777777778,1201.0
78.48194444444445,30.74805555555556,1201.0
78.48194444444445,30.74833333333334,1201.0
78.48194444444445,30.748611111111114,1201.0
78.48194444444445,30.748888888888892,1200.0
78.48194444444445,30.74916666666667,1200.0
78.48166666666668,30.74944444444445,1200.0
78.4813888888889,30.749722222222225,1200.0
78.4813888888889,30.750000000000004,1198.0
78.4813888888889,30.750277777777782,1196.0
78.4813888888889,30.75055555555556,1198.0
78.4813888888889,30.750833333333336,1197.0
78.4813888888889,30.751111111111115,1197.0
78.4813888888889,30.751388888888897,1197.0
78.4813888888889,30.751666666666672,1196.0
78.4813888888889,30.751944444444447,1195.0
78.48111111111112,30.752222222222223,1197.0
78.48083333333334,30.752500000000005,1196.0
78.48055555555557,30.75277777777778,1194.0
78.48027777777779,30.75305555555556,1193.0
78.48,30.753333333333337,1195.0
78.47972222222224,30.753611111111116,1196.0
78.47944444444445,30.75388888888889,1196.0
78.47916666666667,30.75388888888889,1195.0
78.4788888888889,30.75388888888889,1192.0
78.47861111111112,30.75388888888889,1190.0
78.47833333333334,30.75388888888889,1190.0
78.47805555555557,30.75388888888889,1188.0
78.47777777777779,30.75388888888889,1187.0
78.4775,30.75388888888889,1188.0
78.47722222222224,30.75388888888889,1191.0
78.47694444444446,30.75388888888889,1193.0
78.47666666666667,30.75388888888889,1196.0
78.4763888888889,30.753611111111116,1193.0
78.47611111111112,30.753333333333337,1193.0
78.47583333333334,30.75305555555556,1191.0
78.47555555555556,30.75277777777778,1191.0
78.47527777777779,30.752500000000005,1194.0
78.47500000000001,30.752222222222223,1191.0
78.47472222222223,30.751944444444447,1190.0
78.47444444444446,30.751666666666672,1190.0
78.47416666666668,30.751666666666672,1197.0
78.4738888888889,30.751388888888897,1200.0
78.47361111111113,30.751111111111115,1200.0
78.47333333333334,30.750833333333336,1192.0
78.47305555555556,30.750833333333336,1189.0
78.4727777777778,30.751111111111115,1183.0
78.47250000000001,30.751111111111115,1179.0
78.47222222222223,30.751111111111115,1179.0
78.47194444444446,30.751111111111115,1178.0
78.47166666666668,30.751111111111115,1180.0
78.4713888888889,30.751388888888897,1178.0
78.47111111111113,30.751666666666672,1177.0
78.47083333333335,30.751666666666672,1177.0
78.47055555555556,30.751944444444447,1176.0
78.47027777777778,30.751944444444447,1176.0
78.47000000000001,30.751944444444447,1176.0
78.46972222222223,30.752222222222223,1173.0
78.46944444444445,30.752222222222223,1174.0
78.46916666666668,30.752222222222223,1176.0
78.4688888888889,30.752500000000005,1176.0
78.46861111111112,30.752500000000005,1175.0
78.46833333333335,30.75277777777778,1174.0
78.46805555555557,30.75277777777778,1175.0
78.46777777777778,30.75277777777778,1175.0
78.46750000000002,30.75277777777778,1175.0
78.46722222222223,30.75305555555556,1175.0
78.46694444444445,30.75305555555556,1174.0
78.46666666666668,30.753333333333337,1174.0
78.4663888888889,30.753611111111116,1174.0
78.46611111111112,30.753611111111116,1172.0
78.46583333333335,30.753611111111116,1171.0
78.46555555555557,30.75388888888889,1171.0
78.46555555555557,30.75416666666667,1173.0
78.46555555555557,30.75444444444445,1173.0
78.46527777777779,30.754722222222227,1173.0
78.465,30.755000000000003,1172.0
78.46472222222224,30.755000000000003,1172.0
78.46444444444445,30.755000000000003,1172.0
78.46416666666667,30.75527777777778,1171.0
78.46416666666667,30.75555555555556,1171.0
78.46416666666667,30.75583333333334,1171.0
78.4638888888889,30.75611111111111,1171.0
78.46361111111112,30.756388888888893,1170.0
78.46333333333334,30.75666666666667,1170.0
78.46305555555557,30.75694444444445,1170.0
78.46305555555557,30.757222222222225,1169.0
78.46277777777779,30.757500000000004,1168.0
78.4625,30.757777777777783,1168.0
78.46222222222224,30.75805555555556,1166.0
78.46194444444446,30.75805555555556,1165.0
78.46166666666667,30.75805555555556,1166.0
78.4613888888889,30.75805555555556,1167.0
78.46111111111112,30.75805555555556,1166.0
78.46083333333334,30.758333333333336,1166.0
78.46055555555557,30.758333333333336,1165.0
78.46027777777779,30.758333333333336,1165.0
78.46000000000001,30.758611111111115,1164.0
78.45972222222223,30.758611111111115,1163.0
78.45944444444446,30.758611111111115,1164.0
78.45916666666668,30.758611111111115,1164.0
78.4588888888889,30.758611111111115,1164.0
78.45861111111113,30.758611111111115,1161.0
78.45833333333334,30.758611111111115,1162.0
78.45805555555556,30.758333333333336,1163.0
78.45777777777779,30.75805555555556,1162.0
78.45750000000001,30.757777777777783,1162.0
78.45722222222223,30.757500000000004,1161.0
78.45694444444446,30.757222222222225,1160.0
78.45666666666668,30.75694444444445,1159.0
78.4563888888889,30.75666666666667,1160.0
78.45611111111113,30.756388888888893,1160.0
78.45583333333335,30.75611111111111,1162.0
78.45555555555556,30.75583333333334,1163.0
78.45555555555556,30.75555555555556,1161.0
78.45555555555556,30.75527777777778,1160.0
78.4552777777778,30.755000000000003,1158.0
78.4552777777778,30.754722222222227,1158.0
78.45500000000001,30.75444444444445,1158.0
78.45500000000001,30.75416666666667,1157.0
78.45472222222223,30.75388888888889,1156.0
78.45444444444445,30.753611111111116,1155.0
78.45444444444445,30.753333333333337,1155.0
78.45444444444445,30.75305555555556,1154.0
78.45444444444445,30.75277777777778,1154.0
78.45444444444445,30.752500000000005,1154.0
78.45444444444445,30.752222222222223,1152.0
78.45416666666668,30.752222222222223,1153.0
78.4538888888889,30.751944444444447,1153.0
78.4538888888889,30.751666666666672,1153.0
78.45361111111112,30.751388888888897,1152.0
78.45361111111112,30.751111111111115,1151.0
78.45333333333335,30.750833333333336,1145.0
78.45333333333335,30.75055555555556,1147.0
78.45333333333335,30.750277777777782,1151.0
78.45305555555557,30.750000000000004,1146.0
78.45305555555557,30.749722222222225,1149.0
78.45277777777778,30.74944444444445,1151.0
78.45250000000001,30.74916666666667,1152.0
78.45250000000001,30.748888888888892,1150.0
78.45250000000001,30.748611111111114,1149.0
78.45250000000001,30.74833333333334,1147.0
78.45250000000001,30.74805555555556,1146.0
78.45250000000001,30.74777777777778,1146.0
78.45250000000001,30.7475,1145.0
78.45250000000001,30.747222222222227,1145.0
78.45250000000001,30.74694444444445,1146.0
78.45277777777778,30.74666666666667,1143.0
78.45305555555557,30.746388888888895,1142.0
78.45333333333335,30.746111111111116,1144.0
78.45361111111112,30.745833333333337,1143.0
78.4538888888889,30.74555555555556,1142.0
78.45416666666668,30.745277777777783,1141.0
78.45444444444445,30.745000000000005,1142.0
78.45472222222223,30.744722222222222,1142.0
78.45500000000001,30.744444444444447,1141.0
78.45500000000001,30.744166666666672,1143.0
78.4552777777778,30.743888888888893,1140.0
78.4552777777778,30.743611111111115,1143.0
78.45555555555556,30.743333333333336,1142.0
78.45583333333335,30.74305555555556,1141.0
78.45611111111113,30.742777777777786,1142.0
78.45611111111113,30.742500000000003,1142.0
78.45611111111113,30.742222222222225,1143.0
78.4563888888889,30.74194444444445,1140.0
78.45666666666668,30.74166666666667,1135.0
78.45666666666668,30.741388888888892,1135.0
78.45666666666668,30.741111111111117,1135.0
78.45666666666668,30.740833333333335,1135.0
78.45666666666668,30.74055555555556,1136.0
78.45666666666668,30.74027777777778,1136.0
78.45666666666668,30.74000000000001,1135.0
78.4563888888889,30.739722222222227,1133.0
78.45611111111113,30.739444444444448,1134.0
78.45583333333335,30.739444444444448,1133.0
78.45555555555556,30.73916666666667,1132.0
78.45555555555556,30.738888888888894,1132.0
78.45555555555556,30.738611111111116,1132.0
78.45555555555556,30.738333333333337,1132.0
78.45555555555556,30.73805555555556,1131.0
78.4552777777778,30.737777777777783,1131.0
78.45500000000001,30.737500000000004,1131.0
78.45472222222223,30.737222222222226,1130.0
78.45472222222223,30.736944444444447,1130.0
78.45472222222223,30.73666666666667,1129.0
78.45444444444445,30.736388888888893,1131.0
78.45416666666668,30.73611111111111,1131.0
78.4538888888889,30.735833333333336,1129.0
78.45361111111112,30.73555555555556,1128.0
78.45361111111112,30.73527777777778,1128.0
78.45333333333335,30.735000000000003,1127.0
78.45305555555557,30.734722222222228,1127.0
78.45277777777778,30.73444444444445,1127.0
78.45250000000001,30.73416666666667,1125.0
78.45222222222223,30.73388888888889,1125.0
78.45194444444445,30.733611111111117,1124.0
78.45166666666668,30.733611111111117,1124.0
78.4513888888889,30.733333333333334,1123.0
78.45111111111112,30.733333333333334,1124.0
78.45083333333335,30.73305555555556,1123.0
78.45055555555557,30.73305555555556,1123.0
78.45027777777779,30.73305555555556,1123.0
78.45000000000002,30.73277777777778,1124.0
78.44972222222223,30.73277777777778,1124.0
78.44944444444445,30.732500000000005,1124.0
78.44916666666667,30.732222222222227,1123.0
78.4488888888889,30.732222222222227,1123.0
78.44861111111112,30.732222222222227,1122.0
78.44833333333334,30.732222222222227,1124.0
78.44805555555557,30.732222222222227,1124.0
78.44777777777779,30.731944444444448,1122.0
78.4475,30.73166666666667,1122.0
78.4475,30.731388888888898,1122.0
78.4475,30.731111111111115,1121.0
78.4475,30.730833333333337,1120.0
78.4475,30.73055555555556,1120.0
78.44722222222224,30.730277777777783,1120.0
78.44694444444445,30.730000000000004,1118.0
78.44666666666667,30.729722222222225,1118.0
78.4463888888889,30.72944444444445,1121.0
78.44611111111112,30.72916666666667,1120.0
78.44583333333334,30.728888888888893,1118.0
78.44555555555557,30.728888888888893,1117.0
78.44555555555557,30.72861111111111,1116.0
78.44527777777779,30.72833333333334,1116.0
78.44500000000001,30.72833333333334,1117.0
78.44472222222224,30.72805555555556,1116.0
78.44444444444446,30.72777777777778,1117.0
78.44416666666667,30.72777777777778,1116.0
78.44388888888889,30.72777777777778,1113.0
78.44361111111112,30.727500000000003,1114.0
78.44333333333334,30.727500000000003,1117.0
78.44305555555556,30.727222222222228,1116.0
78.44277777777779,30.72694444444445,1116.0
78.44250000000001,30.72694444444445,1116.0
78.44222222222223,30.72666666666667,1117.0
78.44194444444446,30.72638888888889,1116.0
78.44166666666668,30.72638888888889,1114.0
78.4413888888889,30.726111111111116,1114.0
78.44111111111113,30.726111111111116,1114.0
78.44083333333334,30.726111111111116,1113.0
78.44055555555556,30.726111111111116,1114.0
78.4402777777778,30.726111111111116,1114.0
78.44000000000001,30.726111111111116,1114.0
78.43972222222223,30.726111111111116,1114.0
78.43944444444445,30.725833333333338,1114.0
78.43916666666668,30.725833333333338,1113.0
78.4388888888889,30.725833333333338,1114.0
78.43861111111111,30.725833333333338,1113.0
78.43833333333335,30.726111111111116,1113.0
78.43833333333335,30.72638888888889,1112.0
78.43805555555556,30.72638888888889,1112.0
78.43777777777778,30.72638888888889,1112.0
78.43750000000001,30.726111111111116,1111.0
78.43722222222223,30.72638888888889,1111.0
78.43694444444445,30.72638888888889,1111.0
78.43666666666668,30.72666666666667,1110.0
78.4363888888889,30.72694444444445,1110.0
78.43666666666668,30.727222222222228,1109.0
78.4363888888889,30.727500000000003,1109.0
78.4363888888889,30.72777777777778,1109.0
78.43611111111112,30.72805555555556,1108.0
78.43611111111112,30.72833333333334,1107.0
78.43583333333335,30.72861111111111,1106.0
78.43555555555557,30.728888888888893,1106.0
78.43527777777778,30.72916666666667,1106.0
78.43527777777778,30.72944444444445,1105.0
78.43527777777778,30.729722222222225,1104.0
78.43527777777778,30.730000000000004,1105.0
78.43500000000002,30.730277777777783,1106.0
78.43472222222223,30.73055555555556,1107.0
78.43444444444445,30.730833333333337,1106.0
78.43416666666667,30.730833333333337,1106.0
78.4338888888889,30.731111111111115,1106.0
78.43361111111112,30.731111111111115,1106.0
78.43333333333334,30.731388888888898,1106.0
78.43305555555557,30.731388888888898,1106.0
78.43277777777779,30.731388888888898,1106.0
78.4325,30.73166666666667,1106.0
78.43222222222224,30.73166666666667,1106.0
78.43194444444445,30.73166666666667,1106.0
78.43166666666667,30.73166666666667,1106.0
78.4313888888889,30.73166666666667,1106.0
78.43111111111112,30.73166666666667,1106.0
78.43083333333334,30.73166666666667,1106.0
78.43055555555557,30.73166666666667,1106.0
78.43027777777779,30.73166666666667,1106.0
78.43,30.73166666666667,1106.0
78.42972222222224,30.73166666666667,1106.0
78.42944444444446,30.73166666666667,1106.0
78.42916666666667,30.73166666666667,1106.0
78.42888888888889,30.73166666666667,1106.0
78.42861111111112,30.73166666666667,1106.0
78.42833333333334,30.73166666666667,1106.0
78.42805555555556,30.73166666666667,1106.0
78.42777777777779,30.73166666666667,1106.0
78.42750000000001,30.73166666666667,1106.0
78.42722222222223,30.73166666666667,1106.0
78.42694444444446,30.73166666666667,1106.0
78.42666666666668,30.73166666666667,1106.0
78.4263888888889,30.73166666666667,1106.0
78.42611111111113,30.73166666666667,1106.0
78.42583333333334,30.731388888888898,1106.0
78.42555555555556,30.731111111111115,1106.0
78.4252777777778,30.730833333333337,1106.0
78.42500000000001,30.73055555555556,1106.0
78.42472222222223,30.730277777777783,1106.0
78.42444444444446,30.730000000000004,1106.0
78.42416666666668,30.729722222222225,1106.0
78.4238888888889,30.72944444444445,1105.0
78.42361111111111,30.72916666666667,1098.0
78.42333333333335,30.72916666666667,1092.0
78.42305555555556,30.72916666666667,1092.0
78.42277777777778,30.728888888888893,1091.0
78.42277777777778,30.72861111111111,1090.0
78.42250000000001,30.72833333333334,1086.0
78.42222222222223,30.72833333333334,1088.0
78.42194444444445,30.72833333333334,1089.0
78.42166666666668,30.72805555555556,1088.0
78.4213888888889,30.72805555555556,1088.0
78.42111111111112,30.72805555555556,1089.0
78.42083333333335,30.72805555555556,1089.0
78.42055555555557,30.72805555555556,1089.0
78.42027777777778,30.72777777777778,1089.0
78.42000000000002,30.72777777777778,1089.0
78.41972222222223,30.72777777777778,1087.0
78.41944444444445,30.72777777777778,1086.0
78.41916666666668,30.72777777777778,1085.0
78.4188888888889,30.72777777777778,1085.0
78.41861111111112,30.72777777777778,1085.0
78.41833333333334,30.72805555555556,1080.0
78.41805555555557,30.72805555555556,1086.0
78.41777777777779,30.72833333333334,1085.0
78.4175,30.72861111111111,1085.0
78.41722222222224,30.728888888888893,1085.0
78.41694444444445,30.728888888888893,1084.0
78.41694444444445,30.72916666666667,1084.0
78.41694444444445,30.72944444444445,1084.0
78.41666666666667,30.729722222222225,1084.0
78.4163888888889,30.730000000000004,1084.0
78.41611111111112,30.730277777777783,1084.0
78.41583333333334,30.73055555555556,1083.0
78.41583333333334,30.730833333333337,1083.0
78.41555555555557,30.731111111111115,1083.0
78.41527777777779,30.731388888888898,1083.0
78.41527777777779,30.73166666666667,1083.0
78.41527777777779,30.731944444444448,1082.0
78.41527777777779,30.732222222222227,1080.0
78.415,30.732222222222227,1080.0
78.41472222222224,30.732500000000005,1080.0
78.41444444444446,30.73277777777778,1080.0
78.41416666666667,30.73305555555556,1080.0
78.4138888888889,30.733333333333334,1080.0
78.41416666666667,30.733611111111117,1080.0
78.4138888888889,30.73388888888889,1079.0
78.41361111111112,30.73388888888889,1073.0
78.41333333333334,30.73416666666667,1078.0
78.41305555555556,30.73444444444445,1080.0
78.41277777777779,30.734722222222228,1079.0
78.41250000000001,30.735000000000003,1079.0
78.41222222222223,30.73527777777778,1079.0
78.41194444444446,30.73555555555556,1078.0
78.41166666666668,30.73555555555556,1080.0
78.4113888888889,30.735833333333336,1077.0
78.41111111111113,30.735833333333336,1080.0
78.41083333333334,30.73611111111111,1078.0
78.41055555555556,30.73611111111111,1077.0
78.4102777777778,30.73611111111111,1078.0
78.41000000000001,30.73611111111111,1076.0
78.41000000000001,30.735833333333336,1077.0
78.40972222222223,30.73555555555556,1077.0
78.40972222222223,30.73527777777778,1077.0
78.40944444444446,30.735000000000003,1077.0
78.40944444444446,30.734722222222228,1077.0
78.40944444444446,30.73444444444445,1077.0
78.40944444444446,30.73416666666667,1077.0
78.40944444444446,30.73388888888889,1076.0
78.40916666666668,30.733611111111117,1076.0
78.40916666666668,30.733333333333334,1077.0
78.4088888888889,30.73305555555556,1072.0
78.4088888888889,30.73277777777778,1074.0
78.4088888888889,30.732500000000005,1077.0
78.40861111111113,30.732222222222227,1072.0
78.40861111111113,30.731944444444448,1073.0
78.40833333333335,30.73166666666667,1073.0
78.40805555555556,30.731388888888898,1073.0
78.40777777777778,30.731111111111115,1069.0
78.40750000000001,30.730833333333337,1069.0
78.40722222222223,30.73055555555556,1070.0
78.40694444444445,30.730277777777783,1077.0
78.40666666666668,30.730000000000004,1076.0
78.4063888888889,30.729722222222225,1073.0
78.4063888888889,30.72944444444445,1069.0
78.40611111111112,30.72944444444445,1070.0
78.40583333333335,30.72916666666667,1069.0
78.40555555555557,30.72916666666667,1068.0
78.40527777777778,30.72916666666667,1070.0
78.40500000000002,30.72916666666667,1071.0
78.40472222222223,30.72916666666667,1070.0
78.40444444444445,30.72916666666667,1070.0
78.40416666666668,30.72916666666667,1071.0
78.4038888888889,30.72944444444445,1071.0
78.40361111111112,30.72944444444445,1067.0
78.40333333333335,30.72944444444445,1066.0
78.40305555555557,30.72944444444445,1065.0
78.40277777777779,30.729722222222225,1065.0
78.4025,30.730000000000004,1064.0
78.40222222222224,30.730000000000004,1062.0
78.40222222222224,30.730277777777783,1061.0
78.40222222222224,30.73055555555556,1061.0
78.40194444444445,30.730833333333337,1060.0
78.40166666666667,30.731111111111115,1059.0
78.4013888888889,30.731388888888898,1061.0
78.40111111111112,30.73166666666667,1061.0
78.40083333333334,30.731944444444448,1061.0
78.40055555555557,30.732222222222227,1060.0
78.40027777777779,30.732500000000005,1060.0
78.4,30.73277777777778,1061.0
78.39972222222224,30.73305555555556,1062.0
78.39944444444446,30.733333333333334,1062.0
78.39916666666667,30.733611111111117,1063.0
78.39916666666667,30.73388888888889,1060.0
78.39916666666667,30.73416666666667,1059.0
78.39916666666667,30.73444444444445,1055.0
78.3988888888889,30.734722222222228,1058.0
78.39861111111112,30.735000000000003,1058.0
78.39833333333334,30.73527777777778,1058.0
78.39805555555557,30.73555555555556,1057.0
78.39777777777779,30.735833333333336,1056.0
78.39750000000001,30.735833333333336,1057.0
78.39722222222223,30.73611111111111,1056.0
78.39694444444446,30.736388888888893,1056.0
78.39666666666668,30.736388888888893,1056.0
78.3963888888889,30.73666666666667,1056.0
78.39611111111113,30.73666666666667,1055.0
78.39583333333334,30.73666666666667,1055.0
78.39555555555556,30.73666666666667,1055.0
78.39527777777779,30.73666666666667,1054.0
78.39500000000001,30.736388888888893,1055.0
78.39472222222223,30.73611111111111,1054.0
78.39444444444446,30.735833333333336,1055.0
78.39416666666668,30.73555555555556,1057.0
78.39416666666668,30.73527777777778,1057.0
78.3938888888889,30.735000000000003,1056.0
78.39361111111113,30.734722222222228,1054.0
78.39333333333335,30.73444444444445,1052.0
78.39305555555556,30.73444444444445,1050.0
78.3927777777778,30.73444444444445,1051.0
78.39250000000001,30.73416666666667,1052.0
78.39222222222223,30.73388888888889,1052.0
78.39194444444445,30.733611111111117,1051.0
78.39166666666668,30.733333333333334,1052.0
78.3913888888889,30.73305555555556,1051.0
78.39111111111112,30.73305555555556,1049.0
78.39083333333335,30.73305555555556,1045.0
78.39055555555557,30.73305555555556,1045.0
78.39027777777778,30.73305555555556,1043.0
78.39000000000001,30.733333333333334,1039.0
78.38972222222223,30.733611111111117,1038.0
78.38944444444445,30.73388888888889,1036.0
78.38916666666668,30.73416666666667,1041.0
78.3888888888889,30.73444444444445,1044.0
78.38861111111112,30.734722222222228,1042.0
78.38833333333335,30.735000000000003,1042.0
78.38805555555557,30.735000000000003,1046.0
78.38777777777779,30.73527777777778,1044.0
78.38750000000002,30.73555555555556,1043.0
78.38722222222223,30.73555555555556,1045.0
78.38694444444445,30.73555555555556,1046.0
78.38666666666667,30.735833333333336,1045.0
78.3863888888889,30.735833333333336,1045.0
78.38611111111112,30.73611111111111,1045.0
78.38583333333334,30.736388888888893,1046.0
78.38555555555557,30.73666666666667,1045.0
78.38527777777779,30.73666666666667,1043.0
78.385,30.73666666666667,1042.0
78.38472222222224,30.73666666666667,1042.0
78.38444444444445,30.736944444444447,1043.0
78.38416666666667,30.737222222222226,1042.0
78.3838888888889,30.737222222222226,1040.0
78.38361111111112,30.737222222222226,1039.0
78.38333333333334,30.737500000000004,1036.0
78.38305555555557,30.737500000000004,1036.0
78.38277777777779,30.737500000000004,1037.0
78.38250000000001,30.737500000000004,1036.0
78.38222222222224,30.737500000000004,1036.0
78.38194444444446,30.737500000000004,1035.0
78.38166666666667,30.737500000000004,1036.0
78.38138888888889,30.737777777777783,1038.0
78.38111111111112,30.73805555555556,1036.0
78.38083333333334,30.73805555555556,1037.0
78.38055555555556,30.73805555555556,1037.0
78.38027777777779,30.73805555555556,1033.0
78.38000000000001,30.73805555555556,1030.0
78.37972222222223,30.73805555555556,1032.0
78.37944444444446,30.737777777777783,1033.0
78.37916666666668,30.737777777777783,1032.0
78.3788888888889,30.737777777777783,1032.0
78.37861111111113,30.737777777777783,1031.0
78.37833333333334,30.737777777777783,1031.0
78.37805555555556,30.737777777777783,1031.0
78.3777777777778,30.737777777777783,1031.0
78.37750000000001,30.737777777777783,1031.0
78.37722222222223,30.737777777777783,1032.0
78.37694444444445,30.737777777777783,1031.0
78.37666666666668,30.737777777777783,1030.0
78.3763888888889,30.73805555555556,1032.0
78.37611111111111,30.73805555555556,1031.0
78.37583333333335,30.73805555555556,1032.0
78.37555555555556,30.73805555555556,1030.0
78.37527777777778,30.73805555555556,1028.0
78.37500000000001,30.73805555555556,1028.0
78.37472222222223,30.73805555555556,1029.0
78.37444444444445,30.73805555555556,1029.0
78.37416666666668,30.73805555555556,1029.0
78.3738888888889,30.73805555555556,1029.0
78.37361111111112,30.73805555555556,1029.0
78.37333333333335,30.73805555555556,1029.0
78.37305555555557,30.73805555555556,1029.0
78.37277777777778,30.738333333333337,1025.0
78.37250000000002,30.738333333333337,1022.0
78.37222222222223,30.738333333333337,1025.0
78.37194444444445,30.738333333333337,1028.0
78.37166666666667,30.73805555555556,1028.0
78.3713888888889,30.73805555555556,1028.0
78.37111111111112,30.737777777777783,1027.0
78.37083333333334,30.737777777777783,1026.0
78.37055555555557,30.737777777777783,1026.0
78.37027777777779,30.737500000000004,1028.0
78.37,30.737500000000004,1027.0
78.36972222222224,30.737500000000004,1026.0
78.36944444444445,30.737500000000004,1027.0
78.36916666666667,30.737500000000004,1027.0
78.3688888888889,30.737500000000004,1026.0
78.36861111111112,30.737500000000004,1027.0
78.36833333333334,30.737500000000004,1026.0
78.36805555555557,30.737500000000004,1026.0
78.36777777777779,30.737500000000004,1025.0
78.3675,30.737500000000004,1026.0
78.36722222222224,30.737500000000004,1025.0
78.36694444444446,30.737500000000004,1024.0
78.36666666666667,30.737500000000004,1023.0
78.36638888888889,30.737500000000004,1024.0
78.36611111111112,30.737777777777783,1022.0
78.36583333333334,30.73805555555556,1022.0
78.36555555555556,30.738333333333337,1025.0
78.36527777777779,30.738611111111116,1023.0
78.36500000000001,30.738888888888894,1022.0
78.36472222222223,30.73916666666667,1021.0
78.36444444444446,30.73916666666667,1021.0
78.36416666666668,30.739444444444448,1020.0
78.3638888888889,30.739722222222227,1018.0
78.36361111111113,30.739722222222227,1018.0
78.36333333333334,30.74000000000001,1018.0
78.36305555555556,30.74027777777778,1016.0
78.3627777777778,30.74055555555556,1016.0
78.36250000000001,30.74055555555556,1018.0
78.36222222222223,30.740833333333335,1018.0
78.36194444444446,30.740833333333335,1018.0
78.36166666666668,30.741111111111117,1017.0
78.3613888888889,30.741111111111117,1017.0
78.36111111111111,30.740833333333335,1016.0
78.36083333333335,30.74055555555556,1015.0
78.36083333333335,30.74027777777778,1016.0
78.36083333333335,30.74000000000001,1016.0
78.36083333333335,30.739722222222227,1016.0
78.36055555555556,30.739444444444448,1016.0
78.36027777777778,30.73916666666667,1014.0
78.36000000000001,30.738888888888894,1014.0
78.35972222222223,30.738611111111116,1012.0
78.35944444444445,30.738611111111116,1014.0
78.35916666666668,30.738333333333337,1014.0
78.3588888888889,30.738333333333337,1014.0
78.35861111111112,30.738333333333337,1012.0
78.35833333333335,30.738333333333337,1013.0
78.35805555555557,30.738333333333337,1012.0
78.35777777777778,30.738333333333337,1011.0
78.35750000000002,30.738333333333337,1011.0
78.35722222222223,30.738333333333337,1011.0
78.35694444444445,30.738333333333337,1011.0
78.35666666666668,30.738333333333337,1010.0
78.3563888888889,30.738333333333337,1009.0
78.35611111111112,30.738333333333337,1009.0
78.35583333333334,30.738333333333337,1010.0
78.35555555555557,30.738333333333337,1009.0
78.35527777777779,30.738333333333337,1010.0
78.355,30.738333333333337,1014.0
78.35472222222224,30.738333333333337,1012.0
78.35444444444445,30.738333333333337,1011.0
78.35416666666667,30.738333333333337,1008.0
78.3538888888889,30.738333333333337,1007.0
78.35361111111112,30.738333333333337,1008.0
78.35333333333334,30.738333333333337,1009.0
78.35305555555557,30.738333333333337,1011.0
78.35277777777779,30.73805555555556,1011.0
78.3525,30.73805555555556,1014.0
78.35222222222224,30.737777777777783,1014.0
78.35194444444446,30.737500000000004,1012.0
78.35166666666667,30.737222222222226,1006.0
78.35166666666667,30.736944444444447,1004.0
78.35166666666667,30.73666666666667,1003.0
78.3513888888889,30.736388888888893,1007.0
78.35111111111112,30.73611111111111,1006.0
78.35111111111112,30.735833333333336,1004.0
78.35111111111112,30.73555555555556,1002.0
78.35111111111112,30.73527777777778,1000.0
78.35111111111112,30.735000000000003,1000.0
78.35111111111112,30.734722222222228,998.0
78.35111111111112,30.73444444444445,996.0
78.35111111111112,30.73416666666667,1000.0
78.35083333333334,30.73388888888889,998.0
78.35083333333334,30.733611111111117,1001.0
78.35083333333334,30.733333333333334,998.0
78.35083333333334,30.73305555555556,994.0
78.35083333333334,30.73277777777778,993.0
78.35111111111112,30.732500000000005,993.0
78.3513888888889,30.732222222222227,993.0
78.35166666666667,30.732222222222227,992.0
78.35194444444446,30.732222222222227,991.0
78.35222222222224,30.732222222222227,992.0
78.3525,30.732222222222227,993.0
78.35277777777779,30.731944444444448,990.0
78.35305555555557,30.731944444444448,994.0
78.35333333333334,30.73166666666667,992.0
78.35361111111112,30.731388888888898,991.0
78.3538888888889,30.731388888888898,993.0
78.35416666666667,30.731388888888898,992.0
78.35444444444445,30.731111111111115,991.0
78.35472222222224,30.730833333333337,994.0
78.355,30.73055555555556,991.0
78.35527777777779,30.73055555555556,992.0
78.35555555555557,30.730277777777783,992.0
78.35583333333334,30.730277777777783,989.0
78.35611111111112,30.730277777777783,989.0
78.3563888888889,30.730277777777783,991.0
78.35666666666668,30.730277777777783,992.0
78.35694444444445,30.730277777777783,992.0
78.35722222222223,30.730277777777783,991.0
78.35750000000002,30.730277777777783,989.0
78.35777777777778,30.730000000000004,987.0
78.35805555555557,30.729722222222225,985.0
78.35833333333335,30.72944444444445,988.0
78.35861111111112,30.72916666666667,989.0
78.35861111111112,30.728888888888893,987.0
78.3588888888889,30.72861111111111,988.0
78.35916666666668,30.72833333333334,988.0
78.35916666666668,30.72805555555556,986.0
78.35916666666668,30.72777777777778,980.0
78.35916666666668,30.727500000000003,973.0
78.35916666666668,30.727222222222228,974.0
78.35916666666668,30.72694444444445,977.0
78.35916666666668,30.72666666666667,977.0
78.35916666666668,30.72638888888889,976.0
78.35916666666668,30.726111111111116,982.0
78.35944444444445,30.725833333333338,985.0
78.35972222222223,30.72555555555556,985.0
78.35972222222223,30.72527777777778,987.0
78.36000000000001,30.725000000000005,984.0
78.36000000000001,30.724722222222223,986.0
78.36027777777778,30.724444444444448,986.0
78.36055555555556,30.72416666666667,986.0
78.36083333333335,30.723888888888897,986.0
78.36083333333335,30.723611111111115,987.0
78.36111111111111,30.723333333333336,982.0
78.36111111111111,30.72305555555556,978.0
78.36111111111111,30.722777777777782,976.0
78.36111111111111,30.722500000000004,978.0
78.36111111111111,30.722222222222225,982.0
78.36111111111111,30.72194444444445,986.0
78.36111111111111,30.72166666666667,988.0
78.36111111111111,30.721388888888892,988.0
78.36111111111111,30.721111111111114,988.0
78.36083333333335,30.72083333333334,987.0
78.36055555555556,30.72083333333334,986.0
78.36027777777778,30.72055555555556,983.0
78.36000000000001,30.72027777777778,983.0
78.35972222222223,30.72,985.0
78.35944444444445,30.719722222222227,979.0
78.35916666666668,30.719722222222227,979.0
78.3588888888889,30.719722222222227,981.0
78.35861111111112,30.719722222222227,979.0
78.35833333333335,30.719722222222227,976.0
78.35805555555557,30.719722222222227,976.0
78.35777777777778,30.719722222222227,976.0
78.35750000000002,30.719722222222227,977.0
78.35722222222223,30.719722222222227,978.0
78.35694444444445,30.71944444444445,977.0
78.35666666666668,30.71916666666667,978.0
78.3563888888889,30.71888888888889,980.0
78.35611111111112,30.71888888888889,988.0
78.35583333333334,30.718611111111116,987.0
78.35555555555557,30.718333333333337,988.0
78.35527777777779,30.718611111111116,985.0
78.355,30.718333333333337,981.0
78.35472222222224,30.71805555555556,980.0
78.35472222222224,30.717777777777783,977.0
78.35444444444445,30.717777777777783,977.0
78.35416666666667,30.717500000000005,974.0
78.3538888888889,30.717500000000005,976.0
78.35361111111112,30.717222222222222,974.0
78.35333333333334,30.716944444444447,973.0
78.35305555555557,30.716666666666672,972.0
78.35277777777779,30.716388888888893,973.0
78.3525,30.716111111111115,977.0
78.35222222222224,30.715833333333336,975.0
78.35194444444446,30.71555555555556,974.0
78.35166666666667,30.715277777777786,974.0
78.3513888888889,30.715000000000003,977.0
78.35111111111112,30.714722222222225,976.0
78.35083333333334,30.71444444444445,972.0
78.35055555555556,30.71444444444445,975.0
78.35027777777779,30.71416666666667,975.0
78.35000000000001,30.713888888888892,977.0
78.34972222222223,30.713611111111113,976.0
78.34944444444446,30.71333333333334,976.0
78.34916666666668,30.71305555555556,974.0
78.34916666666668,30.71277777777778,977.0
78.34916666666668,30.71250000000001,973.0
78.34916666666668,30.712222222222227,966.0
78.34916666666668,30.71194444444445,960.0
78.3488888888889,30.71166666666667,967.0
78.34861111111113,30.711388888888894,977.0
78.34833333333334,30.711111111111116,976.0
78.34833333333334,30.710833333333337,969.0
78.34833333333334,30.71055555555556,965.0
78.34833333333334,30.710277777777783,961.0
78.34833333333334,30.710000000000004,958.0
78.34861111111113,30.709722222222226,957.0
78.3488888888889,30.709444444444447,956.0
78.34916666666668,30.709166666666672,959.0
78.34916666666668,30.708888888888893,958.0
78.34916666666668,30.70861111111111,956.0
78.34916666666668,30.708333333333336,959.0
78.34944444444446,30.70805555555556,957.0
78.34972222222223,30.707777777777785,960.0
78.35000000000001,30.707500000000003,959.0
78.35000000000001,30.707222222222224,960.0
78.35000000000001,30.70694444444445,959.0
78.35000000000001,30.70666666666667,960.0
78.35000000000001,30.706388888888892,960.0
78.35027777777779,30.706111111111117,956.0
78.35027777777779,30.705833333333334,953.0
78.35027777777779,30.70555555555556,955.0
78.35027777777779,30.70527777777778,957.0
78.35055555555556,30.705000000000005,954.0
78.35055555555556,30.704722222222227,952.0
78.35055555555556,30.704444444444448,951.0
78.35055555555556,30.70416666666667,952.0
78.35055555555556,30.703888888888898,951.0
78.35055555555556,30.703611111111115,948.0
78.35055555555556,30.703333333333337,949.0
78.35055555555556,30.70305555555556,954.0
78.35055555555556,30.702777777777783,956.0
78.35055555555556,30.702500000000004,955.0
78.35055555555556,30.702222222222225,954.0
78.35055555555556,30.701944444444447,953.0
78.35055555555556,30.70166666666667,953.0
78.35055555555556,30.701388888888893,950.0
78.35055555555556,30.70111111111111,947.0
78.35055555555556,30.70083333333334,945.0
78.35055555555556,30.70055555555556,946.0
78.35083333333334,30.70027777777778,946.0
78.35111111111112,30.700000000000003,952.0
78.3513888888889,30.699722222222228,949.0
78.35166666666667,30.69944444444445,946.0
78.35194444444446,30.69916666666667,948.0
78.35222222222224,30.69888888888889,953.0
78.3525,30.698611111111116,955.0
78.35277777777779,30.698333333333338,956.0
78.35305555555557,30.69805555555556,956.0
78.35333333333334,30.69777777777778,956.0
78.35361111111112,30.697500000000005,954.0
78.3538888888889,30.697222222222223,951.0
78.3538888888889,30.696944444444448,954.0
78.35416666666667,30.69666666666667,949.0
78.35416666666667,30.696388888888897,952.0
78.35416666666667,30.696111111111115,955.0
78.35444444444445,30.695833333333336,949.0
78.35444444444445,30.69555555555556,955.0
78.35472222222224,30.695277777777783,950.0
78.35472222222224,30.695000000000004,952.0
78.35472222222224,30.694722222222225,955.0
78.35472222222224,30.69444444444445,957.0
78.35472222222224,30.69416666666667,957.0
78.355,30.693888888888893,949.0
78.355,30.69361111111111,949.0
78.355,30.69333333333334,951.0
78.35527777777779,30.69305555555556,948.0
78.35555555555557,30.69277777777778,945.0
78.35555555555557,30.692500000000003,955.0
78.35583333333334,30.692222222222227,950.0
78.35583333333334,30.69194444444445,950.0
78.35583333333334,30.69166666666667,950.0
78.35583333333334,30.69138888888889,954.0
78.35583333333334,30.691111111111116,955.0
78.35583333333334,30.690833333333337,956.0
78.35583333333334,30.69055555555556,955.0
78.35583333333334,30.69027777777778,955.0
78.35583333333334,30.690000000000005,957.0
78.35583333333334,30.689722222222223,956.0
78.35583333333334,30.689444444444447,953.0
78.35583333333334,30.689166666666672,949.0
78.35583333333334,30.688888888888897,950.0
78.35583333333334,30.688611111111115,953.0
78.35555555555557,30.688333333333336,955.0
78.35527777777779,30.68805555555556,955.0
78.35527777777779,30.687777777777782,956.0
78.35527777777779,30.687500000000004,955.0
78.35527777777779,30.687222222222225,955.0
78.355,30.68694444444445,955.0
78.35472222222224,30.68666666666667,949.0
78.35472222222224,30.686388888888892,951.0
78.35472222222224,30.686111111111114,953.0
78.35472222222224,30.68583333333334,955.0
78.35444444444445,30.68555555555556,949.0
78.35444444444445,30.68527777777778,952.0
78.35416666666667,30.685,949.0
78.35416666666667,30.684722222222227,954.0
78.3538888888889,30.68444444444445,950.0
78.3538888888889,30.68416666666667,954.0
78.35361111111112,30.683888888888895,953.0
78.35333333333334,30.683611111111116,945.0
78.35333333333334,30.683333333333337,954.0
78.35305555555557,30.68305555555556,951.0
78.35305555555557,30.682777777777783,956.0
78.35305555555557,30.682500000000005,956.0
78.35305555555557,30.682222222222222,957.0
78.35277777777779,30.681944444444447,951.0
78.3525,30.681666666666672,937.0
78.35222222222224,30.681388888888893,928.0
78.35194444444446,30.681111111111115,923.0
78.35166666666667,30.680833333333336,920.0
78.3513888888889,30.68055555555556,919.0
78.35111111111112,30.680277777777786,918.0
78.35083333333334,30.680000000000003,925.0
78.35055555555556,30.679722222222225,945.0
78.35027777777779,30.67944444444445,953.0
78.35000000000001,30.67916666666667,948.0
78.34972222222223,30.67916666666667,954.0
78.34944444444446,30.678888888888892,945.0
78.34916666666668,30.678888888888892,953.0
78.3488888888889,30.678611111111117,940.0
78.34861111111113,30.678333333333335,922.0
78.34833333333334,30.67805555555556,915.0
78.34805555555556,30.67777777777778,915.0
78.3477777777778,30.67750000000001,915.0
78.34750000000001,30.677222222222227,924.0
78.34722222222223,30.676944444444448,940.0
78.34694444444446,30.67666666666667,943.0
78.34666666666668,30.676388888888894,945.0
78.3463888888889,30.676111111111116,956.0
78.34611111111113,30.675833333333337,957.0
78.34583333333335,30.67555555555556,957.0
78.34555555555556,30.675277777777783,949.0
78.34555555555556,30.675000000000004,955.0
78.34527777777778,30.674722222222226,957.0
78.34527777777778,30.674444444444447,957.0
78.34527777777778,30.67416666666667,950.0
78.34527777777778,30.673888888888893,947.0
78.34527777777778,30.67361111111111,954.0
78.34500000000001,30.673333333333336,940.0
78.34500000000001,30.67305555555556,948.0
78.34500000000001,30.67277777777778,951.0
78.34500000000001,30.672500000000003,949.0
78.34500000000001,30.672222222222228,942.0
78.34500000000001,30.67194444444445,934.0
78.34500000000001,30.67166666666667,929.0
78.34500000000001,30.67138888888889,930.0
