longitude,latitude,elevation
82.03111111111112,29.74777777777778,1541.0
82.0313888888889,29.747500000000006,1554.0
82.03166666666667,29.747222222222227,1563.0
82.03194444444445,29.74694444444445,1564.0
82.03194444444445,29.74666666666667,1564.0
82.03194444444445,29.746388888888895,1551.0
82.03194444444445,29.746111111111116,1533.0
82.03194444444445,29.745833333333337,1517.0
82.03194444444445,29.74555555555556,1510.0
82.03166666666667,29.745277777777783,1511.0
82.0313888888889,29.745000000000005,1517.0
82.03111111111112,29.744722222222226,1540.0
82.03083333333333,29.744444444444447,1561.0
82.03055555555557,29.744166666666672,1554.0
82.03055555555557,29.743888888888893,1558.0
82.03055555555557,29.743611111111115,1562.0
82.03027777777778,29.743333333333336,1545.0
82.03,29.74305555555556,1549.0
82.02972222222223,29.742777777777782,1556.0
82.02944444444445,29.742500000000003,1563.0
82.02916666666667,29.742222222222228,1573.0
82.02888888888889,29.74194444444445,1573.0
82.02861111111112,29.74166666666667,1572.0
82.02861111111112,29.741388888888892,1568.0
82.02861111111112,29.741111111111117,1559.0
82.02861111111112,29.740833333333338,1550.0
82.02861111111112,29.74055555555556,1546.0
82.02861111111112,29.74027777777778,1543.0
82.02861111111112,29.740000000000006,1535.0
82.02833333333334,29.740000000000006,1532.0
82.02805555555555,29.739722222222227,1532.0
82.02777777777779,29.739722222222227,1532.0
82.0275,29.739444444444448,1530.0
82.02722222222222,29.739444444444448,1530.0
82.02694444444445,29.739444444444448,1529.0
82.02666666666667,29.739444444444448,1527.0
82.02638888888889,29.739444444444448,1525.0
82.02611111111112,29.739444444444448,1524.0
82.02583333333334,29.739444444444448,1524.0
82.02555555555556,29.739444444444448,1520.0
82.02527777777779,29.739444444444448,1518.0
82.025,29.739444444444448,1514.0
82.02472222222222,29.739722222222227,1508.0
82.02444444444446,29.739722222222227,1503.0
82.02416666666667,29.739722222222227,1499.0
82.02388888888889,29.739722222222227,1495.0
82.02361111111111,29.739722222222227,1497.0
82.02333333333334,29.739722222222227,1501.0
82.02305555555556,29.739444444444448,1498.0
82.02277777777778,29.73916666666667,1493.0
82.02250000000001,29.738888888888894,1492.0
82.02222222222223,29.738611111111116,1493.0
82.02194444444444,29.738333333333337,1500.0
82.02166666666668,29.738055555555558,1507.0
82.0213888888889,29.737777777777783,1504.0
82.02111111111111,29.737500000000004,1503.0
82.02083333333334,29.737222222222226,1509.0
82.02055555555556,29.736944444444447,1495.0
82.02027777777778,29.736944444444447,1502.0
82.02000000000001,29.736944444444447,1508.0
82.01972222222223,29.73666666666667,1494.0
82.01944444444445,29.73666666666667,1493.0
82.01916666666668,29.73666666666667,1494.0
82.0188888888889,29.73666666666667,1501.0
82.01861111111111,29.736388888888893,1494.0
82.01833333333333,29.736388888888893,1501.0
82.01805555555556,29.736388888888893,1504.0
82.01777777777778,29.736388888888893,1506.0
82.0175,29.736388888888893,1508.0
82.01722222222223,29.736388888888893,1509.0
82.01694444444445,29.736111111111114,1506.0
82.01666666666667,29.73583333333334,1490.0
82.0163888888889,29.73583333333334,1480.0
82.01611111111112,29.73583333333334,1477.0
82.01583333333333,29.73555555555556,1476.0
82.01555555555557,29.73527777777778,1491.0
82.01527777777778,29.735000000000003,1492.0
82.01527777777778,29.734722222222228,1483.0
82.015,29.73444444444445,1475.0
82.01472222222223,29.73416666666667,1470.0
82.01472222222223,29.73388888888889,1467.0
82.01444444444445,29.733611111111117,1466.0
82.01416666666667,29.733333333333338,1464.0
82.0138888888889,29.73305555555556,1460.0
82.01361111111112,29.73277777777778,1463.0
82.01333333333334,29.732500000000005,1464.0
82.01305555555555,29.732222222222227,1467.0
82.01277777777779,29.731944444444448,1467.0
82.0125,29.73166666666667,1465.0
82.01222222222222,29.731388888888894,1467.0
82.01194444444445,29.731111111111115,1466.0
82.01166666666667,29.731111111111115,1474.0
82.01138888888889,29.730833333333337,1468.0
82.01111111111112,29.730833333333337,1474.0
82.01083333333334,29.73055555555556,1462.0
82.01055555555556,29.730277777777783,1460.0
82.01027777777779,29.730000000000004,1459.0
82.01,29.730000000000004,1470.0
82.00972222222222,29.729722222222225,1473.0
82.00944444444445,29.72944444444445,1476.0
82.00916666666667,29.72916666666667,1469.0
82.00888888888889,29.728888888888893,1462.0
82.00861111111112,29.728611111111114,1460.0
82.00833333333334,29.728611111111114,1475.0
82.00805555555556,29.72833333333334,1467.0
82.00777777777778,29.72805555555556,1463.0
82.00750000000001,29.72777777777778,1462.0
82.00722222222223,29.727500000000003,1455.0
82.00694444444444,29.727222222222228,1452.0
82.00666666666667,29.72694444444445,1459.0
82.00638888888889,29.72666666666667,1469.0
82.00611111111111,29.72638888888889,1476.0
82.00583333333334,29.726111111111116,1470.0
82.00555555555556,29.725833333333338,1457.0
82.00555555555556,29.72555555555556,1452.0
82.00527777777778,29.725277777777784,1450.0
82.00555555555556,29.725000000000005,1450.0
82.00555555555556,29.724722222222226,1445.0
82.00555555555556,29.724444444444448,1440.0
82.00555555555556,29.724166666666672,1441.0
82.00555555555556,29.723888888888894,1441.0
82.00555555555556,29.723611111111115,1438.0
82.00555555555556,29.723333333333336,1435.0
82.00555555555556,29.72305555555556,1435.0
82.00555555555556,29.722777777777782,1439.0
82.00527777777778,29.722500000000004,1436.0
82.00527777777778,29.722222222222225,1435.0
82.00527777777778,29.72194444444445,1435.0
82.00527777777778,29.72166666666667,1434.0
82.00527777777778,29.721388888888892,1438.0
82.00527777777778,29.721111111111114,1441.0
82.00527777777778,29.72083333333334,1442.0
82.00500000000001,29.72055555555556,1438.0
82.00500000000001,29.72027777777778,1430.0
82.00472222222223,29.720000000000002,1421.0
82.00444444444445,29.719722222222227,1425.0
82.00416666666668,29.71944444444445,1433.0
82.0038888888889,29.71916666666667,1431.0
82.00361111111111,29.718888888888895,1427.0
82.00333333333334,29.718888888888895,1439.0
82.00305555555556,29.718611111111116,1431.0
82.00277777777778,29.718333333333337,1423.0
82.0025,29.718333333333337,1436.0
82.00222222222223,29.71805555555556,1416.0
82.00194444444445,29.71805555555556,1421.0
82.00166666666667,29.71805555555556,1425.0
82.0013888888889,29.71805555555556,1431.0
82.00111111111111,29.717777777777783,1420.0
82.00083333333333,29.717500000000005,1416.0
82.00055555555556,29.717222222222226,1415.0
82.00027777777778,29.716944444444447,1413.0
82.0,29.716666666666672,1415.0
81.99972222222223,29.716388888888893,1420.0
81.99944444444445,29.716111111111115,1426.0
81.99916666666667,29.715833333333336,1429.0
81.9988888888889,29.71555555555556,1437.0
81.99861111111112,29.715277777777782,1442.0
81.99861111111112,29.715000000000003,1434.0
81.99861111111112,29.714722222222225,1428.0
81.99861111111112,29.71444444444445,1423.0
81.99861111111112,29.71416666666667,1420.0
81.99861111111112,29.713888888888892,1418.0
81.99861111111112,29.713611111111117,1416.0
81.99861111111112,29.71333333333334,1413.0
81.99861111111112,29.71305555555556,1410.0
81.99861111111112,29.71277777777778,1406.0
81.99861111111112,29.712500000000006,1404.0
81.99833333333333,29.712222222222227,1401.0
81.99805555555557,29.71194444444445,1399.0
81.99777777777778,29.71166666666667,1398.0
81.9975,29.711388888888894,1400.0
81.99722222222222,29.711111111111116,1409.0
81.99694444444445,29.710833333333337,1414.0
81.99666666666667,29.71055555555556,1412.0
81.99666666666667,29.710277777777783,1416.0
81.99638888888889,29.710000000000004,1408.0
81.99638888888889,29.709722222222226,1413.0
81.99638888888889,29.709444444444447,1419.0
81.99611111111112,29.709166666666672,1411.0
81.99583333333334,29.708888888888893,1413.0
81.99555555555555,29.708611111111114,1419.0
81.99527777777779,29.70833333333334,1419.0
81.99527777777779,29.70805555555556,1416.0
81.995,29.707777777777782,1414.0
81.995,29.707500000000003,1412.0
81.99472222222222,29.707222222222228,1410.0
81.99472222222222,29.70694444444445,1408.0
81.99444444444445,29.70666666666667,1406.0
81.99416666666667,29.706388888888892,1404.0
81.99416666666667,29.706111111111117,1401.0
81.99388888888889,29.705833333333338,1399.0
81.99361111111112,29.70555555555556,1396.0
81.99333333333334,29.70527777777778,1395.0
81.99305555555556,29.705000000000005,1393.0
81.99277777777779,29.704722222222227,1390.0
81.9925,29.704444444444448,1388.0
81.99222222222222,29.70416666666667,1385.0
81.99194444444444,29.703888888888894,1383.0
81.99166666666667,29.703611111111115,1380.0
81.99138888888889,29.703611111111115,1380.0
81.99111111111111,29.703611111111115,1380.0
81.99083333333334,29.703333333333337,1380.0
81.99055555555556,29.703055555555558,1380.0
81.99027777777778,29.702777777777783,1380.0
81.99027777777778,29.702500000000004,1380.0
81.99027777777778,29.702222222222225,1379.0
81.99000000000001,29.702222222222225,1379.0
81.98972222222223,29.70194444444445,1379.0
81.98944444444444,29.70194444444445,1379.0
81.98916666666668,29.70166666666667,1379.0
81.9888888888889,29.701388888888893,1379.0
81.98861111111111,29.701388888888893,1379.0
81.98833333333334,29.701111111111114,1379.0
81.98805555555556,29.701111111111114,1379.0
81.98777777777778,29.70083333333334,1379.0
81.98750000000001,29.70083333333334,1379.0
81.98722222222223,29.70055555555556,1379.0
81.98694444444445,29.70027777777778,1379.0
81.98666666666666,29.700000000000003,1379.0
81.9863888888889,29.699722222222228,1379.0
81.98611111111111,29.699722222222228,1379.0
81.98583333333333,29.69944444444445,1379.0
81.98555555555556,29.69944444444445,1379.0
81.98527777777778,29.69944444444445,1379.0
81.985,29.69944444444445,1379.0
81.98472222222223,29.69944444444445,1379.0
81.98444444444445,29.69944444444445,1379.0
81.98416666666667,29.69916666666667,1378.0
81.98416666666667,29.69888888888889,1378.0
81.9838888888889,29.698611111111116,1378.0
81.98361111111112,29.698333333333338,1377.0
81.98333333333333,29.698333333333338,1377.0
81.98305555555557,29.698333333333338,1377.0
81.98277777777778,29.698333333333338,1377.0
81.9825,29.698333333333338,1376.0
81.98222222222222,29.69805555555556,1376.0
81.98194444444445,29.69777777777778,1376.0
81.98166666666667,29.697500000000005,1375.0
81.98138888888889,29.697500000000005,1375.0
81.98111111111112,29.697500000000005,1375.0
81.98083333333334,29.697500000000005,1375.0
81.98055555555555,29.697500000000005,1374.0
81.98027777777779,29.697500000000005,1374.0
81.98,29.697222222222226,1374.0
81.97972222222222,29.696944444444448,1373.0
81.97944444444445,29.696666666666673,1373.0
81.97916666666667,29.696666666666673,1373.0
81.97888888888889,29.696388888888894,1372.0
81.97861111111112,29.696388888888894,1372.0
81.97833333333334,29.696111111111115,1372.0
81.97805555555556,29.695833333333336,1371.0
81.97777777777779,29.695833333333336,1371.0
81.9775,29.69555555555556,1371.0
81.97722222222222,29.695277777777783,1370.0
81.97694444444446,29.695000000000004,1370.0
81.97666666666667,29.695000000000004,1370.0
81.97638888888889,29.694722222222225,1369.0
81.97611111111111,29.69444444444445,1369.0
81.97583333333334,29.69444444444445,1369.0
81.97555555555556,29.69416666666667,1368.0
81.97527777777778,29.69416666666667,1368.0
81.97500000000001,29.693888888888893,1368.0
81.97472222222223,29.693888888888893,1367.0
81.97444444444444,29.693611111111114,1367.0
81.97416666666668,29.69333333333334,1367.0
81.9738888888889,29.69305555555556,1366.0
81.97361111111111,29.69305555555556,1366.0
81.97333333333334,29.69277777777778,1366.0
81.97305555555556,29.692500000000003,1365.0
81.97277777777778,29.692500000000003,1365.0
81.97250000000001,29.692222222222227,1365.0
81.97222222222223,29.692222222222227,1365.0
81.97194444444445,29.692222222222227,1364.0
81.97166666666666,29.692222222222227,1364.0
81.9713888888889,29.69194444444445,1364.0
81.97111111111111,29.69194444444445,1363.0
81.97083333333333,29.69194444444445,1363.0
81.97055555555556,29.69194444444445,1363.0
81.97027777777778,29.69194444444445,1363.0
81.97,29.69166666666667,1362.0
81.96972222222223,29.69166666666667,1362.0
81.96944444444445,29.69166666666667,1362.0
81.96916666666667,29.691388888888895,1361.0
81.9688888888889,29.691388888888895,1361.0
81.96861111111112,29.691388888888895,1361.0
81.96833333333333,29.691111111111116,1361.0
81.96805555555557,29.690833333333337,1361.0
81.96777777777778,29.690833333333337,1361.0
81.9675,29.69055555555556,1361.0
81.96722222222223,29.690277777777784,1361.0
81.96694444444445,29.690000000000005,1361.0
81.96666666666667,29.689722222222226,1361.0
81.96638888888889,29.689444444444447,1361.0
81.96611111111112,29.689166666666672,1361.0
81.96583333333334,29.688888888888894,1361.0
81.96555555555555,29.688888888888894,1361.0
81.96527777777779,29.688611111111115,1361.0
81.965,29.688333333333336,1361.0
81.96472222222222,29.68805555555556,1361.0
81.96444444444445,29.687777777777782,1360.0
81.96416666666667,29.687777777777782,1360.0
81.96388888888889,29.687777777777782,1360.0
81.96361111111112,29.687500000000004,1360.0
81.96333333333334,29.687500000000004,1359.0
81.96305555555556,29.687222222222225,1359.0
81.96277777777779,29.68694444444445,1359.0
81.9625,29.68666666666667,1358.0
81.96222222222222,29.68666666666667,1358.0
81.96194444444446,29.686388888888892,1358.0
81.96166666666667,29.686111111111114,1357.0
81.96138888888889,29.686111111111114,1357.0
81.96111111111111,29.68583333333334,1357.0
81.96083333333334,29.68555555555556,1356.0
81.96055555555556,29.68555555555556,1356.0
81.96027777777778,29.68555555555556,1356.0
81.96000000000001,29.68527777777778,1355.0
81.95972222222223,29.685000000000006,1355.0
81.95944444444444,29.684722222222227,1355.0
81.95916666666668,29.68444444444445,1354.0
81.9588888888889,29.68444444444445,1354.0
81.95861111111111,29.68416666666667,1354.0
81.95833333333334,29.683888888888895,1353.0
81.95805555555556,29.683888888888895,1353.0
81.95777777777778,29.683611111111116,1353.0
81.95750000000001,29.683333333333337,1352.0
81.95722222222223,29.683333333333337,1352.0
81.95694444444445,29.68305555555556,1352.0
81.95666666666668,29.682777777777783,1351.0
81.9563888888889,29.682500000000005,1351.0
81.95611111111111,29.682222222222226,1351.0
81.95583333333333,29.681944444444447,1350.0
81.95555555555556,29.681944444444447,1350.0
81.95527777777778,29.681944444444447,1350.0
81.955,29.681666666666672,1349.0
81.95472222222223,29.681666666666672,1349.0
81.95444444444445,29.681388888888893,1349.0
81.95416666666667,29.681111111111115,1349.0
81.9538888888889,29.681111111111115,1348.0
81.95361111111112,29.681111111111115,1348.0
81.95333333333333,29.680833333333336,1348.0
81.95305555555557,29.68055555555556,1347.0
81.95305555555557,29.680277777777782,1347.0
81.95277777777778,29.680000000000003,1347.0
81.9525,29.679722222222228,1346.0
81.95222222222223,29.67944444444445,1346.0
81.95194444444445,29.67916666666667,1345.0
81.95166666666667,29.678888888888892,1345.0
81.9513888888889,29.678611111111117,1344.0
81.9513888888889,29.678333333333338,1344.0
81.95111111111112,29.67805555555556,1344.0
81.95083333333334,29.67777777777778,1343.0
81.95055555555555,29.67777777777778,1343.0
81.95027777777779,29.677500000000006,1343.0
81.95,29.677222222222227,1342.0
81.95,29.676944444444448,1342.0
81.94972222222222,29.67666666666667,1342.0
81.94944444444445,29.676388888888894,1341.0
81.94916666666667,29.676388888888894,1341.0
81.94888888888889,29.676388888888894,1341.0
81.94861111111112,29.676388888888894,1341.0
81.94833333333334,29.676388888888894,1340.0
81.94805555555556,29.676388888888894,1340.0
81.94777777777779,29.676111111111116,1340.0
81.9475,29.675833333333337,1339.0
81.94722222222222,29.675833333333337,1339.0
81.94694444444445,29.675833333333337,1339.0
81.94666666666667,29.675555555555558,1338.0
81.94666666666667,29.675277777777783,1338.0
81.94638888888889,29.675000000000004,1338.0
81.94611111111112,29.674722222222226,1337.0
81.94583333333334,29.674722222222226,1337.0
81.94555555555556,29.674722222222226,1337.0
81.94527777777778,29.674722222222226,1337.0
81.94500000000001,29.674444444444447,1336.0
81.94472222222223,29.67416666666667,1336.0
81.94444444444444,29.67416666666667,1336.0
81.94416666666667,29.67416666666667,1335.0
81.94388888888889,29.67416666666667,1335.0
81.94361111111111,29.67416666666667,1335.0
81.94333333333334,29.67416666666667,1335.0
81.94305555555556,29.67416666666667,1334.0
81.94277777777778,29.67416666666667,1334.0
81.94250000000001,29.67416666666667,1334.0
81.94222222222223,29.673888888888893,1333.0
81.94194444444445,29.673888888888893,1333.0
81.94166666666668,29.673611111111114,1333.0
81.9413888888889,29.673611111111114,1332.0
81.94111111111111,29.673611111111114,1332.0
81.94083333333334,29.673611111111114,1332.0
81.94055555555556,29.67333333333334,1331.0
81.94027777777778,29.67333333333334,1331.0
81.94,29.67333333333334,1331.0
81.93972222222223,29.67333333333334,1331.0
81.93944444444445,29.67305555555556,1330.0
81.93916666666667,29.67305555555556,1330.0
81.9388888888889,29.67277777777778,1330.0
81.93861111111111,29.67277777777778,1330.0
81.93833333333333,29.67277777777778,1329.0
81.93805555555556,29.67277777777778,1329.0
81.93777777777778,29.67277777777778,1329.0
81.9375,29.67277777777778,1328.0
81.93722222222223,29.67277777777778,1328.0
81.93694444444445,29.67305555555556,1328.0
81.93666666666667,29.67305555555556,1327.0
81.9363888888889,29.67333333333334,1327.0
81.93611111111112,29.67333333333334,1327.0
81.93583333333333,29.673611111111114,1326.0
81.93555555555557,29.673611111111114,1326.0
81.93527777777778,29.673888888888893,1326.0
81.935,29.67416666666667,1325.0
81.93472222222222,29.674444444444447,1325.0
81.93444444444445,29.674722222222226,1324.0
81.93444444444445,29.675000000000004,1324.0
81.93444444444445,29.675277777777783,1324.0
81.93416666666667,29.675555555555558,1323.0
81.93388888888889,29.675833333333337,1323.0
81.93361111111112,29.676111111111116,1322.0
81.93333333333334,29.676388888888894,1322.0
81.93305555555555,29.67666666666667,1322.0
81.93277777777779,29.676944444444448,1321.0
81.9325,29.677222222222227,1321.0
81.93222222222222,29.677500000000006,1321.0
81.93194444444445,29.67777777777778,1320.0
81.93166666666667,29.67777777777778,1320.0
81.93138888888889,29.67777777777778,1320.0
81.93111111111112,29.67777777777778,1320.0
81.93083333333334,29.67777777777778,1319.0
81.93055555555556,29.67777777777778,1319.0
81.93027777777779,29.67777777777778,1319.0
81.93,29.677500000000006,1318.0
81.93,29.677222222222227,1318.0
81.92972222222222,29.676944444444448,1318.0
81.92944444444444,29.67666666666667,1317.0
81.92944444444444,29.676388888888894,1317.0
81.92916666666667,29.676111111111116,1317.0
81.92888888888889,29.675833333333337,1316.0
81.92861111111111,29.675833333333337,1316.0
81.92833333333334,29.675833333333337,1316.0
81.92805555555556,29.675833333333337,1316.0
81.92777777777778,29.675555555555558,1315.0
81.92750000000001,29.675555555555558,1315.0
81.92722222222223,29.675277777777783,1315.0
81.92694444444444,29.675277777777783,1315.0
81.92666666666668,29.675277777777783,1314.0
81.9263888888889,29.675000000000004,1314.0
81.92611111111111,29.675000000000004,1314.0
81.92583333333334,29.675000000000004,1314.0
81.92555555555556,29.675000000000004,1313.0
81.92527777777778,29.674722222222226,1313.0
81.92500000000001,29.674722222222226,1313.0
81.92472222222223,29.674722222222226,1313.0
81.92444444444445,29.674722222222226,1312.0
81.92416666666666,29.674722222222226,1312.0
81.9238888888889,29.674722222222226,1312.0
81.92361111111111,29.674444444444447,1312.0
81.92333333333333,29.674444444444447,1311.0
81.92305555555556,29.674444444444447,1311.0
81.92277777777778,29.674444444444447,1311.0
81.9225,29.674444444444447,1311.0
81.92222222222223,29.67416666666667,1310.0
81.92194444444445,29.673888888888893,1310.0
81.92166666666667,29.673611111111114,1310.0
81.9213888888889,29.67333333333334,1310.0
81.9213888888889,29.67305555555556,1310.0
81.92111111111112,29.67277777777778,1310.0
81.92083333333333,29.672500000000003,1310.0
81.92055555555557,29.672222222222228,1309.0
81.92055555555557,29.67194444444445,1309.0
81.92055555555557,29.67166666666667,1309.0
81.92027777777778,29.67138888888889,1309.0
81.92,29.671111111111117,1309.0
81.91972222222222,29.670833333333338,1308.0
81.91972222222222,29.67055555555556,1308.0
81.91972222222222,29.67027777777778,1308.0
81.91972222222222,29.670000000000005,1308.0
81.91944444444445,29.669722222222227,1308.0
81.91944444444445,29.669444444444448,1307.0
81.91944444444445,29.66916666666667,1307.0
81.91944444444445,29.668888888888894,1307.0
81.91944444444445,29.668611111111115,1307.0
81.91944444444445,29.668333333333337,1307.0
81.91944444444445,29.66805555555556,1306.0
81.91972222222222,29.667777777777783,1306.0
81.92,29.667500000000004,1306.0
81.92027777777778,29.667222222222225,1306.0
81.92055555555557,29.66694444444445,1305.0
81.92055555555557,29.66666666666667,1305.0
81.92055555555557,29.666388888888893,1305.0
81.92055555555557,29.666111111111114,1305.0
81.92055555555557,29.66583333333334,1305.0
81.92055555555557,29.66555555555556,1305.0
81.92055555555557,29.66527777777778,1304.0
81.92027777777778,29.66527777777778,1304.0
81.92,29.665000000000003,1304.0
81.91972222222222,29.664722222222228,1304.0
81.91944444444445,29.66444444444445,1303.0
81.91916666666667,29.66444444444445,1303.0
81.91888888888889,29.66416666666667,1303.0
81.91861111111112,29.66416666666667,1303.0
81.91833333333334,29.66416666666667,1303.0
81.91805555555555,29.66416666666667,1302.0
81.91777777777779,29.66416666666667,1302.0
81.9175,29.66416666666667,1302.0
81.91722222222222,29.66416666666667,1302.0
81.91694444444445,29.66388888888889,1302.0
81.91666666666667,29.66388888888889,1302.0
81.91638888888889,29.66388888888889,1302.0
81.91611111111112,29.66388888888889,1301.0
81.91583333333334,29.66388888888889,1301.0
81.91555555555556,29.66388888888889,1301.0
81.91527777777779,29.66388888888889,1301.0
81.915,29.66388888888889,1301.0
81.91472222222222,29.66388888888889,1300.0
81.91444444444446,29.66388888888889,1300.0
81.91416666666667,29.66388888888889,1300.0
81.91388888888889,29.663611111111116,1300.0
81.91361111111111,29.663611111111116,1300.0
81.91333333333334,29.663611111111116,1300.0
81.91305555555556,29.663611111111116,1299.0
81.91277777777778,29.663611111111116,1299.0
81.91250000000001,29.663611111111116,1299.0
81.91222222222223,29.663611111111116,1299.0
81.91194444444444,29.663611111111116,1299.0
81.91166666666668,29.663611111111116,1299.0
81.9113888888889,29.663611111111116,1298.0
81.91111111111111,29.663611111111116,1298.0
81.91083333333334,29.663611111111116,1298.0
81.91055555555556,29.663611111111116,1298.0
81.91027777777778,29.663611111111116,1298.0
81.91000000000001,29.663611111111116,1297.0
81.90972222222223,29.663611111111116,1297.0
81.90944444444445,29.663611111111116,1297.0
81.90916666666666,29.663611111111116,1297.0
81.9088888888889,29.663611111111116,1297.0
81.90861111111111,29.663611111111116,1297.0
81.90833333333333,29.663611111111116,1296.0
81.90805555555556,29.663611111111116,1296.0
81.90777777777778,29.66388888888889,1296.0
81.9075,29.66416666666667,1296.0
81.9075,29.66444444444445,1295.0
81.90722222222223,29.664722222222228,1295.0
81.90694444444445,29.665000000000003,1295.0
81.90666666666667,29.66527777777778,1295.0
81.9063888888889,29.66555555555556,1294.0
81.90611111111112,29.66555555555556,1294.0
81.90583333333333,29.66583333333334,1294.0
81.90555555555557,29.666111111111114,1294.0
81.90527777777778,29.666388888888893,1293.0
81.905,29.666388888888893,1293.0
81.90472222222223,29.66666666666667,1293.0
81.90444444444445,29.66666666666667,1293.0
81.90416666666667,29.66666666666667,1293.0
81.90388888888889,29.66694444444445,1292.0
81.90361111111112,29.66694444444445,1292.0
81.90333333333334,29.66694444444445,1292.0
81.90305555555555,29.667222222222225,1292.0
81.90277777777779,29.667222222222225,1292.0
81.9025,29.667222222222225,1292.0
81.90222222222222,29.667500000000004,1291.0
81.90194444444445,29.667777777777783,1291.0
81.90166666666667,29.667777777777783,1291.0
81.90138888888889,29.667777777777783,1291.0
81.90111111111112,29.66805555555556,1291.0
81.90083333333334,29.66805555555556,1290.0
81.90055555555556,29.66805555555556,1290.0
81.90027777777779,29.66805555555556,1290.0
81.9,29.66805555555556,1290.0
81.89972222222222,29.66805555555556,1290.0
81.89944444444446,29.66805555555556,1290.0
81.89916666666667,29.66805555555556,1289.0
81.89888888888889,29.66805555555556,1289.0
81.89861111111111,29.66805555555556,1289.0
81.89833333333334,29.66805555555556,1289.0
81.89805555555556,29.66805555555556,1289.0
81.89777777777778,29.66805555555556,1288.0
81.89750000000001,29.668333333333337,1288.0
81.89722222222223,29.668333333333337,1288.0
81.89694444444444,29.668333333333337,1288.0
81.89666666666668,29.668333333333337,1288.0
81.8963888888889,29.668611111111115,1288.0
81.89611111111111,29.668611111111115,1287.0
81.89583333333334,29.668611111111115,1287.0
81.89555555555556,29.668611111111115,1287.0
81.89527777777778,29.668611111111115,1287.0
81.89500000000001,29.668611111111115,1287.0
81.89472222222223,29.668611111111115,1286.0
81.89444444444445,29.668611111111115,1286.0
81.89416666666668,29.668611111111115,1286.0
81.8938888888889,29.668611111111115,1286.0
81.89361111111111,29.668611111111115,1286.0
81.89333333333333,29.668611111111115,1286.0
81.89305555555556,29.668611111111115,1285.0
81.89277777777778,29.668611111111115,1285.0
81.8925,29.668611111111115,1285.0
81.89222222222223,29.668611111111115,1285.0
81.89194444444445,29.668611111111115,1285.0
81.89166666666667,29.668611111111115,1285.0
81.8913888888889,29.668611111111115,1284.0
81.89111111111112,29.668611111111115,1284.0
81.89083333333333,29.668611111111115,1284.0
81.89055555555557,29.668611111111115,1288.0
81.89027777777778,29.668333333333337,1284.0
81.89,29.66805555555556,1283.0
81.88972222222223,29.667777777777783,1283.0
81.88944444444445,29.667500000000004,1283.0
81.88916666666667,29.667222222222225,1285.0
81.8888888888889,29.66694444444445,1288.0
81.88861111111112,29.66666666666667,1291.0
81.88861111111112,29.666388888888893,1292.0
81.88833333333334,29.666111111111114,1291.0
81.88833333333334,29.66583333333334,1291.0
81.88805555555555,29.66555555555556,1285.0
81.88805555555555,29.66527777777778,1280.0
81.88805555555555,29.665000000000003,1281.0
81.88805555555555,29.664722222222228,1286.0
81.88777777777779,29.66444444444445,1281.0
81.88777777777779,29.66416666666667,1277.0
81.88777777777779,29.66388888888889,1276.0
81.88777777777779,29.663611111111116,1283.0
81.8875,29.663333333333338,1287.0
81.88722222222222,29.66305555555556,1286.0
81.88694444444445,29.662777777777784,1277.0
81.88694444444445,29.662500000000005,1283.0
81.88666666666667,29.662222222222226,1282.0
81.88638888888889,29.661944444444448,1280.0
81.88611111111112,29.661666666666672,1279.0
81.88583333333334,29.661388888888894,1280.0
81.88555555555556,29.661111111111115,1280.0
81.88527777777779,29.660833333333336,1280.0
81.88527777777779,29.66055555555556,1286.0
81.885,29.660277777777782,1280.0
81.88472222222222,29.660000000000004,1276.0
81.88444444444445,29.659722222222225,1270.0
81.88416666666667,29.65944444444445,1268.0
81.88388888888889,29.65916666666667,1267.0
81.88361111111112,29.658888888888892,1266.0
81.88333333333334,29.658611111111114,1265.0
81.88305555555556,29.65833333333334,1267.0
81.88277777777778,29.65805555555556,1284.0
81.88250000000001,29.65777777777778,1289.0
81.88222222222223,29.657500000000002,1288.0
81.88222222222223,29.657222222222227,1289.0
81.88250000000001,29.65694444444445,1285.0
81.88250000000001,29.65666666666667,1273.0
81.88250000000001,29.656388888888895,1267.0
81.88277777777778,29.656111111111116,1264.0
81.88277777777778,29.655833333333337,1265.0
81.88277777777778,29.65555555555556,1265.0
81.88305555555556,29.655277777777783,1263.0
81.88305555555556,29.655000000000005,1266.0
81.88305555555556,29.654722222222226,1265.0
81.88305555555556,29.654444444444447,1265.0
81.88305555555556,29.654166666666672,1267.0
81.88305555555556,29.653888888888893,1266.0
81.88305555555556,29.653611111111115,1262.0
81.88277777777778,29.653611111111115,1264.0
81.88250000000001,29.653333333333336,1260.0
81.88222222222223,29.653333333333336,1263.0
81.88194444444444,29.65305555555556,1258.0
81.88166666666667,29.65305555555556,1261.0
81.88138888888889,29.652777777777782,1260.0
81.88111111111111,29.652500000000003,1259.0
81.88083333333334,29.652222222222225,1257.0
81.88055555555556,29.65194444444445,1255.0
81.88027777777778,29.65166666666667,1258.0
81.88000000000001,29.651388888888892,1261.0
81.87972222222223,29.651111111111117,1264.0
81.87944444444445,29.65083333333334,1264.0
81.87916666666668,29.65055555555556,1263.0
81.8788888888889,29.65027777777778,1262.0
81.87861111111111,29.650000000000006,1263.0
81.87833333333334,29.649722222222227,1264.0
81.87805555555556,29.64944444444445,1264.0
81.87777777777778,29.64916666666667,1264.0
81.8775,29.648888888888894,1263.0
81.87722222222223,29.648611111111116,1262.0
81.87694444444445,29.648333333333337,1259.0
81.87694444444445,29.64805555555556,1260.0
81.87694444444445,29.647777777777783,1260.0
81.87694444444445,29.647500000000004,1260.0
81.87694444444445,29.647222222222226,1260.0
81.87694444444445,29.646944444444447,1260.0
81.87694444444445,29.646666666666672,1259.0
81.87694444444445,29.646388888888893,1258.0
81.87666666666667,29.646111111111114,1253.0
81.8763888888889,29.64583333333334,1251.0
81.87611111111111,29.64555555555556,1249.0
81.87583333333333,29.645277777777782,1246.0
81.87555555555556,29.645000000000003,1243.0
81.87527777777778,29.644722222222228,1243.0
81.875,29.64444444444445,1246.0
81.87472222222223,29.64416666666667,1248.0
81.87444444444445,29.643888888888892,1251.0
81.87416666666667,29.643611111111117,1252.0
81.87416666666667,29.643333333333338,1259.0
81.8738888888889,29.64305555555556,1256.0
81.87361111111112,29.64277777777778,1257.0
81.87361111111112,29.642500000000005,1265.0
81.87333333333333,29.642222222222227,1254.0
81.87333333333333,29.641944444444448,1251.0
81.87333333333333,29.64166666666667,1250.0
81.87333333333333,29.641388888888894,1251.0
81.87333333333333,29.641111111111115,1251.0
81.87333333333333,29.640833333333337,1250.0
81.87333333333333,29.640555555555558,1248.0
81.87333333333333,29.640277777777783,1245.0
81.87333333333333,29.640000000000004,1246.0
81.87333333333333,29.639722222222225,1248.0
81.87333333333333,29.63944444444445,1250.0
81.87333333333333,29.63916666666667,1252.0
81.87333333333333,29.638888888888893,1251.0
81.87333333333333,29.638611111111114,1247.0
81.87333333333333,29.63833333333334,1244.0
81.87333333333333,29.63805555555556,1245.0
81.87333333333333,29.63777777777778,1247.0
81.87333333333333,29.637500000000003,1248.0
81.87333333333333,29.637222222222228,1261.0
81.87305555555557,29.63694444444445,1254.0
81.87277777777778,29.63666666666667,1233.0
81.8725,29.63638888888889,1238.0
81.87222222222222,29.636111111111116,1241.0
81.87194444444445,29.635833333333338,1241.0
81.87166666666667,29.63555555555556,1241.0
81.87138888888889,29.63527777777778,1244.0
81.87111111111112,29.635000000000005,1245.0
81.87083333333334,29.634722222222226,1250.0
81.87055555555555,29.634444444444448,1258.0
81.87027777777779,29.634166666666673,1251.0
81.87,29.634166666666673,1253.0
81.86972222222222,29.634166666666673,1245.0
81.86944444444445,29.634166666666673,1240.0
81.86916666666667,29.634166666666673,1241.0
81.86888888888889,29.634166666666673,1239.0
81.86861111111112,29.634166666666673,1240.0
81.86833333333334,29.634166666666673,1240.0
81.86805555555556,29.634166666666673,1238.0
81.86777777777779,29.634166666666673,1233.0
81.8675,29.634166666666673,1234.0
81.86722222222222,29.633888888888894,1230.0
81.86694444444444,29.633611111111115,1231.0
81.86666666666667,29.633333333333336,1240.0
81.86638888888889,29.63305555555556,1242.0
81.86611111111111,29.632777777777783,1236.0
81.86583333333334,29.632500000000004,1235.0
81.86555555555556,29.632222222222225,1231.0
81.86527777777778,29.63194444444445,1236.0
81.86500000000001,29.63166666666667,1242.0
81.86472222222223,29.631388888888893,1243.0
81.86444444444444,29.631111111111114,1236.0
81.86416666666668,29.63083333333334,1232.0
81.8638888888889,29.63055555555556,1229.0
81.86361111111111,29.63027777777778,1224.0
81.86333333333334,29.630000000000003,1229.0
81.86305555555556,29.629722222222227,1243.0
81.86277777777778,29.62944444444445,1249.0
81.86250000000001,29.62916666666667,1262.0
81.86222222222223,29.628888888888895,1264.0
81.86194444444445,29.628611111111116,1253.0
81.86166666666666,29.628333333333337,1253.0
81.8613888888889,29.62805555555556,1257.0
81.86111111111111,29.627777777777784,1263.0
81.86083333333333,29.627500000000005,1264.0
81.86055555555556,29.627222222222226,1261.0
81.86027777777778,29.627222222222226,1262.0
81.86,29.627222222222226,1258.0
81.85972222222223,29.627222222222226,1255.0
81.85944444444445,29.627222222222226,1260.0
81.85916666666667,29.626944444444447,1243.0
81.8588888888889,29.626666666666672,1237.0
81.85861111111112,29.626388888888894,1247.0
81.85833333333333,29.626111111111115,1251.0
81.85805555555557,29.625833333333336,1264.0
81.85777777777778,29.62555555555556,1265.0
81.8575,29.625277777777782,1248.0
81.8575,29.625000000000004,1242.0
81.8575,29.624722222222225,1244.0
81.8575,29.62444444444445,1238.0
81.85722222222222,29.62416666666667,1228.0
81.85694444444445,29.623888888888892,1235.0
81.85666666666667,29.623611111111114,1246.0
81.85638888888889,29.62333333333334,1241.0
81.85611111111112,29.62305555555556,1234.0
81.85583333333334,29.62277777777778,1234.0
81.85555555555555,29.622500000000006,1239.0
81.85527777777779,29.622222222222227,1237.0
81.855,29.62194444444445,1247.0
81.85472222222222,29.62166666666667,1253.0
81.85444444444445,29.621388888888895,1245.0
81.85416666666667,29.621111111111116,1232.0
81.85388888888889,29.620833333333337,1222.0
81.85388888888889,29.62055555555556,1220.0
81.85388888888889,29.620277777777783,1219.0
81.85361111111112,29.620277777777783,1219.0
81.85333333333334,29.620277777777783,1219.0
81.85305555555556,29.620277777777783,1219.0
81.85277777777779,29.620000000000005,1219.0
81.8525,29.620000000000005,1219.0
81.85222222222222,29.620000000000005,1219.0
81.85194444444444,29.619722222222226,1218.0
81.85166666666667,29.619722222222226,1218.0
81.85138888888889,29.619722222222226,1218.0
81.85111111111111,29.619722222222226,1218.0
81.85083333333334,29.619722222222226,1218.0
81.85055555555556,29.619722222222226,1218.0
81.85027777777778,29.620000000000005,1217.0
81.85000000000001,29.620000000000005,1217.0
81.84972222222223,29.620000000000005,1217.0
81.84944444444444,29.620000000000005,1217.0
81.84916666666668,29.620277777777783,1217.0
81.8488888888889,29.62055555555556,1217.0
81.84861111111111,29.620833333333337,1216.0
81.84833333333334,29.620833333333337,1216.0
81.84805555555556,29.620833333333337,1216.0
81.84777777777778,29.620833333333337,1216.0
81.84750000000001,29.621111111111116,1216.0
81.84722222222223,29.621111111111116,1216.0
81.84694444444445,29.621388888888895,1215.0
81.84666666666666,29.621388888888895,1215.0
81.8463888888889,29.621388888888895,1215.0
81.84611111111111,29.621388888888895,1215.0
81.84583333333333,29.621388888888895,1215.0
81.84555555555556,29.621388888888895,1215.0
81.84527777777778,29.621388888888895,1215.0
81.845,29.62166666666667,1214.0
81.84472222222223,29.62166666666667,1214.0
81.84444444444445,29.62194444444445,1214.0
81.84416666666667,29.62194444444445,1214.0
81.8438888888889,29.62194444444445,1214.0
81.84361111111112,29.62194444444445,1214.0
81.84333333333333,29.62194444444445,1213.0
81.84305555555557,29.62194444444445,1213.0
81.84277777777778,29.62194444444445,1213.0
81.8425,29.62194444444445,1213.0
81.84222222222223,29.62194444444445,1213.0
81.84194444444445,29.62166666666667,1213.0
81.84166666666667,29.621388888888895,1212.0
81.84138888888889,29.621388888888895,1212.0
81.84111111111112,29.621388888888895,1212.0
81.84083333333334,29.621388888888895,1212.0
81.84055555555555,29.621388888888895,1212.0
81.84027777777779,29.621388888888895,1212.0
81.84,29.621388888888895,1212.0
81.83972222222222,29.621111111111116,1211.0
81.83944444444445,29.621111111111116,1211.0
81.83916666666667,29.621111111111116,1211.0
81.83888888888889,29.621111111111116,1211.0
81.83861111111112,29.621111111111116,1211.0
81.83833333333334,29.621111111111116,1211.0
81.83805555555556,29.621111111111116,1211.0
81.83777777777779,29.620833333333337,1210.0
81.8375,29.620833333333337,1210.0
81.83722222222222,29.620833333333337,1210.0
81.83694444444446,29.620833333333337,1210.0
81.83666666666667,29.620833333333337,1210.0
81.83638888888889,29.620833333333337,1210.0
81.83611111111111,29.620833333333337,1210.0
81.83583333333334,29.620833333333337,1209.0
81.83555555555556,29.620833333333337,1209.0
81.83527777777778,29.620833333333337,1209.0
81.83500000000001,29.620833333333337,1209.0
81.83472222222223,29.620833333333337,1209.0
81.83444444444444,29.620833333333337,1209.0
81.83416666666668,29.620833333333337,1209.0
81.8338888888889,29.620833333333337,1208.0
81.83361111111111,29.620833333333337,1208.0
81.83333333333334,29.620833333333337,1208.0
81.83305555555556,29.620833333333337,1208.0
81.83277777777778,29.620833333333337,1208.0
81.83250000000001,29.620833333333337,1208.0
81.83222222222223,29.620833333333337,1207.0
81.83194444444445,29.620833333333337,1207.0
81.83166666666668,29.620833333333337,1207.0
81.8313888888889,29.620833333333337,1207.0
81.83111111111111,29.620833333333337,1207.0
81.83083333333333,29.620833333333337,1207.0
81.83055555555556,29.621111111111116,1207.0
81.83027777777778,29.621111111111116,1206.0
81.83,29.621111111111116,1206.0
81.82972222222223,29.621111111111116,1206.0
81.82944444444445,29.621111111111116,1206.0
81.82916666666667,29.621111111111116,1206.0
81.8288888888889,29.621111111111116,1206.0
81.82861111111112,29.620833333333337,1205.0
81.82833333333333,29.620833333333337,1205.0
81.82805555555557,29.62055555555556,1205.0
81.82777777777778,29.62055555555556,1205.0
81.8275,29.620277777777783,1205.0
81.82722222222223,29.620277777777783,1205.0
81.82694444444445,29.620000000000005,1204.0
81.82666666666667,29.620000000000005,1204.0
81.8263888888889,29.620000000000005,1204.0
81.82611111111112,29.620000000000005,1204.0
81.82583333333334,29.620000000000005,1204.0
81.82555555555555,29.620000000000005,1204.0
81.82527777777779,29.620000000000005,1204.0
81.825,29.620000000000005,1203.0
81.82472222222222,29.620000000000005,1203.0
81.82444444444445,29.620000000000005,1203.0
81.82416666666667,29.620000000000005,1203.0
81.82388888888889,29.620000000000005,1203.0
81.82361111111112,29.620000000000005,1203.0
81.82333333333334,29.620277777777783,1203.0
81.82305555555556,29.620277777777783,1202.0
81.82277777777779,29.620277777777783,1202.0
81.8225,29.62055555555556,1202.0
81.82222222222222,29.62055555555556,1202.0
81.82194444444445,29.62055555555556,1202.0
81.82166666666667,29.620833333333337,1202.0
81.82138888888889,29.620833333333337,1201.0
81.82111111111112,29.621111111111116,1201.0
81.82083333333334,29.621388888888895,1201.0
81.82055555555556,29.62166666666667,1201.0
81.82027777777778,29.62194444444445,1201.0
81.82000000000001,29.622222222222227,1200.0
81.81972222222223,29.622222222222227,1200.0
81.81944444444444,29.622222222222227,1200.0
81.81916666666667,29.622222222222227,1200.0
81.81888888888889,29.622500000000006,1200.0
81.81861111111111,29.62277777777778,1200.0
81.81833333333334,29.62305555555556,1199.0
81.81805555555556,29.62305555555556,1199.0
81.81777777777778,29.62305555555556,1199.0
81.81750000000001,29.62305555555556,1199.0
81.81722222222223,29.62305555555556,1199.0
81.81694444444445,29.62333333333334,1199.0
81.81666666666668,29.62333333333334,1199.0
81.8163888888889,29.62333333333334,1198.0
81.81611111111111,29.62333333333334,1198.0
81.81583333333334,29.62333333333334,1198.0
81.81555555555556,29.62333333333334,1198.0
81.81527777777778,29.62333333333334,1198.0
81.815,29.62333333333334,1198.0
81.81472222222223,29.62333333333334,1198.0
81.81444444444445,29.62333333333334,1198.0
81.81416666666667,29.62305555555556,1197.0
81.8138888888889,29.62305555555556,1197.0
81.81361111111111,29.62305555555556,1197.0
81.81333333333333,29.62277777777778,1197.0
81.81305555555556,29.62277777777778,1197.0
81.81277777777778,29.62277777777778,1197.0
81.8125,29.622500000000006,1197.0
81.81222222222223,29.622500000000006,1197.0
81.81194444444445,29.622222222222227,1197.0
81.81166666666667,29.622222222222227,1196.0
81.8113888888889,29.622222222222227,1196.0
81.81111111111112,29.622222222222227,1196.0
81.81083333333333,29.622222222222227,1196.0
81.81055555555557,29.622222222222227,1196.0
81.81027777777778,29.622222222222227,1196.0
81.81,29.622222222222227,1196.0
81.80972222222222,29.622222222222227,1196.0
81.80944444444445,29.622222222222227,1196.0
81.80916666666667,29.622222222222227,1195.0
81.80888888888889,29.622222222222227,1195.0
81.80861111111112,29.622222222222227,1195.0
81.80833333333334,29.622222222222227,1195.0
81.80805555555555,29.622222222222227,1195.0
81.80777777777779,29.622222222222227,1195.0
81.8075,29.622222222222227,1195.0
81.80722222222222,29.622500000000006,1195.0
81.80694444444445,29.622500000000006,1195.0
81.80666666666667,29.622500000000006,1194.0
81.80638888888889,29.622500000000006,1194.0
81.80611111111112,29.622500000000006,1194.0
81.80583333333334,29.62277777777778,1194.0
81.80555555555556,29.62277777777778,1194.0
81.80527777777779,29.62277777777778,1194.0
81.805,29.62277777777778,1194.0
81.80472222222222,29.62305555555556,1194.0
81.80444444444444,29.62305555555556,1194.0
81.80416666666667,29.62305555555556,1193.0
81.80388888888889,29.62305555555556,1193.0
81.80361111111111,29.62305555555556,1193.0
81.80333333333334,29.62305555555556,1193.0
81.80305555555556,29.62305555555556,1193.0
81.80277777777778,29.62305555555556,1193.0
81.80250000000001,29.62305555555556,1193.0
81.80222222222223,29.62305555555556,1193.0
81.80194444444444,29.62305555555556,1193.0
81.80166666666668,29.62305555555556,1192.0
81.8013888888889,29.62333333333334,1192.0
81.80111111111111,29.62333333333334,1192.0
81.80083333333334,29.62333333333334,1192.0
81.80055555555556,29.62333333333334,1192.0
81.80027777777778,29.62333333333334,1192.0
81.80000000000001,29.62333333333334,1192.0
81.79972222222223,29.62333333333334,1192.0
81.79944444444445,29.62333333333334,1192.0
81.79916666666666,29.623611111111114,1191.0
81.7988888888889,29.623611111111114,1191.0
81.79861111111111,29.623611111111114,1191.0
81.79833333333333,29.623611111111114,1191.0
81.79805555555556,29.623888888888892,1191.0
81.79777777777778,29.62416666666667,1191.0
81.7975,29.62444444444445,1191.0
81.79722222222223,29.624722222222225,1190.0
81.79694444444445,29.624722222222225,1190.0
81.79666666666667,29.624722222222225,1190.0
81.7963888888889,29.624722222222225,1190.0
81.79611111111112,29.625000000000004,1190.0
81.79583333333333,29.625000000000004,1190.0
81.79555555555557,29.625277777777782,1190.0
81.79527777777778,29.625277777777782,1190.0
81.795,29.62555555555556,1189.0
81.79472222222223,29.62555555555556,1189.0
81.79444444444445,29.625833333333336,1189.0
81.79416666666667,29.625833333333336,1189.0
81.79388888888889,29.625833333333336,1189.0
81.79361111111112,29.626111111111115,1189.0
81.79333333333334,29.626111111111115,1189.0
81.79305555555555,29.626111111111115,1188.0
81.79277777777779,29.626388888888894,1188.0
81.7925,29.626388888888894,1188.0
81.79222222222222,29.626666666666672,1188.0
81.79194444444445,29.626944444444447,1188.0
81.79166666666667,29.627222222222226,1188.0
81.79138888888889,29.627500000000005,1187.0
81.79111111111112,29.627500000000005,1187.0
81.79083333333334,29.627500000000005,1187.0
81.79055555555556,29.627500000000005,1187.0
81.79027777777779,29.627500000000005,1187.0
81.79,29.627500000000005,1187.0
81.78972222222222,29.627222222222226,1187.0
81.78944444444444,29.626944444444447,1186.0
81.78916666666667,29.626944444444447,1186.0
81.78888888888889,29.626944444444447,1186.0
81.78861111111111,29.626666666666672,1186.0
81.78833333333334,29.626388888888894,1186.0
81.78805555555556,29.626111111111115,1186.0
81.78777777777778,29.625833333333336,1185.0
81.78750000000001,29.625833333333336,1185.0
81.78722222222223,29.625833333333336,1185.0
81.78694444444444,29.625833333333336,1185.0
81.78666666666668,29.625833333333336,1185.0
81.7863888888889,29.625833333333336,1185.0
81.78611111111111,29.62555555555556,1185.0
81.78583333333334,29.625277777777782,1184.0
81.78555555555556,29.625000000000004,1184.0
81.78527777777778,29.624722222222225,1184.0
81.78500000000001,29.62444444444445,1184.0
81.78472222222223,29.62416666666667,1184.0
81.78444444444445,29.623888888888892,1183.0
81.78444444444445,29.623611111111114,1183.0
81.78416666666666,29.62333333333334,1183.0
81.7838888888889,29.62305555555556,1183.0
81.7838888888889,29.62277777777778,1183.0
81.7838888888889,29.622500000000006,1183.0
81.78361111111111,29.622222222222227,1182.0
81.78361111111111,29.62194444444445,1182.0
81.78361111111111,29.62166666666667,1182.0
81.78361111111111,29.621388888888895,1182.0
81.78333333333333,29.621111111111116,1182.0
81.78305555555556,29.620833333333337,1182.0
81.78277777777778,29.62055555555556,1181.0
81.7825,29.620277777777783,1181.0
81.78222222222223,29.620000000000005,1181.0
81.78194444444445,29.619722222222226,1181.0
81.78166666666667,29.619722222222226,1181.0
81.7813888888889,29.619444444444447,1181.0
81.78111111111112,29.619444444444447,1180.0
81.78083333333333,29.619444444444447,1180.0
81.78055555555557,29.619444444444447,1180.0
81.78027777777778,29.619444444444447,1183.0
81.78,29.619166666666672,1180.0
81.77972222222223,29.619166666666672,1180.0
81.77944444444445,29.619166666666672,1180.0
81.77916666666667,29.619166666666672,1179.0
81.77888888888889,29.618888888888893,1179.0
81.77861111111112,29.618611111111115,1179.0
81.77833333333334,29.618333333333336,1179.0
81.77805555555555,29.61805555555556,1179.0
81.77777777777779,29.617777777777782,1178.0
81.77777777777779,29.617500000000003,1182.0
81.7775,29.617222222222228,1178.0
81.77722222222222,29.61694444444445,1178.0
81.77694444444445,29.61666666666667,1178.0
81.77694444444445,29.616388888888892,1177.0
81.77666666666667,29.616111111111117,1177.0
81.77638888888889,29.615833333333338,1177.0
81.77638888888889,29.61555555555556,1177.0
81.77638888888889,29.61527777777778,1177.0
81.77611111111112,29.615000000000006,1177.0
81.77611111111112,29.614722222222227,1177.0
81.77611111111112,29.614444444444448,1182.0
81.77583333333334,29.61416666666667,1176.0
81.77583333333334,29.613888888888894,1180.0
81.77555555555556,29.613611111111116,1176.0
81.77555555555556,29.613333333333337,1176.0
81.77555555555556,29.613055555555558,1179.0
81.77527777777779,29.612777777777783,1175.0
81.77527777777779,29.612500000000004,1175.0
81.77527777777779,29.612222222222226,1177.0
81.77527777777779,29.611944444444447,1181.0
81.775,29.61166666666667,1175.0
81.775,29.611388888888893,1177.0
81.775,29.611111111111114,1183.0
81.77472222222222,29.61083333333334,1174.0
81.77472222222222,29.61055555555556,1174.0
81.77472222222222,29.61027777777778,1182.0
81.77444444444446,29.610000000000003,1174.0
81.77444444444446,29.609722222222228,1174.0
81.77444444444446,29.60944444444445,1173.0
81.77416666666667,29.60916666666667,1173.0
81.77416666666667,29.60888888888889,1173.0
81.77416666666667,29.608611111111117,1173.0
81.77416666666667,29.608333333333338,1173.0
81.77416666666667,29.60805555555556,1178.0
81.77416666666667,29.60777777777778,1181.0
81.77416666666667,29.607500000000005,1182.0
81.77416666666667,29.607222222222227,1183.0
81.77416666666667,29.606944444444448,1181.0
81.77416666666667,29.60666666666667,1180.0
81.77416666666667,29.606388888888894,1177.0
81.77416666666667,29.606111111111115,1174.0
81.77416666666667,29.605833333333337,1172.0
81.77416666666667,29.60555555555556,1172.0
81.77416666666667,29.605277777777783,1171.0
81.77416666666667,29.605000000000004,1171.0
81.77416666666667,29.604722222222225,1171.0
81.77416666666667,29.60444444444445,1171.0
81.77416666666667,29.60416666666667,1174.0
81.77416666666667,29.603888888888893,1175.0
81.77416666666667,29.603611111111114,1176.0
81.77444444444446,29.60333333333334,1173.0
81.77472222222222,29.60305555555556,1170.0
81.775,29.60277777777778,1170.0
81.77527777777779,29.602500000000003,1171.0
81.77555555555556,29.602222222222228,1175.0
81.77583333333334,29.60194444444445,1174.0
81.77611111111112,29.60166666666667,1174.0
81.77638888888889,29.60138888888889,1175.0
81.77666666666667,29.60138888888889,1183.0
81.77694444444445,29.601111111111116,1180.0
81.77722222222222,29.600833333333338,1180.0
81.7775,29.60055555555556,1173.0
81.77777777777779,29.60055555555556,1181.0
81.77805555555555,29.600277777777784,1177.0
81.77833333333334,29.600277777777784,1183.0
81.77861111111112,29.600000000000005,1175.0
81.77888888888889,29.599722222222226,1172.0
81.77916666666667,29.599722222222226,1177.0
81.77944444444445,29.599444444444448,1170.0
81.77972222222223,29.599444444444448,1176.0
81.78,29.599166666666672,1171.0
81.78027777777778,29.598888888888894,1166.0
81.78055555555557,29.598888888888894,1176.0
81.78083333333333,29.598611111111115,1166.0
81.78111111111112,29.598611111111115,1170.0
81.7813888888889,29.598611111111115,1177.0
81.78166666666667,29.598333333333336,1173.0
81.78194444444445,29.598333333333336,1183.0
81.78222222222223,29.59805555555556,1171.0
81.7825,29.59805555555556,1174.0
81.78277777777778,29.59805555555556,1174.0
81.78305555555556,29.59805555555556,1177.0
81.78333333333333,29.59805555555556,1182.0
81.78361111111111,29.597777777777782,1169.0
81.7838888888889,29.597777777777782,1173.0
81.78416666666666,29.597777777777782,1177.0
81.78444444444445,29.597500000000004,1164.0
81.78472222222223,29.597500000000004,1164.0
81.78500000000001,29.597500000000004,1164.0
81.78527777777778,29.597500000000004,1163.0
81.78555555555556,29.597500000000004,1163.0
81.78583333333334,29.597500000000004,1163.0
81.78611111111111,29.597500000000004,1163.0
81.7863888888889,29.597500000000004,1163.0
81.78666666666668,29.597500000000004,1163.0
81.78694444444444,29.597500000000004,1163.0
81.78722222222223,29.597500000000004,1163.0
81.78750000000001,29.597500000000004,1162.0
81.78777777777778,29.597500000000004,1162.0
81.78805555555556,29.597500000000004,1162.0
81.78833333333334,29.597222222222225,1162.0
81.78861111111111,29.59694444444445,1162.0
81.78888888888889,29.59666666666667,1162.0
81.78916666666667,29.596388888888892,1161.0
81.78944444444444,29.596111111111114,1176.0
81.78972222222222,29.59583333333334,1174.0
81.79,29.59555555555556,1167.0
81.79027777777779,29.59527777777778,1164.0
81.79055555555556,29.595000000000002,1172.0
81.79083333333334,29.594722222222227,1179.0
81.79111111111112,29.59444444444445,1183.0
81.79111111111112,29.59416666666667,1181.0
81.79111111111112,29.593888888888895,1176.0
81.79111111111112,29.593611111111116,1175.0
81.79111111111112,29.593333333333337,1173.0
81.79111111111112,29.59305555555556,1168.0
81.79111111111112,29.592777777777783,1165.0
81.79111111111112,29.592500000000005,1165.0
81.79111111111112,29.592222222222226,1166.0
81.79111111111112,29.591944444444447,1171.0
81.79083333333334,29.591666666666672,1175.0
81.79055555555556,29.591388888888893,1175.0
81.79027777777779,29.591111111111115,1175.0
81.79,29.590833333333336,1173.0
81.79,29.59055555555556,1172.0
81.79,29.590277777777782,1162.0
81.79,29.590000000000003,1157.0
81.79,29.589722222222225,1157.0
81.79,29.58944444444445,1156.0
81.79,29.58916666666667,1155.0
81.79,29.588888888888892,1153.0
81.79,29.588611111111117,1151.0
81.79027777777779,29.58833333333334,1149.0
81.79055555555556,29.58805555555556,1151.0
81.79083333333334,29.58777777777778,1153.0
81.79111111111112,29.587500000000006,1155.0
81.79138888888889,29.587222222222227,1160.0
81.79166666666667,29.58694444444445,1158.0
81.79194444444445,29.58666666666667,1161.0
81.79222222222222,29.586388888888894,1171.0
81.7925,29.586111111111116,1171.0
81.79277777777779,29.585833333333337,1167.0
81.79305555555555,29.58555555555556,1163.0
81.79333333333334,29.585277777777783,1169.0
81.79361111111112,29.585000000000004,1169.0
81.79388888888889,29.584722222222226,1165.0
81.79416666666667,29.584444444444447,1169.0
81.79444444444445,29.584166666666672,1170.0
81.79444444444445,29.583888888888893,1175.0
81.79472222222223,29.583611111111114,1167.0
81.79472222222223,29.58333333333334,1166.0
81.795,29.58305555555556,1167.0
81.79527777777778,29.582777777777782,1174.0
81.79527777777778,29.582500000000003,1169.0
81.79527777777778,29.582222222222228,1162.0
81.79527777777778,29.58194444444445,1158.0
81.79527777777778,29.58166666666667,1155.0
81.79527777777778,29.581388888888892,1154.0
81.79527777777778,29.581111111111117,1155.0
81.79527777777778,29.580833333333338,1161.0
81.79527777777778,29.58055555555556,1170.0
81.79555555555557,29.58027777777778,1165.0
81.79555555555557,29.580000000000005,1170.0
81.79583333333333,29.579722222222227,1171.0
81.79611111111112,29.579444444444448,1171.0
81.7963888888889,29.57916666666667,1166.0
81.79666666666667,29.578888888888894,1161.0
81.79694444444445,29.578611111111115,1168.0
81.79722222222223,29.578333333333337,1174.0
81.7975,29.578055555555558,1168.0
81.79777777777778,29.577777777777783,1164.0
81.79777777777778,29.577500000000004,1165.0
81.79777777777778,29.577222222222225,1171.0
81.79805555555556,29.57694444444445,1162.0
81.79805555555556,29.57666666666667,1163.0
81.79805555555556,29.576388888888893,1162.0
81.79805555555556,29.576111111111114,1165.0
81.79805555555556,29.57583333333334,1173.0
81.79805555555556,29.57555555555556,1175.0
81.79805555555556,29.57527777777778,1172.0
81.79805555555556,29.575000000000003,1172.0
81.79805555555556,29.574722222222228,1174.0
81.79805555555556,29.57444444444445,1175.0
81.79805555555556,29.57416666666667,1175.0
81.79805555555556,29.57388888888889,1173.0
81.79805555555556,29.573611111111116,1172.0
81.79805555555556,29.573333333333338,1169.0
81.79805555555556,29.57305555555556,1163.0
81.79805555555556,29.57277777777778,1158.0
81.79805555555556,29.572500000000005,1155.0
81.79805555555556,29.572222222222226,1160.0
81.79805555555556,29.571944444444448,1167.0
81.79833333333333,29.571666666666673,1169.0
81.79833333333333,29.571388888888894,1168.0
81.79833333333333,29.571111111111115,1165.0
81.79833333333333,29.570833333333336,1159.0
81.79833333333333,29.57055555555556,1156.0
81.79833333333333,29.570277777777783,1153.0
81.79833333333333,29.570000000000004,1148.0
81.79833333333333,29.569722222222225,1144.0
81.79833333333333,29.56944444444445,1142.0
81.79833333333333,29.56916666666667,1143.0
81.79833333333333,29.568888888888893,1143.0
81.79833333333333,29.568611111111114,1141.0
81.79833333333333,29.56833333333334,1139.0
81.79833333333333,29.56805555555556,1139.0
81.79833333333333,29.56777777777778,1141.0
81.79833333333333,29.567500000000003,1140.0
81.79833333333333,29.567222222222227,1143.0
81.79833333333333,29.56694444444445,1147.0
81.79833333333333,29.56666666666667,1150.0
81.79833333333333,29.566388888888895,1152.0
81.79833333333333,29.566111111111116,1154.0
81.79833333333333,29.565833333333337,1154.0
81.79833333333333,29.56555555555556,1154.0
81.79833333333333,29.565277777777784,1154.0
81.79833333333333,29.565000000000005,1153.0
81.79833333333333,29.564722222222226,1152.0
81.79833333333333,29.564444444444447,1152.0
81.79833333333333,29.564166666666672,1153.0
81.79833333333333,29.563888888888894,1154.0
81.79861111111111,29.563611111111115,1154.0
81.79861111111111,29.563333333333336,1153.0
81.79833333333333,29.56305555555556,1152.0
81.79833333333333,29.562777777777782,1151.0
81.79833333333333,29.562500000000004,1151.0
81.79833333333333,29.562222222222225,1149.0
81.79833333333333,29.56194444444445,1147.0
81.79833333333333,29.56166666666667,1146.0
81.79833333333333,29.561388888888892,1144.0
81.79833333333333,29.561111111111114,1146.0
81.79861111111111,29.56083333333334,1144.0
81.79861111111111,29.56055555555556,1142.0
81.79861111111111,29.56027777777778,1141.0
81.79861111111111,29.560000000000006,1142.0
81.79861111111111,29.559722222222227,1142.0
81.79861111111111,29.55944444444445,1142.0
81.79861111111111,29.55916666666667,1142.0
81.79861111111111,29.558888888888895,1143.0
81.79861111111111,29.558611111111116,1144.0
81.79861111111111,29.558333333333337,1143.0
81.79861111111111,29.55805555555556,1142.0
81.79861111111111,29.557777777777783,1143.0
81.79861111111111,29.557500000000005,1141.0
81.79861111111111,29.557222222222226,1139.0
81.79861111111111,29.556944444444447,1140.0
81.79861111111111,29.556666666666672,1142.0
81.79861111111111,29.556388888888893,1146.0
81.79861111111111,29.556111111111115,1148.0
81.79861111111111,29.555833333333336,1148.0
81.79833333333333,29.55555555555556,1143.0
81.79833333333333,29.555277777777782,1143.0
81.79833333333333,29.555000000000003,1144.0
81.79833333333333,29.554722222222228,1148.0
81.79833333333333,29.55444444444445,1146.0
81.79833333333333,29.55416666666667,1146.0
81.79833333333333,29.553888888888892,1147.0
81.79805555555556,29.553611111111117,1140.0
81.79805555555556,29.553333333333338,1140.0
81.79805555555556,29.55305555555556,1142.0
81.79805555555556,29.55277777777778,1146.0
81.79777777777778,29.552500000000006,1140.0
81.79777777777778,29.552222222222227,1143.0
81.7975,29.551944444444448,1134.0
81.79722222222223,29.55166666666667,1131.0
81.79694444444445,29.551388888888894,1135.0
81.79666666666667,29.551111111111116,1139.0
81.7963888888889,29.550833333333337,1142.0
81.79611111111112,29.550555555555558,1146.0
81.79583333333333,29.550277777777783,1145.0
81.79555555555557,29.550000000000004,1138.0
81.79555555555557,29.549722222222226,1140.0
81.79527777777778,29.549444444444447,1139.0
81.795,29.54916666666667,1140.0
81.79472222222223,29.548888888888893,1141.0
81.79444444444445,29.548611111111114,1138.0
81.79416666666667,29.54833333333334,1139.0
81.79388888888889,29.54805555555556,1136.0
81.79388888888889,29.54777777777778,1146.0
81.79388888888889,29.547500000000003,1146.0
81.79388888888889,29.547222222222228,1148.0
81.79361111111112,29.54694444444445,1136.0
81.79361111111112,29.54666666666667,1138.0
81.79361111111112,29.54638888888889,1141.0
81.79361111111112,29.546111111111117,1147.0
81.79333333333334,29.545833333333338,1142.0
81.79333333333334,29.54555555555556,1148.0
81.79305555555555,29.54527777777778,1136.0
81.79305555555555,29.545000000000005,1147.0
81.79277777777779,29.544722222222227,1147.0
81.7925,29.544444444444448,1134.0
81.7925,29.54416666666667,1138.0
81.7925,29.543888888888894,1140.0
81.79222222222222,29.543611111111115,1139.0
81.79194444444445,29.543333333333337,1131.0
81.79166666666667,29.54305555555556,1125.0
81.79138888888889,29.542777777777783,1133.0
81.79111111111112,29.542500000000004,1143.0
81.79083333333334,29.542222222222225,1144.0
81.79083333333334,29.54194444444445,1148.0
81.79055555555556,29.54166666666667,1147.0
81.79055555555556,29.541388888888893,1138.0
81.79055555555556,29.541111111111114,1131.0
81.79055555555556,29.54083333333334,1127.0
81.79055555555556,29.54055555555556,1127.0
81.79055555555556,29.54027777777778,1129.0
81.79055555555556,29.540000000000003,1131.0
81.79055555555556,29.539722222222228,1133.0
81.79055555555556,29.53944444444445,1137.0
81.79055555555556,29.53916666666667,1136.0
81.79055555555556,29.53888888888889,1130.0
81.79055555555556,29.538611111111116,1131.0
81.79055555555556,29.538333333333338,1131.0
81.79055555555556,29.53805555555556,1132.0
81.79055555555556,29.537777777777784,1132.0
81.79055555555556,29.537500000000005,1133.0
81.79055555555556,29.537222222222226,1134.0
81.79055555555556,29.536944444444448,1135.0
81.79055555555556,29.536666666666672,1138.0
81.79083333333334,29.536388888888894,1131.0
81.79083333333334,29.536111111111115,1137.0
81.79111111111112,29.535833333333336,1130.0
81.79138888888889,29.53555555555556,1130.0
81.79166666666667,29.535277777777782,1130.0
81.79166666666667,29.535000000000004,1139.0
81.79194444444445,29.534722222222225,1136.0
81.79194444444445,29.53444444444445,1136.0
81.79194444444445,29.53416666666667,1138.0
81.79222222222222,29.533888888888892,1139.0
81.79222222222222,29.533611111111114,1138.0
81.79222222222222,29.53333333333334,1138.0
81.79222222222222,29.53305555555556,1136.0
81.79222222222222,29.53277777777778,1136.0
81.7925,29.532500000000006,1132.0
81.79277777777779,29.532222222222227,1137.0
81.79277777777779,29.53194444444445,1131.0
81.79277777777779,29.53166666666667,1125.0
81.79277777777779,29.531388888888895,1123.0
81.79277777777779,29.531111111111116,1120.0
81.7925,29.530833333333337,1121.0
81.79222222222222,29.53055555555556,1122.0
81.79194444444445,29.530277777777783,1129.0
81.79166666666667,29.530000000000005,1135.0
81.79138888888889,29.529722222222226,1125.0
81.79111111111112,29.529722222222226,1128.0
81.79083333333334,29.529722222222226,1123.0
81.79055555555556,29.529722222222226,1117.0
81.79027777777779,29.529722222222226,1117.0
81.79,29.529722222222226,1116.0
81.78972222222222,29.529722222222226,1116.0
81.78944444444444,29.529722222222226,1116.0
81.78916666666667,29.529722222222226,1116.0
81.78888888888889,29.529722222222226,1115.0
81.78861111111111,29.529722222222226,1115.0
81.78833333333334,29.529722222222226,1115.0
81.78805555555556,29.529722222222226,1115.0
81.78777777777778,29.529722222222226,1115.0
81.78750000000001,29.529722222222226,1119.0
81.78722222222223,29.529444444444447,1114.0
81.78694444444444,29.529166666666672,1114.0
81.78666666666668,29.528888888888893,1114.0
81.7863888888889,29.528611111111115,1113.0
81.78611111111111,29.528333333333336,1113.0
81.78583333333334,29.52805555555556,1113.0
81.78555555555556,29.527777777777782,1112.0
81.78527777777778,29.527500000000003,1115.0
81.78500000000001,29.527222222222225,1119.0
81.78472222222223,29.52694444444445,1121.0
81.78444444444445,29.52666666666667,1120.0
81.78416666666666,29.526388888888892,1118.0
81.78416666666666,29.526111111111117,1131.0
81.78416666666666,29.52583333333334,1134.0
81.78416666666666,29.52555555555556,1134.0
81.78416666666666,29.52527777777778,1134.0
81.78416666666666,29.525000000000006,1134.0
81.78416666666666,29.524722222222227,1136.0
81.78416666666666,29.52444444444445,1136.0
81.7838888888889,29.52416666666667,1128.0
81.7838888888889,29.523888888888894,1132.0
81.7838888888889,29.523611111111116,1136.0
81.78361111111111,29.523333333333337,1129.0
81.78333333333333,29.52305555555556,1130.0
81.78305555555556,29.522777777777783,1130.0
81.78277777777778,29.522500000000004,1130.0
81.7825,29.522222222222226,1119.0
81.7825,29.521944444444447,1130.0
81.78222222222223,29.521666666666672,1119.0
81.78194444444445,29.521388888888893,1113.0
81.78166666666667,29.521111111111114,1105.0
81.7813888888889,29.520833333333336,1105.0
81.78111111111112,29.52055555555556,1104.0
81.78083333333333,29.520277777777782,1104.0
81.78055555555557,29.520000000000003,1104.0
81.78027777777778,29.519722222222228,1103.0
81.78,29.51944444444445,1103.0
81.77972222222223,29.51916666666667,1104.0
81.77944444444445,29.518888888888892,1106.0
81.77916666666667,29.518611111111117,1107.0
81.77888888888889,29.518333333333338,1108.0
81.77861111111112,29.51805555555556,1105.0
81.77833333333334,29.51777777777778,1106.0
81.77805555555555,29.517500000000005,1112.0
81.77777777777779,29.517222222222227,1121.0
81.7775,29.516944444444448,1123.0
81.77722222222222,29.51666666666667,1125.0
81.77722222222222,29.516388888888894,1134.0
81.77722222222222,29.516111111111115,1137.0
81.77722222222222,29.515833333333337,1130.0
81.77722222222222,29.515555555555558,1123.0
81.7775,29.515277777777783,1117.0
81.77777777777779,29.515277777777783,1114.0
81.77777777777779,29.515000000000004,1114.0
81.77805555555555,29.514722222222225,1116.0
81.77805555555555,29.51444444444445,1112.0
81.77805555555555,29.51416666666667,1111.0
81.77833333333334,29.513888888888893,1103.0
81.77833333333334,29.513611111111114,1099.0
81.77833333333334,29.51333333333334,1100.0
81.77861111111112,29.51305555555556,1098.0
81.77888888888889,29.51277777777778,1098.0
81.77888888888889,29.512500000000003,1103.0
81.77916666666667,29.512222222222228,1102.0
81.77944444444445,29.51194444444445,1103.0
81.77972222222223,29.51166666666667,1102.0
81.78,29.51138888888889,1102.0
81.78027777777778,29.511111111111116,1102.0
81.78055555555557,29.510833333333338,1100.0
81.78055555555557,29.51055555555556,1100.0
81.78055555555557,29.51027777777778,1101.0
81.78083333333333,29.510000000000005,1100.0
81.78083333333333,29.509722222222226,1098.0
81.78083333333333,29.509444444444448,1098.0
81.78055555555557,29.509166666666673,1098.0
81.78027777777778,29.509166666666673,1098.0
81.78,29.509166666666673,1098.0
81.77972222222223,29.509166666666673,1098.0
81.77944444444445,29.508888888888894,1097.0
81.77916666666667,29.508888888888894,1097.0
81.77888888888889,29.508888888888894,1097.0
81.77861111111112,29.508611111111115,1097.0
81.77833333333334,29.508611111111115,1097.0
81.77805555555555,29.508611111111115,1097.0
81.77777777777779,29.508611111111115,1097.0
81.7775,29.508611111111115,1097.0
81.77722222222222,29.508611111111115,1096.0
81.77694444444445,29.508611111111115,1096.0
81.77666666666667,29.508611111111115,1096.0
81.77638888888889,29.508611111111115,1096.0
81.77611111111112,29.508611111111115,1096.0
81.77583333333334,29.508611111111115,1096.0
81.77555555555556,29.508611111111115,1096.0
81.77527777777779,29.508611111111115,1096.0
81.775,29.508611111111115,1095.0
81.77472222222222,29.508611111111115,1095.0
81.77444444444446,29.508611111111115,1095.0
81.77416666666667,29.508611111111115,1095.0
81.77388888888889,29.508611111111115,1095.0
81.77361111111111,29.508611111111115,1095.0
81.77333333333334,29.508611111111115,1095.0
81.77305555555556,29.508611111111115,1095.0
81.77277777777778,29.508611111111115,1094.0
81.77250000000001,29.508611111111115,1094.0
81.77222222222223,29.508611111111115,1094.0
81.77194444444444,29.508888888888894,1094.0
81.77166666666668,29.509166666666673,1094.0
81.7713888888889,29.509444444444448,1094.0
81.77111111111111,29.509722222222226,1094.0
81.77083333333334,29.510000000000005,1093.0
81.77055555555556,29.510000000000005,1093.0
81.77027777777778,29.510000000000005,1093.0
81.77000000000001,29.510000000000005,1093.0
81.76972222222223,29.510000000000005,1093.0
81.76944444444445,29.510000000000005,1093.0
81.76916666666668,29.509722222222226,1093.0
81.7688888888889,29.509722222222226,1093.0
81.76861111111111,29.509444444444448,1092.0
81.76833333333333,29.509166666666673,1092.0
81.76805555555556,29.508888888888894,1092.0
81.76777777777778,29.508611111111115,1092.0
81.7675,29.508333333333336,1092.0
81.76722222222223,29.50805555555556,1091.0
81.76694444444445,29.507777777777783,1091.0
81.76666666666667,29.507500000000004,1091.0
81.7663888888889,29.507222222222225,1091.0
81.76611111111112,29.50694444444445,1091.0
81.76583333333333,29.50694444444445,1091.0
81.76555555555557,29.50694444444445,1091.0
81.76527777777778,29.50694444444445,1090.0
81.765,29.50694444444445,1090.0
81.76472222222223,29.50694444444445,1090.0
81.76444444444445,29.50666666666667,1090.0
81.76416666666667,29.50666666666667,1090.0
81.7638888888889,29.50666666666667,1090.0
81.76361111111112,29.50666666666667,1090.0
81.76333333333334,29.506388888888893,1090.0
81.76305555555555,29.506111111111114,1089.0
81.76277777777779,29.50583333333334,1089.0
81.7625,29.50583333333334,1089.0
81.76222222222222,29.50555555555556,1089.0
81.76194444444445,29.50555555555556,1089.0
81.76166666666667,29.50527777777778,1089.0
81.76138888888889,29.505000000000003,1088.0
81.76138888888889,29.504722222222227,1088.0
81.76111111111112,29.50444444444445,1088.0
81.76083333333334,29.50416666666667,1088.0
81.76055555555556,29.503888888888895,1088.0
81.76027777777779,29.503611111111116,1088.0
81.76027777777779,29.503333333333337,1087.0
81.76027777777779,29.50305555555556,1087.0
81.76027777777779,29.502777777777784,1087.0
81.76027777777779,29.502500000000005,1087.0
81.76027777777779,29.502222222222226,1087.0
81.76027777777779,29.501944444444447,1087.0
81.76027777777779,29.501666666666672,1087.0
81.76027777777779,29.501388888888894,1086.0
81.76,29.501388888888894,1086.0
81.75972222222222,29.501111111111115,1086.0
81.75944444444445,29.500833333333336,1086.0
81.75916666666667,29.50055555555556,1086.0
81.75888888888889,29.500277777777782,1086.0
81.75861111111112,29.500277777777782,1086.0
81.75833333333334,29.500277777777782,1086.0
81.75805555555556,29.500000000000004,1085.0
81.75777777777778,29.500000000000004,1085.0
81.75750000000001,29.500000000000004,1085.0
81.75722222222223,29.500000000000004,1085.0
81.75694444444444,29.500000000000004,1085.0
81.75666666666667,29.500000000000004,1085.0
81.75638888888889,29.500000000000004,1085.0
81.75611111111111,29.500000000000004,1085.0
81.75583333333334,29.500000000000004,1085.0
81.75555555555556,29.500000000000004,1084.0
81.75527777777778,29.500000000000004,1084.0
81.75500000000001,29.500000000000004,1084.0
81.75472222222223,29.500000000000004,1084.0
81.75444444444445,29.499722222222225,1084.0
81.75416666666668,29.499722222222225,1084.0
81.7538888888889,29.499722222222225,1084.0
81.75361111111111,29.49944444444445,1084.0
81.75333333333334,29.49916666666667,1084.0
81.75305555555556,29.49916666666667,1083.0
81.75277777777778,29.49916666666667,1083.0
81.7525,29.49916666666667,1083.0
81.75222222222223,29.498888888888892,1083.0
81.75194444444445,29.498888888888892,1083.0
81.75166666666667,29.498888888888892,1083.0
81.7513888888889,29.498888888888892,1083.0
81.75111111111111,29.498888888888892,1083.0
81.75083333333333,29.498611111111114,1083.0
81.75055555555556,29.498611111111114,1082.0
81.75027777777778,29.498611111111114,1082.0
81.75,29.49833333333334,1082.0
81.74972222222223,29.49805555555556,1082.0
81.74944444444445,29.49777777777778,1082.0
81.74916666666667,29.497500000000006,1082.0
81.7488888888889,29.497222222222227,1082.0
81.74861111111112,29.49694444444445,1081.0
81.74833333333333,29.49694444444445,1081.0
81.74805555555557,29.49694444444445,1081.0
81.74777777777778,29.49666666666667,1081.0
81.7475,29.49666666666667,1081.0
81.74722222222222,29.496388888888895,1081.0
81.74694444444445,29.496388888888895,1081.0
81.74666666666667,29.496388888888895,1081.0
81.74638888888889,29.496111111111116,1081.0
81.74611111111112,29.495833333333337,1080.0
81.74583333333334,29.495833333333337,1080.0
81.74555555555555,29.495833333333337,1080.0
81.74527777777779,29.495833333333337,1080.0
81.745,29.495833333333337,1080.0
81.74472222222222,29.495833333333337,1080.0
81.74444444444445,29.495833333333337,1080.0
81.74416666666667,29.495833333333337,1080.0
81.74388888888889,29.495833333333337,1080.0
81.74361111111112,29.495833333333337,1080.0
81.74333333333334,29.495833333333337,1079.0
81.74305555555556,29.49555555555556,1079.0
81.74277777777779,29.49555555555556,1079.0
81.7425,29.49555555555556,1079.0
81.74222222222222,29.495277777777783,1079.0
81.74194444444444,29.495277777777783,1079.0
81.74166666666667,29.495000000000005,1079.0
81.74138888888889,29.494722222222226,1079.0
81.74111111111111,29.494444444444447,1078.0
81.74083333333334,29.494444444444447,1078.0
81.74055555555556,29.494444444444447,1078.0
81.74027777777778,29.494444444444447,1078.0
81.74000000000001,29.494444444444447,1078.0
81.73972222222223,29.494166666666672,1078.0
81.73944444444444,29.493888888888893,1078.0
81.73916666666668,29.493611111111115,1078.0
81.7388888888889,29.493333333333336,1077.0
81.73861111111111,29.493333333333336,1077.0
81.73833333333334,29.493333333333336,1077.0
81.73805555555556,29.493333333333336,1077.0
81.73777777777778,29.49305555555556,1077.0
81.73750000000001,29.492777777777782,1077.0
81.73722222222223,29.492500000000003,1077.0
81.73694444444445,29.492222222222228,1077.0
81.73666666666666,29.49194444444445,1076.0
81.7363888888889,29.49194444444445,1076.0
81.73611111111111,29.49194444444445,1076.0
81.73583333333333,29.49166666666667,1076.0
81.73555555555556,29.49166666666667,1076.0
81.73527777777778,29.491388888888892,1076.0
81.735,29.491111111111117,1076.0
81.73472222222223,29.490833333333338,1076.0
81.73444444444445,29.49055555555556,1075.0
81.73416666666667,29.49055555555556,1075.0
81.7338888888889,29.49055555555556,1075.0
81.73361111111112,29.49055555555556,1075.0
81.73333333333333,29.49055555555556,1075.0
81.73305555555557,29.49055555555556,1075.0
81.73277777777778,29.49027777777778,1075.0
81.7325,29.49027777777778,1075.0
81.73222222222223,29.49027777777778,1075.0
81.73194444444445,29.49027777777778,1075.0
81.73166666666667,29.49027777777778,1074.0
81.73138888888889,29.49027777777778,1074.0
81.73111111111112,29.49027777777778,1074.0
81.73083333333334,29.49027777777778,1074.0
81.73055555555555,29.49027777777778,1074.0
81.73027777777779,29.49027777777778,1074.0
81.73,29.49027777777778,1074.0
81.72972222222222,29.49027777777778,1074.0
81.72944444444445,29.49027777777778,1074.0
81.72916666666667,29.49027777777778,1074.0
81.72888888888889,29.49027777777778,1073.0
81.72861111111112,29.49027777777778,1073.0
81.72833333333334,29.490000000000006,1073.0
81.72805555555556,29.490000000000006,1073.0
81.72777777777779,29.489722222222227,1073.0
81.7275,29.489722222222227,1073.0
81.72722222222222,29.489444444444448,1073.0
81.72694444444444,29.48916666666667,1073.0
81.72666666666667,29.488888888888894,1072.0
81.72638888888889,29.488888888888894,1072.0
81.72611111111111,29.488888888888894,1072.0
81.72583333333334,29.488888888888894,1072.0
81.72555555555556,29.488888888888894,1072.0
81.72527777777778,29.488888888888894,1072.0
81.72500000000001,29.488888888888894,1072.0
81.72472222222223,29.488888888888894,1072.0
81.72444444444444,29.488888888888894,1072.0
81.72416666666668,29.488888888888894,1072.0
81.7238888888889,29.488611111111116,1071.0
81.72361111111111,29.488611111111116,1071.0
81.72333333333334,29.488611111111116,1071.0
81.72305555555556,29.488333333333337,1071.0
81.72277777777778,29.488055555555558,1071.0
81.72250000000001,29.487777777777783,1071.0
81.72222222222223,29.487500000000004,1071.0
81.72194444444445,29.487222222222226,1070.0
81.72166666666666,29.486944444444447,1070.0
81.7213888888889,29.48666666666667,1070.0
81.72111111111111,29.486388888888893,1070.0
81.72083333333333,29.486111111111114,1070.0
81.72055555555556,29.48583333333334,1070.0
81.72027777777778,29.48555555555556,1069.0
81.72,29.48555555555556,1069.0
81.71972222222223,29.48527777777778,1069.0
81.71944444444445,29.485000000000003,1069.0
81.71916666666667,29.484722222222228,1069.0
81.7188888888889,29.48444444444445,1069.0
81.71861111111112,29.48416666666667,1069.0
81.71833333333333,29.48388888888889,1068.0
81.71833333333333,29.483611111111117,1068.0
81.71833333333333,29.483333333333338,1068.0
81.71833333333333,29.48305555555556,1068.0
81.71833333333333,29.48277777777778,1068.0
81.71833333333333,29.482500000000005,1068.0
81.71833333333333,29.482222222222227,1068.0
81.71833333333333,29.481944444444448,1068.0
81.71833333333333,29.48166666666667,1068.0
81.71833333333333,29.481388888888894,1068.0
81.71833333333333,29.481111111111115,1067.0
81.71833333333333,29.480833333333337,1067.0
81.71833333333333,29.48055555555556,1067.0
81.71833333333333,29.480277777777783,1067.0
81.71833333333333,29.480000000000004,1067.0
81.71833333333333,29.479722222222225,1067.0
81.71833333333333,29.47944444444445,1067.0
81.71833333333333,29.47916666666667,1067.0
81.71833333333333,29.478888888888893,1067.0
81.71833333333333,29.478611111111114,1067.0
81.71833333333333,29.47833333333334,1067.0
81.71833333333333,29.47805555555556,1067.0
81.71833333333333,29.47777777777778,1066.0
81.71833333333333,29.477500000000003,1066.0
81.71833333333333,29.477222222222228,1066.0
81.71805555555557,29.47694444444445,1066.0
81.71777777777778,29.47666666666667,1066.0
81.7175,29.47638888888889,1066.0
81.71722222222223,29.476111111111116,1066.0
81.71694444444445,29.476111111111116,1066.0
81.71666666666667,29.476111111111116,1066.0
81.71638888888889,29.476111111111116,1066.0
81.71611111111112,29.475833333333338,1066.0
81.71583333333334,29.47555555555556,1066.0
81.71555555555555,29.475277777777784,1065.0
81.71555555555555,29.475000000000005,1065.0
81.71527777777779,29.474722222222226,1065.0
81.715,29.474444444444448,1065.0
81.71472222222222,29.474166666666672,1065.0
81.71444444444445,29.473888888888894,1065.0
81.71416666666667,29.473611111111115,1065.0
81.71388888888889,29.473333333333336,1065.0
81.71361111111112,29.47305555555556,1065.0
81.71333333333334,29.472777777777782,1064.0
81.71305555555556,29.472777777777782,1064.0
81.71277777777779,29.472500000000004,1064.0
81.7125,29.472222222222225,1064.0
81.71222222222222,29.47194444444445,1064.0
81.71194444444446,29.47194444444445,1064.0
81.71166666666667,29.47166666666667,1064.0
81.71138888888889,29.471388888888892,1064.0
81.71111111111111,29.471111111111114,1064.0
81.71083333333334,29.47083333333334,1064.0
81.71055555555556,29.47055555555556,1064.0
81.71027777777778,29.47027777777778,1063.0
81.71000000000001,29.470000000000006,1063.0
81.70972222222223,29.469722222222227,1063.0
81.70944444444444,29.46944444444445,1063.0
81.70916666666668,29.46916666666667,1063.0
81.7088888888889,29.468888888888895,1063.0
81.70861111111111,29.468611111111116,1063.0
81.70833333333334,29.468333333333337,1063.0
81.70805555555556,29.46805555555556,1063.0
81.70777777777778,29.467777777777783,1062.0
81.70777777777778,29.467500000000005,1062.0
81.70777777777778,29.467222222222226,1062.0
81.70777777777778,29.466944444444447,1062.0
81.70750000000001,29.466666666666672,1062.0
81.70722222222223,29.466388888888893,1062.0
81.70722222222223,29.466111111111115,1062.0
81.70722222222223,29.465833333333336,1062.0
81.70694444444445,29.46555555555556,1062.0
81.70666666666668,29.465277777777782,1062.0
81.7063888888889,29.465000000000003,1062.0
81.70611111111111,29.464722222222225,1061.0
81.70611111111111,29.46444444444445,1061.0
81.70611111111111,29.46416666666667,1061.0
81.70611111111111,29.463888888888892,1061.0
81.70611111111111,29.463611111111117,1061.0
81.70611111111111,29.46333333333334,1061.0
81.70611111111111,29.46305555555556,1061.0
81.70611111111111,29.46277777777778,1061.0
81.70611111111111,29.462500000000006,1061.0
81.70611111111111,29.462222222222227,1061.0
81.70611111111111,29.46194444444445,1061.0
81.70611111111111,29.46166666666667,1061.0
81.70611111111111,29.461388888888894,1061.0
81.70611111111111,29.461111111111116,1060.0
81.70611111111111,29.460833333333337,1060.0
81.70611111111111,29.46055555555556,1060.0
81.70611111111111,29.460277777777783,1060.0
81.70611111111111,29.460000000000004,1060.0
81.70611111111111,29.459722222222226,1060.0
81.70611111111111,29.459444444444447,1060.0
81.70611111111111,29.459166666666672,1060.0
81.70611111111111,29.458888888888893,1060.0
81.70611111111111,29.458611111111114,1060.0
81.70611111111111,29.458333333333336,1060.0
81.70611111111111,29.45805555555556,1060.0
81.70611111111111,29.457777777777782,1059.0
81.70611111111111,29.457500000000003,1059.0
81.70611111111111,29.457222222222228,1059.0
81.70611111111111,29.45694444444445,1059.0
81.70611111111111,29.45666666666667,1059.0
81.70611111111111,29.456388888888892,1059.0
81.70611111111111,29.456111111111117,1059.0
81.70611111111111,29.455833333333338,1059.0
81.70611111111111,29.45555555555556,1059.0
81.70611111111111,29.45527777777778,1059.0
81.7063888888889,29.455000000000005,1059.0
81.7063888888889,29.454722222222227,1059.0
81.70666666666668,29.454444444444448,1059.0
81.70694444444445,29.45416666666667,1058.0
81.70694444444445,29.453888888888894,1058.0
81.70694444444445,29.453611111111115,1058.0
81.70694444444445,29.453333333333337,1058.0
81.70694444444445,29.453055555555558,1058.0
81.70694444444445,29.452777777777783,1058.0
81.70722222222223,29.452500000000004,1058.0
81.70722222222223,29.452222222222225,1058.0
81.70722222222223,29.45194444444445,1058.0
81.70722222222223,29.45166666666667,1058.0
81.70750000000001,29.451388888888893,1058.0
81.70750000000001,29.451111111111114,1058.0
81.70750000000001,29.45083333333334,1058.0
81.70777777777778,29.45055555555556,1057.0
81.70805555555556,29.45027777777778,1057.0
81.70805555555556,29.450000000000003,1057.0
81.70805555555556,29.449722222222228,1057.0
81.70805555555556,29.44944444444445,1057.0
81.70805555555556,29.44916666666667,1057.0
81.70833333333334,29.44888888888889,1057.0
81.70833333333334,29.448611111111116,1057.0
81.70833333333334,29.448333333333338,1057.0
81.70833333333334,29.44805555555556,1057.0
81.70833333333334,29.44777777777778,1056.0
81.70833333333334,29.447500000000005,1056.0
81.70833333333334,29.447222222222226,1056.0
81.70833333333334,29.446944444444448,1056.0
81.70833333333334,29.446666666666673,1056.0
81.70833333333334,29.446388888888894,1056.0
81.70833333333334,29.446111111111115,1056.0
81.70833333333334,29.445833333333336,1056.0
81.70833333333334,29.44555555555556,1056.0
81.70833333333334,29.445277777777783,1056.0
81.70833333333334,29.445000000000004,1056.0
81.70833333333334,29.444722222222225,1056.0
81.70833333333334,29.44444444444445,1056.0
81.70833333333334,29.44416666666667,1055.0
81.70861111111111,29.443888888888893,1055.0
81.70861111111111,29.443611111111114,1055.0
81.7088888888889,29.44333333333334,1055.0
81.7088888888889,29.44305555555556,1055.0
81.7088888888889,29.44277777777778,1055.0
81.70916666666668,29.442500000000003,1055.0
81.70916666666668,29.442222222222227,1055.0
81.70916666666668,29.44194444444445,1055.0
81.70916666666668,29.44166666666667,1055.0
81.70916666666668,29.441388888888895,1055.0
81.70916666666668,29.441111111111116,1055.0
81.70916666666668,29.440833333333337,1054.0
81.70916666666668,29.44055555555556,1054.0
81.70916666666668,29.440277777777784,1054.0
81.70916666666668,29.440000000000005,1054.0
81.70916666666668,29.439722222222226,1054.0
81.70916666666668,29.439444444444447,1054.0
81.70916666666668,29.439166666666672,1054.0
81.70944444444444,29.438888888888894,1054.0
81.70944444444444,29.438611111111115,1054.0
81.70944444444444,29.438333333333336,1054.0
81.70944444444444,29.43805555555556,1054.0
81.70944444444444,29.437777777777782,1054.0
81.70944444444444,29.437500000000004,1054.0
81.70944444444444,29.437222222222225,1053.0
81.70944444444444,29.43694444444445,1053.0
81.70944444444444,29.43666666666667,1053.0
81.70944444444444,29.436388888888892,1053.0
81.70944444444444,29.436111111111114,1053.0
81.70972222222223,29.43583333333334,1053.0
81.71000000000001,29.43555555555556,1053.0
81.71027777777778,29.43527777777778,1053.0
81.71055555555556,29.435000000000006,1053.0
81.71083333333334,29.434722222222227,1052.0
81.71111111111111,29.43444444444445,1052.0
81.71138888888889,29.43444444444445,1060.0
81.71166666666667,29.43416666666667,1057.0
81.71194444444446,29.433888888888895,1051.0
81.71222222222222,29.433888888888895,1060.0
81.7125,29.433611111111116,1056.0
81.71277777777779,29.433333333333337,1050.0
81.71305555555556,29.43305555555556,1050.0
81.71333333333334,29.43305555555556,1059.0
81.71361111111112,29.432777777777783,1050.0
81.71388888888889,29.432777777777783,1053.0
81.71416666666667,29.432777777777783,1057.0
81.71444444444445,29.432777777777783,1060.0
81.71472222222222,29.432500000000005,1049.0
81.715,29.432500000000005,1049.0
81.71527777777779,29.432222222222226,1048.0
81.71555555555555,29.431944444444447,1048.0
81.71583333333334,29.431666666666672,1048.0
81.71611111111112,29.431388888888893,1056.0
81.71638888888889,29.431111111111115,1055.0
81.71666666666667,29.430833333333336,1053.0
81.71666666666667,29.43055555555556,1059.0
81.71694444444445,29.430277777777782,1046.0
81.71694444444445,29.430000000000003,1046.0
81.71694444444445,29.429722222222228,1046.0
81.71694444444445,29.42944444444445,1045.0
81.71694444444445,29.42916666666667,1045.0
81.71694444444445,29.428888888888892,1045.0
81.71694444444445,29.428611111111117,1045.0
81.71694444444445,29.428333333333338,1045.0
81.71694444444445,29.42805555555556,1058.0
81.71694444444445,29.42777777777778,1060.0
81.71666666666667,29.427500000000006,1059.0
81.71638888888889,29.427222222222227,1059.0
81.71611111111112,29.426944444444448,1059.0
81.71583333333334,29.42666666666667,1057.0
81.71583333333334,29.426388888888894,1059.0
81.71583333333334,29.426111111111116,1054.0
81.71555555555555,29.425833333333337,1042.0
81.71555555555555,29.425555555555558,1056.0
81.71555555555555,29.425277777777783,1058.0
81.71555555555555,29.425000000000004,1055.0
81.71555555555555,29.424722222222226,1054.0
81.71555555555555,29.424444444444447,1052.0
81.71555555555555,29.42416666666667,1041.0
81.71555555555555,29.423888888888893,1041.0
81.71555555555555,29.423611111111114,1040.0
81.71555555555555,29.42333333333334,1040.0
81.71555555555555,29.42305555555556,1040.0
81.71555555555555,29.42277777777778,1040.0
81.71555555555555,29.422500000000003,1039.0
81.71555555555555,29.422222222222228,1039.0
81.71555555555555,29.42194444444445,1039.0
81.71555555555555,29.42166666666667,1039.0
81.71555555555555,29.42138888888889,1039.0
81.71555555555555,29.421111111111117,1040.0
81.71555555555555,29.420833333333338,1041.0
81.71555555555555,29.42055555555556,1042.0
81.71555555555555,29.42027777777778,1045.0
81.71555555555555,29.420000000000005,1050.0
81.71555555555555,29.419722222222227,1053.0
81.71555555555555,29.419444444444448,1056.0
81.71555555555555,29.41916666666667,1061.0
81.71583333333334,29.418888888888894,1051.0
81.71583333333334,29.418611111111115,1054.0
81.71583333333334,29.418333333333337,1057.0
81.71583333333334,29.41805555555556,1060.0
81.71583333333334,29.417777777777783,1061.0
81.71583333333334,29.417500000000004,1061.0
81.71583333333334,29.417222222222225,1059.0
81.71583333333334,29.41694444444445,1058.0
81.71583333333334,29.41666666666667,1058.0
81.71583333333334,29.416388888888893,1059.0
81.71583333333334,29.416111111111114,1059.0
81.71583333333334,29.41583333333334,1057.0
81.71583333333334,29.41555555555556,1054.0
81.71583333333334,29.41527777777778,1052.0
81.71583333333334,29.415000000000003,1050.0
81.71583333333334,29.414722222222228,1057.0
81.71583333333334,29.41444444444445,1060.0
81.71583333333334,29.41416666666667,1061.0
81.71583333333334,29.41388888888889,1061.0
81.71611111111112,29.413611111111116,1055.0
81.71611111111112,29.413333333333338,1055.0
81.71611111111112,29.41305555555556,1055.0
81.71611111111112,29.412777777777784,1061.0
81.71638888888889,29.412500000000005,1058.0
81.71638888888889,29.412222222222226,1060.0
81.71666666666667,29.411944444444448,1058.0
81.71666666666667,29.411666666666672,1059.0
81.71666666666667,29.411388888888894,1061.0
81.71694444444445,29.411111111111115,1054.0
81.71694444444445,29.410833333333336,1059.0
81.71722222222223,29.41055555555556,1059.0
81.7175,29.410277777777782,1061.0
81.71777777777778,29.410000000000004,1046.0
81.71777777777778,29.409722222222225,1026.0
81.71777777777778,29.40944444444445,1026.0
81.71805555555557,29.40916666666667,1026.0
81.71833333333333,29.408888888888892,1025.0
81.71833333333333,29.408611111111114,1025.0
81.71833333333333,29.40833333333334,1025.0
81.71833333333333,29.40805555555556,1024.0
81.71833333333333,29.40777777777778,1024.0
81.71833333333333,29.407500000000006,1024.0
81.71833333333333,29.407222222222227,1024.0
81.71833333333333,29.40694444444445,1023.0
81.71805555555557,29.40666666666667,1023.0
81.71777777777778,29.406388888888895,1023.0
81.71777777777778,29.406111111111116,1022.0
81.7175,29.405833333333337,1022.0
81.7175,29.40555555555556,1022.0
81.71722222222223,29.405277777777783,1021.0
81.71722222222223,29.405000000000005,1021.0
81.71722222222223,29.404722222222226,1021.0
81.71722222222223,29.404444444444447,1020.0
81.71694444444445,29.404166666666672,1020.0
81.71694444444445,29.403888888888893,1020.0
81.71666666666667,29.403611111111115,1020.0
81.71666666666667,29.403333333333336,1019.0
81.71666666666667,29.40305555555556,1019.0
81.71638888888889,29.402777777777782,1019.0
81.71638888888889,29.402500000000003,1019.0
81.71638888888889,29.402222222222225,1018.0
81.71638888888889,29.40194444444445,1018.0
81.71638888888889,29.40166666666667,1018.0
81.71638888888889,29.401388888888892,1018.0
81.71638888888889,29.401111111111117,1017.0
81.71666666666667,29.40083333333334,1017.0
81.71666666666667,29.40055555555556,1017.0
81.71694444444445,29.40027777777778,1017.0
81.71722222222223,29.400000000000006,1016.0
81.71722222222223,29.399722222222227,1017.0
81.7175,29.39944444444445,1016.0
81.7175,29.39916666666667,1017.0
81.71777777777778,29.398888888888894,1015.0
81.71805555555557,29.398611111111116,1015.0
81.71833333333333,29.398333333333337,1014.0
81.71861111111112,29.39805555555556,1014.0
81.7188888888889,29.397777777777783,1014.0
81.71916666666667,29.397500000000004,1014.0
81.71944444444445,29.397222222222226,1013.0
81.71972222222223,29.396944444444447,1013.0
81.72,29.396666666666672,1013.0
81.72027777777778,29.396388888888893,1012.0
81.72055555555556,29.396111111111114,1012.0
81.72083333333333,29.396111111111114,1012.0
81.72111111111111,29.395833333333336,1011.0
81.7213888888889,29.39555555555556,1011.0
81.72166666666666,29.395277777777782,1011.0
81.72194444444445,29.395000000000003,1010.0
81.72222222222223,29.394722222222228,1010.0
81.72250000000001,29.39444444444445,1010.0
81.72277777777778,29.39416666666667,1010.0
81.72305555555556,29.393888888888892,1009.0
81.72305555555556,29.393611111111117,1009.0
81.72333333333334,29.393333333333338,1009.0
81.72333333333334,29.39305555555556,1009.0
81.72333333333334,29.39277777777778,1009.0
81.72333333333334,29.392500000000005,1009.0
81.72333333333334,29.392222222222227,1009.0
81.72333333333334,29.391944444444448,1009.0
81.72333333333334,29.39166666666667,1008.0
81.72333333333334,29.391388888888894,1008.0
81.72333333333334,29.391111111111115,1008.0
81.72333333333334,29.390833333333337,1008.0
81.72333333333334,29.390555555555558,1007.0
81.72333333333334,29.390277777777783,1007.0
81.72333333333334,29.390000000000004,1007.0
81.72333333333334,29.389722222222225,1007.0
81.72333333333334,29.38944444444445,1007.0
81.72333333333334,29.38916666666667,1006.0
81.72333333333334,29.388888888888893,1006.0
81.72333333333334,29.388611111111114,1006.0
81.72333333333334,29.38833333333334,1006.0
81.72333333333334,29.38805555555556,1006.0
81.72333333333334,29.38777777777778,1005.0
81.72333333333334,29.387500000000003,1005.0
81.72333333333334,29.387222222222228,1005.0
81.72333333333334,29.38694444444445,1005.0
81.72333333333334,29.38666666666667,1004.0
81.72333333333334,29.38638888888889,1004.0
81.72333333333334,29.386111111111116,1004.0
81.72333333333334,29.385833333333338,1004.0
81.72333333333334,29.38555555555556,1004.0
81.72333333333334,29.38527777777778,1003.0
81.72333333333334,29.385000000000005,1003.0
81.72333333333334,29.384722222222226,1003.0
81.72333333333334,29.384444444444448,1006.0
81.72333333333334,29.384166666666673,1006.0
81.72333333333334,29.383888888888894,1002.0
81.72333333333334,29.383611111111115,1002.0
81.72333333333334,29.383333333333336,1002.0
81.72333333333334,29.38305555555556,1002.0
81.72333333333334,29.382777777777783,1001.0
81.72333333333334,29.382500000000004,1001.0
81.72333333333334,29.382222222222225,1008.0
81.72333333333334,29.38194444444445,1011.0
81.72333333333334,29.38166666666667,1014.0
81.72333333333334,29.381388888888893,1015.0
81.72333333333334,29.381111111111114,1015.0
81.72333333333334,29.38083333333334,1016.0
81.72333333333334,29.38055555555556,1016.0
81.72333333333334,29.38027777777778,1018.0
81.72305555555556,29.380000000000003,1006.0
81.72305555555556,29.379722222222227,1008.0
81.72305555555556,29.37944444444445,1018.0
81.72277777777778,29.37916666666667,1017.0
81.72277777777778,29.378888888888895,1015.0
81.72277777777778,29.378611111111116,1016.0
81.72277777777778,29.378333333333337,1017.0
81.72277777777778,29.37805555555556,1018.0
81.72277777777778,29.377777777777784,1018.0
81.72277777777778,29.377500000000005,1016.0
81.72277777777778,29.377222222222226,1012.0
81.72277777777778,29.376944444444447,1008.0
81.72277777777778,29.376666666666672,1003.0
81.72277777777778,29.376388888888894,1000.0
81.72277777777778,29.376111111111115,998.0
81.72277777777778,29.375833333333336,999.0
81.72277777777778,29.37555555555556,1001.0
81.72277777777778,29.375277777777782,1003.0
81.72277777777778,29.375000000000004,1005.0
81.72305555555556,29.374722222222225,1004.0
81.72333333333334,29.37444444444445,999.0
81.72333333333334,29.37416666666667,1016.0
81.72361111111111,29.373888888888892,1011.0
81.7238888888889,29.373611111111114,998.0
81.72416666666668,29.37333333333334,997.0
81.72444444444444,29.37305555555556,996.0
81.72472222222223,29.37277777777778,996.0
81.72500000000001,29.372500000000006,996.0
81.72527777777778,29.372222222222227,995.0
81.72555555555556,29.37194444444445,994.0
81.72583333333334,29.37166666666667,1001.0
81.72611111111111,29.371388888888895,1009.0
81.72611111111111,29.371111111111116,1014.0
81.72638888888889,29.370833333333337,1009.0
81.72666666666667,29.37055555555556,1008.0
81.72694444444444,29.370277777777783,990.0
81.72694444444444,29.370000000000005,990.0
81.72694444444444,29.369722222222226,990.0
81.72694444444444,29.369444444444447,990.0
81.72694444444444,29.369166666666672,989.0
81.72694444444444,29.368888888888893,989.0
81.72694444444444,29.368611111111115,989.0
81.72694444444444,29.368333333333336,989.0
81.72694444444444,29.36805555555556,989.0
81.72694444444444,29.367777777777782,989.0
81.72694444444444,29.367500000000003,989.0
81.72694444444444,29.367222222222228,989.0
81.72694444444444,29.36694444444445,989.0
81.72694444444444,29.36666666666667,989.0
81.72694444444444,29.366388888888892,989.0
81.72694444444444,29.366111111111117,988.0
81.72694444444444,29.365833333333338,988.0
81.72694444444444,29.36555555555556,988.0
81.72694444444444,29.36527777777778,988.0
81.72694444444444,29.365000000000006,988.0
81.72694444444444,29.364722222222227,997.0
81.72694444444444,29.364444444444448,1009.0
81.72694444444444,29.36416666666667,1017.0
81.72722222222222,29.363888888888894,1013.0
81.7275,29.363611111111116,1012.0
81.72777777777779,29.363333333333337,1009.0
81.72805555555556,29.363055555555558,1008.0
81.72833333333334,29.362777777777783,1009.0
81.72861111111112,29.362500000000004,1008.0
81.72888888888889,29.362222222222226,1007.0
81.72916666666667,29.361944444444447,1008.0
81.72944444444445,29.36166666666667,1007.0
81.72944444444445,29.361388888888893,1013.0
81.72972222222222,29.361111111111114,1011.0
81.73,29.36083333333334,1007.0
81.73,29.36055555555556,1015.0
81.73027777777779,29.36027777777778,1007.0
81.73027777777779,29.360000000000003,1013.0
81.73055555555555,29.359722222222228,1001.0
81.73055555555555,29.35944444444445,1009.0
81.73055555555555,29.35916666666667,1016.0
81.73083333333334,29.35888888888889,1002.0
81.73111111111112,29.358611111111117,996.0
81.73138888888889,29.358333333333338,994.0
81.73166666666667,29.35805555555556,995.0
81.73194444444445,29.35777777777778,995.0
81.73222222222223,29.357500000000005,993.0
81.7325,29.357222222222227,990.0
81.73277777777778,29.356944444444448,992.0
81.73305555555557,29.35666666666667,992.0
81.73333333333333,29.356388888888894,994.0
81.73361111111112,29.356111111111115,994.0
81.7338888888889,29.355833333333337,994.0
81.73416666666667,29.35555555555556,999.0
81.73444444444445,29.355277777777783,1005.0
81.73472222222223,29.355000000000004,1010.0
81.735,29.354722222222225,1007.0
81.73527777777778,29.35444444444445,1001.0
81.73555555555556,29.35444444444445,1009.0
81.73583333333333,29.35416666666667,1000.0
81.73611111111111,29.353888888888893,993.0
81.7363888888889,29.353611111111114,991.0
81.73666666666666,29.35333333333334,990.0
81.73694444444445,29.35305555555556,988.0
81.73722222222223,29.35277777777778,983.0
81.73750000000001,29.352500000000003,977.0
81.73777777777778,29.352222222222228,979.0
81.73805555555556,29.35194444444445,993.0
81.73833333333334,29.35166666666667,1001.0
81.73861111111111,29.35138888888889,995.0
81.7388888888889,29.351111111111116,995.0
81.73916666666668,29.350833333333338,1006.0
81.73944444444444,29.35055555555556,1012.0
81.73972222222223,29.350277777777784,1014.0
81.74000000000001,29.350000000000005,1017.0
81.74027777777778,29.349722222222226,1018.0
81.74055555555556,29.349444444444448,1011.0
81.74083333333334,29.349166666666672,997.0
81.74111111111111,29.348888888888894,993.0
81.74138888888889,29.348611111111115,989.0
81.74166666666667,29.348333333333336,989.0
81.74194444444444,29.34805555555556,988.0
81.74222222222222,29.347777777777782,989.0
81.74222222222222,29.347500000000004,987.0
81.74222222222222,29.347222222222225,981.0
81.74222222222222,29.34694444444445,979.0
81.74222222222222,29.34666666666667,978.0
81.74222222222222,29.346388888888892,973.0
81.74222222222222,29.346111111111114,975.0
81.7425,29.34583333333334,969.0
81.74277777777779,29.34555555555556,975.0
81.74305555555556,29.34527777777778,982.0
81.74333333333334,29.345000000000006,990.0
81.74361111111112,29.344722222222227,990.0
81.74388888888889,29.34444444444445,990.0
81.74416666666667,29.34416666666667,983.0
81.74444444444445,29.34416666666667,991.0
81.74472222222222,29.343888888888895,987.0
81.745,29.343611111111116,983.0
81.74527777777779,29.343611111111116,988.0
81.74555555555555,29.343333333333337,986.0
81.74583333333334,29.343333333333337,990.0
81.74611111111112,29.34305555555556,989.0
81.74638888888889,29.342777777777783,987.0
81.74666666666667,29.342777777777783,985.0
81.74694444444445,29.342777777777783,988.0
81.74722222222222,29.342777777777783,987.0
81.7475,29.342777777777783,985.0
81.74777777777778,29.342777777777783,982.0
81.74805555555557,29.342777777777783,981.0
81.74833333333333,29.342777777777783,982.0
81.74861111111112,29.342777777777783,983.0
81.7488888888889,29.342500000000005,978.0
81.74916666666667,29.342222222222226,975.0
81.74944444444445,29.341944444444447,973.0
81.74972222222223,29.341666666666672,977.0
81.75,29.341388888888893,985.0
81.75027777777778,29.341111111111115,986.0
81.75055555555556,29.340833333333336,991.0
81.75027777777778,29.34055555555556,990.0
81.75,29.340277777777782,979.0
81.75,29.340000000000003,975.0
81.75,29.339722222222225,970.0
81.75,29.33944444444445,966.0
81.75,29.33916666666667,969.0
81.75,29.338888888888892,971.0
81.75,29.338611111111117,970.0
81.75,29.33833333333334,968.0
81.75,29.33805555555556,970.0
81.75,29.33777777777778,972.0
81.75,29.337500000000006,972.0
81.75,29.337222222222227,972.0
81.75,29.33694444444445,975.0
81.75,29.33666666666667,979.0
81.75027777777778,29.336388888888894,979.0
81.75055555555556,29.336111111111116,975.0
81.75055555555556,29.335833333333337,980.0
81.75083333333333,29.33555555555556,978.0
81.75083333333333,29.335277777777783,978.0
81.75111111111111,29.335000000000004,974.0
81.75111111111111,29.334722222222226,977.0
81.7513888888889,29.334444444444447,971.0
81.7513888888889,29.334166666666672,977.0
81.75166666666667,29.333888888888893,978.0
81.75194444444445,29.333611111111114,978.0
81.75194444444445,29.333333333333336,980.0
81.75194444444445,29.33305555555556,979.0
81.75222222222223,29.332777777777782,973.0
81.75222222222223,29.332500000000003,979.0
81.7525,29.332222222222228,973.0
81.7525,29.33194444444445,975.0
81.7525,29.33166666666667,979.0
81.75277777777778,29.331388888888892,970.0
81.75277777777778,29.331111111111117,975.0
81.75277777777778,29.330833333333338,975.0
81.75277777777778,29.33055555555556,976.0
81.75277777777778,29.33027777777778,978.0
81.75277777777778,29.330000000000005,971.0
81.75277777777778,29.329722222222227,965.0
81.75277777777778,29.329444444444448,962.0
81.75277777777778,29.32916666666667,962.0
81.75277777777778,29.328888888888894,962.0
81.75277777777778,29.328611111111115,962.0
81.75277777777778,29.328333333333337,962.0
81.75277777777778,29.328055555555558,963.0
81.75277777777778,29.327777777777783,964.0
81.75277777777778,29.327500000000004,965.0
81.75277777777778,29.327222222222225,966.0
81.75277777777778,29.32694444444445,969.0
81.75277777777778,29.32666666666667,974.0
81.75277777777778,29.326388888888893,977.0
81.75277777777778,29.326111111111114,980.0
81.7525,29.32583333333334,972.0
81.7525,29.32555555555556,971.0
81.7525,29.32527777777778,972.0
81.7525,29.325000000000003,972.0
81.7525,29.324722222222228,970.0
81.7525,29.32444444444445,968.0
81.7525,29.32416666666667,960.0
81.7525,29.32388888888889,960.0
81.7525,29.323611111111116,960.0
81.7525,29.323333333333338,960.0
81.7525,29.32305555555556,960.0
81.7525,29.32277777777778,960.0
81.7525,29.322500000000005,961.0
81.7525,29.322222222222226,965.0
81.7525,29.321944444444448,972.0
81.7525,29.321666666666673,979.0
81.75222222222223,29.321388888888894,980.0
81.75222222222223,29.321111111111115,976.0
81.75222222222223,29.320833333333336,971.0
81.75222222222223,29.32055555555556,965.0
81.75222222222223,29.320277777777783,962.0
81.75222222222223,29.320000000000004,960.0
81.75222222222223,29.319722222222225,959.0
81.75222222222223,29.31944444444445,959.0
81.75222222222223,29.31916666666667,959.0
81.75222222222223,29.318888888888893,959.0
81.75222222222223,29.318611111111114,959.0
81.75222222222223,29.31833333333334,960.0
81.75222222222223,29.31805555555556,961.0
81.75222222222223,29.31777777777778,961.0
81.75222222222223,29.317500000000003,961.0
81.75222222222223,29.317222222222227,960.0
81.75222222222223,29.31694444444445,961.0
81.75222222222223,29.31666666666667,961.0
81.75222222222223,29.316388888888895,960.0
81.75222222222223,29.316111111111116,958.0
81.75222222222223,29.315833333333337,957.0
81.75222222222223,29.31555555555556,957.0
81.75222222222223,29.315277777777784,956.0
81.75222222222223,29.315000000000005,952.0
81.75222222222223,29.314722222222226,955.0
81.75222222222223,29.314444444444447,965.0
81.7525,29.314166666666672,962.0
81.7525,29.313888888888894,960.0
81.7525,29.313611111111115,958.0
81.7525,29.313333333333336,955.0
81.7525,29.31305555555556,958.0
81.7525,29.312777777777782,962.0
81.7525,29.312500000000004,959.0
81.7525,29.312222222222225,957.0
81.7525,29.31194444444445,956.0
81.7525,29.31166666666667,957.0
81.7525,29.311388888888892,957.0
81.75277777777778,29.311111111111114,957.0
81.75277777777778,29.31083333333334,960.0
81.75277777777778,29.31055555555556,964.0
81.75277777777778,29.31027777777778,965.0
81.75305555555556,29.310000000000006,958.0
81.75305555555556,29.309722222222227,960.0
81.75305555555556,29.30944444444445,961.0
81.75305555555556,29.30916666666667,960.0
81.75305555555556,29.308888888888895,959.0
81.75305555555556,29.308611111111116,955.0
81.75277777777778,29.308333333333337,961.0
81.7525,29.30805555555556,962.0
81.75222222222223,29.307777777777783,961.0
81.75194444444445,29.307500000000005,957.0
81.75166666666667,29.307500000000005,960.0
81.7513888888889,29.307222222222226,956.0
81.75111111111111,29.306944444444447,955.0
81.75083333333333,29.306666666666672,955.0
81.75055555555556,29.306388888888893,954.0
81.75027777777778,29.306111111111115,958.0
81.75,29.305833333333336,959.0
81.74972222222223,29.30555555555556,958.0
81.74944444444445,29.305277777777782,962.0
81.74916666666667,29.305000000000003,963.0
81.74916666666667,29.304722222222228,967.0
81.7488888888889,29.30444444444445,966.0
81.7488888888889,29.30416666666667,967.0
81.74861111111112,29.303888888888892,967.0
81.74861111111112,29.303611111111117,965.0
81.74861111111112,29.303333333333338,958.0
81.74861111111112,29.30305555555556,953.0
81.74861111111112,29.30277777777778,952.0
81.7488888888889,29.302500000000006,952.0
81.7488888888889,29.302222222222227,952.0
81.74916666666667,29.301944444444448,952.0
81.74916666666667,29.30166666666667,951.0
81.74916666666667,29.301388888888894,951.0
81.74916666666667,29.301111111111116,951.0
81.74944444444445,29.300833333333337,951.0
81.74944444444445,29.300555555555558,951.0
81.74944444444445,29.300277777777783,950.0
81.74944444444445,29.300000000000004,950.0
81.74944444444445,29.299722222222226,950.0
81.74944444444445,29.299444444444447,950.0
81.74944444444445,29.29916666666667,949.0
81.74944444444445,29.298888888888893,949.0
81.74944444444445,29.298611111111114,949.0
81.74944444444445,29.29833333333334,949.0
81.74944444444445,29.29805555555556,949.0
81.74944444444445,29.29777777777778,948.0
81.74944444444445,29.297500000000003,948.0
81.74944444444445,29.297222222222228,948.0
81.74944444444445,29.29694444444445,948.0
81.74916666666667,29.29666666666667,947.0
81.74916666666667,29.29638888888889,947.0
81.74916666666667,29.296111111111117,947.0
81.7488888888889,29.295833333333338,947.0
81.74861111111112,29.29555555555556,946.0
81.74861111111112,29.29527777777778,946.0
81.74833333333333,29.295000000000005,946.0
81.74805555555557,29.294722222222227,946.0
81.74777777777778,29.294444444444448,945.0
81.74777777777778,29.29416666666667,945.0
81.7475,29.293888888888894,945.0
81.74722222222222,29.293611111111115,945.0
81.74694444444445,29.293333333333337,944.0
81.74666666666667,29.293333333333337,944.0
81.74638888888889,29.29305555555556,944.0
81.74611111111112,29.292777777777783,944.0
81.74583333333334,29.292500000000004,943.0
81.74555555555555,29.292500000000004,943.0
81.74527777777779,29.292500000000004,943.0
81.745,29.292222222222225,943.0
81.74472222222222,29.29194444444445,943.0
81.74444444444445,29.29166666666667,942.0
81.74444444444445,29.291388888888893,942.0
81.74444444444445,29.291111111111114,942.0
81.74444444444445,29.29083333333334,942.0
81.74444444444445,29.29055555555556,942.0
81.74416666666667,29.29027777777778,941.0
81.74388888888889,29.29027777777778,941.0
81.74361111111112,29.290000000000003,941.0
81.74333333333334,29.289722222222228,941.0
81.74305555555556,29.28944444444445,940.0
81.74277777777779,29.28944444444445,940.0
81.7425,29.28944444444445,940.0
81.74222222222222,29.28916666666667,940.0
81.74194444444444,29.28888888888889,940.0
81.74166666666667,29.28888888888889,939.0
81.74138888888889,29.28888888888889,939.0
81.74111111111111,29.288611111111116,939.0
81.74083333333334,29.288611111111116,939.0
81.74055555555556,29.288611111111116,939.0
81.74027777777778,29.288333333333338,938.0
81.74027777777778,29.28805555555556,938.0
81.74000000000001,29.287777777777784,938.0
81.73972222222223,29.287500000000005,938.0
81.73944444444444,29.287222222222226,937.0
81.73916666666668,29.287222222222226,937.0
81.7388888888889,29.287222222222226,937.0
81.73861111111111,29.286944444444448,937.0
81.73833333333334,29.286666666666672,937.0
81.73805555555556,29.286388888888894,936.0
81.73777777777778,29.286388888888894,936.0
81.73750000000001,29.286388888888894,936.0
81.73722222222223,29.286388888888894,936.0
81.73694444444445,29.286111111111115,936.0
81.73666666666666,29.285833333333336,935.0
81.7363888888889,29.285833333333336,935.0
81.73611111111111,29.28555555555556,935.0
81.73583333333333,29.285277777777782,935.0
81.73555555555556,29.285000000000004,934.0
81.73527777777778,29.285000000000004,934.0
81.735,29.284722222222225,934.0
81.73472222222223,29.28444444444445,934.0
81.73444444444445,29.28416666666667,933.0
81.73444444444445,29.283888888888892,933.0
81.73444444444445,29.283611111111114,933.0
81.73416666666667,29.28333333333334,933.0
81.7338888888889,29.28305555555556,932.0
81.7338888888889,29.28277777777778,932.0
81.73361111111112,29.282500000000006,932.0
81.73361111111112,29.282222222222227,932.0
81.73333333333333,29.28194444444445,931.0
81.73333333333333,29.28166666666667,931.0
81.73333333333333,29.281388888888895,931.0
81.73333333333333,29.281111111111116,931.0
81.73333333333333,29.280833333333337,931.0
81.73305555555557,29.28055555555556,930.0
81.73305555555557,29.280277777777783,930.0
81.73305555555557,29.280000000000005,930.0
81.73277777777778,29.279722222222226,930.0
81.7325,29.279444444444447,929.0
81.73222222222223,29.279444444444447,929.0
81.73194444444445,29.279166666666672,929.0
81.73166666666667,29.278888888888893,929.0
81.73138888888889,29.278611111111115,928.0
81.73111111111112,29.278611111111115,928.0
81.73083333333334,29.278611111111115,928.0
81.73055555555555,29.278333333333336,928.0
81.73027777777779,29.278333333333336,928.0
81.73,29.27805555555556,927.0
81.73,29.277777777777782,927.0
81.72972222222222,29.277500000000003,927.0
81.72944444444445,29.277222222222225,927.0
81.72916666666667,29.27694444444445,926.0
81.72916666666667,29.27666666666667,926.0
81.72888888888889,29.276388888888892,926.0
81.72861111111112,29.276111111111117,926.0
81.72833333333334,29.27583333333334,925.0
81.72833333333334,29.27555555555556,925.0
81.72805555555556,29.27527777777778,925.0
81.72777777777779,29.275000000000006,925.0
81.7275,29.274722222222227,924.0
81.72722222222222,29.274722222222227,924.0
81.72694444444444,29.274722222222227,924.0
81.72666666666667,29.274722222222227,924.0
81.72638888888889,29.27444444444445,924.0
81.72611111111111,29.27416666666667,923.0
81.72583333333334,29.273888888888894,923.0
81.72555555555556,29.273888888888894,923.0
81.72527777777778,29.273888888888894,923.0
81.72500000000001,29.273888888888894,922.0
81.72472222222223,29.273888888888894,922.0
81.72444444444444,29.273888888888894,922.0
81.72416666666668,29.273888888888894,922.0
81.7238888888889,29.273888888888894,922.0
81.72361111111111,29.273888888888894,921.0
81.72333333333334,29.273888888888894,921.0
81.72305555555556,29.273888888888894,921.0
81.72277777777778,29.273888888888894,921.0
81.72250000000001,29.273611111111116,920.0
81.72222222222223,29.273611111111116,920.0
81.72194444444445,29.273333333333337,920.0
81.72166666666666,29.27305555555556,920.0
81.7213888888889,29.272777777777783,919.0
81.72111111111111,29.272777777777783,919.0
81.72083333333333,29.272777777777783,919.0
81.72055555555556,29.272777777777783,919.0
81.72027777777778,29.272500000000004,918.0
81.72,29.272500000000004,918.0
81.71972222222223,29.272500000000004,918.0
81.71944444444445,29.272500000000004,918.0
81.71916666666667,29.272222222222226,918.0
81.7188888888889,29.272222222222226,917.0
81.71861111111112,29.272222222222226,917.0
81.71833333333333,29.272222222222226,917.0
81.71805555555557,29.271944444444447,917.0
81.71777777777778,29.271944444444447,916.0
81.7175,29.271666666666672,916.0
81.71722222222223,29.271666666666672,916.0
81.71694444444445,29.271388888888893,916.0
81.71666666666667,29.271388888888893,915.0
81.71638888888889,29.271388888888893,915.0
81.71611111111112,29.271111111111114,915.0
81.71583333333334,29.271111111111114,915.0
81.71555555555555,29.270833333333336,914.0
81.71527777777779,29.270833333333336,914.0
81.715,29.270833333333336,914.0
81.71472222222222,29.270833333333336,914.0
81.71444444444445,29.270833333333336,914.0
81.71416666666667,29.270833333333336,913.0
81.71388888888889,29.270833333333336,913.0
81.71361111111112,29.270833333333336,913.0
81.71333333333334,29.270833333333336,913.0
81.71305555555556,29.270833333333336,913.0
81.71277777777779,29.270833333333336,912.0
81.7125,29.270833333333336,912.0
81.71222222222222,29.270833333333336,912.0
81.71194444444446,29.270833333333336,912.0
81.71166666666667,29.270833333333336,911.0
81.71138888888889,29.270833333333336,911.0
81.71111111111111,29.270833333333336,911.0
81.71083333333334,29.270833333333336,911.0
81.71055555555556,29.271111111111114,910.0
81.71027777777778,29.271111111111114,910.0
81.71000000000001,29.271111111111114,910.0
81.70972222222223,29.271111111111114,910.0
81.70944444444444,29.271111111111114,910.0
81.70916666666668,29.271111111111114,910.0
81.7088888888889,29.271111111111114,909.0
81.70861111111111,29.271111111111114,909.0
81.70833333333334,29.271111111111114,909.0
81.70805555555556,29.271111111111114,909.0
81.70777777777778,29.271111111111114,908.0
81.70750000000001,29.271111111111114,908.0
81.70722222222223,29.271111111111114,908.0
81.70694444444445,29.271111111111114,908.0
81.70666666666668,29.270833333333336,907.0
81.7063888888889,29.270833333333336,907.0
81.70611111111111,29.27055555555556,907.0
81.70583333333333,29.270277777777782,907.0
81.70555555555556,29.270277777777782,906.0
81.70555555555556,29.270000000000003,906.0
81.70555555555556,29.269722222222228,906.0
81.70527777777778,29.26944444444445,906.0
81.70527777777778,29.26916666666667,906.0
81.70527777777778,29.268888888888892,905.0
81.70527777777778,29.268611111111117,905.0
81.70527777777778,29.268333333333338,905.0
81.705,29.26805555555556,904.0
81.70472222222223,29.26805555555556,904.0
81.70444444444445,29.26777777777778,904.0
81.70416666666667,29.267500000000005,903.0
81.70416666666667,29.267222222222227,903.0
81.7038888888889,29.266944444444448,902.0
81.7038888888889,29.26666666666667,902.0
81.7038888888889,29.266388888888894,902.0
81.7038888888889,29.266111111111115,901.0
81.7038888888889,29.265833333333337,901.0
81.7038888888889,29.265555555555558,901.0
81.7038888888889,29.265277777777783,900.0
81.7038888888889,29.265000000000004,900.0
81.70416666666667,29.264722222222225,899.0
81.70444444444445,29.26444444444445,899.0
81.70472222222223,29.26416666666667,898.0
81.70472222222223,29.263888888888893,898.0
81.70472222222223,29.263611111111114,897.0
81.70472222222223,29.26333333333334,897.0
81.70472222222223,29.26305555555556,897.0
81.70472222222223,29.26277777777778,896.0
81.70472222222223,29.262500000000003,896.0
81.70444444444445,29.262222222222228,895.0
81.70416666666667,29.26194444444445,895.0
81.7038888888889,29.26166666666667,894.0
81.70361111111112,29.26138888888889,894.0
81.70333333333333,29.261111111111116,893.0
81.70305555555557,29.261111111111116,893.0
81.70277777777778,29.261111111111116,893.0
81.7025,29.261111111111116,893.0
81.70222222222223,29.261111111111116,892.0
81.70194444444445,29.260833333333338,892.0
81.70166666666667,29.260833333333338,892.0
81.7013888888889,29.26055555555556,891.0
81.70111111111112,29.26027777777778,891.0
81.70083333333334,29.260000000000005,890.0
81.70055555555555,29.260000000000005,890.0
81.70027777777779,29.260000000000005,890.0
81.7,29.260000000000005,890.0
81.69972222222222,29.259722222222226,890.0
81.69944444444445,29.259444444444448,890.0
81.69916666666667,29.259166666666673,889.0
81.69888888888889,29.259166666666673,889.0
81.69861111111112,29.259166666666673,889.0
81.69833333333334,29.258888888888894,889.0
81.69805555555556,29.258611111111115,889.0
81.69777777777779,29.258333333333336,888.0
81.6975,29.258333333333336,888.0
81.69722222222222,29.258333333333336,888.0
81.69694444444445,29.25805555555556,888.0
81.69666666666667,29.257777777777783,888.0
81.69638888888889,29.257500000000004,887.0
81.69611111111112,29.257500000000004,887.0
81.69583333333334,29.257222222222225,887.0
81.69555555555556,29.25694444444445,887.0
81.69527777777778,29.25666666666667,887.0
81.69500000000001,29.256388888888893,886.0
81.69472222222223,29.256111111111114,886.0
81.69444444444444,29.25583333333334,886.0
81.69416666666667,29.25555555555556,886.0
81.69388888888889,29.25527777777778,885.0
81.69388888888889,29.255000000000003,885.0
81.69361111111111,29.254722222222227,885.0
81.69361111111111,29.25444444444445,885.0
81.69333333333334,29.25416666666667,885.0
81.69305555555556,29.253888888888895,884.0
81.69277777777778,29.253888888888895,884.0
81.69250000000001,29.253611111111116,884.0
81.69222222222223,29.253333333333337,884.0
81.69194444444445,29.25305555555556,884.0
81.69166666666668,29.252777777777784,883.0
81.6913888888889,29.252777777777784,883.0
81.69111111111111,29.252500000000005,883.0
81.69083333333334,29.252222222222226,883.0
81.69055555555556,29.251944444444447,883.0
81.69027777777778,29.251666666666672,882.0
81.69,29.251666666666672,882.0
81.68972222222223,29.251666666666672,882.0
81.68944444444445,29.251666666666672,882.0
81.68916666666667,29.251388888888894,882.0
81.6888888888889,29.251111111111115,882.0
81.68861111111111,29.251111111111115,882.0
81.68833333333333,29.250833333333336,882.0
81.68805555555556,29.25055555555556,881.0
81.68805555555556,29.250277777777782,881.0
81.68777777777778,29.250000000000004,881.0
81.6875,29.249722222222225,881.0
81.68722222222223,29.24944444444445,881.0
81.68722222222223,29.24916666666667,881.0
81.68694444444445,29.248888888888892,881.0
81.68666666666667,29.248611111111117,880.0
81.6863888888889,29.24833333333334,880.0
81.68611111111112,29.24805555555556,880.0
81.68583333333333,29.24777777777778,880.0
81.68555555555557,29.247500000000006,880.0
81.68527777777778,29.247222222222227,880.0
81.685,29.24694444444445,879.0
81.68472222222222,29.24694444444445,879.0
81.68444444444445,29.24694444444445,879.0
81.68416666666667,29.24694444444445,879.0
81.68388888888889,29.24666666666667,879.0
81.68361111111112,29.24666666666667,879.0
81.68333333333334,29.24666666666667,879.0
81.68305555555555,29.246388888888895,879.0
81.68277777777779,29.246388888888895,879.0
81.6825,29.246388888888895,878.0
81.68222222222222,29.246388888888895,878.0
81.68194444444445,29.246111111111116,878.0
81.68166666666667,29.245833333333337,878.0
81.68138888888889,29.24555555555556,878.0
81.68111111111112,29.245277777777783,878.0
81.68083333333334,29.245000000000005,878.0
81.68055555555556,29.244722222222226,877.0
81.68027777777779,29.244722222222226,877.0
81.68,29.244444444444447,877.0
81.67972222222222,29.244444444444447,877.0
81.67944444444444,29.244166666666672,877.0
81.67916666666667,29.243888888888893,877.0
81.67888888888889,29.243611111111115,877.0
81.67861111111111,29.243333333333336,876.0
81.67833333333334,29.243333333333336,876.0
81.67805555555556,29.243333333333336,876.0
81.67777777777778,29.243333333333336,876.0
81.67750000000001,29.243333333333336,876.0
81.67722222222223,29.24305555555556,876.0
81.67694444444444,29.242777777777782,876.0
81.67666666666668,29.242500000000003,876.0
81.6763888888889,29.242222222222228,875.0
81.67611111111111,29.24194444444445,875.0
81.67583333333334,29.24166666666667,875.0
81.67555555555556,29.241388888888892,875.0
81.67527777777778,29.241111111111117,875.0
81.67500000000001,29.240833333333338,875.0
81.67472222222223,29.24055555555556,874.0
81.67444444444445,29.24055555555556,874.0
81.67416666666666,29.24055555555556,874.0
81.6738888888889,29.24027777777778,874.0
81.67361111111111,29.240000000000006,874.0
81.67333333333333,29.240000000000006,874.0
81.67305555555556,29.240000000000006,874.0
81.67277777777778,29.239722222222227,874.0
81.6725,29.239444444444448,873.0
81.67222222222223,29.239444444444448,873.0
81.67194444444445,29.239444444444448,873.0
81.67166666666667,29.23916666666667,873.0
81.6713888888889,29.238888888888894,873.0
81.67111111111112,29.238611111111116,873.0
81.67083333333333,29.238333333333337,873.0
81.67055555555557,29.238055555555558,872.0
81.67027777777778,29.238055555555558,872.0
81.67,29.238055555555558,872.0
81.66972222222223,29.237777777777783,872.0
81.66944444444445,29.237500000000004,872.0
81.66916666666667,29.237222222222226,872.0
81.66888888888889,29.236944444444447,872.0
81.66861111111112,29.23666666666667,871.0
81.66833333333334,29.23666666666667,871.0
81.66805555555555,29.23666666666667,871.0
81.66777777777779,29.236388888888893,871.0
81.6675,29.236111111111114,871.0
81.66722222222222,29.236111111111114,871.0
81.66694444444445,29.23583333333334,871.0
81.66666666666667,29.23555555555556,871.0
81.66638888888889,29.23527777777778,870.0
81.66638888888889,29.235000000000003,870.0
81.66611111111112,29.234722222222228,870.0
81.66583333333334,29.23444444444445,870.0
81.66583333333334,29.23416666666667,870.0
81.66555555555556,29.23388888888889,870.0
81.66527777777779,29.233611111111117,869.0
81.665,29.233333333333338,869.0
81.66472222222222,29.23305555555556,869.0
81.66444444444444,29.23277777777778,868.0
81.66416666666667,29.23277777777778,868.0
81.66388888888889,29.232500000000005,868.0
81.66361111111111,29.232500000000005,868.0
81.66333333333334,29.232222222222227,867.0
81.66305555555556,29.232222222222227,867.0
81.66277777777778,29.231944444444448,867.0
81.66250000000001,29.231944444444448,867.0
81.66222222222223,29.23166666666667,866.0
81.66194444444444,29.23166666666667,866.0
81.66166666666668,29.231388888888894,866.0
81.6613888888889,29.231111111111115,866.0
81.66111111111111,29.230833333333337,865.0
81.66083333333334,29.230833333333337,865.0
81.66055555555556,29.23055555555556,865.0
81.66027777777778,29.230277777777783,864.0
81.66027777777778,29.230000000000004,864.0
81.66000000000001,29.229722222222225,864.0
81.65972222222223,29.22944444444445,864.0
81.65944444444445,29.22916666666667,863.0
81.65944444444445,29.228888888888893,863.0
81.65916666666666,29.228611111111114,863.0
81.6588888888889,29.22833333333334,863.0
81.65861111111111,29.22805555555556,862.0
81.65861111111111,29.22777777777778,862.0
81.65833333333333,29.227500000000003,862.0
81.65805555555556,29.227222222222228,861.0
81.65777777777778,29.227222222222228,861.0
81.6575,29.22694444444445,861.0
81.65722222222223,29.22666666666667,861.0
81.65694444444445,29.22638888888889,860.0
81.65666666666667,29.22638888888889,860.0
81.6563888888889,29.22638888888889,860.0
81.65611111111112,29.226111111111116,860.0
81.65583333333333,29.225833333333338,859.0
81.65555555555557,29.225833333333338,859.0
81.65527777777778,29.22555555555556,859.0
81.655,29.225277777777784,859.0
81.65472222222223,29.225000000000005,858.0
81.65444444444445,29.225000000000005,858.0
81.65416666666667,29.225000000000005,858.0
81.65388888888889,29.224722222222226,858.0
81.65361111111112,29.224444444444448,857.0
81.65333333333334,29.224444444444448,857.0
81.65305555555555,29.224444444444448,857.0
81.65277777777779,29.224166666666672,857.0
81.6525,29.223888888888894,856.0
81.65222222222222,29.223611111111115,856.0
81.65194444444445,29.223333333333336,856.0
81.65166666666667,29.22305555555556,855.0
81.65138888888889,29.222777777777782,855.0
81.65111111111112,29.222500000000004,855.0
81.65083333333334,29.222222222222225,854.0
81.65083333333334,29.22194444444445,854.0
81.65055555555556,29.22166666666667,854.0
81.65027777777779,29.221388888888892,854.0
81.65,29.221111111111114,853.0
81.64972222222222,29.22083333333334,853.0
81.64944444444446,29.22055555555556,853.0
81.64916666666667,29.22027777777778,852.0
81.64888888888889,29.22027777777778,852.0
81.64861111111111,29.22027777777778,852.0
81.64833333333334,29.22027777777778,852.0
81.64805555555556,29.22027777777778,852.0
81.64777777777778,29.22027777777778,851.0
81.64750000000001,29.22027777777778,851.0
81.64722222222223,29.22027777777778,851.0
81.64694444444444,29.22027777777778,851.0
81.64666666666668,29.22027777777778,851.0
81.6463888888889,29.22027777777778,850.0
81.64611111111111,29.22027777777778,850.0
81.64583333333334,29.22027777777778,850.0
81.64555555555556,29.22027777777778,850.0
81.64527777777778,29.22027777777778,849.0
81.64500000000001,29.22027777777778,849.0
81.64472222222223,29.22027777777778,849.0
81.64444444444445,29.22027777777778,849.0
81.64416666666668,29.22027777777778,849.0
81.6438888888889,29.22027777777778,848.0
81.64361111111111,29.22027777777778,848.0
81.64333333333333,29.22027777777778,848.0
81.64305555555556,29.22027777777778,848.0
81.64277777777778,29.22027777777778,848.0
81.6425,29.22027777777778,847.0
81.64222222222223,29.22027777777778,847.0
81.64194444444445,29.22027777777778,847.0
81.64166666666667,29.22027777777778,847.0
81.6413888888889,29.22027777777778,847.0
81.64111111111112,29.22027777777778,846.0
81.64083333333333,29.22027777777778,846.0
81.64055555555557,29.22027777777778,846.0
81.64027777777778,29.220000000000006,846.0
81.64,29.220000000000006,845.0
81.63972222222223,29.220000000000006,845.0
81.63944444444445,29.220000000000006,845.0
81.63916666666667,29.220000000000006,845.0
81.6388888888889,29.220000000000006,845.0
81.63861111111112,29.219722222222227,844.0
81.63833333333334,29.219722222222227,844.0
81.63805555555555,29.219722222222227,844.0
81.63777777777779,29.21944444444445,844.0
81.6375,29.21916666666667,843.0
81.63722222222222,29.218888888888895,843.0
81.63694444444445,29.218611111111116,841.0
81.63666666666667,29.218333333333337,828.0
81.63638888888889,29.21805555555556,828.0
81.63638888888889,29.217777777777783,827.0
81.63611111111112,29.217500000000005,827.0
81.63583333333334,29.217222222222226,826.0
81.63555555555556,29.216944444444447,826.0
81.63527777777779,29.216666666666672,825.0
81.635,29.216388888888893,825.0
81.63472222222222,29.216111111111115,824.0
81.63444444444445,29.216111111111115,824.0
81.63416666666667,29.215833333333336,824.0
81.63388888888889,29.215833333333336,823.0
81.63361111111112,29.215833333333336,823.0
81.63333333333334,29.215833333333336,823.0
81.63305555555556,29.215833333333336,822.0
81.63277777777778,29.21555555555556,822.0
81.63250000000001,29.21555555555556,822.0
81.63222222222223,29.215277777777782,821.0
81.63194444444444,29.215000000000003,821.0
81.63166666666667,29.214722222222225,820.0
81.63138888888889,29.214722222222225,820.0
81.63111111111111,29.21444444444445,820.0
81.63083333333334,29.21416666666667,819.0
81.63055555555556,29.21416666666667,819.0
81.63027777777778,29.213888888888892,818.0
81.63000000000001,29.213611111111117,818.0
81.62972222222223,29.213611111111117,818.0
81.62944444444445,29.21333333333334,817.0
81.62916666666668,29.21305555555556,817.0
81.6288888888889,29.21305555555556,816.0
81.62861111111111,29.21277777777778,816.0
81.62833333333334,29.21277777777778,816.0
81.62805555555556,29.21277777777778,815.0
81.62777777777778,29.212500000000006,815.0
81.6275,29.212500000000006,815.0
81.62722222222223,29.212500000000006,815.0
81.62694444444445,29.212500000000006,816.0
81.62666666666667,29.212222222222227,814.0
81.6263888888889,29.212222222222227,816.0
81.62611111111111,29.21194444444445,813.0
81.62583333333333,29.21194444444445,813.0
81.62555555555556,29.21194444444445,816.0
81.62527777777778,29.21166666666667,812.0
81.625,29.21166666666667,812.0
81.62472222222223,29.21166666666667,815.0
81.62444444444445,29.211388888888894,812.0
81.62416666666667,29.211111111111116,810.0
81.6238888888889,29.211111111111116,812.0
81.62361111111112,29.210833333333337,810.0
81.62333333333333,29.21055555555556,808.0
81.62305555555557,29.210277777777783,809.0
81.62277777777778,29.210000000000004,807.0
81.6225,29.209722222222226,805.0
81.62222222222222,29.209444444444447,804.0
81.62194444444445,29.209166666666672,801.0
81.62166666666667,29.208888888888893,802.0
81.62138888888889,29.208611111111114,801.0
81.62111111111112,29.208333333333336,800.0
81.62083333333334,29.20805555555556,800.0
81.62055555555555,29.207777777777782,814.0
81.62027777777779,29.207500000000003,819.0
81.62,29.207222222222228,816.0
81.61972222222222,29.20694444444445,797.0
81.61972222222222,29.20666666666667,814.0
81.61944444444445,29.206388888888892,806.0
81.61916666666667,29.206111111111117,810.0
81.61888888888889,29.205833333333338,805.0
81.61861111111112,29.20555555555556,806.0
81.61833333333334,29.20527777777778,817.0
81.61805555555556,29.205000000000005,818.0
81.61777777777779,29.204722222222227,818.0
81.6175,29.204444444444448,818.0
81.61722222222222,29.20416666666667,811.0
81.61694444444444,29.20416666666667,813.0
81.61666666666667,29.203888888888894,800.0
81.61638888888889,29.203611111111115,791.0
81.61611111111111,29.203333333333337,791.0
81.61583333333334,29.203055555555558,796.0
81.61555555555556,29.202777777777783,807.0
81.61527777777778,29.202500000000004,817.0
81.61500000000001,29.202222222222225,814.0
81.61500000000001,29.20194444444445,816.0
81.61472222222223,29.20166666666667,810.0
81.61444444444444,29.201388888888893,806.0
81.61444444444444,29.201111111111114,806.0
81.61444444444444,29.20083333333334,811.0
81.61416666666668,29.20055555555556,807.0
81.61416666666668,29.20027777777778,813.0
81.6138888888889,29.200000000000003,812.0
81.6138888888889,29.199722222222228,818.0
81.6138888888889,29.19944444444445,818.0
81.61361111111111,29.19916666666667,803.0
81.61361111111111,29.19888888888889,806.0
81.61361111111111,29.198611111111116,809.0
81.61361111111111,29.198333333333338,812.0
81.61333333333334,29.19805555555556,806.0
81.61333333333334,29.19777777777778,807.0
81.61333333333334,29.197500000000005,801.0
81.61333333333334,29.197222222222226,792.0
81.61333333333334,29.196944444444448,787.0
81.61333333333334,29.196666666666673,793.0
81.61333333333334,29.196388888888894,793.0
81.61333333333334,29.196111111111115,792.0
81.61333333333334,29.195833333333336,793.0
81.61333333333334,29.19555555555556,794.0
81.61333333333334,29.195277777777783,790.0
81.61361111111111,29.195000000000004,789.0
81.6138888888889,29.194722222222225,793.0
81.61416666666668,29.19444444444445,802.0
81.61444444444444,29.19416666666667,798.0
81.61472222222223,29.193888888888893,795.0
81.61500000000001,29.193611111111114,793.0
81.61527777777778,29.19333333333334,797.0
81.61555555555556,29.19305555555556,801.0
81.61583333333334,29.19277777777778,806.0
81.61611111111111,29.192500000000003,814.0
81.61638888888889,29.192222222222227,817.0
81.61666666666667,29.19194444444445,818.0
81.61694444444444,29.19166666666667,817.0
81.61722222222222,29.191388888888895,812.0
81.6175,29.191111111111116,811.0
81.61777777777779,29.190833333333337,810.0
81.61777777777779,29.19055555555556,815.0
81.61805555555556,29.190277777777784,809.0
81.61805555555556,29.190000000000005,813.0
81.61805555555556,29.189722222222226,817.0
81.61805555555556,29.189444444444447,816.0
81.61805555555556,29.189166666666672,809.0
81.61805555555556,29.188888888888894,808.0
81.61805555555556,29.188611111111115,807.0
81.61805555555556,29.188333333333336,808.0
81.61805555555556,29.18805555555556,808.0
81.61805555555556,29.187777777777782,805.0
81.61805555555556,29.187500000000004,803.0
81.61805555555556,29.187222222222225,803.0
81.61805555555556,29.18694444444445,804.0
81.61805555555556,29.18666666666667,806.0
81.61805555555556,29.186388888888892,806.0
81.61805555555556,29.186111111111117,807.0
81.61805555555556,29.18583333333334,808.0
81.61805555555556,29.18555555555556,809.0
81.61805555555556,29.18527777777778,809.0
81.61805555555556,29.185000000000006,806.0
81.61805555555556,29.184722222222227,804.0
81.61805555555556,29.18444444444445,805.0
81.61805555555556,29.18416666666667,811.0
81.61805555555556,29.183888888888895,816.0
81.61777777777779,29.183611111111116,805.0
81.61777777777779,29.183333333333337,809.0
81.61777777777779,29.18305555555556,813.0
81.61777777777779,29.182777777777783,816.0
81.61777777777779,29.182500000000005,819.0
81.61777777777779,29.182222222222226,819.0
81.61777777777779,29.181944444444447,818.0
81.61777777777779,29.181666666666672,816.0
81.61777777777779,29.181388888888893,814.0
81.6175,29.181111111111115,793.0
81.6175,29.180833333333336,805.0
81.61722222222222,29.18055555555556,805.0
81.61694444444444,29.180277777777782,804.0
81.61694444444444,29.180000000000003,816.0
81.61666666666667,29.179722222222228,798.0
81.61666666666667,29.17944444444445,800.0
81.61666666666667,29.17916666666667,809.0
81.61666666666667,29.178888888888892,819.0
81.61638888888889,29.178611111111117,811.0
81.61638888888889,29.178333333333338,819.0
81.61611111111111,29.17805555555556,806.0
81.61611111111111,29.17777777777778,818.0
81.61583333333334,29.177500000000006,813.0
81.61555555555556,29.177222222222227,808.0
81.61555555555556,29.176944444444448,817.0
81.61527777777778,29.17666666666667,809.0
81.61527777777778,29.176388888888894,815.0
81.61500000000001,29.176111111111116,802.0
81.61500000000001,29.175833333333337,807.0
81.61500000000001,29.175555555555558,819.0
81.61472222222223,29.175277777777783,804.0
81.61472222222223,29.175000000000004,808.0
81.61472222222223,29.174722222222226,818.0
81.61444444444444,29.174444444444447,807.0
81.61416666666668,29.17416666666667,800.0
81.61416666666668,29.173888888888893,807.0
81.61416666666668,29.173611111111114,810.0
81.61416666666668,29.17333333333334,809.0
81.6138888888889,29.17305555555556,796.0
81.61361111111111,29.17277777777778,791.0
81.61333333333334,29.172500000000003,802.0
81.61305555555556,29.172222222222228,799.0
81.61277777777778,29.17194444444445,795.0
81.61250000000001,29.17166666666667,792.0
81.61222222222223,29.17138888888889,786.0
81.61194444444445,29.171111111111117,776.0
81.61166666666666,29.170833333333338,765.0
81.6113888888889,29.17055555555556,759.0
81.61111111111111,29.17027777777778,759.0
81.61083333333333,29.170000000000005,769.0
81.61055555555556,29.169722222222227,783.0
81.61027777777778,29.169444444444448,793.0
81.61,29.16916666666667,796.0
81.60972222222223,29.168888888888894,796.0
81.60944444444445,29.168611111111115,797.0
81.60916666666667,29.168333333333337,801.0
81.6088888888889,29.16805555555556,804.0
81.60861111111112,29.167777777777783,798.0
81.60833333333333,29.167500000000004,802.0
81.60805555555557,29.167222222222225,804.0
81.60777777777778,29.16694444444445,813.0
81.6075,29.16666666666667,810.0
81.60722222222223,29.166388888888893,808.0
81.60694444444445,29.166111111111114,804.0
81.60666666666667,29.16583333333334,794.0
81.60638888888889,29.16583333333334,814.0
81.60611111111112,29.16555555555556,813.0
81.60583333333334,29.16527777777778,800.0
81.60555555555555,29.165000000000003,777.0
81.60527777777779,29.165000000000003,792.0
81.605,29.165000000000003,811.0
81.60472222222222,29.164722222222228,787.0
81.60444444444445,29.164722222222228,802.0
81.60416666666667,29.164722222222228,817.0
81.60388888888889,29.16444444444445,791.0
81.60361111111112,29.16416666666667,795.0
81.60333333333334,29.16388888888889,819.0
81.60305555555556,29.163611111111116,817.0
81.60277777777779,29.163333333333338,807.0
81.6025,29.16305555555556,785.0
81.60222222222222,29.16305555555556,798.0
81.60194444444444,29.16305555555556,808.0
81.60166666666667,29.16305555555556,816.0
81.60138888888889,29.16305555555556,818.0
81.60111111111111,29.162777777777784,774.0
81.60083333333334,29.162777777777784,777.0
81.60055555555556,29.162777777777784,776.0
81.60027777777778,29.162777777777784,778.0
81.60000000000001,29.162777777777784,783.0
81.59972222222223,29.162777777777784,788.0
81.59944444444444,29.162777777777784,800.0
81.59916666666668,29.162777777777784,803.0
81.5988888888889,29.162777777777784,792.0
81.59861111111111,29.162777777777784,794.0
81.59833333333334,29.162777777777784,800.0
81.59805555555556,29.162777777777784,807.0
81.59777777777778,29.162500000000005,780.0
81.59750000000001,29.162500000000005,806.0
81.59722222222223,29.162222222222226,780.0
81.59694444444445,29.162222222222226,798.0
81.59666666666666,29.162222222222226,807.0
81.5963888888889,29.162222222222226,814.0
81.59611111111111,29.161944444444448,802.0
81.59583333333333,29.161944444444448,818.0
81.59555555555556,29.161666666666672,792.0
81.59527777777778,29.161666666666672,802.0
81.595,29.161666666666672,808.0
81.59472222222223,29.161388888888894,799.0
81.59444444444445,29.161388888888894,819.0
81.59416666666667,29.161111111111115,807.0
81.5938888888889,29.160833333333336,794.0
81.59361111111112,29.160833333333336,817.0
81.59333333333333,29.16055555555556,803.0
81.59305555555557,29.160277777777782,801.0
81.59277777777778,29.160000000000004,791.0
81.5925,29.160000000000004,805.0
81.59222222222223,29.159722222222225,782.0
81.59194444444445,29.159722222222225,801.0
81.59166666666667,29.159722222222225,809.0
81.59138888888889,29.159722222222225,811.0
81.59111111111112,29.159722222222225,809.0
81.59083333333334,29.159722222222225,808.0
81.59055555555555,29.159722222222225,816.0
81.59027777777779,29.15944444444445,807.0
81.59,29.15944444444445,814.0
81.58972222222222,29.15916666666667,789.0
81.58944444444445,29.15916666666667,808.0
81.58916666666667,29.15916666666667,815.0
81.58888888888889,29.15916666666667,810.0
81.58861111111112,29.15916666666667,812.0
81.58833333333334,29.158888888888892,811.0
81.58805555555556,29.158611111111114,803.0
81.58777777777779,29.158611111111114,818.0
81.5875,29.15833333333334,788.0
81.58722222222222,29.15805555555556,763.0
81.58694444444446,29.15777777777778,746.0
81.58666666666667,29.157500000000006,739.0
81.58638888888889,29.157222222222227,736.0
81.58611111111111,29.15694444444445,740.0
81.58583333333334,29.15666666666667,744.0
81.58555555555556,29.156388888888895,744.0
81.58527777777778,29.156111111111116,741.0
81.58500000000001,29.155833333333337,752.0
81.58472222222223,29.15555555555556,797.0
81.58444444444444,29.155277777777783,817.0
81.58416666666668,29.155000000000005,817.0
81.5838888888889,29.154722222222226,815.0
81.58361111111111,29.154444444444447,802.0
81.58361111111111,29.154166666666672,815.0
81.58361111111111,29.153888888888893,819.0
81.58361111111111,29.153611111111115,809.0
81.58333333333334,29.153333333333336,814.0
81.58333333333334,29.15305555555556,819.0
81.58333333333334,29.152777777777782,813.0
81.58333333333334,29.152500000000003,806.0
81.58305555555556,29.152222222222225,803.0
81.58277777777778,29.15194444444445,796.0
81.58277777777778,29.15166666666667,777.0
81.58277777777778,29.151388888888892,765.0
81.58277777777778,29.151111111111117,759.0
81.58277777777778,29.15083333333334,757.0
81.58277777777778,29.15055555555556,766.0
81.58250000000001,29.15027777777778,764.0
81.58250000000001,29.150000000000006,767.0
81.58250000000001,29.149722222222227,766.0
81.58250000000001,29.14944444444445,762.0
81.58250000000001,29.14916666666667,757.0
81.58250000000001,29.148888888888894,754.0
81.58250000000001,29.148611111111116,756.0
81.58250000000001,29.148333333333337,756.0
81.58250000000001,29.14805555555556,759.0
81.58250000000001,29.147777777777783,761.0
81.58250000000001,29.147500000000004,760.0
81.58250000000001,29.147222222222226,763.0
81.58250000000001,29.146944444444447,770.0
81.58250000000001,29.146666666666672,774.0
81.58250000000001,29.146388888888893,769.0
81.58250000000001,29.146111111111114,772.0
81.58222222222223,29.145833333333336,754.0
81.58222222222223,29.14555555555556,757.0
81.58222222222223,29.145277777777782,759.0
81.58222222222223,29.145000000000003,760.0
81.58222222222223,29.144722222222228,768.0
81.58194444444445,29.14444444444445,747.0
81.58194444444445,29.14416666666667,752.0
81.58194444444445,29.143888888888892,756.0
81.58194444444445,29.143611111111117,759.0
81.58194444444445,29.143333333333338,757.0
81.58194444444445,29.14305555555556,752.0
81.58194444444445,29.14277777777778,754.0
81.58194444444445,29.142500000000005,760.0
81.58194444444445,29.142222222222227,771.0
81.58166666666668,29.141944444444448,754.0
81.58166666666668,29.14166666666667,765.0
81.58166666666668,29.141388888888894,767.0
81.58166666666668,29.141111111111115,765.0
81.58166666666668,29.140833333333337,771.0
81.5813888888889,29.140555555555558,769.0
81.58111111111111,29.140277777777783,765.0
81.58111111111111,29.140000000000004,772.0
81.58111111111111,29.139722222222225,771.0
81.58111111111111,29.13944444444445,770.0
81.58111111111111,29.13916666666667,773.0
81.58083333333333,29.138888888888893,754.0
81.58083333333333,29.138611111111114,762.0
81.58083333333333,29.13833333333334,770.0
81.58055555555556,29.13805555555556,753.0
81.58055555555556,29.13777777777778,763.0
81.58027777777778,29.137500000000003,757.0
81.58,29.137222222222228,745.0
81.57972222222223,29.13694444444445,739.0
81.57944444444445,29.13666666666667,736.0
81.57916666666667,29.13638888888889,747.0
81.5788888888889,29.136111111111116,764.0
81.57861111111112,29.135833333333338,774.0
81.57833333333333,29.13555555555556,771.0
81.57805555555557,29.13527777777778,765.0
81.57777777777778,29.135000000000005,758.0
81.5775,29.134722222222226,753.0
81.57722222222223,29.134444444444448,753.0
81.57694444444445,29.134166666666673,755.0
81.57666666666667,29.133888888888894,759.0
81.5763888888889,29.133611111111115,757.0
81.57611111111112,29.133333333333336,754.0
81.57583333333334,29.13305555555556,750.0
81.57555555555555,29.132777777777783,745.0
81.57527777777779,29.132500000000004,738.0
81.575,29.132222222222225,735.0
81.57472222222222,29.13194444444445,739.0
81.57444444444445,29.13166666666667,741.0
81.57416666666667,29.131388888888893,748.0
81.57388888888889,29.131111111111114,755.0
81.57361111111112,29.13083333333334,768.0
81.57333333333334,29.13055555555556,774.0
81.57305555555556,29.13055555555556,766.0
81.57277777777779,29.13055555555556,762.0
81.5725,29.13027777777778,754.0
81.57222222222222,29.13027777777778,753.0
81.57194444444445,29.130000000000003,748.0
81.57166666666667,29.129722222222227,742.0
81.57138888888889,29.12944444444445,740.0
81.57111111111112,29.12916666666667,742.0
81.57083333333334,29.128888888888895,745.0
81.57055555555556,29.128888888888895,748.0
81.57027777777778,29.128611111111116,744.0
81.57000000000001,29.128611111111116,738.0
81.56972222222223,29.128611111111116,732.0
81.56944444444444,29.128611111111116,731.0
81.56916666666667,29.128333333333337,723.0
81.56888888888889,29.128333333333337,727.0
81.56861111111111,29.12805555555556,724.0
81.56833333333334,29.127777777777784,726.0
81.56805555555556,29.127500000000005,731.0
81.56777777777778,29.127222222222226,734.0
81.56750000000001,29.126944444444447,736.0
81.56722222222223,29.126666666666672,736.0
81.56694444444445,29.126388888888894,732.0
81.56666666666668,29.126111111111115,730.0
81.5663888888889,29.126111111111115,726.0
81.56611111111111,29.126111111111115,723.0
81.56583333333334,29.126111111111115,724.0
81.56555555555556,29.126111111111115,723.0
81.56527777777778,29.126111111111115,722.0
81.565,29.125833333333336,718.0
81.56472222222223,29.125833333333336,721.0
81.56444444444445,29.125833333333336,721.0
81.56416666666667,29.125833333333336,722.0
81.5638888888889,29.125833333333336,722.0
81.56361111111111,29.125833333333336,723.0
81.56333333333333,29.125833333333336,723.0
81.56305555555556,29.12555555555556,718.0
81.56277777777778,29.12555555555556,719.0
81.5625,29.12555555555556,718.0
81.56222222222223,29.125277777777782,720.0
81.56194444444445,29.125000000000004,723.0
81.56166666666667,29.125000000000004,719.0
81.5613888888889,29.125000000000004,714.0
81.56111111111112,29.125000000000004,714.0
81.56083333333333,29.125000000000004,715.0
81.56055555555557,29.124722222222225,714.0
81.56027777777778,29.12444444444445,715.0
81.56,29.12416666666667,713.0
81.55972222222222,29.123888888888892,713.0
81.55944444444445,29.123888888888892,713.0
81.55916666666667,29.123611111111117,712.0
81.55888888888889,29.123611111111117,710.0
81.55861111111112,29.123611111111117,710.0
81.55833333333334,29.123611111111117,711.0
81.55805555555555,29.123611111111117,710.0
81.55777777777779,29.12333333333334,709.0
81.5575,29.12333333333334,711.0
81.55722222222222,29.12305555555556,708.0
81.55694444444445,29.12305555555556,706.0
81.55666666666667,29.12277777777778,706.0
81.55638888888889,29.12277777777778,706.0
81.55611111111112,29.12277777777778,707.0
81.55583333333334,29.122500000000006,707.0
81.55555555555556,29.122222222222227,708.0
81.55527777777779,29.122222222222227,705.0
81.555,29.122222222222227,704.0
81.55472222222222,29.12194444444445,707.0
81.55444444444444,29.12166666666667,707.0
81.55416666666667,29.12166666666667,708.0
81.55388888888889,29.121388888888895,706.0
81.55361111111111,29.121388888888895,705.0
81.55333333333334,29.121388888888895,705.0
81.55305555555556,29.121111111111116,701.0
81.55277777777778,29.120833333333337,704.0
81.55250000000001,29.12055555555556,706.0
81.55222222222223,29.120277777777783,705.0
81.55194444444444,29.120277777777783,704.0
81.55166666666668,29.120000000000005,703.0
81.5513888888889,29.119722222222226,705.0
81.55111111111111,29.119444444444447,703.0
81.55083333333334,29.119166666666672,703.0
81.55055555555556,29.118888888888893,701.0
81.55027777777778,29.118611111111115,704.0
81.55000000000001,29.118333333333336,703.0
81.54972222222223,29.11805555555556,701.0
81.54944444444445,29.117777777777782,700.0
81.54944444444445,29.117500000000003,704.0
81.54916666666666,29.117222222222228,699.0
81.5488888888889,29.11694444444445,700.0
81.54861111111111,29.11666666666667,702.0
81.54833333333333,29.116388888888892,703.0
81.54805555555556,29.116111111111117,702.0
81.54777777777778,29.115833333333338,704.0
81.5475,29.11555555555556,705.0
81.54722222222223,29.11527777777778,704.0
81.54694444444445,29.115000000000006,701.0
81.54666666666667,29.114722222222227,700.0
81.5463888888889,29.114444444444448,702.0
81.54611111111112,29.11416666666667,702.0
81.54583333333333,29.113888888888894,702.0
81.54555555555557,29.113611111111116,705.0
81.54527777777778,29.113611111111116,705.0
81.545,29.113333333333337,702.0
81.545,29.113055555555558,699.0
81.54472222222223,29.113055555555558,695.0
81.54444444444445,29.112777777777783,694.0
81.54416666666667,29.112500000000004,697.0
81.54388888888889,29.112222222222226,700.0
81.54361111111112,29.111944444444447,700.0
81.54333333333334,29.111944444444447,696.0
81.54305555555555,29.11166666666667,690.0
81.54277777777779,29.111388888888893,685.0
81.5425,29.111111111111114,687.0
81.54222222222222,29.11083333333334,695.0
81.54194444444445,29.11055555555556,691.0
81.54166666666667,29.11027777777778,692.0
81.54138888888889,29.110000000000003,700.0
81.54111111111112,29.109722222222228,700.0
81.54083333333334,29.109722222222228,697.0
81.54055555555556,29.10944444444445,693.0
81.54027777777779,29.10916666666667,697.0
81.54,29.10888888888889,698.0
81.53972222222222,29.10888888888889,697.0
81.53944444444444,29.10888888888889,696.0
81.53916666666667,29.10888888888889,696.0
81.53888888888889,29.108611111111117,695.0
81.53861111111111,29.108333333333338,694.0
81.53833333333334,29.10805555555556,692.0
81.53805555555556,29.10777777777778,692.0
81.53777777777778,29.107500000000005,692.0
81.53750000000001,29.107222222222227,691.0
81.53722222222223,29.107222222222227,691.0
81.53694444444444,29.106944444444448,691.0
81.53666666666668,29.10666666666667,691.0
81.5363888888889,29.106388888888894,690.0
81.53611111111111,29.106388888888894,690.0
81.53583333333334,29.106388888888894,690.0
81.53555555555556,29.106388888888894,690.0
81.53527777777778,29.106111111111115,689.0
81.53500000000001,29.106111111111115,689.0
81.53472222222223,29.106111111111115,689.0
81.53444444444445,29.106111111111115,689.0
81.53416666666666,29.106111111111115,689.0
81.5338888888889,29.106111111111115,688.0
81.53361111111111,29.106111111111115,688.0
81.53333333333333,29.106111111111115,688.0
81.53305555555556,29.106111111111115,688.0
81.53277777777778,29.106111111111115,687.0
81.5325,29.106111111111115,687.0
81.53222222222223,29.106111111111115,687.0
81.53194444444445,29.106111111111115,687.0
81.53166666666667,29.106111111111115,686.0
81.5313888888889,29.106111111111115,686.0
81.53111111111112,29.106111111111115,686.0
81.53083333333333,29.106111111111115,686.0
81.53055555555557,29.106111111111115,686.0
81.53027777777778,29.105833333333337,685.0
81.53,29.105833333333337,685.0
81.52972222222223,29.10555555555556,685.0
81.52944444444445,29.10555555555556,685.0
81.52916666666667,29.105277777777783,684.0
81.52888888888889,29.105277777777783,684.0
81.52861111111112,29.105000000000004,684.0
81.52833333333334,29.104722222222225,683.0
81.52805555555555,29.104722222222225,683.0
81.52777777777779,29.104722222222225,683.0
81.5275,29.104722222222225,683.0
81.52722222222222,29.104722222222225,685.0
81.52694444444445,29.104722222222225,685.0
81.52666666666667,29.104722222222225,684.0
81.52638888888889,29.104722222222225,682.0
81.52611111111112,29.104722222222225,682.0
81.52583333333334,29.104722222222225,681.0
81.52555555555556,29.104722222222225,681.0
81.52527777777779,29.104722222222225,681.0
81.525,29.104722222222225,681.0
81.52472222222222,29.104722222222225,680.0
81.52444444444446,29.104722222222225,680.0
81.52416666666667,29.104722222222225,680.0
81.52388888888889,29.10444444444445,680.0
81.52361111111111,29.10416666666667,679.0
81.52333333333334,29.103888888888893,679.0
81.52305555555556,29.103611111111114,679.0
81.52277777777778,29.10333333333334,686.0
81.52277777777778,29.10305555555556,685.0
81.52277777777778,29.10277777777778,685.0
81.52250000000001,29.102500000000003,684.0
81.52222222222223,29.102222222222228,684.0
81.52222222222223,29.10194444444445,683.0
81.52222222222223,29.10166666666667,683.0
81.52194444444444,29.10138888888889,682.0
81.52194444444444,29.101111111111116,683.0
81.52194444444444,29.100833333333338,683.0
81.52194444444444,29.10055555555556,678.0
81.52194444444444,29.100277777777784,678.0
81.52166666666668,29.100000000000005,678.0
81.5213888888889,29.099722222222226,677.0
81.52111111111111,29.099722222222226,677.0
81.52083333333334,29.099722222222226,677.0
81.52055555555556,29.099444444444448,677.0
81.52027777777778,29.099166666666672,677.0
81.52000000000001,29.098888888888894,677.0
81.51972222222223,29.098611111111115,677.0
81.51944444444445,29.098333333333336,677.0
81.51916666666668,29.09805555555556,677.0
81.51916666666668,29.097777777777782,677.0
81.5188888888889,29.097500000000004,676.0
81.5188888888889,29.097222222222225,676.0
81.51861111111111,29.09694444444445,676.0
81.51833333333333,29.09666666666667,676.0
81.51805555555556,29.096388888888892,676.0
81.51777777777778,29.096111111111114,676.0
81.5175,29.09583333333334,676.0
81.51722222222223,29.09583333333334,676.0
81.51694444444445,29.09555555555556,676.0
81.51666666666667,29.09555555555556,676.0
81.5163888888889,29.09555555555556,675.0
81.51611111111112,29.09555555555556,675.0
81.51583333333333,29.09555555555556,675.0
81.51555555555557,29.09555555555556,675.0
81.51527777777778,29.09555555555556,675.0
81.515,29.09527777777778,675.0
81.51472222222223,29.09527777777778,675.0
81.51444444444445,29.095000000000006,675.0
81.51416666666667,29.094722222222227,675.0
81.5138888888889,29.09444444444445,675.0
81.51361111111112,29.09416666666667,674.0
81.51361111111112,29.093888888888895,674.0
81.51333333333334,29.093611111111116,674.0
81.51305555555555,29.093333333333337,674.0
81.51277777777779,29.09305555555556,674.0
81.5125,29.092777777777783,674.0
81.51222222222222,29.092500000000005,674.0
81.51194444444445,29.092222222222226,674.0
81.51166666666667,29.091944444444447,674.0
81.51138888888889,29.091666666666672,673.0
81.51111111111112,29.091666666666672,673.0
81.51083333333334,29.091388888888893,673.0
81.51055555555556,29.091111111111115,673.0
81.51027777777779,29.091111111111115,673.0
81.51,29.090833333333336,673.0
81.50972222222222,29.090833333333336,673.0
81.50944444444445,29.090833333333336,673.0
81.50916666666667,29.090833333333336,673.0
81.50888888888889,29.09055555555556,673.0
81.50861111111112,29.090277777777782,673.0
81.50833333333334,29.090000000000003,672.0
81.50805555555556,29.090000000000003,672.0
81.50777777777778,29.090000000000003,672.0
81.50750000000001,29.090000000000003,672.0
81.50722222222223,29.090000000000003,672.0
81.50694444444444,29.090277777777782,672.0
81.50666666666667,29.090277777777782,672.0
81.50638888888889,29.090277777777782,672.0
81.50611111111111,29.090277777777782,672.0
81.50583333333334,29.090277777777782,672.0
81.50555555555556,29.090277777777782,672.0
81.50527777777778,29.09055555555556,672.0
81.50500000000001,29.090833333333336,671.0
81.50472222222223,29.090833333333336,671.0
81.50444444444445,29.090833333333336,671.0
81.50416666666668,29.090833333333336,671.0
81.5038888888889,29.090833333333336,671.0
81.50361111111111,29.090833333333336,671.0
81.50333333333334,29.091111111111115,671.0
81.50305555555556,29.091111111111115,671.0
81.50277777777778,29.091111111111115,671.0
81.5025,29.091111111111115,671.0
81.50222222222223,29.091111111111115,671.0
81.50194444444445,29.091111111111115,671.0
81.50166666666667,29.091111111111115,671.0
81.5013888888889,29.091111111111115,671.0
81.50111111111111,29.091111111111115,670.0
81.50083333333333,29.091111111111115,670.0
81.50055555555556,29.091111111111115,670.0
81.50027777777778,29.091111111111115,670.0
81.5,29.091111111111115,670.0
81.49972222222223,29.091111111111115,670.0
81.49944444444445,29.091111111111115,670.0
81.49916666666667,29.090833333333336,670.0
81.4988888888889,29.09055555555556,670.0
81.49861111111112,29.090277777777782,670.0
81.49833333333333,29.090000000000003,669.0
81.49805555555557,29.090000000000003,669.0
81.49777777777778,29.089722222222225,669.0
81.4975,29.08944444444445,669.0
81.49722222222222,29.08916666666667,669.0
81.49694444444445,29.088888888888892,669.0
81.49666666666667,29.088611111111117,669.0
81.49638888888889,29.088611111111117,669.0
81.49611111111112,29.088611111111117,669.0
81.49583333333334,29.08833333333334,669.0
81.49555555555555,29.08833333333334,669.0
81.49527777777779,29.08833333333334,669.0
81.495,29.08833333333334,668.0
81.49472222222222,29.08833333333334,668.0
81.49444444444445,29.08833333333334,668.0
81.49416666666667,29.08833333333334,668.0
81.49388888888889,29.08833333333334,668.0
81.49361111111112,29.08833333333334,668.0
81.49333333333334,29.08833333333334,668.0
81.49305555555556,29.08833333333334,668.0
81.49277777777779,29.08805555555556,668.0
81.4925,29.08805555555556,668.0
81.49222222222222,29.08777777777778,668.0
81.49194444444444,29.08777777777778,668.0
81.49166666666667,29.087500000000006,668.0
81.49138888888889,29.087500000000006,668.0
81.49111111111111,29.087500000000006,668.0
81.49083333333334,29.087500000000006,668.0
81.49055555555556,29.087500000000006,668.0
81.49027777777778,29.087500000000006,668.0
81.49000000000001,29.087500000000006,668.0
81.48972222222223,29.087500000000006,667.0
81.48944444444444,29.087500000000006,667.0
81.48916666666668,29.087222222222227,667.0
81.4888888888889,29.087222222222227,667.0
81.48861111111111,29.08694444444445,667.0
81.48833333333334,29.08666666666667,667.0
81.48805555555556,29.086388888888894,667.0
81.48777777777778,29.086388888888894,667.0
81.48750000000001,29.086388888888894,667.0
81.48722222222223,29.086111111111116,667.0
81.48694444444445,29.085833333333337,667.0
81.48666666666666,29.08555555555556,667.0
81.4863888888889,29.08555555555556,667.0
81.48611111111111,29.085277777777783,667.0
81.48583333333333,29.085000000000004,667.0
81.48555555555556,29.085000000000004,667.0
81.48527777777778,29.084722222222226,667.0
81.485,29.084444444444447,666.0
81.48472222222223,29.084444444444447,666.0
81.48444444444445,29.084444444444447,666.0
81.48416666666667,29.084444444444447,666.0
81.4838888888889,29.084444444444447,666.0
81.48361111111112,29.084166666666672,666.0
81.48333333333333,29.084166666666672,666.0
81.48305555555557,29.084166666666672,666.0
81.48277777777778,29.083888888888893,666.0
81.4825,29.083611111111114,666.0
81.48222222222223,29.083333333333336,666.0
81.48194444444445,29.083333333333336,666.0
81.48166666666667,29.08305555555556,666.0
81.48138888888889,29.08305555555556,666.0
81.48111111111112,29.082777777777782,666.0
81.48083333333334,29.082500000000003,666.0
81.48055555555555,29.082222222222228,666.0
81.48027777777779,29.08194444444445,665.0
81.48,29.08194444444445,665.0
81.47972222222222,29.08194444444445,665.0
81.47944444444445,29.08194444444445,665.0
81.47916666666667,29.08194444444445,665.0
81.47888888888889,29.08194444444445,665.0
81.47861111111112,29.08194444444445,665.0
81.47833333333334,29.08194444444445,665.0
81.47805555555556,29.08166666666667,665.0
81.47777777777779,29.081388888888892,665.0
81.4775,29.081388888888892,665.0
81.47722222222222,29.081388888888892,665.0
81.47694444444444,29.081388888888892,665.0
81.47666666666667,29.081388888888892,665.0
81.47638888888889,29.081388888888892,665.0
81.47611111111111,29.081388888888892,665.0
81.47583333333334,29.081388888888892,665.0
81.47555555555556,29.081388888888892,665.0
81.47527777777778,29.081388888888892,665.0
81.47500000000001,29.081388888888892,665.0
81.47472222222223,29.081388888888892,664.0
81.47444444444444,29.081388888888892,664.0
81.47416666666668,29.081388888888892,664.0
81.4738888888889,29.081388888888892,664.0
81.47361111111111,29.081388888888892,664.0
81.47333333333334,29.081111111111117,664.0
81.47305555555556,29.080833333333338,664.0
81.47277777777778,29.08055555555556,664.0
81.47250000000001,29.08027777777778,664.0
81.47222222222223,29.08027777777778,664.0
81.47194444444445,29.080000000000005,664.0
81.47166666666666,29.079722222222227,664.0
81.4713888888889,29.079722222222227,664.0
81.47111111111111,29.079444444444448,664.0
81.47083333333333,29.079444444444448,664.0
81.47055555555556,29.07916666666667,664.0
81.47027777777778,29.078888888888894,664.0
81.47,29.078611111111115,663.0
81.47,29.078333333333337,663.0
81.46972222222223,29.078055555555558,663.0
81.46944444444445,29.077777777777783,663.0
81.46916666666667,29.077500000000004,663.0
81.46916666666667,29.077222222222225,663.0
81.46916666666667,29.07694444444445,663.0
81.4688888888889,29.07666666666667,663.0
81.4688888888889,29.076388888888893,663.0
81.4688888888889,29.076111111111114,663.0
81.4688888888889,29.07583333333334,663.0
81.4688888888889,29.07555555555556,663.0
81.4688888888889,29.07527777777778,663.0
81.46861111111112,29.075000000000003,663.0
81.46833333333333,29.074722222222228,662.0
81.46833333333333,29.07444444444445,662.0
81.46833333333333,29.07416666666667,662.0
81.46833333333333,29.07388888888889,662.0
81.46805555555557,29.073611111111116,662.0
81.46805555555557,29.073333333333338,662.0
81.46805555555557,29.07305555555556,662.0
81.46805555555557,29.07277777777778,662.0
81.46805555555557,29.072500000000005,662.0
81.46805555555557,29.072222222222226,662.0
81.46805555555557,29.071944444444448,662.0
81.46805555555557,29.071666666666673,662.0
81.46805555555557,29.071388888888894,662.0
81.46805555555557,29.071111111111115,662.0
81.46805555555557,29.070833333333336,662.0
81.46805555555557,29.07055555555556,662.0
81.46805555555557,29.070277777777783,662.0
81.46805555555557,29.070000000000004,661.0
81.46805555555557,29.069722222222225,661.0
81.46805555555557,29.06944444444445,661.0
81.46805555555557,29.06916666666667,661.0
81.46805555555557,29.068888888888893,661.0
81.46777777777778,29.068611111111114,661.0
81.4675,29.06833333333334,661.0
81.46722222222223,29.06805555555556,661.0
81.46694444444445,29.06777777777778,661.0
81.46666666666667,29.067500000000003,661.0
81.46638888888889,29.067222222222227,661.0
81.46611111111112,29.06694444444445,661.0
81.46583333333334,29.06666666666667,661.0
81.46555555555555,29.066388888888895,661.0
81.46527777777779,29.066111111111116,661.0
81.465,29.065833333333337,660.0
81.46472222222222,29.065833333333337,660.0
81.46444444444445,29.065833333333337,660.0
81.46416666666667,29.065833333333337,660.0
81.46388888888889,29.065833333333337,660.0
81.46361111111112,29.065833333333337,660.0
81.46333333333334,29.065833333333337,660.0
81.46305555555556,29.065833333333337,660.0
81.46277777777779,29.065833333333337,660.0
81.4625,29.065833333333337,660.0
81.46222222222222,29.065833333333337,660.0
81.46194444444446,29.065833333333337,660.0
81.46166666666667,29.065833333333337,660.0
81.46138888888889,29.065833333333337,660.0
81.46111111111111,29.065833333333337,660.0
81.46083333333334,29.065833333333337,660.0
81.46055555555556,29.06555555555556,660.0
81.46027777777778,29.065277777777784,660.0
81.46000000000001,29.065000000000005,660.0
81.45972222222223,29.064722222222226,659.0
81.45944444444444,29.064722222222226,659.0
81.45916666666668,29.064722222222226,659.0
81.4588888888889,29.064722222222226,659.0
81.45861111111111,29.064722222222226,659.0
81.45833333333334,29.064722222222226,659.0
81.45805555555556,29.064444444444447,659.0
81.45777777777778,29.064166666666672,659.0
81.45750000000001,29.063888888888894,659.0
81.45722222222223,29.063611111111115,659.0
81.45694444444445,29.063333333333336,659.0
81.45666666666668,29.06305555555556,659.0
81.4563888888889,29.062777777777782,659.0
81.45611111111111,29.062500000000004,659.0
81.45583333333333,29.062222222222225,659.0
81.45555555555556,29.06194444444445,658.0
81.45527777777778,29.06194444444445,658.0
81.455,29.06194444444445,658.0
81.45472222222223,29.06166666666667,658.0
81.45444444444445,29.061388888888892,658.0
81.45416666666667,29.061111111111117,658.0
81.4538888888889,29.06083333333334,658.0
81.45361111111112,29.06055555555556,658.0
81.45333333333333,29.06027777777778,658.0
81.45305555555557,29.060000000000006,658.0
81.45277777777778,29.059722222222227,658.0
81.4525,29.059722222222227,658.0
81.45222222222223,29.05944444444445,658.0
81.45194444444445,29.05916666666667,658.0
81.45166666666667,29.058888888888895,658.0
81.4513888888889,29.058611111111116,657.0
81.45111111111112,29.058611111111116,657.0
81.45083333333334,29.058611111111116,657.0
81.45055555555555,29.058611111111116,657.0
81.45027777777779,29.058333333333337,657.0
81.45,29.05805555555556,657.0
81.44972222222222,29.057777777777783,657.0
81.44944444444445,29.057500000000005,657.0
81.44916666666667,29.057222222222226,657.0
81.44888888888889,29.056944444444447,657.0
81.44861111111112,29.056666666666672,657.0
81.44833333333334,29.056388888888893,657.0
81.44805555555556,29.056111111111115,657.0
81.44777777777779,29.055833333333336,657.0
81.4475,29.05555555555556,657.0
81.44722222222222,29.055277777777782,656.0
81.44694444444445,29.055277777777782,656.0
81.44666666666667,29.055277777777782,656.0
81.44638888888889,29.055000000000003,656.0
81.44611111111112,29.054722222222228,656.0
81.44583333333334,29.05444444444445,656.0
81.44555555555556,29.05416666666667,656.0
81.44527777777778,29.053888888888892,656.0
81.44500000000001,29.053611111111117,656.0
81.44472222222223,29.053333333333338,656.0
81.44444444444444,29.05305555555556,656.0
81.44416666666667,29.05277777777778,656.0
81.44388888888889,29.052500000000006,656.0
81.44361111111111,29.052222222222227,655.0
81.44333333333334,29.051944444444448,655.0
81.44305555555556,29.05166666666667,655.0
81.44277777777778,29.051388888888894,655.0
81.44250000000001,29.051111111111116,655.0
81.44222222222223,29.050833333333337,655.0
81.44194444444445,29.050555555555558,655.0
81.44166666666668,29.050277777777783,655.0
81.4413888888889,29.050000000000004,655.0
81.44111111111111,29.049722222222226,655.0
81.44083333333334,29.049444444444447,655.0
81.44083333333334,29.04916666666667,655.0
81.44055555555556,29.048888888888893,655.0
81.44027777777778,29.048611111111114,655.0
81.44,29.04833333333334,654.0
81.44,29.04805555555556,654.0
81.44,29.04777777777778,654.0
81.44,29.047500000000003,654.0
81.43972222222223,29.047222222222228,654.0
81.43972222222223,29.04694444444445,654.0
81.43972222222223,29.04666666666667,654.0
81.43972222222223,29.04638888888889,654.0
81.43972222222223,29.046111111111117,654.0
81.43972222222223,29.045833333333338,654.0
81.43972222222223,29.04555555555556,654.0
81.43972222222223,29.04527777777778,654.0
81.43972222222223,29.045000000000005,654.0
81.43972222222223,29.044722222222227,654.0
81.43972222222223,29.044444444444448,654.0
81.43972222222223,29.04416666666667,654.0
81.43972222222223,29.043888888888894,654.0
81.43944444444445,29.043611111111115,653.0
81.43944444444445,29.043333333333337,653.0
81.43944444444445,29.04305555555556,653.0
81.43944444444445,29.042777777777783,653.0
81.43944444444445,29.042500000000004,653.0
81.43944444444445,29.042222222222225,653.0
81.43944444444445,29.04194444444445,653.0
81.43944444444445,29.04166666666667,653.0
81.43944444444445,29.041388888888893,653.0
81.43916666666667,29.041111111111114,653.0
81.4388888888889,29.04083333333334,653.0
81.43861111111111,29.04055555555556,653.0
81.43833333333333,29.04027777777778,653.0
81.43805555555556,29.040000000000003,653.0
81.43777777777778,29.039722222222228,652.0
81.4375,29.03944444444445,652.0
81.43722222222223,29.03944444444445,652.0
81.43694444444445,29.03944444444445,652.0
81.43666666666667,29.03944444444445,652.0
81.4363888888889,29.03916666666667,652.0
81.43611111111112,29.03916666666667,652.0
81.43583333333333,29.03888888888889,652.0
81.43555555555557,29.038611111111116,652.0
81.43527777777778,29.038333333333338,652.0
81.435,29.03805555555556,652.0
81.43472222222222,29.037777777777784,652.0
81.43444444444445,29.037500000000005,652.0
81.43416666666667,29.037222222222226,652.0
81.43388888888889,29.036944444444448,652.0
81.43361111111112,29.036666666666672,652.0
81.43333333333334,29.036388888888894,651.0
81.43305555555555,29.036111111111115,651.0
81.43277777777779,29.035833333333336,651.0
81.43277777777779,29.03555555555556,651.0
81.43277777777779,29.035277777777782,651.0
81.43277777777779,29.035000000000004,651.0
81.43277777777779,29.034722222222225,651.0
81.43277777777779,29.03444444444445,651.0
81.4325,29.03416666666667,651.0
81.4325,29.033888888888892,651.0
81.43222222222222,29.033611111111114,651.0
81.43222222222222,29.03333333333334,651.0
81.43194444444445,29.03305555555556,651.0
81.43166666666667,29.03277777777778,651.0
81.43138888888889,29.032500000000006,650.0
81.43138888888889,29.032222222222227,650.0
81.43138888888889,29.03194444444445,650.0
81.43138888888889,29.03166666666667,650.0
81.43138888888889,29.031388888888895,650.0
81.43138888888889,29.031111111111116,650.0
81.43111111111112,29.030833333333337,650.0
81.43083333333334,29.03055555555556,650.0
81.43055555555556,29.030277777777783,650.0
81.43027777777779,29.030000000000005,650.0
81.43,29.029722222222226,650.0
81.42972222222222,29.029444444444447,650.0
81.42944444444444,29.029166666666672,650.0
81.42916666666667,29.028888888888893,650.0
81.42888888888889,29.028611111111115,650.0
81.42861111111111,29.028333333333336,649.0
81.42861111111111,29.02805555555556,649.0
81.42861111111111,29.027777777777782,649.0
81.42861111111111,29.027500000000003,649.0
81.42861111111111,29.027222222222225,649.0
81.42833333333334,29.02694444444445,649.0
81.42805555555556,29.02666666666667,649.0
81.42777777777778,29.026388888888892,649.0
81.42750000000001,29.026111111111117,649.0
81.42722222222223,29.02583333333334,649.0
81.42694444444444,29.02555555555556,649.0
81.42666666666668,29.02527777777778,649.0
81.4263888888889,29.025000000000006,649.0
81.42611111111111,29.024722222222227,649.0
81.42583333333334,29.02444444444445,649.0
81.42555555555556,29.02416666666667,648.0
81.42527777777778,29.023888888888894,648.0
81.42500000000001,29.023611111111116,648.0
81.42472222222223,29.023333333333337,648.0
81.42444444444445,29.023333333333337,648.0
81.42416666666666,29.02305555555556,648.0
81.4238888888889,29.02305555555556,648.0
81.42361111111111,29.02305555555556,648.0
81.42333333333333,29.02305555555556,648.0
81.42305555555556,29.02305555555556,648.0
81.42277777777778,29.02305555555556,648.0
81.4225,29.02305555555556,648.0
81.42222222222223,29.02305555555556,648.0
81.42194444444445,29.02305555555556,648.0
81.42166666666667,29.02305555555556,648.0
81.4213888888889,29.02305555555556,648.0
81.42111111111112,29.02305555555556,648.0
81.42083333333333,29.02305555555556,647.0
81.42055555555557,29.02305555555556,647.0
81.42027777777778,29.02305555555556,647.0
81.42,29.022777777777783,647.0
81.41972222222223,29.022500000000004,647.0
81.41944444444445,29.022222222222226,647.0
81.41916666666667,29.021944444444447,647.0
81.41888888888889,29.021666666666672,647.0
81.41861111111112,29.021388888888893,647.0
81.41861111111112,29.021111111111114,647.0
81.41888888888889,29.020833333333336,647.0
81.41916666666667,29.02055555555556,645.0
81.41888888888889,29.020277777777782,645.0
81.41888888888889,29.020000000000003,645.0
81.41861111111112,29.019722222222228,645.0
81.41833333333334,29.01944444444445,645.0
81.41833333333334,29.01916666666667,645.0
81.41833333333334,29.018888888888892,645.0
81.41833333333334,29.018611111111117,645.0
81.41833333333334,29.018333333333338,645.0
81.41833333333334,29.01805555555556,645.0
81.41805555555555,29.01777777777778,645.0
81.41805555555555,29.017500000000005,645.0
81.41805555555555,29.017222222222227,645.0
81.41777777777779,29.016944444444448,645.0
81.4175,29.01666666666667,645.0
81.41722222222222,29.016388888888894,645.0
81.41694444444445,29.016111111111115,645.0
81.41694444444445,29.015833333333337,645.0
81.41666666666667,29.015555555555558,645.0
81.41638888888889,29.015277777777783,645.0
81.41638888888889,29.015000000000004,645.0
81.41638888888889,29.014722222222225,645.0
81.41638888888889,29.01444444444445,645.0
81.41638888888889,29.01416666666667,645.0
81.41638888888889,29.013888888888893,645.0
81.41666666666667,29.013611111111114,645.0
81.41694444444445,29.01333333333334,644.0
81.41694444444445,29.01305555555556,644.0
81.41694444444445,29.01277777777778,644.0
81.41694444444445,29.012500000000003,644.0
81.41694444444445,29.012222222222228,644.0
81.41694444444445,29.01194444444445,644.0
81.41694444444445,29.01166666666667,644.0
81.41722222222222,29.01138888888889,644.0
81.4175,29.011111111111116,644.0
81.41777777777779,29.010833333333338,644.0
81.41805555555555,29.01055555555556,644.0
81.41833333333334,29.01027777777778,644.0
81.41861111111112,29.010000000000005,644.0
81.41888888888889,29.009722222222226,644.0
81.41916666666667,29.009444444444448,644.0
81.41944444444445,29.009166666666673,643.0
81.41944444444445,29.008888888888894,643.0
81.41944444444445,29.008611111111115,643.0
81.41916666666667,29.008333333333336,643.0
81.41916666666667,29.00805555555556,643.0
81.41916666666667,29.007777777777783,643.0
81.41916666666667,29.007500000000004,643.0
81.41916666666667,29.007222222222225,643.0
81.41916666666667,29.00694444444445,643.0
81.41916666666667,29.00666666666667,643.0
81.41916666666667,29.006388888888893,643.0
81.41916666666667,29.006111111111114,643.0
81.41916666666667,29.00583333333334,643.0
81.41916666666667,29.00555555555556,643.0
81.41916666666667,29.00527777777778,643.0
81.41916666666667,29.005000000000003,643.0
81.41916666666667,29.004722222222227,643.0
81.41916666666667,29.00444444444445,643.0
81.41916666666667,29.00416666666667,643.0
81.41916666666667,29.003888888888895,643.0
81.41916666666667,29.003611111111116,642.0
81.41916666666667,29.003333333333337,642.0
81.41916666666667,29.00305555555556,642.0
81.41888888888889,29.002777777777784,642.0
81.41861111111112,29.002500000000005,642.0
81.41833333333334,29.002222222222226,642.0
81.41805555555555,29.001944444444447,642.0
81.41777777777779,29.001666666666672,642.0
81.4175,29.001388888888894,642.0
81.41722222222222,29.001111111111115,642.0
81.41694444444445,29.000833333333336,642.0
81.41666666666667,29.00055555555556,642.0
81.41638888888889,29.000277777777782,642.0
81.41611111111112,29.000000000000004,642.0
81.41583333333334,28.999722222222225,642.0
81.41555555555556,28.99944444444445,641.0
81.41527777777779,28.99944444444445,641.0
81.415,28.99944444444445,641.0
81.41472222222222,28.99944444444445,641.0
81.41444444444444,28.99916666666667,641.0
81.41416666666667,28.998888888888892,641.0
81.41388888888889,28.998611111111117,641.0
81.41361111111111,28.998611111111117,641.0
81.41333333333334,28.998611111111117,641.0
81.41305555555556,28.99833333333334,641.0
81.41277777777778,28.99805555555556,641.0
81.41250000000001,28.99777777777778,641.0
81.41222222222223,28.997500000000006,641.0
81.41194444444444,28.997222222222227,641.0
81.41166666666668,28.99694444444445,640.0
81.4113888888889,28.99666666666667,640.0
81.4113888888889,28.996388888888895,640.0
81.4113888888889,28.996111111111116,640.0
81.41166666666668,28.995833333333337,640.0
81.41194444444444,28.995833333333337,640.0
81.41222222222223,28.995833333333337,640.0
81.41250000000001,28.995833333333337,640.0
81.41277777777778,28.995833333333337,640.0
81.41305555555556,28.99555555555556,640.0
81.41333333333334,28.995277777777783,640.0
81.41361111111111,28.995000000000005,640.0
81.41388888888889,28.994722222222226,640.0
81.41416666666667,28.994444444444447,640.0
81.41444444444444,28.994166666666672,640.0
81.41472222222222,28.993888888888893,640.0
81.415,28.993611111111115,640.0
81.41527777777779,28.993333333333336,640.0
81.41555555555556,28.99305555555556,640.0
81.41583333333334,28.992777777777782,640.0
81.41611111111112,28.992500000000003,639.0
81.41611111111112,28.992222222222228,639.0
81.41611111111112,28.99194444444445,639.0
81.41611111111112,28.99166666666667,639.0
81.41638888888889,28.991388888888892,639.0
81.41666666666667,28.991111111111117,639.0
81.41694444444445,28.990833333333338,639.0
81.41722222222222,28.99055555555556,639.0
81.4175,28.99027777777778,639.0
81.41777777777779,28.990000000000006,639.0
81.41805555555555,28.989722222222227,639.0
81.41833333333334,28.989444444444448,639.0
81.41861111111112,28.98916666666667,639.0
81.41861111111112,28.988888888888894,639.0
81.41888888888889,28.988611111111116,639.0
81.41916666666667,28.988333333333337,639.0
81.41944444444445,28.988055555555558,639.0
81.41944444444445,28.987777777777783,639.0
81.41972222222223,28.987500000000004,639.0
81.41972222222223,28.987222222222226,639.0
81.41972222222223,28.986944444444447,639.0
81.42,28.98666666666667,639.0
81.42027777777778,28.986388888888893,639.0
81.42055555555557,28.986111111111114,639.0
81.42083333333333,28.98583333333334,639.0
81.42111111111112,28.98555555555556,639.0
81.4213888888889,28.98527777777778,639.0
81.42166666666667,28.985000000000003,639.0
81.42194444444445,28.984722222222228,639.0
81.42222222222223,28.98444444444445,639.0
81.4225,28.98416666666667,639.0
81.42277777777778,28.98388888888889,638.0
81.42277777777778,28.983611111111117,638.0
81.42277777777778,28.983333333333338,638.0
81.42277777777778,28.98305555555556,638.0
81.42277777777778,28.98277777777778,638.0
81.42277777777778,28.982500000000005,638.0
81.42277777777778,28.982222222222227,638.0
81.42277777777778,28.981944444444448,638.0
81.42305555555556,28.98166666666667,638.0
81.42333333333333,28.981388888888894,638.0
81.42361111111111,28.981111111111115,638.0
81.4238888888889,28.980833333333337,638.0
81.42416666666666,28.98055555555556,638.0
81.42444444444445,28.980277777777783,638.0
81.42444444444445,28.980000000000004,638.0
81.42472222222223,28.979722222222225,638.0
81.42500000000001,28.97944444444445,638.0
81.42500000000001,28.97916666666667,638.0
81.42500000000001,28.978888888888893,638.0
81.42500000000001,28.978611111111114,638.0
81.42500000000001,28.97833333333334,638.0
81.42500000000001,28.97805555555556,638.0
81.42500000000001,28.97777777777778,638.0
81.42500000000001,28.977500000000003,638.0
81.42500000000001,28.977222222222228,638.0
81.42500000000001,28.97694444444445,638.0
81.42500000000001,28.97666666666667,638.0
81.42500000000001,28.97638888888889,638.0
81.42500000000001,28.976111111111116,638.0
81.42500000000001,28.975833333333338,637.0
81.42472222222223,28.975833333333338,637.0
81.42444444444445,28.975833333333338,637.0
81.42416666666666,28.975833333333338,637.0
81.4238888888889,28.97555555555556,637.0
81.42361111111111,28.975277777777784,637.0
81.42333333333333,28.975000000000005,637.0
81.42305555555556,28.974722222222226,637.0
81.42277777777778,28.974444444444448,637.0
81.4225,28.974166666666672,637.0
81.4225,28.973888888888894,637.0
81.42222222222223,28.973611111111115,637.0
81.42194444444445,28.973333333333336,637.0
81.42166666666667,28.97305555555556,636.0
81.42166666666667,28.972777777777782,636.0
81.42166666666667,28.972500000000004,636.0
81.42166666666667,28.972222222222225,636.0
81.42166666666667,28.97194444444445,636.0
81.42166666666667,28.97166666666667,636.0
81.42166666666667,28.971388888888892,636.0
81.4213888888889,28.971111111111114,636.0
81.4213888888889,28.97083333333334,636.0
81.4213888888889,28.97055555555556,636.0
81.4213888888889,28.97027777777778,636.0
81.4213888888889,28.970000000000006,636.0
81.42166666666667,28.969722222222227,636.0
81.42194444444445,28.96944444444445,636.0
81.42222222222223,28.96916666666667,636.0
81.4225,28.968888888888895,635.0
81.4225,28.968611111111116,635.0
81.4225,28.968333333333337,635.0
81.4225,28.96805555555556,635.0
81.42277777777778,28.967777777777783,635.0
81.42305555555556,28.967500000000005,635.0
81.42333333333333,28.967222222222226,635.0
81.42361111111111,28.966944444444447,635.0
81.4238888888889,28.966666666666672,635.0
81.42416666666666,28.966388888888893,635.0
81.42444444444445,28.966111111111115,635.0
81.42472222222223,28.965833333333336,634.0
81.42500000000001,28.965833333333336,634.0
81.42527777777778,28.965833333333336,634.0
81.42555555555556,28.965833333333336,634.0
81.42583333333334,28.965833333333336,634.0
81.42611111111111,28.965833333333336,634.0
81.4263888888889,28.965833333333336,634.0
81.42666666666668,28.965833333333336,634.0
81.42694444444444,28.96555555555556,634.0
81.42722222222223,28.965277777777782,634.0
81.42750000000001,28.965000000000003,634.0
81.42777777777778,28.964722222222225,634.0
81.42805555555556,28.96444444444445,634.0
81.42833333333334,28.96416666666667,633.0
81.42833333333334,28.963888888888892,633.0
81.42833333333334,28.963611111111117,633.0
81.42833333333334,28.96333333333334,633.0
81.42833333333334,28.96305555555556,633.0
81.42833333333334,28.96277777777778,633.0
81.42833333333334,28.962500000000006,633.0
81.42861111111111,28.962222222222227,633.0
81.42888888888889,28.96194444444445,633.0
81.42916666666667,28.96166666666667,633.0
81.42944444444444,28.961388888888894,633.0
81.42972222222222,28.961111111111116,633.0
81.43,28.960833333333337,632.0
81.43,28.96055555555556,632.0
81.43,28.960277777777783,632.0
81.43,28.960000000000004,632.0
81.43,28.959722222222226,632.0
81.43,28.959444444444447,632.0
81.43027777777779,28.959166666666672,632.0
81.43055555555556,28.958888888888893,632.0
81.43083333333334,28.958611111111114,632.0
81.43111111111112,28.958333333333336,632.0
81.43138888888889,28.95805555555556,632.0
81.43166666666667,28.957777777777782,632.0
81.43194444444445,28.957500000000003,631.0
81.43222222222222,28.957500000000003,631.0
81.4325,28.957500000000003,631.0
81.43277777777779,28.957500000000003,631.0
81.43305555555555,28.957500000000003,631.0
81.43333333333334,28.957500000000003,631.0
81.43361111111112,28.957500000000003,631.0
81.43388888888889,28.957222222222228,631.0
81.43416666666667,28.957222222222228,631.0
81.43444444444445,28.957222222222228,631.0
81.43472222222222,28.957222222222228,631.0
81.435,28.95694444444445,631.0
81.43527777777778,28.95666666666667,631.0
81.43555555555557,28.956388888888892,630.0
81.43583333333333,28.956388888888892,630.0
81.43611111111112,28.956388888888892,630.0
81.4363888888889,28.956388888888892,630.0
81.43666666666667,28.956388888888892,630.0
81.43694444444445,28.95666666666667,630.0
81.43722222222223,28.95666666666667,630.0
81.4375,28.95666666666667,630.0
81.43777777777778,28.95694444444445,630.0
81.43805555555556,28.95694444444445,630.0
81.43833333333333,28.95694444444445,630.0
81.43861111111111,28.957222222222228,630.0
81.4388888888889,28.957500000000003,630.0
81.43916666666667,28.957777777777782,630.0
81.43944444444445,28.95805555555556,630.0
81.43972222222223,28.958333333333336,629.0
81.44,28.958611111111114,629.0
81.44027777777778,28.958888888888893,629.0
81.44055555555556,28.959166666666672,629.0
81.44083333333334,28.959166666666672,629.0
81.44111111111111,28.959444444444447,629.0
81.4413888888889,28.959444444444447,629.0
81.44166666666668,28.959444444444447,629.0
81.44194444444445,28.959722222222226,629.0
81.44222222222223,28.959722222222226,630.0
81.44250000000001,28.959722222222226,630.0
81.44277777777778,28.959722222222226,630.0
81.44305555555556,28.959722222222226,629.0
81.44333333333334,28.959722222222226,627.0
81.44361111111111,28.959444444444447,630.0
81.44388888888889,28.959166666666672,630.0
81.44388888888889,28.958888888888893,628.0
81.44388888888889,28.958611111111114,630.0
81.44388888888889,28.958333333333336,630.0
81.44388888888889,28.95805555555556,629.0
81.44416666666667,28.957777777777782,629.0
81.44416666666667,28.957500000000003,629.0
81.44416666666667,28.957222222222228,629.0
81.44416666666667,28.95694444444445,629.0
81.44416666666667,28.95666666666667,629.0
81.44416666666667,28.956388888888892,629.0
81.44416666666667,28.956111111111117,629.0
81.44416666666667,28.955833333333338,629.0
81.44416666666667,28.95555555555556,629.0
81.44416666666667,28.95527777777778,629.0
81.44416666666667,28.955000000000005,629.0
81.44416666666667,28.954722222222227,629.0
81.44416666666667,28.954444444444448,629.0
81.44444444444444,28.95416666666667,628.0
81.44444444444444,28.953888888888894,628.0
81.44444444444444,28.953611111111115,628.0
81.44444444444444,28.953333333333337,628.0
81.44444444444444,28.953055555555558,628.0
81.44444444444444,28.952777777777783,628.0
81.44444444444444,28.952500000000004,628.0
81.44472222222223,28.952222222222225,628.0
81.44472222222223,28.95194444444445,628.0
81.44472222222223,28.95166666666667,628.0
81.44472222222223,28.951388888888893,628.0
81.44472222222223,28.951111111111114,628.0
81.44472222222223,28.95083333333334,628.0
81.44472222222223,28.95055555555556,628.0
81.44472222222223,28.95027777777778,627.0
81.44472222222223,28.950000000000003,627.0
81.44472222222223,28.949722222222228,627.0
81.44472222222223,28.94944444444445,627.0
81.44472222222223,28.94916666666667,627.0
81.44472222222223,28.94888888888889,627.0
81.44500000000001,28.948611111111116,627.0
81.44500000000001,28.948333333333338,627.0
81.44527777777778,28.94805555555556,627.0
81.44527777777778,28.94777777777778,627.0
81.44527777777778,28.947500000000005,627.0
81.44527777777778,28.947222222222226,627.0
81.44527777777778,28.946944444444448,627.0
81.44527777777778,28.946666666666673,627.0
81.44527777777778,28.946388888888894,627.0
81.44527777777778,28.946111111111115,627.0
81.44527777777778,28.945833333333336,627.0
81.44500000000001,28.94555555555556,627.0
81.44472222222223,28.945277777777783,627.0
81.44472222222223,28.945000000000004,627.0
81.44472222222223,28.944722222222225,627.0
81.44472222222223,28.94444444444445,627.0
81.44472222222223,28.94416666666667,627.0
81.44472222222223,28.943888888888893,627.0
81.44472222222223,28.943611111111114,627.0
81.44472222222223,28.94333333333334,627.0
81.44472222222223,28.94305555555556,627.0
81.44472222222223,28.94277777777778,627.0
81.44444444444444,28.942500000000003,627.0
81.44444444444444,28.942222222222227,627.0
81.44444444444444,28.94194444444445,627.0
81.44416666666667,28.94166666666667,627.0
81.44444444444444,28.941388888888895,627.0
81.44472222222223,28.941111111111116,626.0
81.44472222222223,28.940833333333337,626.0
81.44500000000001,28.94055555555556,626.0
81.44527777777778,28.940277777777784,625.0
81.44555555555556,28.940277777777784,625.0
81.44583333333334,28.940277777777784,625.0
81.44611111111112,28.940277777777784,625.0
81.44638888888889,28.940277777777784,625.0
81.44666666666667,28.940277777777784,624.0
81.44694444444445,28.940277777777784,624.0
81.44722222222222,28.940277777777784,624.0
81.4475,28.940277777777784,624.0
81.44777777777779,28.940277777777784,624.0
81.44805555555556,28.940277777777784,624.0
81.44833333333334,28.94055555555556,623.0
81.44861111111112,28.940833333333337,623.0
81.44888888888889,28.941111111111116,623.0
81.44916666666667,28.941388888888895,622.0
81.44944444444445,28.941388888888895,622.0
81.44972222222222,28.941111111111116,622.0
81.45,28.940833333333337,622.0
81.45027777777779,28.94055555555556,621.0
81.45055555555555,28.940277777777784,621.0
81.45083333333334,28.940000000000005,621.0
81.45111111111112,28.939722222222226,620.0
81.45111111111112,28.939444444444447,620.0
81.45111111111112,28.939166666666672,620.0
81.45111111111112,28.938888888888894,620.0
81.45111111111112,28.938611111111115,620.0
81.4513888888889,28.938333333333336,619.0
81.45166666666667,28.93805555555556,619.0
81.45194444444445,28.937777777777782,619.0
81.45222222222223,28.937500000000004,619.0
81.4525,28.937222222222225,619.0
81.45277777777778,28.93694444444445,619.0
81.45305555555557,28.93666666666667,619.0
81.45333333333333,28.936388888888892,619.0
81.45361111111112,28.936111111111117,619.0
81.4538888888889,28.93583333333334,619.0
81.45416666666667,28.93555555555556,619.0
81.45444444444445,28.93527777777778,619.0
81.45472222222223,28.935000000000006,619.0
81.455,28.934722222222227,618.0
81.455,28.93444444444445,618.0
81.455,28.93416666666667,618.0
81.455,28.933888888888895,618.0
81.45527777777778,28.933611111111116,618.0
81.45527777777778,28.933333333333337,618.0
81.45527777777778,28.93305555555556,618.0
81.45527777777778,28.932777777777783,618.0
81.45527777777778,28.932500000000005,618.0
81.45527777777778,28.932222222222226,618.0
81.45527777777778,28.931944444444447,618.0
81.45527777777778,28.931666666666672,618.0
81.45555555555556,28.931388888888893,618.0
81.45583333333333,28.931111111111115,618.0
81.45611111111111,28.930833333333336,618.0
81.4563888888889,28.930833333333336,618.0
81.45666666666668,28.93055555555556,618.0
81.45694444444445,28.93055555555556,618.0
81.45722222222223,28.93055555555556,618.0
81.45750000000001,28.93055555555556,618.0
81.45777777777778,28.93055555555556,617.0
81.45805555555556,28.93055555555556,617.0
81.45833333333334,28.93055555555556,617.0
81.45861111111111,28.93055555555556,617.0
81.4588888888889,28.93055555555556,617.0
81.45916666666668,28.93055555555556,617.0
81.45944444444444,28.93055555555556,617.0
81.45972222222223,28.93055555555556,617.0
81.46000000000001,28.93055555555556,617.0
81.46027777777778,28.93055555555556,617.0
81.46055555555556,28.93055555555556,617.0
81.46083333333334,28.930277777777782,617.0
81.46111111111111,28.930000000000003,617.0
81.46138888888889,28.929722222222228,617.0
81.46166666666667,28.92944444444445,617.0
81.46194444444446,28.92944444444445,617.0
81.46222222222222,28.92944444444445,617.0
81.4625,28.92944444444445,617.0
81.46277777777779,28.92916666666667,617.0
81.46305555555556,28.92916666666667,617.0
81.46333333333334,28.92916666666667,617.0
81.46361111111112,28.92916666666667,617.0
81.46388888888889,28.92916666666667,616.0
81.46416666666667,28.92916666666667,616.0
81.46444444444445,28.92916666666667,616.0
81.46472222222222,28.92916666666667,616.0
81.465,28.92916666666667,616.0
81.46527777777779,28.92916666666667,616.0
81.46555555555555,28.92916666666667,616.0
81.46583333333334,28.92916666666667,616.0
81.46611111111112,28.928888888888892,616.0
81.46638888888889,28.928611111111117,616.0
81.46666666666667,28.928333333333338,616.0
81.46694444444445,28.92805555555556,616.0
81.46694444444445,28.92777777777778,616.0
81.46722222222223,28.927500000000006,616.0
81.46722222222223,28.927222222222227,616.0
81.4675,28.926944444444448,616.0
81.4675,28.92666666666667,616.0
81.4675,28.926388888888894,616.0
81.46777777777778,28.926111111111116,616.0
81.46805555555557,28.925833333333337,616.0
81.46833333333333,28.925555555555558,615.0
81.46833333333333,28.925277777777783,615.0
81.46861111111112,28.925000000000004,615.0
81.4688888888889,28.924722222222226,615.0
81.4688888888889,28.924444444444447,615.0
81.46916666666667,28.92416666666667,615.0
81.46944444444445,28.923888888888893,615.0
81.46972222222223,28.923611111111114,615.0
81.47,28.92333333333334,615.0
81.47027777777778,28.92305555555556,615.0
81.47055555555556,28.92277777777778,615.0
81.47055555555556,28.922500000000003,615.0
81.47083333333333,28.922222222222228,615.0
81.47083333333333,28.92194444444445,615.0
81.47083333333333,28.92166666666667,615.0
81.47083333333333,28.92138888888889,615.0
81.47083333333333,28.921111111111117,615.0
81.47111111111111,28.920833333333338,615.0
81.4713888888889,28.92055555555556,615.0
81.47166666666666,28.92027777777778,614.0
81.47166666666666,28.920000000000005,614.0
81.47194444444445,28.919722222222227,614.0
81.47194444444445,28.919444444444448,614.0
81.47194444444445,28.91916666666667,614.0
81.47222222222223,28.918888888888894,614.0
81.47222222222223,28.918611111111115,617.0
81.47250000000001,28.918333333333337,616.0
81.47277777777778,28.91805555555556,614.0
81.47277777777778,28.917777777777783,616.0
81.47305555555556,28.917500000000004,614.0
81.47305555555556,28.917222222222225,614.0
81.47333333333334,28.91694444444445,614.0
81.47361111111111,28.91666666666667,614.0
81.4738888888889,28.916388888888893,614.0
81.4738888888889,28.916111111111114,613.0
81.47416666666668,28.91583333333334,613.0
81.47444444444444,28.91555555555556,613.0
81.47472222222223,28.91527777777778,613.0
81.47472222222223,28.915000000000003,613.0
81.47500000000001,28.914722222222228,613.0
81.47527777777778,28.91444444444445,613.0
81.47527777777778,28.91416666666667,613.0
81.47555555555556,28.91388888888889,613.0
81.47583333333334,28.913611111111116,613.0
81.47611111111111,28.913333333333338,613.0
81.47638888888889,28.91305555555556,613.0
81.47666666666667,28.912777777777784,612.0
81.47694444444444,28.912500000000005,612.0
81.47722222222222,28.912222222222226,612.0
81.4775,28.911944444444448,612.0
81.47777777777779,28.911666666666672,612.0
81.47805555555556,28.911388888888894,612.0
81.47833333333334,28.911111111111115,612.0
81.47861111111112,28.910833333333336,617.0
81.47888888888889,28.91055555555556,616.0
81.47916666666667,28.910277777777782,614.0
81.47944444444445,28.910000000000004,611.0
81.47972222222222,28.909722222222225,611.0
81.48,28.90944444444445,613.0
81.48,28.90916666666667,616.0
81.48027777777779,28.908888888888892,614.0
81.48027777777779,28.908611111111114,614.0
81.48027777777779,28.90833333333334,614.0
81.48027777777779,28.90805555555556,614.0
81.48027777777779,28.90777777777778,614.0
81.48055555555555,28.907500000000006,613.0
81.48083333333334,28.907222222222227,613.0
81.48111111111112,28.90694444444445,613.0
81.48138888888889,28.90666666666667,617.0
81.48138888888889,28.906388888888895,616.0
81.48166666666667,28.906111111111116,609.0
81.48166666666667,28.905833333333337,606.0
81.48166666666667,28.90555555555556,608.0
81.48194444444445,28.905277777777783,609.0
81.48194444444445,28.905000000000005,612.0
81.48222222222223,28.904722222222226,610.0
81.48222222222223,28.904444444444447,614.0
81.4825,28.904166666666672,612.0
81.48277777777778,28.903888888888893,609.0
81.48277777777778,28.903611111111115,613.0
81.48305555555557,28.903333333333336,612.0
81.48333333333333,28.90305555555556,612.0
81.48333333333333,28.902777777777782,613.0
81.48333333333333,28.902500000000003,613.0
81.48361111111112,28.902222222222225,611.0
81.4838888888889,28.90194444444445,613.0
81.48416666666667,28.90166666666667,612.0
81.48444444444445,28.901388888888892,611.0
81.48472222222223,28.901111111111117,611.0
81.485,28.90083333333334,611.0
81.48527777777778,28.90055555555556,607.0
81.48555555555556,28.90027777777778,608.0
81.48583333333333,28.900000000000006,610.0
81.48611111111111,28.899722222222227,610.0
81.4863888888889,28.89944444444445,610.0
81.48666666666666,28.89916666666667,608.0
81.48694444444445,28.898888888888894,609.0
81.48722222222223,28.898611111111116,611.0
81.48750000000001,28.898333333333337,610.0
81.48777777777778,28.89805555555556,608.0
81.48805555555556,28.897777777777783,608.0
81.48833333333334,28.897500000000004,607.0
81.48861111111111,28.897222222222226,608.0
81.4888888888889,28.896944444444447,609.0
81.48916666666668,28.896666666666672,611.0
81.48944444444444,28.896388888888893,612.0
81.48972222222223,28.896111111111114,610.0
81.49000000000001,28.895833333333336,610.0
81.49027777777778,28.89555555555556,609.0
81.49055555555556,28.89555555555556,613.0
81.49083333333334,28.895277777777782,610.0
81.49111111111111,28.895277777777782,613.0
81.49138888888889,28.895000000000003,607.0
81.49166666666667,28.895000000000003,612.0
81.49194444444444,28.894722222222228,607.0
81.49222222222222,28.89444444444445,608.0
81.4925,28.89416666666667,606.0
81.49277777777779,28.893888888888892,607.0
81.49305555555556,28.893611111111117,608.0
81.49333333333334,28.893333333333338,605.0
81.49361111111112,28.893333333333338,611.0
81.49388888888889,28.89305555555556,612.0
81.49416666666667,28.89277777777778,603.0
81.49444444444445,28.89277777777778,613.0
81.49472222222222,28.892500000000005,603.0
81.495,28.892500000000005,613.0
81.49527777777779,28.892222222222227,603.0
81.49555555555555,28.892222222222227,609.0
81.49583333333334,28.891944444444448,603.0
81.49611111111112,28.891944444444448,606.0
81.49638888888889,28.891944444444448,609.0
81.49666666666667,28.89166666666667,606.0
81.49694444444445,28.891388888888894,602.0
81.49722222222222,28.891388888888894,614.0
81.4975,28.891111111111115,613.0
81.49777777777778,28.890833333333337,602.0
81.49805555555557,28.890555555555558,602.0
81.49833333333333,28.890555555555558,602.0
81.49861111111112,28.890555555555558,612.0
81.4988888888889,28.890277777777783,602.0
81.49916666666667,28.890277777777783,605.0
81.49944444444445,28.890277777777783,608.0
81.49972222222223,28.890277777777783,613.0
81.5,28.890000000000004,605.0
81.50027777777778,28.890000000000004,602.0
81.50055555555556,28.890000000000004,602.0
81.50083333333333,28.890000000000004,602.0
81.50111111111111,28.890000000000004,612.0
81.5013888888889,28.889722222222225,602.0
81.50166666666667,28.889722222222225,614.0
81.50194444444445,28.889722222222225,614.0
81.50222222222223,28.889722222222225,614.0
81.5025,28.889722222222225,608.0
81.50277777777778,28.889722222222225,602.0
81.50305555555556,28.889722222222225,602.0
81.50333333333334,28.889722222222225,602.0
81.50361111111111,28.889722222222225,602.0
81.5038888888889,28.889722222222225,602.0
81.50416666666668,28.889722222222225,602.0
81.50444444444445,28.889722222222225,602.0
81.50472222222223,28.889722222222225,602.0
81.50500000000001,28.889722222222225,602.0
81.50527777777778,28.889722222222225,602.0
81.50555555555556,28.889722222222225,602.0
81.50583333333334,28.889722222222225,602.0
81.50611111111111,28.889722222222225,602.0
81.50638888888889,28.889722222222225,602.0
81.50666666666667,28.889722222222225,602.0
81.50694444444444,28.889722222222225,602.0
81.50722222222223,28.889722222222225,602.0
81.50750000000001,28.889722222222225,602.0
81.50777777777778,28.889722222222225,606.0
81.50805555555556,28.889722222222225,607.0
81.50833333333334,28.889722222222225,602.0
81.50861111111112,28.88944444444445,607.0
81.50861111111112,28.88916666666667,609.0
81.50861111111112,28.888888888888893,612.0
81.50888888888889,28.888611111111114,611.0
81.50916666666667,28.88833333333334,601.0
81.50916666666667,28.88805555555556,601.0
81.50916666666667,28.88777777777778,601.0
81.50916666666667,28.887500000000003,601.0
81.50916666666667,28.887222222222228,601.0
81.50916666666667,28.88694444444445,601.0
81.50916666666667,28.88666666666667,601.0
81.50916666666667,28.88638888888889,601.0
81.50916666666667,28.886111111111116,601.0
81.50944444444445,28.885833333333338,601.0
81.50944444444445,28.88555555555556,601.0
81.50944444444445,28.88527777777778,601.0
81.50944444444445,28.885000000000005,604.0
81.50944444444445,28.884722222222226,604.0
81.50944444444445,28.884444444444448,603.0
81.50944444444445,28.884166666666673,603.0
81.50944444444445,28.883888888888894,605.0
81.50944444444445,28.883611111111115,607.0
81.50972222222222,28.883333333333336,601.0
81.50972222222222,28.88305555555556,605.0
81.50972222222222,28.882777777777783,612.0
81.50972222222222,28.882500000000004,614.0
81.51,28.882222222222225,607.0
81.51027777777779,28.88194444444445,605.0
81.51055555555556,28.88166666666667,606.0
81.51083333333334,28.881388888888893,605.0
81.51111111111112,28.881111111111114,608.0
81.51138888888889,28.88083333333334,609.0
81.51166666666667,28.88055555555556,608.0
81.51166666666667,28.88027777777778,612.0
81.51166666666667,28.880000000000003,612.0
81.51166666666667,28.879722222222227,612.0
81.51194444444445,28.87944444444445,610.0
81.51222222222222,28.87916666666667,608.0
81.5125,28.878888888888895,603.0
81.51277777777779,28.878611111111116,606.0
81.51277777777779,28.878333333333337,612.0
81.51277777777779,28.87805555555556,614.0
81.51277777777779,28.877777777777784,613.0
81.51277777777779,28.877500000000005,612.0
81.51305555555555,28.877222222222226,604.0
81.51333333333334,28.876944444444447,603.0
81.51361111111112,28.876666666666672,599.0
81.5138888888889,28.876388888888894,598.0
81.51416666666667,28.876111111111115,598.0
81.51444444444445,28.875833333333336,598.0
81.51472222222223,28.87555555555556,598.0
81.515,28.875277777777782,597.0
81.51527777777778,28.875000000000004,597.0
81.51555555555557,28.874722222222225,606.0
81.51583333333333,28.87444444444445,609.0
81.51611111111112,28.87416666666667,613.0
81.5163888888889,28.873888888888892,612.0
81.51666666666667,28.873611111111117,608.0
81.51694444444445,28.87333333333334,603.0
81.51722222222223,28.87333333333334,612.0
81.5175,28.87305555555556,601.0
81.51777777777778,28.87305555555556,609.0
81.51805555555556,28.87277777777778,600.0
81.51833333333333,28.87277777777778,609.0
81.51861111111111,28.872500000000006,599.0
81.5188888888889,28.872222222222227,595.0
81.51916666666668,28.87194444444445,595.0
81.51944444444445,28.87166666666667,595.0
81.51972222222223,28.871388888888895,595.0
81.52000000000001,28.871111111111116,595.0
81.52027777777778,28.870833333333337,594.0
81.52055555555556,28.87055555555556,594.0
81.52083333333334,28.870277777777783,594.0
81.52111111111111,28.870000000000005,597.0
81.5213888888889,28.869722222222226,599.0
81.52166666666668,28.869444444444447,604.0
81.52194444444444,28.869166666666672,605.0
81.52194444444444,28.868888888888893,613.0
81.52222222222223,28.868611111111115,593.0
81.52222222222223,28.868333333333336,593.0
81.52222222222223,28.86805555555556,593.0
81.52222222222223,28.867777777777782,593.0
81.52222222222223,28.867500000000003,592.0
81.52222222222223,28.867222222222228,592.0
81.52250000000001,28.86694444444445,599.0
81.52250000000001,28.86666666666667,614.0
81.52277777777778,28.866388888888892,610.0
81.52305555555556,28.866111111111117,600.0
81.52305555555556,28.865833333333338,612.0
81.52333333333334,28.86555555555556,609.0
81.52333333333334,28.86527777777778,614.0
81.52333333333334,28.865000000000006,607.0
81.52333333333334,28.864722222222227,612.0
81.52361111111111,28.864444444444448,613.0
81.52388888888889,28.86416666666667,614.0
81.52388888888889,28.863888888888894,614.0
81.52416666666667,28.863611111111116,612.0
81.52416666666667,28.863333333333337,612.0
81.52416666666667,28.863055555555558,610.0
81.52444444444446,28.862777777777783,605.0
81.52472222222222,28.862500000000004,603.0
81.525,28.862222222222226,602.0
81.52527777777779,28.861944444444447,604.0
81.52555555555556,28.86166666666667,604.0
81.52583333333334,28.861388888888893,601.0
81.52611111111112,28.861111111111114,603.0
81.52638888888889,28.86083333333334,593.0
81.52666666666667,28.86055555555556,590.0
81.52694444444445,28.86027777777778,590.0
81.52722222222222,28.860000000000003,590.0
81.5275,28.859722222222228,590.0
81.52777777777779,28.85944444444445,590.0
81.52805555555555,28.85916666666667,590.0
81.52833333333334,28.85888888888889,590.0
81.52861111111112,28.858611111111117,590.0
81.52888888888889,28.858333333333338,590.0
81.52916666666667,28.85805555555556,590.0
81.52944444444445,28.85777777777778,590.0
81.52972222222223,28.857500000000005,590.0
81.53,28.857222222222227,593.0
81.53027777777778,28.856944444444448,596.0
81.53055555555557,28.85666666666667,605.0
81.53083333333333,28.856388888888894,607.0
81.53111111111112,28.856111111111115,602.0
81.5313888888889,28.855833333333337,589.0
81.5313888888889,28.85555555555556,601.0
81.5313888888889,28.855277777777783,607.0
81.53166666666667,28.855000000000004,606.0
81.53194444444445,28.854722222222225,603.0
81.53194444444445,28.85444444444445,613.0
81.53222222222223,28.85416666666667,602.0
81.53222222222223,28.853888888888893,607.0
81.53222222222223,28.853611111111114,608.0
81.5325,28.85333333333334,605.0
81.53277777777778,28.85305555555556,594.0
81.53277777777778,28.85277777777778,600.0
81.53277777777778,28.852500000000003,613.0
81.53305555555556,28.852222222222228,606.0
81.53305555555556,28.85194444444445,614.0
81.53333333333333,28.85166666666667,606.0
81.53361111111111,28.85138888888889,595.0
81.53361111111111,28.851111111111116,605.0
81.53361111111111,28.850833333333338,612.0
81.5338888888889,28.85055555555556,598.0
81.5338888888889,28.850277777777784,604.0
81.5338888888889,28.850000000000005,611.0
81.53416666666666,28.849722222222226,603.0
81.53416666666666,28.849444444444448,614.0
81.53444444444445,28.849166666666672,608.0
81.53444444444445,28.848888888888894,609.0
81.53444444444445,28.848611111111115,602.0
81.53444444444445,28.848333333333336,607.0
81.53444444444445,28.84805555555556,610.0
81.53472222222223,28.847777777777782,598.0
81.53472222222223,28.847500000000004,603.0
81.53472222222223,28.847222222222225,607.0
81.53500000000001,28.84694444444445,601.0
81.53500000000001,28.84666666666667,612.0
81.53527777777778,28.846388888888892,599.0
81.53555555555556,28.846111111111114,594.0
81.53555555555556,28.84583333333334,604.0
81.53555555555556,28.84555555555556,614.0
81.53583333333334,28.84527777777778,613.0
81.53611111111111,28.845000000000006,612.0
81.5363888888889,28.844722222222227,602.0
81.5363888888889,28.84444444444445,604.0
81.5363888888889,28.84416666666667,611.0
81.53666666666668,28.843888888888895,605.0
81.53694444444444,28.843611111111116,604.0
81.53694444444444,28.843333333333337,612.0
81.53722222222223,28.84305555555556,601.0
81.53722222222223,28.842777777777783,603.0
81.53722222222223,28.842500000000005,600.0
81.53722222222223,28.842222222222226,594.0
81.53722222222223,28.841944444444447,593.0
81.53722222222223,28.841666666666672,595.0
81.53722222222223,28.841388888888893,593.0
81.53722222222223,28.841111111111115,591.0
81.53722222222223,28.840833333333336,590.0
81.53722222222223,28.84055555555556,590.0
81.53722222222223,28.840277777777782,603.0
81.53722222222223,28.840000000000003,610.0
81.53722222222223,28.839722222222225,608.0
81.53722222222223,28.83944444444445,602.0
81.53722222222223,28.83916666666667,596.0
81.53722222222223,28.838888888888892,595.0
81.53722222222223,28.838611111111117,598.0
81.53722222222223,28.83833333333334,608.0
81.53722222222223,28.83805555555556,614.0
81.53722222222223,28.83777777777778,608.0
81.53722222222223,28.837500000000006,597.0
81.53722222222223,28.837222222222227,590.0
81.53722222222223,28.83694444444445,596.0
81.53750000000001,28.83666666666667,594.0
81.53750000000001,28.836388888888894,602.0
81.53777777777778,28.836111111111116,603.0
81.53805555555556,28.836111111111116,598.0
81.53805555555556,28.835833333333337,592.0
81.53833333333334,28.83555555555556,591.0
81.53861111111111,28.835277777777783,593.0
81.53888888888889,28.835000000000004,595.0
81.53916666666667,28.834722222222226,592.0
81.53944444444444,28.834444444444447,584.0
81.53972222222222,28.834166666666672,585.0
81.54,28.833888888888893,591.0
81.54027777777779,28.833611111111114,589.0
81.54055555555556,28.833333333333336,587.0
81.54083333333334,28.83305555555556,589.0
81.54111111111112,28.832777777777782,594.0
81.54138888888889,28.832500000000003,597.0
81.54166666666667,28.832222222222228,599.0
81.54194444444445,28.83194444444445,601.0
81.54222222222222,28.83166666666667,596.0
81.5425,28.831388888888892,586.0
81.5425,28.831111111111117,586.0
81.54277777777779,28.830833333333338,585.0
81.54305555555555,28.83055555555556,584.0
81.54333333333334,28.83027777777778,582.0
81.54333333333334,28.830000000000005,582.0
81.54333333333334,28.829722222222227,582.0
81.54333333333334,28.829444444444448,582.0
81.54333333333334,28.82916666666667,582.0
81.54361111111112,28.828888888888894,582.0
81.54388888888889,28.828611111111115,582.0
81.54416666666667,28.828333333333337,581.0
81.54416666666667,28.828055555555558,581.0
81.54416666666667,28.827777777777783,581.0
81.54416666666667,28.827500000000004,581.0
81.54416666666667,28.827222222222225,581.0
81.54416666666667,28.82694444444445,581.0
81.54444444444445,28.82666666666667,581.0
81.54472222222223,28.826388888888893,581.0
81.545,28.826111111111114,581.0
81.54527777777778,28.82583333333334,580.0
81.54527777777778,28.82555555555556,580.0
81.54527777777778,28.82527777777778,580.0
81.54527777777778,28.825000000000003,580.0
81.54555555555557,28.824722222222228,580.0
81.54583333333333,28.82444444444445,580.0
81.54611111111112,28.82416666666667,580.0
81.5463888888889,28.82388888888889,580.0
81.54666666666667,28.823611111111116,579.0
81.54666666666667,28.823333333333338,579.0
81.54666666666667,28.82305555555556,579.0
81.54666666666667,28.82277777777778,579.0
81.54666666666667,28.822500000000005,579.0
81.54694444444445,28.822222222222226,579.0
81.54722222222223,28.821944444444448,579.0
81.5475,28.821666666666673,579.0
81.54777777777778,28.821388888888894,578.0
81.54777777777778,28.821111111111115,578.0
81.54777777777778,28.820833333333336,578.0
81.54777777777778,28.82055555555556,578.0
81.54777777777778,28.820277777777783,578.0
81.54805555555556,28.820000000000004,578.0
81.54833333333333,28.819722222222225,578.0
81.54833333333333,28.81944444444445,578.0
81.54861111111111,28.81916666666667,578.0
81.54861111111111,28.818888888888893,577.0
81.5488888888889,28.818888888888893,577.0
81.54916666666666,28.818611111111114,577.0
81.54944444444445,28.81833333333334,577.0
81.54972222222223,28.81805555555556,577.0
81.55000000000001,28.81777777777778,577.0
81.55027777777778,28.817500000000003,577.0
81.55055555555556,28.817222222222227,577.0
81.55083333333334,28.81694444444445,576.0
81.55083333333334,28.81666666666667,576.0
81.55083333333334,28.816388888888895,576.0
81.55083333333334,28.816111111111116,576.0
81.55083333333334,28.815833333333337,576.0
81.55111111111111,28.81555555555556,576.0
81.55111111111111,28.815277777777784,576.0
81.5513888888889,28.815000000000005,576.0
81.55166666666668,28.814722222222226,576.0
81.55194444444444,28.814444444444447,575.0
81.55194444444444,28.814166666666672,575.0
81.55194444444444,28.813888888888894,575.0
81.55194444444444,28.813611111111115,575.0
81.55194444444444,28.813333333333336,575.0
81.55194444444444,28.81305555555556,575.0
81.55194444444444,28.812777777777782,575.0
81.55194444444444,28.812500000000004,575.0
81.55222222222223,28.812222222222225,575.0
81.55222222222223,28.81194444444445,574.0
81.55222222222223,28.81166666666667,574.0
81.55250000000001,28.811388888888892,574.0
81.55250000000001,28.811111111111117,574.0
81.55250000000001,28.81083333333334,574.0
81.55250000000001,28.81055555555556,574.0
81.55250000000001,28.81027777777778,574.0
81.55250000000001,28.810000000000006,574.0
81.55250000000001,28.809722222222227,574.0
81.55250000000001,28.80944444444445,573.0
81.55250000000001,28.80916666666667,573.0
81.55250000000001,28.808888888888895,573.0
81.55250000000001,28.808611111111116,573.0
81.55250000000001,28.808333333333337,573.0
81.55277777777778,28.80805555555556,573.0
81.55305555555556,28.807777777777783,573.0
81.55333333333334,28.807500000000005,573.0
81.55361111111111,28.807222222222226,572.0
81.55361111111111,28.806944444444447,572.0
81.55361111111111,28.806666666666672,572.0
81.55361111111111,28.806388888888893,572.0
81.55361111111111,28.806111111111115,572.0
81.55361111111111,28.805833333333336,572.0
81.55388888888889,28.80555555555556,572.0
81.55388888888889,28.805277777777782,572.0
81.55388888888889,28.805000000000003,572.0
81.55416666666667,28.804722222222225,571.0
81.55444444444444,28.80444444444445,571.0
81.55472222222222,28.80416666666667,571.0
81.555,28.803888888888892,571.0
81.55527777777779,28.803611111111117,571.0
81.55527777777779,28.803333333333338,571.0
81.55527777777779,28.80305555555556,571.0
81.55527777777779,28.80277777777778,571.0
81.55527777777779,28.802500000000006,571.0
81.55527777777779,28.802222222222227,571.0
81.55555555555556,28.801944444444448,571.0
81.55583333333334,28.80166666666667,571.0
81.55583333333334,28.801388888888894,571.0
81.55611111111112,28.801111111111116,571.0
81.55638888888889,28.800833333333337,570.0
81.55638888888889,28.800555555555558,570.0
81.55638888888889,28.800277777777783,570.0
81.55638888888889,28.800000000000004,570.0
81.55638888888889,28.799722222222226,570.0
81.55638888888889,28.799444444444447,570.0
81.55638888888889,28.79916666666667,570.0
81.55638888888889,28.798888888888893,570.0
81.55638888888889,28.798611111111114,570.0
81.55638888888889,28.79833333333334,570.0
81.55638888888889,28.79805555555556,570.0
81.55666666666667,28.79777777777778,570.0
81.55694444444445,28.797500000000003,570.0
81.55722222222222,28.797222222222228,570.0
81.5575,28.79694444444445,570.0
81.55777777777779,28.79666666666667,570.0
81.55805555555555,28.79638888888889,569.0
81.55833333333334,28.79638888888889,569.0
81.55861111111112,28.79638888888889,569.0
81.55888888888889,28.796111111111117,569.0
81.55916666666667,28.795833333333338,569.0
81.55944444444445,28.79555555555556,569.0
81.55972222222222,28.79527777777778,569.0
81.56,28.795000000000005,569.0
81.56027777777778,28.794722222222227,569.0
81.56055555555557,28.794444444444448,569.0
81.56083333333333,28.79416666666667,569.0
81.56111111111112,28.793888888888894,569.0
81.5613888888889,28.793611111111115,569.0
81.56166666666667,28.793333333333337,569.0
81.56194444444445,28.79305555555556,568.0
81.56222222222223,28.79305555555556,568.0
81.5625,28.79305555555556,568.0
81.56277777777778,28.79305555555556,568.0
81.56305555555556,28.79305555555556,568.0
81.56333333333333,28.79305555555556,568.0
81.56361111111111,28.792777777777783,568.0
81.5638888888889,28.792777777777783,568.0
81.56416666666667,28.792500000000004,568.0
81.56444444444445,28.792500000000004,568.0
81.56472222222223,28.792222222222225,568.0
81.565,28.792222222222225,568.0
81.56527777777778,28.79194444444445,568.0
81.56555555555556,28.79194444444445,568.0
81.56583333333334,28.79166666666667,568.0
81.56611111111111,28.791388888888893,568.0
81.5663888888889,28.791388888888893,568.0
81.56666666666668,28.791111111111114,568.0
81.56694444444445,28.79083333333334,567.0
81.56722222222223,28.79055555555556,567.0
81.56750000000001,28.79027777777778,567.0
81.56777777777778,28.790000000000003,567.0
81.56805555555556,28.789722222222228,567.0
81.56833333333334,28.78944444444445,567.0
81.56861111111111,28.78916666666667,567.0
81.56888888888889,28.78888888888889,567.0
81.56916666666667,28.788611111111116,567.0
81.56944444444444,28.788333333333338,567.0
81.56972222222223,28.78805555555556,567.0
81.57000000000001,28.787777777777784,567.0
81.57027777777778,28.787500000000005,567.0
81.57055555555556,28.787222222222226,567.0
81.57083333333334,28.786944444444448,566.0
81.57111111111112,28.786666666666672,566.0
81.57138888888889,28.786388888888894,566.0
81.57166666666667,28.786111111111115,566.0
81.57194444444445,28.785833333333336,566.0
81.57222222222222,28.78555555555556,566.0
81.5725,28.78555555555556,566.0
81.57277777777779,28.785277777777782,566.0
81.57305555555556,28.785277777777782,566.0
81.57333333333334,28.785000000000004,566.0
81.57361111111112,28.784722222222225,566.0
81.57388888888889,28.78444444444445,566.0
81.57416666666667,28.78416666666667,566.0
81.57444444444445,28.783888888888892,566.0
81.57472222222222,28.783888888888892,565.0
81.575,28.783611111111114,565.0
81.57527777777779,28.78333333333334,565.0
81.57555555555555,28.78333333333334,565.0
81.57583333333334,28.78305555555556,565.0
81.57611111111112,28.78305555555556,565.0
81.5763888888889,28.78305555555556,565.0
81.57666666666667,28.78277777777778,565.0
81.57694444444445,28.782500000000006,565.0
81.57722222222223,28.782222222222227,565.0
81.5775,28.78194444444445,565.0
81.57777777777778,28.78166666666667,565.0
81.57805555555557,28.781388888888895,565.0
81.57833333333333,28.781111111111116,565.0
81.57861111111112,28.780833333333337,565.0
81.5788888888889,28.78055555555556,564.0
81.57916666666667,28.780277777777783,564.0
81.57944444444445,28.780000000000005,564.0
81.57972222222223,28.779722222222226,564.0
81.57972222222223,28.779444444444447,564.0
81.57972222222223,28.779166666666672,564.0
81.57972222222223,28.778888888888893,564.0
81.57972222222223,28.778611111111115,564.0
81.57972222222223,28.778333333333336,564.0
81.57972222222223,28.77805555555556,564.0
81.58,28.777777777777782,564.0
81.58,28.777500000000003,564.0
81.58,28.77722222222223,564.0
81.58027777777778,28.77694444444445,564.0
81.58027777777778,28.77666666666667,564.0
81.58055555555556,28.776388888888892,563.0
