longitude,latitude,elevation
85.37666666666667,28.27666666666667,1783.0
85.37694444444445,28.276388888888892,1781.0
85.37694444444445,28.276111111111113,1775.0
85.37694444444445,28.275833333333335,1772.0
85.37694444444445,28.27555555555556,1769.0
85.37694444444445,28.27527777777778,1771.0
85.37694444444445,28.275000000000002,1777.0
85.37694444444445,28.274722222222223,1780.0
85.37694444444445,28.27444444444445,1779.0
85.37694444444445,28.27416666666667,1774.0
85.37694444444445,28.27388888888889,1768.0
85.37694444444445,28.273611111111112,1763.0
85.37694444444445,28.273333333333337,1763.0
85.37694444444445,28.27305555555556,1762.0
85.37694444444445,28.27277777777778,1764.0
85.37694444444445,28.2725,1764.0
85.37694444444445,28.272222222222226,1760.0
85.37694444444445,28.271944444444447,1757.0
85.37694444444445,28.27166666666667,1750.0
85.37694444444445,28.271388888888893,1746.0
85.37694444444445,28.271111111111114,1748.0
85.37694444444445,28.270833333333336,1753.0
85.37694444444445,28.270555555555557,1757.0
85.37694444444445,28.270277777777782,1762.0
85.37694444444445,28.270000000000003,1767.0
85.37694444444445,28.269722222222224,1773.0
85.37694444444445,28.269444444444446,1780.0
85.37666666666667,28.26916666666667,1778.0
85.37666666666667,28.268888888888892,1779.0
85.3763888888889,28.268611111111113,1781.0
85.37611111111111,28.268333333333334,1779.0
85.37583333333333,28.26805555555556,1776.0
85.37583333333333,28.26777777777778,1773.0
85.37583333333333,28.267500000000002,1770.0
85.37583333333333,28.267222222222223,1769.0
85.37583333333333,28.266944444444448,1764.0
85.37555555555556,28.26666666666667,1755.0
85.37527777777778,28.26638888888889,1748.0
85.375,28.26638888888889,1743.0
85.37472222222223,28.26638888888889,1741.0
85.37444444444445,28.266111111111112,1739.0
85.37416666666667,28.265833333333337,1738.0
85.3738888888889,28.265555555555558,1741.0
85.37361111111112,28.26527777777778,1745.0
85.37333333333333,28.265000000000004,1745.0
85.37305555555557,28.264722222222225,1743.0
85.37277777777778,28.264444444444447,1739.0
85.3725,28.264166666666668,1735.0
85.3725,28.263888888888893,1730.0
85.3725,28.263611111111114,1725.0
85.3725,28.263333333333335,1723.0
85.3725,28.263055555555557,1720.0
85.37222222222222,28.26277777777778,1719.0
85.37194444444445,28.262500000000003,1726.0
85.37166666666667,28.262222222222224,1731.0
85.37138888888889,28.261944444444445,1724.0
85.37111111111112,28.26166666666667,1722.0
85.37083333333334,28.26138888888889,1727.0
85.37055555555555,28.261111111111113,1730.0
85.37027777777779,28.260833333333334,1734.0
85.37,28.26055555555556,1734.0
85.36972222222222,28.26055555555556,1731.0
85.36944444444445,28.26027777777778,1722.0
85.36916666666667,28.26,1714.0
85.36888888888889,28.26,1705.0
85.36861111111112,28.26,1699.0
85.36833333333334,28.26,1700.0
85.36805555555556,28.26,1708.0
85.36777777777779,28.259722222222226,1707.0
85.3675,28.259444444444448,1709.0
85.36722222222222,28.25916666666667,1710.0
85.36694444444444,28.25888888888889,1713.0
85.36666666666667,28.258611111111115,1713.0
85.36666666666667,28.258333333333336,1712.0
85.36638888888889,28.258055555555558,1712.0
85.36638888888889,28.25777777777778,1713.0
85.36638888888889,28.257500000000004,1708.0
85.36638888888889,28.257222222222225,1703.0
85.36638888888889,28.256944444444446,1703.0
85.36611111111111,28.256666666666668,1706.0
85.36583333333334,28.256388888888893,1706.0
85.36555555555556,28.256388888888893,1696.0
85.36555555555556,28.256111111111114,1693.0
85.36555555555556,28.255833333333335,1692.0
85.36527777777778,28.255555555555556,1688.0
85.36527777777778,28.25527777777778,1691.0
85.36500000000001,28.255000000000003,1691.0
85.36500000000001,28.254722222222224,1690.0
85.36500000000001,28.25444444444445,1691.0
85.36500000000001,28.25416666666667,1691.0
85.36500000000001,28.25388888888889,1687.0
85.36500000000001,28.253611111111113,1690.0
85.36472222222223,28.253333333333337,1688.0
85.36472222222223,28.25305555555556,1690.0
85.36472222222223,28.25277777777778,1692.0
85.36500000000001,28.2525,1690.0
85.36500000000001,28.252222222222226,1684.0
85.36500000000001,28.251944444444447,1679.0
85.36500000000001,28.25166666666667,1677.0
85.36500000000001,28.25138888888889,1674.0
85.36500000000001,28.251111111111115,1671.0
85.36500000000001,28.250833333333336,1669.0
85.36500000000001,28.250555555555557,1669.0
85.36500000000001,28.25027777777778,1669.0
85.36500000000001,28.250000000000004,1668.0
85.36500000000001,28.249722222222225,1669.0
85.36500000000001,28.249444444444446,1673.0
85.36500000000001,28.249166666666667,1677.0
85.36472222222223,28.248888888888892,1680.0
85.36444444444444,28.248611111111114,1678.0
85.36416666666668,28.248333333333335,1671.0
85.3638888888889,28.24805555555556,1667.0
85.36361111111111,28.24777777777778,1668.0
85.36333333333334,28.247500000000002,1667.0
85.36305555555556,28.247222222222224,1668.0
85.36277777777778,28.24694444444445,1669.0
85.36250000000001,28.24666666666667,1676.0
85.36222222222223,28.24638888888889,1675.0
85.36194444444445,28.246111111111112,1673.0
85.36166666666666,28.245833333333337,1668.0
85.3613888888889,28.245833333333337,1675.0
85.36111111111111,28.24555555555556,1665.0
85.36083333333333,28.24527777777778,1665.0
85.36055555555556,28.245,1669.0
85.36027777777778,28.244722222222226,1675.0
85.36,28.244444444444447,1682.0
85.35972222222223,28.244722222222226,1675.0
85.35944444444445,28.244444444444447,1673.0
85.35916666666667,28.244444444444447,1676.0
85.3588888888889,28.24416666666667,1678.0
85.3588888888889,28.24388888888889,1669.0
85.3588888888889,28.243611111111115,1661.0
85.35861111111112,28.243333333333336,1660.0
85.35833333333333,28.243055555555557,1663.0
85.35805555555557,28.242777777777782,1664.0
85.35805555555557,28.242500000000003,1662.0
85.35805555555557,28.242222222222225,1654.0
85.35805555555557,28.241944444444446,1639.0
85.35805555555557,28.24166666666667,1627.0
85.35805555555557,28.241388888888892,1619.0
85.35805555555557,28.241111111111113,1619.0
85.35805555555557,28.240833333333335,1620.0
85.35805555555557,28.24055555555556,1624.0
85.35805555555557,28.24027777777778,1636.0
85.35805555555557,28.240000000000002,1642.0
85.35805555555557,28.239722222222223,1641.0
85.35805555555557,28.239444444444448,1640.0
85.35805555555557,28.23916666666667,1630.0
85.35805555555557,28.23888888888889,1629.0
85.35805555555557,28.238611111111112,1633.0
85.35805555555557,28.238333333333337,1634.0
85.35805555555557,28.238055555555558,1632.0
85.35805555555557,28.23777777777778,1636.0
85.35805555555557,28.237500000000004,1633.0
85.35805555555557,28.237222222222226,1628.0
85.35805555555557,28.236944444444447,1626.0
85.35805555555557,28.236666666666668,1629.0
85.35805555555557,28.236388888888893,1635.0
85.35805555555557,28.236111111111114,1643.0
85.35833333333333,28.235833333333336,1639.0
85.35833333333333,28.235555555555557,1641.0
85.35833333333333,28.23527777777778,1646.0
85.35861111111112,28.235000000000003,1642.0
85.3588888888889,28.234722222222224,1641.0
85.35916666666667,28.234444444444446,1638.0
85.35916666666667,28.23416666666667,1644.0
85.35944444444445,28.23388888888889,1637.0
85.35944444444445,28.233611111111113,1647.0
85.35972222222223,28.233333333333334,1637.0
85.35972222222223,28.23305555555556,1638.0
85.35972222222223,28.23277777777778,1643.0
85.36,28.2325,1640.0
85.36,28.232222222222223,1644.0
85.36,28.231944444444448,1647.0
85.36,28.23166666666667,1647.0
85.36,28.23138888888889,1642.0
85.36,28.231111111111115,1636.0
85.36027777777778,28.230833333333337,1627.0
85.36027777777778,28.230555555555558,1622.0
85.36027777777778,28.23027777777778,1619.0
85.36055555555556,28.230000000000004,1618.0
85.36083333333333,28.229722222222225,1618.0
85.36083333333333,28.229444444444447,1620.0
85.36083333333333,28.229166666666668,1618.0
85.36083333333333,28.228888888888893,1617.0
85.36055555555556,28.228611111111114,1615.0
85.36083333333333,28.228333333333335,1611.0
85.36083333333333,28.228055555555557,1606.0
85.36083333333333,28.22777777777778,1602.0
85.36083333333333,28.227500000000003,1599.0
85.36083333333333,28.227222222222224,1601.0
85.36083333333333,28.226944444444445,1604.0
85.36111111111111,28.22666666666667,1604.0
85.36083333333333,28.22638888888889,1598.0
85.36083333333333,28.226111111111113,1594.0
85.36111111111111,28.225833333333338,1589.0
85.36111111111111,28.22555555555556,1588.0
85.36111111111111,28.22527777777778,1588.0
85.36111111111111,28.225,1587.0
85.36111111111111,28.224722222222226,1586.0
85.36111111111111,28.224444444444448,1585.0
85.36111111111111,28.22416666666667,1585.0
85.36111111111111,28.22388888888889,1586.0
85.36111111111111,28.223611111111115,1587.0
85.36111111111111,28.223333333333336,1586.0
85.36111111111111,28.223055555555558,1587.0
85.36083333333333,28.22277777777778,1586.0
85.36055555555556,28.222500000000004,1581.0
85.36027777777778,28.222222222222225,1578.0
85.36,28.221944444444446,1577.0
85.35972222222223,28.221666666666668,1575.0
85.35944444444445,28.221388888888892,1577.0
85.35916666666667,28.221111111111114,1581.0
85.3588888888889,28.220833333333335,1579.0
85.35861111111112,28.22055555555556,1576.0
85.35833333333333,28.22027777777778,1578.0
85.35805555555557,28.220000000000002,1572.0
85.35777777777778,28.219722222222224,1588.0
85.3575,28.21944444444445,1579.0
85.35722222222222,28.21916666666667,1574.0
85.35694444444445,28.21888888888889,1575.0
85.35666666666667,28.218611111111112,1575.0
85.35666666666667,28.218333333333337,1572.0
85.35638888888889,28.21805555555556,1569.0
85.35611111111112,28.21777777777778,1569.0
85.35583333333334,28.2175,1568.0
85.35583333333334,28.217222222222226,1564.0
85.35555555555555,28.216944444444447,1559.0
85.35527777777779,28.21666666666667,1558.0
85.355,28.21638888888889,1557.0
85.355,28.216111111111115,1556.0
85.35472222222222,28.215833333333336,1557.0
85.35472222222222,28.215555555555557,1557.0
85.35472222222222,28.21527777777778,1554.0
85.35472222222222,28.215000000000003,1553.0
85.35472222222222,28.214722222222225,1552.0
85.35472222222222,28.214444444444446,1552.0
85.35472222222222,28.21416666666667,1552.0
85.35472222222222,28.213888888888892,1552.0
85.355,28.213611111111113,1551.0
85.355,28.213333333333335,1551.0
85.35472222222222,28.21305555555556,1550.0
85.35472222222222,28.21277777777778,1548.0
85.35472222222222,28.212500000000002,1547.0
85.35472222222222,28.212222222222223,1547.0
85.35472222222222,28.21194444444445,1547.0
85.35444444444445,28.21166666666667,1546.0
85.35444444444445,28.21138888888889,1545.0
85.35444444444445,28.211111111111112,1546.0
85.35416666666667,28.210833333333337,1544.0
85.35416666666667,28.21055555555556,1542.0
85.35416666666667,28.21027777777778,1541.0
85.35416666666667,28.21,1541.0
85.35416666666667,28.209722222222226,1541.0
85.35416666666667,28.209444444444447,1540.0
85.35416666666667,28.20916666666667,1540.0
85.35444444444445,28.208888888888893,1540.0
85.35444444444445,28.208611111111114,1538.0
85.35444444444445,28.208333333333336,1538.0
85.35444444444445,28.208055555555557,1538.0
85.35472222222222,28.207777777777782,1538.0
85.35472222222222,28.207500000000003,1535.0
85.35472222222222,28.207222222222224,1534.0
85.35472222222222,28.206944444444446,1536.0
85.355,28.20666666666667,1535.0
85.355,28.206388888888892,1534.0
85.35472222222222,28.206111111111113,1533.0
85.35472222222222,28.205833333333334,1531.0
85.35444444444445,28.20555555555556,1531.0
85.35444444444445,28.20527777777778,1530.0
85.35416666666667,28.205000000000002,1528.0
85.35388888888889,28.204722222222223,1527.0
85.35388888888889,28.204444444444448,1527.0
85.35361111111112,28.20416666666667,1526.0
85.35361111111112,28.20388888888889,1526.0
85.35333333333334,28.203611111111115,1524.0
85.35333333333334,28.203333333333337,1523.0
85.35333333333334,28.203055555555558,1525.0
85.35305555555556,28.20277777777778,1523.0
85.35305555555556,28.202500000000004,1522.0
85.35305555555556,28.202222222222225,1522.0
85.35305555555556,28.201944444444447,1522.0
85.35277777777779,28.201666666666668,1520.0
85.35277777777779,28.201388888888893,1521.0
85.35277777777779,28.201111111111114,1520.0
85.35277777777779,28.200833333333335,1522.0
85.3525,28.200555555555557,1522.0
85.3525,28.20027777777778,1518.0
85.3525,28.200000000000003,1516.0
85.3525,28.199722222222224,1514.0
85.3525,28.199444444444445,1512.0
85.35222222222222,28.19916666666667,1508.0
85.35222222222222,28.19888888888889,1507.0
85.35194444444446,28.198611111111113,1506.0
85.35194444444446,28.198333333333334,1507.0
85.35166666666667,28.19805555555556,1507.0
85.35166666666667,28.19777777777778,1504.0
85.35138888888889,28.1975,1502.0
85.35111111111111,28.197222222222226,1499.0
85.35083333333334,28.196944444444448,1498.0
85.35055555555556,28.19666666666667,1496.0
85.35055555555556,28.19638888888889,1494.0
85.35055555555556,28.196111111111115,1493.0
85.35055555555556,28.195833333333336,1494.0
85.35027777777778,28.195555555555558,1492.0
85.35027777777778,28.19527777777778,1493.0
85.35000000000001,28.195000000000004,1495.0
85.34972222222223,28.194722222222225,1494.0
85.34972222222223,28.194444444444446,1490.0
85.34972222222223,28.194166666666668,1490.0
85.34944444444444,28.193888888888893,1489.0
85.34916666666668,28.193611111111114,1491.0
85.34916666666668,28.193333333333335,1487.0
85.34916666666668,28.193055555555556,1487.0
85.34916666666668,28.19277777777778,1488.0
85.3488888888889,28.192500000000003,1485.0
85.3488888888889,28.192222222222224,1483.0
85.3488888888889,28.19194444444445,1482.0
85.34861111111111,28.19166666666667,1483.0
85.34861111111111,28.19138888888889,1483.0
85.34833333333334,28.191111111111113,1482.0
85.34805555555556,28.190833333333337,1480.0
85.34805555555556,28.19055555555556,1478.0
85.34777777777778,28.19027777777778,1478.0
85.34777777777778,28.19,1479.0
85.34750000000001,28.189722222222226,1478.0
85.34722222222223,28.189444444444447,1478.0
85.34694444444445,28.18916666666667,1477.0
85.34666666666666,28.18888888888889,1475.0
85.3463888888889,28.188611111111115,1474.0
85.34611111111111,28.188333333333336,1473.0
85.34611111111111,28.188055555555557,1474.0
85.34611111111111,28.18777777777778,1474.0
85.34611111111111,28.187500000000004,1474.0
85.34611111111111,28.187222222222225,1474.0
85.34583333333333,28.186944444444446,1470.0
85.34583333333333,28.186666666666667,1470.0
85.34583333333333,28.186388888888892,1471.0
85.34583333333333,28.186111111111114,1473.0
85.34555555555556,28.185833333333335,1469.0
85.34527777777778,28.18555555555556,1468.0
85.345,28.18527777777778,1468.0
85.34472222222223,28.185000000000002,1468.0
85.34472222222223,28.184722222222224,1474.0
85.34444444444445,28.18444444444445,1469.0
85.34444444444445,28.18416666666667,1473.0
85.34416666666667,28.18388888888889,1467.0
85.34416666666667,28.183611111111112,1467.0
85.34416666666667,28.183333333333337,1472.0
85.3438888888889,28.18305555555556,1466.0
85.34361111111112,28.18277777777778,1463.0
85.34333333333333,28.1825,1462.0
85.34305555555557,28.182222222222226,1466.0
85.34305555555557,28.181944444444447,1470.0
85.34305555555557,28.18166666666667,1470.0
85.34305555555557,28.18138888888889,1469.0
85.34305555555557,28.181111111111115,1468.0
85.34305555555557,28.180833333333336,1469.0
85.34305555555557,28.180555555555557,1471.0
85.34277777777778,28.180277777777782,1459.0
85.34277777777778,28.180000000000003,1462.0
85.34277777777778,28.179722222222225,1461.0
85.34277777777778,28.179444444444446,1465.0
85.34277777777778,28.17916666666667,1472.0
85.34277777777778,28.178888888888892,1474.0
85.34277777777778,28.178611111111113,1470.0
85.34277777777778,28.178333333333335,1465.0
85.34277777777778,28.17805555555556,1465.0
85.34277777777778,28.17777777777778,1464.0
85.34277777777778,28.177500000000002,1458.0
85.34277777777778,28.177222222222223,1452.0
85.34277777777778,28.176944444444448,1452.0
85.34277777777778,28.17666666666667,1460.0
85.34277777777778,28.17638888888889,1458.0
85.34277777777778,28.176111111111112,1454.0
85.34277777777778,28.175833333333337,1448.0
85.34277777777778,28.175555555555558,1450.0
85.34277777777778,28.17527777777778,1445.0
85.34277777777778,28.175000000000004,1435.0
85.34277777777778,28.174722222222226,1431.0
85.34277777777778,28.174444444444447,1432.0
85.34277777777778,28.174166666666668,1434.0
85.34277777777778,28.173888888888893,1440.0
85.34277777777778,28.173611111111114,1448.0
85.3425,28.173333333333336,1449.0
85.3425,28.173055555555557,1450.0
85.3425,28.17277777777778,1446.0
85.3425,28.172500000000003,1441.0
85.3425,28.172222222222224,1435.0
85.3425,28.171944444444446,1430.0
85.3425,28.17166666666667,1432.0
85.3425,28.17138888888889,1435.0
85.3425,28.171111111111113,1442.0
85.3425,28.170833333333334,1447.0
85.3425,28.17055555555556,1444.0
85.3425,28.17027777777778,1445.0
85.3425,28.17,1445.0
85.3425,28.169722222222223,1444.0
85.3425,28.169444444444448,1448.0
85.34277777777778,28.16916666666667,1450.0
85.3425,28.16888888888889,1450.0
85.3425,28.168611111111115,1449.0
85.3425,28.168333333333337,1443.0
85.3425,28.168055555555558,1441.0
85.3425,28.16777777777778,1438.0
85.3425,28.167500000000004,1440.0
85.34277777777778,28.167222222222225,1444.0
85.34277777777778,28.166944444444447,1440.0
85.34305555555557,28.166944444444447,1438.0
85.34305555555557,28.166666666666668,1436.0
85.34305555555557,28.166388888888893,1439.0
85.34277777777778,28.166111111111114,1436.0
85.3425,28.165833333333335,1431.0
85.3425,28.165555555555557,1429.0
85.34222222222223,28.16527777777778,1427.0
85.34222222222223,28.165000000000003,1428.0
85.34194444444445,28.164722222222224,1425.0
85.34166666666667,28.164722222222224,1422.0
85.34166666666667,28.164444444444445,1420.0
85.34138888888889,28.164444444444445,1418.0
85.34111111111112,28.164444444444445,1417.0
85.34083333333334,28.164444444444445,1414.0
85.34055555555555,28.164444444444445,1414.0
85.34027777777779,28.164444444444445,1417.0
85.34,28.16416666666667,1420.0
85.33972222222222,28.16388888888889,1418.0
85.33944444444445,28.16388888888889,1419.0
85.33916666666667,28.163611111111113,1418.0
85.33888888888889,28.163333333333338,1418.0
85.33861111111112,28.163333333333338,1421.0
85.33833333333334,28.16305555555556,1414.0
85.33805555555556,28.16277777777778,1418.0
85.33777777777779,28.1625,1421.0
85.3375,28.162222222222226,1420.0
85.3375,28.161944444444448,1418.0
85.3375,28.16166666666667,1413.0
85.3375,28.16138888888889,1409.0
85.3375,28.161111111111115,1406.0
85.3375,28.160833333333336,1405.0
85.33722222222222,28.160555555555558,1409.0
85.33694444444446,28.16027777777778,1409.0
85.33666666666667,28.160000000000004,1407.0
85.33638888888889,28.159722222222225,1406.0
85.33611111111111,28.159722222222225,1407.0
85.33583333333334,28.159444444444446,1402.0
85.33555555555556,28.159166666666668,1400.0
85.33527777777778,28.159166666666668,1401.0
85.33500000000001,28.158888888888892,1400.0
85.33472222222223,28.158888888888892,1399.0
85.33444444444444,28.158888888888892,1399.0
85.33416666666668,28.158611111111114,1397.0
85.3338888888889,28.158611111111114,1395.0
85.33361111111111,28.158611111111114,1396.0
85.33333333333334,28.158333333333335,1393.0
85.33305555555556,28.158055555555556,1392.0
85.33277777777778,28.15777777777778,1394.0
85.33250000000001,28.157500000000002,1392.0
85.33222222222223,28.157222222222224,1389.0
85.33194444444445,28.157222222222224,1389.0
85.33166666666668,28.15694444444445,1386.0
85.3313888888889,28.15694444444445,1385.0
85.33111111111111,28.15666666666667,1387.0
85.33083333333333,28.15638888888889,1387.0
85.33055555555556,28.15638888888889,1383.0
85.33027777777778,28.156111111111112,1385.0
85.33,28.155833333333337,1384.0
85.32972222222223,28.15555555555556,1384.0
85.32944444444445,28.15555555555556,1383.0
85.32916666666667,28.15527777777778,1383.0
85.3288888888889,28.155,1380.0
85.3288888888889,28.154722222222226,1381.0
85.32861111111112,28.154444444444447,1382.0
85.32833333333333,28.15416666666667,1381.0
85.32805555555557,28.15388888888889,1381.0
85.32777777777778,28.153611111111115,1380.0
85.3275,28.153611111111115,1378.0
85.32722222222223,28.153333333333336,1376.0
85.32694444444445,28.153055555555557,1376.0
85.32694444444445,28.15277777777778,1377.0
85.32666666666667,28.152500000000003,1375.0
85.3263888888889,28.152222222222225,1372.0
85.32611111111112,28.151944444444446,1370.0
85.32583333333334,28.151944444444446,1368.0
85.32555555555555,28.15166666666667,1366.0
85.32527777777779,28.15166666666667,1367.0
85.325,28.151388888888892,1364.0
85.32472222222222,28.151388888888892,1363.0
85.32444444444445,28.151111111111113,1364.0
85.32416666666667,28.151111111111113,1362.0
85.32388888888889,28.150833333333335,1363.0
85.32361111111112,28.150833333333335,1361.0
85.32333333333334,28.150833333333335,1360.0
85.32305555555556,28.150833333333335,1359.0
85.32277777777779,28.15055555555556,1361.0
85.3225,28.15055555555556,1360.0
85.32222222222222,28.15055555555556,1362.0
85.32194444444445,28.15027777777778,1360.0
85.32166666666667,28.150000000000002,1360.0
85.32138888888889,28.149722222222223,1360.0
85.32111111111112,28.14944444444445,1355.0
85.32083333333334,28.14944444444445,1358.0
85.32055555555556,28.14916666666667,1354.0
85.32027777777778,28.14888888888889,1355.0
85.32000000000001,28.148611111111112,1356.0
85.31972222222223,28.148333333333337,1357.0
85.31944444444444,28.148333333333337,1355.0
85.31916666666667,28.148333333333337,1356.0
85.31888888888889,28.148333333333337,1356.0
85.31861111111111,28.148333333333337,1358.0
85.31833333333334,28.14805555555556,1346.0
85.31805555555556,28.14805555555556,1349.0
85.31777777777778,28.14777777777778,1348.0
85.31750000000001,28.1475,1354.0
85.31722222222223,28.147222222222226,1352.0
85.31694444444445,28.146944444444447,1352.0
85.31666666666668,28.14666666666667,1349.0
85.3163888888889,28.14666666666667,1354.0
85.31611111111111,28.14666666666667,1357.0
85.31583333333334,28.146388888888893,1348.0
85.31555555555556,28.146388888888893,1356.0
85.31527777777778,28.146111111111114,1343.0
85.315,28.146111111111114,1348.0
85.31472222222223,28.146111111111114,1354.0
85.31444444444445,28.145833333333336,1341.0
85.31416666666667,28.145555555555557,1338.0
85.3138888888889,28.145277777777782,1341.0
85.31361111111111,28.145000000000003,1347.0
85.31361111111111,28.144722222222224,1358.0
85.31333333333333,28.144444444444446,1347.0
85.31333333333333,28.14416666666667,1347.0
85.31333333333333,28.143888888888892,1355.0
85.31305555555556,28.143611111111113,1341.0
85.31277777777778,28.143333333333334,1340.0
85.3125,28.14305555555556,1349.0
85.3125,28.14277777777778,1355.0
85.31222222222223,28.142500000000002,1358.0
85.31194444444445,28.142222222222223,1344.0
85.31166666666667,28.142222222222223,1343.0
85.3113888888889,28.142222222222223,1340.0
85.31111111111112,28.142222222222223,1334.0
85.31083333333333,28.142222222222223,1329.0
85.31055555555557,28.142222222222223,1327.0
85.31027777777778,28.142222222222223,1327.0
85.31,28.142222222222223,1327.0
85.30972222222222,28.142222222222223,1326.0
85.30944444444445,28.142222222222223,1330.0
85.30916666666667,28.142222222222223,1340.0
85.30888888888889,28.141944444444448,1339.0
85.30861111111112,28.14166666666667,1331.0
85.30833333333334,28.14166666666667,1334.0
85.30805555555555,28.14138888888889,1325.0
85.30777777777779,28.141111111111115,1326.0
85.3075,28.140833333333337,1323.0
85.30722222222222,28.140555555555558,1325.0
85.30694444444445,28.14027777777778,1327.0
85.30666666666667,28.140000000000004,1330.0
85.30638888888889,28.139722222222225,1330.0
85.30638888888889,28.139444444444447,1336.0
85.30638888888889,28.139166666666668,1344.0
85.30611111111112,28.138888888888893,1325.0
85.30583333333334,28.138611111111114,1325.0
85.30555555555556,28.138333333333335,1328.0
85.30527777777779,28.138055555555557,1336.0
85.305,28.13777777777778,1345.0
85.30472222222222,28.137500000000003,1348.0
85.30472222222222,28.137222222222224,1344.0
85.30472222222222,28.136944444444445,1333.0
85.30444444444444,28.13666666666667,1324.0
85.30416666666667,28.13638888888889,1324.0
85.30416666666667,28.136111111111113,1324.0
85.30388888888889,28.135833333333334,1324.0
85.30361111111111,28.13555555555556,1324.0
85.30361111111111,28.13527777777778,1323.0
85.30333333333334,28.135,1322.0
85.30333333333334,28.134722222222226,1321.0
85.30333333333334,28.134444444444448,1321.0
85.30305555555556,28.13416666666667,1321.0
85.30277777777778,28.13388888888889,1321.0
85.30250000000001,28.133611111111115,1319.0
85.30222222222223,28.133333333333336,1318.0
85.30194444444444,28.133333333333336,1319.0
85.30166666666668,28.133055555555558,1319.0
85.3013888888889,28.133055555555558,1319.0
85.30111111111111,28.13277777777778,1318.0
85.30083333333334,28.132500000000004,1317.0
85.30083333333334,28.132222222222225,1317.0
85.30083333333334,28.131944444444446,1315.0
85.30055555555556,28.131666666666668,1311.0
85.30055555555556,28.131388888888893,1305.0
85.30055555555556,28.131111111111114,1301.0
85.30055555555556,28.130833333333335,1296.0
85.30055555555556,28.130555555555556,1291.0
85.30055555555556,28.13027777777778,1288.0
85.30055555555556,28.130000000000003,1285.0
85.30027777777778,28.129722222222224,1278.0
85.30000000000001,28.12944444444445,1277.0
85.29972222222223,28.12916666666667,1286.0
85.29944444444445,28.12888888888889,1286.0
85.29916666666666,28.128611111111113,1271.0
85.2988888888889,28.128333333333337,1263.0
85.2988888888889,28.12805555555556,1263.0
85.29861111111111,28.12777777777778,1262.0
85.29833333333333,28.1275,1261.0
85.29805555555556,28.127222222222226,1259.0
85.29777777777778,28.126944444444447,1264.0
85.2975,28.12666666666667,1262.0
85.2975,28.12638888888889,1260.0
85.29722222222223,28.12638888888889,1258.0
85.29694444444445,28.12638888888889,1254.0
85.29666666666667,28.126111111111115,1248.0
85.2963888888889,28.126111111111115,1257.0
85.29611111111112,28.125833333333336,1241.0
85.29583333333333,28.125833333333336,1248.0
85.29555555555557,28.125833333333336,1258.0
85.29527777777778,28.125555555555557,1250.0
85.295,28.125555555555557,1256.0
85.29472222222222,28.12527777777778,1245.0
85.29444444444445,28.125000000000004,1242.0
85.29416666666667,28.124722222222225,1243.0
85.29388888888889,28.124444444444446,1241.0
85.29361111111112,28.124166666666667,1241.0
85.29333333333334,28.123888888888892,1253.0
85.29305555555555,28.123611111111114,1252.0
85.29277777777779,28.123611111111114,1258.0
85.2925,28.123333333333335,1248.0
85.29222222222222,28.12305555555556,1251.0
85.29194444444445,28.12277777777778,1249.0
85.29166666666667,28.122500000000002,1250.0
85.29138888888889,28.122500000000002,1253.0
85.29111111111112,28.122222222222224,1238.0
85.29083333333334,28.12194444444445,1248.0
85.29055555555556,28.12166666666667,1260.0
85.29027777777779,28.12138888888889,1251.0
85.29,28.121111111111112,1240.0
85.28972222222222,28.120833333333337,1240.0
85.28944444444446,28.12055555555556,1244.0
85.28916666666667,28.12027777777778,1251.0
85.28888888888889,28.12,1253.0
85.28861111111111,28.119722222222226,1255.0
85.28833333333334,28.119444444444447,1261.0
85.28805555555556,28.11916666666667,1257.0
85.28777777777778,28.11888888888889,1247.0
85.28750000000001,28.11888888888889,1246.0
85.28722222222223,28.118611111111115,1245.0
85.28694444444444,28.118611111111115,1249.0
85.28666666666668,28.118333333333336,1248.0
85.2863888888889,28.118055555555557,1250.0
85.28611111111111,28.117777777777782,1248.0
85.28583333333334,28.117777777777782,1243.0
85.28555555555556,28.117777777777782,1241.0
85.28527777777778,28.117500000000003,1239.0
85.28500000000001,28.117500000000003,1243.0
85.28472222222223,28.117222222222225,1239.0
85.28444444444445,28.116944444444446,1240.0
85.28416666666666,28.116944444444446,1238.0
85.2838888888889,28.11666666666667,1230.0
85.28361111111111,28.116388888888892,1224.0
85.28333333333333,28.116388888888892,1220.0
85.28305555555556,28.116111111111113,1219.0
85.28277777777778,28.115833333333335,1218.0
85.2825,28.11555555555556,1214.0
85.2825,28.11527777777778,1212.0
85.2825,28.115000000000002,1216.0
85.28222222222223,28.114722222222223,1218.0
85.28222222222223,28.114444444444448,1213.0
85.28222222222223,28.11416666666667,1214.0
85.28194444444445,28.11388888888889,1211.0
85.28166666666667,28.113611111111112,1210.0
85.2813888888889,28.113333333333337,1213.0
85.28111111111112,28.113055555555558,1218.0
85.28083333333333,28.11277777777778,1218.0
85.28055555555557,28.11277777777778,1218.0
85.28027777777778,28.112500000000004,1216.0
85.28,28.112500000000004,1214.0
85.27972222222223,28.112222222222226,1210.0
85.27944444444445,28.111944444444447,1210.0
85.27916666666667,28.111666666666668,1206.0
85.27888888888889,28.111388888888893,1207.0
85.27861111111112,28.111111111111114,1215.0
85.27833333333334,28.111111111111114,1212.0
85.27805555555555,28.111111111111114,1206.0
85.27777777777779,28.111111111111114,1202.0
85.2775,28.110833333333336,1200.0
85.27722222222222,28.110555555555557,1200.0
85.27694444444445,28.11027777777778,1201.0
85.27666666666667,28.110000000000003,1204.0
85.27638888888889,28.109722222222224,1207.0
85.27611111111112,28.109444444444446,1206.0
85.27583333333334,28.109444444444446,1213.0
85.27555555555556,28.10916666666667,1200.0
85.27527777777779,28.10888888888889,1189.0
85.275,28.108611111111113,1189.0
85.27472222222222,28.108333333333334,1191.0
85.27444444444446,28.10805555555556,1194.0
85.27416666666667,28.10777777777778,1202.0
85.27388888888889,28.1075,1209.0
85.27361111111111,28.107222222222223,1214.0
85.27333333333334,28.106944444444448,1213.0
85.27305555555556,28.106944444444448,1207.0
85.27277777777778,28.106944444444448,1204.0
85.27277777777778,28.10666666666667,1203.0
85.27250000000001,28.10666666666667,1203.0
85.27222222222223,28.10638888888889,1203.0
85.27194444444444,28.106111111111115,1199.0
85.27166666666668,28.105833333333337,1200.0
85.27166666666668,28.105555555555558,1198.0
85.2713888888889,28.10527777777778,1195.0
85.27111111111111,28.10527777777778,1196.0
85.27083333333334,28.105000000000004,1196.0
85.27055555555556,28.104722222222225,1190.0
85.27027777777778,28.104722222222225,1199.0
85.27000000000001,28.104444444444447,1192.0
85.26972222222223,28.104166666666668,1196.0
85.26944444444445,28.103888888888893,1193.0
85.26916666666668,28.103611111111114,1182.0
85.2688888888889,28.103611111111114,1193.0
85.26861111111111,28.103333333333335,1185.0
85.26833333333333,28.103333333333335,1198.0
85.26805555555556,28.103055555555557,1184.0
85.26777777777778,28.103055555555557,1186.0
85.2675,28.10277777777778,1174.0
85.26722222222223,28.102500000000003,1162.0
85.26694444444445,28.102222222222224,1152.0
85.26666666666667,28.101944444444445,1147.0
85.2663888888889,28.10166666666667,1157.0
85.26611111111112,28.10138888888889,1164.0
85.26583333333333,28.101111111111113,1158.0
85.26555555555557,28.100833333333338,1172.0
85.26527777777778,28.10055555555556,1183.0
85.265,28.10027777777778,1197.0
85.26472222222223,28.1,1196.0
85.26444444444445,28.099722222222226,1199.0
85.26416666666667,28.099444444444448,1192.0
85.2638888888889,28.09916666666667,1176.0
85.2638888888889,28.09888888888889,1162.0
85.2638888888889,28.098611111111115,1144.0
85.26361111111112,28.098333333333336,1134.0
85.26333333333334,28.098055555555558,1139.0
85.26305555555555,28.09777777777778,1142.0
85.26277777777779,28.097500000000004,1144.0
85.2625,28.097500000000004,1137.0
85.26222222222222,28.097500000000004,1137.0
85.26194444444445,28.097222222222225,1134.0
85.26166666666667,28.096944444444446,1127.0
85.26166666666667,28.096666666666668,1120.0
85.26138888888889,28.096666666666668,1117.0
85.26111111111112,28.096388888888892,1108.0
85.26083333333334,28.096111111111114,1111.0
85.26055555555556,28.096111111111114,1120.0
85.26027777777779,28.095833333333335,1120.0
85.26,28.095555555555556,1115.0
85.25972222222222,28.095555555555556,1112.0
85.25944444444445,28.09527777777778,1112.0
85.25916666666667,28.09527777777778,1111.0
85.25888888888889,28.09527777777778,1111.0
85.25861111111112,28.09527777777778,1112.0
85.25833333333334,28.095000000000002,1110.0
85.25805555555556,28.095000000000002,1103.0
85.25777777777778,28.095000000000002,1099.0
85.25750000000001,28.095000000000002,1098.0
85.25722222222223,28.095000000000002,1098.0
85.25694444444444,28.095000000000002,1095.0
85.25666666666667,28.095000000000002,1093.0
85.25638888888889,28.095000000000002,1095.0
85.25611111111111,28.095000000000002,1102.0
85.25583333333334,28.094722222222224,1087.0
85.25555555555556,28.094722222222224,1095.0
85.25527777777778,28.094722222222224,1101.0
85.25500000000001,28.09444444444445,1094.0
85.25472222222223,28.09444444444445,1099.0
85.25444444444445,28.09416666666667,1101.0
85.25416666666668,28.09388888888889,1097.0
85.2538888888889,28.09388888888889,1098.0
85.25361111111111,28.093611111111112,1099.0
85.25333333333334,28.093611111111112,1102.0
85.25305555555556,28.093333333333337,1100.0
85.25277777777778,28.093333333333337,1098.0
85.2525,28.09305555555556,1096.0
85.25222222222223,28.09305555555556,1093.0
85.25194444444445,28.09277777777778,1091.0
85.25166666666667,28.09277777777778,1081.0
85.2513888888889,28.09277777777778,1073.0
85.25111111111111,28.09277777777778,1071.0
85.25083333333333,28.09277777777778,1072.0
85.25055555555556,28.09277777777778,1073.0
85.25027777777778,28.09277777777778,1076.0
85.25,28.0925,1070.0
85.24972222222223,28.0925,1073.0
85.24944444444445,28.0925,1070.0
85.24916666666667,28.0925,1072.0
85.2488888888889,28.092222222222226,1076.0
85.24861111111112,28.091944444444447,1077.0
85.24833333333333,28.091944444444447,1077.0
85.24805555555557,28.091944444444447,1075.0
85.24777777777778,28.091944444444447,1071.0
85.2475,28.091944444444447,1067.0
85.24722222222222,28.091944444444447,1061.0
85.24694444444445,28.091944444444447,1060.0
85.24666666666667,28.091944444444447,1059.0
85.24638888888889,28.091944444444447,1061.0
85.24611111111112,28.092222222222226,1056.0
85.24583333333334,28.092222222222226,1056.0
85.24555555555555,28.092222222222226,1058.0
85.24527777777779,28.092222222222226,1057.0
85.245,28.092222222222226,1058.0
85.24472222222222,28.092222222222226,1057.0
85.24444444444445,28.092222222222226,1058.0
85.24416666666667,28.092222222222226,1059.0
85.24388888888889,28.0925,1058.0
85.24361111111112,28.0925,1058.0
85.24333333333334,28.0925,1056.0
85.24305555555556,28.0925,1055.0
85.24277777777779,28.0925,1057.0
85.2425,28.0925,1060.0
85.24222222222222,28.092222222222226,1061.0
85.24194444444444,28.092222222222226,1061.0
85.24166666666667,28.091944444444447,1057.0
85.24138888888889,28.091944444444447,1055.0
85.24111111111111,28.091944444444447,1056.0
85.24083333333334,28.091944444444447,1057.0
85.24055555555556,28.091944444444447,1058.0
85.24027777777778,28.091944444444447,1057.0
85.24000000000001,28.091944444444447,1054.0
85.23972222222223,28.091944444444447,1048.0
85.23944444444444,28.091944444444447,1045.0
85.23916666666668,28.091944444444447,1047.0
85.2388888888889,28.091944444444447,1046.0
85.23861111111111,28.09166666666667,1045.0
85.23833333333334,28.09166666666667,1047.0
85.23805555555556,28.09138888888889,1046.0
85.23777777777778,28.09138888888889,1046.0
85.23750000000001,28.09138888888889,1048.0
85.23722222222223,28.09138888888889,1047.0
85.23694444444445,28.09138888888889,1044.0
85.23666666666666,28.091111111111115,1039.0
85.2363888888889,28.091111111111115,1042.0
85.23611111111111,28.091111111111115,1044.0
85.23583333333333,28.091111111111115,1042.0
85.23555555555556,28.091111111111115,1039.0
85.23527777777778,28.091111111111115,1039.0
85.235,28.091111111111115,1037.0
85.23472222222223,28.091111111111115,1041.0
85.23444444444445,28.090833333333336,1042.0
85.23416666666667,28.090555555555557,1042.0
85.2338888888889,28.09027777777778,1043.0
85.23361111111112,28.090000000000003,1043.0
85.23333333333333,28.090000000000003,1041.0
85.23305555555557,28.090000000000003,1041.0
85.23277777777778,28.089722222222225,1036.0
85.2325,28.089722222222225,1031.0
85.23222222222222,28.089444444444446,1037.0
85.23194444444445,28.089444444444446,1037.0
85.23166666666667,28.089444444444446,1035.0
85.23166666666667,28.08916666666667,1035.0
85.23138888888889,28.088888888888892,1036.0
85.23111111111112,28.088611111111113,1036.0
85.23083333333334,28.088333333333335,1028.0
85.23055555555555,28.08805555555556,1023.0
85.23027777777779,28.08805555555556,1018.0
85.23,28.08777777777778,1010.0
85.22972222222222,28.087500000000002,1009.0
85.22944444444445,28.087500000000002,1006.0
85.22916666666667,28.087500000000002,1006.0
85.22888888888889,28.087222222222223,1007.0
85.22861111111112,28.08694444444445,1006.0
85.22833333333334,28.08694444444445,1005.0
85.22833333333334,28.08666666666667,1002.0
85.22833333333334,28.08638888888889,1005.0
85.22805555555556,28.086111111111112,1005.0
85.22777777777779,28.085833333333337,1005.0
85.22777777777779,28.08555555555556,1004.0
85.2275,28.08527777777778,1002.0
85.22722222222222,28.08527777777778,1005.0
85.22694444444444,28.085,1004.0
85.22666666666667,28.084722222222226,1004.0
85.22638888888889,28.084444444444447,1004.0
85.22611111111111,28.08416666666667,1003.0
85.22583333333334,28.08416666666667,1004.0
85.22555555555556,28.08416666666667,1004.0
85.22527777777778,28.083888888888893,1003.0
85.22500000000001,28.083888888888893,1001.0
85.22472222222223,28.083888888888893,1004.0
85.22444444444444,28.083611111111114,1005.0
85.22416666666668,28.083333333333336,1004.0
85.2238888888889,28.083055555555557,1001.0
85.22361111111111,28.083055555555557,997.0
85.22333333333334,28.083055555555557,996.0
85.22305555555556,28.083055555555557,998.0
85.22277777777778,28.082777777777782,999.0
85.22250000000001,28.082500000000003,998.0
85.22222222222223,28.082222222222224,995.0
85.22194444444445,28.082222222222224,991.0
85.22166666666666,28.081944444444446,986.0
85.2213888888889,28.081944444444446,982.0
85.22111111111111,28.08166666666667,980.0
85.22083333333333,28.08166666666667,977.0
85.22055555555556,28.081388888888892,977.0
85.22027777777778,28.081388888888892,974.0
85.22,28.081111111111113,972.0
85.21972222222223,28.081111111111113,970.0
85.21944444444445,28.081111111111113,970.0
85.21916666666667,28.080833333333334,969.0
85.2188888888889,28.08055555555556,968.0
85.21861111111112,28.08027777777778,966.0
85.21833333333333,28.080000000000002,968.0
85.21805555555557,28.079722222222223,966.0
85.21777777777778,28.079444444444448,961.0
85.2175,28.079444444444448,963.0
85.21722222222223,28.07916666666667,961.0
85.21694444444445,28.07888888888889,958.0
85.21666666666667,28.078611111111115,958.0
85.21638888888889,28.078333333333337,958.0
85.21611111111112,28.078055555555558,956.0
85.21583333333334,28.078055555555558,953.0
85.21555555555555,28.07777777777778,950.0
85.21527777777779,28.077500000000004,948.0
85.215,28.077222222222225,941.0
85.21472222222222,28.076944444444447,931.0
85.21444444444445,28.076944444444447,931.0
85.21416666666667,28.076666666666668,932.0
85.21388888888889,28.076388888888893,932.0
85.21361111111112,28.076111111111114,934.0
85.21333333333334,28.076111111111114,929.0
85.21305555555556,28.076111111111114,931.0
85.21277777777779,28.075833333333335,931.0
85.2125,28.075833333333335,932.0
85.21222222222222,28.075555555555557,929.0
85.21194444444446,28.07527777777778,922.0
85.21166666666667,28.07527777777778,920.0
85.21138888888889,28.07527777777778,922.0
85.21111111111111,28.075000000000003,919.0
85.21083333333334,28.075000000000003,922.0
85.21055555555556,28.075000000000003,921.0
85.21027777777778,28.075000000000003,921.0
85.21000000000001,28.074722222222224,916.0
85.20972222222223,28.074444444444445,919.0
85.20944444444444,28.07416666666667,924.0
85.20916666666668,28.07388888888889,922.0
85.20916666666668,28.073611111111113,916.0
85.20916666666668,28.073333333333334,914.0
85.2088888888889,28.07305555555556,913.0
85.2088888888889,28.07277777777778,913.0
85.20861111111111,28.0725,911.0
85.20833333333334,28.072222222222226,909.0
85.20833333333334,28.071944444444448,905.0
85.20833333333334,28.07166666666667,902.0
85.20833333333334,28.07138888888889,902.0
85.20805555555556,28.071111111111115,902.0
85.20777777777778,28.070833333333336,907.0
85.20750000000001,28.070555555555558,906.0
85.20722222222223,28.07027777777778,897.0
85.20722222222223,28.070000000000004,895.0
85.20694444444445,28.069722222222225,897.0
85.20666666666668,28.069444444444446,897.0
85.2063888888889,28.069166666666668,893.0
85.20611111111111,28.069166666666668,888.0
85.20611111111111,28.068888888888893,886.0
85.20583333333333,28.068611111111114,886.0
85.20555555555556,28.068333333333335,890.0
85.20527777777778,28.068055555555556,887.0
85.20527777777778,28.06777777777778,882.0
85.20527777777778,28.067500000000003,877.0
85.20527777777778,28.067222222222224,868.0
85.20527777777778,28.06694444444445,861.0
85.20527777777778,28.06666666666667,858.0
85.20527777777778,28.06638888888889,857.0
85.20527777777778,28.066111111111113,855.0
85.20555555555556,28.065833333333337,856.0
85.20583333333333,28.06555555555556,860.0
85.20611111111111,28.06527777777778,860.0
85.20611111111111,28.065,856.0
85.20611111111111,28.064722222222226,852.0
85.20611111111111,28.064444444444447,851.0
85.20611111111111,28.06416666666667,853.0
85.2063888888889,28.06388888888889,849.0
85.20666666666668,28.063611111111115,854.0
85.20666666666668,28.063333333333336,859.0
85.20666666666668,28.063055555555557,856.0
85.20694444444445,28.06277777777778,854.0
85.20694444444445,28.062500000000004,853.0
85.20694444444445,28.062222222222225,850.0
85.20722222222223,28.061944444444446,846.0
85.20722222222223,28.061666666666667,843.0
85.20722222222223,28.061388888888892,836.0
85.20722222222223,28.061111111111114,833.0
85.20722222222223,28.060833333333335,835.0
85.20722222222223,28.06055555555556,837.0
85.20750000000001,28.06027777777778,832.0
85.20750000000001,28.060000000000002,838.0
85.20777777777778,28.059722222222224,831.0
85.20777777777778,28.05944444444445,831.0
85.20777777777778,28.05916666666667,831.0
85.20777777777778,28.05888888888889,831.0
85.20777777777778,28.058611111111112,832.0
85.20777777777778,28.058333333333337,833.0
85.20777777777778,28.05805555555556,836.0
85.20805555555556,28.05777777777778,833.0
85.20805555555556,28.0575,836.0
85.20805555555556,28.057222222222226,839.0
85.20833333333334,28.056944444444447,837.0
85.20833333333334,28.05666666666667,840.0
85.20805555555556,28.05638888888889,839.0
85.20805555555556,28.056111111111115,834.0
85.20805555555556,28.055833333333336,828.0
85.20805555555556,28.055555555555557,825.0
85.20805555555556,28.055277777777782,830.0
85.20777777777778,28.055000000000003,833.0
85.20777777777778,28.054722222222225,832.0
85.20777777777778,28.054444444444446,830.0
85.20777777777778,28.05416666666667,831.0
85.20750000000001,28.053888888888892,832.0
85.20722222222223,28.053611111111113,832.0
85.20694444444445,28.053333333333335,830.0
85.20694444444445,28.05305555555556,829.0
85.20666666666668,28.05277777777778,828.0
85.2063888888889,28.052500000000002,827.0
85.20611111111111,28.052500000000002,828.0
85.20583333333333,28.052222222222223,827.0
85.20555555555556,28.051944444444448,824.0
85.20555555555556,28.05166666666667,820.0
85.20527777777778,28.05166666666667,818.0
85.205,28.05166666666667,817.0
85.20472222222223,28.05138888888889,820.0
85.20444444444445,28.051111111111112,817.0
85.20444444444445,28.050833333333337,815.0
85.20416666666667,28.050833333333337,815.0
85.2038888888889,28.050555555555558,814.0
85.20361111111112,28.05027777777778,813.0
85.20333333333333,28.050000000000004,813.0
85.20305555555557,28.049722222222226,814.0
85.20305555555557,28.049444444444447,815.0
85.20305555555557,28.049166666666668,814.0
85.20277777777778,28.048888888888893,813.0
85.2025,28.048611111111114,807.0
85.2025,28.048333333333336,806.0
85.2025,28.048055555555557,806.0
85.20222222222223,28.04777777777778,806.0
85.20194444444445,28.047500000000003,805.0
85.20194444444445,28.047222222222224,803.0
85.20194444444445,28.046944444444446,804.0
85.20166666666667,28.04666666666667,803.0
85.2013888888889,28.04638888888889,802.0
85.2013888888889,28.046111111111113,802.0
85.20111111111112,28.045833333333334,802.0
85.20083333333334,28.04555555555556,799.0
85.20055555555555,28.04555555555556,798.0
85.20027777777779,28.04527777777778,798.0
85.2,28.04527777777778,798.0
85.19972222222222,28.04527777777778,798.0
85.19944444444445,28.045,794.0
85.19916666666667,28.044722222222223,795.0
85.19888888888889,28.044444444444448,794.0
85.19861111111112,28.04416666666667,796.0
85.19833333333334,28.04388888888889,798.0
85.19805555555556,28.043611111111115,796.0
85.19777777777779,28.043611111111115,793.0
85.1975,28.043333333333337,789.0
85.19722222222222,28.043333333333337,791.0
85.19694444444445,28.043055555555558,789.0
85.19694444444445,28.04277777777778,787.0
85.19666666666667,28.042500000000004,786.0
85.19638888888889,28.042222222222225,787.0
85.19611111111112,28.042222222222225,786.0
85.19583333333334,28.041944444444447,787.0
85.19555555555556,28.041666666666668,784.0
85.19527777777778,28.041388888888893,780.0
85.19500000000001,28.041111111111114,781.0
85.19472222222223,28.040833333333335,781.0
85.19444444444444,28.040555555555557,780.0
85.19444444444444,28.04027777777778,779.0
85.19416666666667,28.040000000000003,777.0
85.19388888888889,28.039722222222224,772.0
85.19388888888889,28.039444444444445,770.0
85.19388888888889,28.03916666666667,771.0
85.19416666666667,28.03888888888889,772.0
85.19416666666667,28.038611111111113,772.0
85.19388888888889,28.038333333333338,770.0
85.19388888888889,28.03805555555556,768.0
85.19388888888889,28.03777777777778,770.0
85.19388888888889,28.0375,772.0
85.19388888888889,28.037222222222226,769.0
85.19388888888889,28.036944444444448,764.0
85.19388888888889,28.03666666666667,762.0
85.19388888888889,28.03638888888889,765.0
85.19388888888889,28.036111111111115,768.0
85.19388888888889,28.035833333333336,764.0
85.19388888888889,28.035555555555558,761.0
85.19388888888889,28.03527777777778,761.0
85.19388888888889,28.035000000000004,762.0
85.19388888888889,28.034722222222225,762.0
85.19388888888889,28.034444444444446,760.0
85.19388888888889,28.034166666666668,755.0
85.19388888888889,28.033888888888892,759.0
85.19388888888889,28.033611111111114,759.0
85.19388888888889,28.033333333333335,757.0
85.19388888888889,28.033055555555556,756.0
85.19388888888889,28.03277777777778,755.0
85.19388888888889,28.032500000000002,754.0
85.19388888888889,28.032222222222224,754.0
85.19388888888889,28.03194444444445,755.0
85.19388888888889,28.03166666666667,760.0
85.19388888888889,28.03138888888889,764.0
85.19388888888889,28.031111111111112,767.0
85.19388888888889,28.030833333333337,769.0
85.19361111111111,28.03055555555556,769.0
85.19333333333334,28.03027777777778,768.0
85.19333333333334,28.03,764.0
85.19305555555556,28.029722222222226,761.0
85.19305555555556,28.029444444444447,759.0
85.19277777777778,28.02916666666667,755.0
85.19277777777778,28.02888888888889,751.0
85.19277777777778,28.028611111111115,749.0
85.19277777777778,28.028333333333336,748.0
85.19250000000001,28.028055555555557,746.0
85.19222222222223,28.02777777777778,743.0
85.19194444444445,28.027500000000003,740.0
85.19166666666668,28.027222222222225,738.0
85.19166666666668,28.026944444444446,738.0
85.1913888888889,28.02666666666667,737.0
85.19111111111111,28.026388888888892,733.0
85.19083333333334,28.026388888888892,735.0
85.19055555555556,28.026111111111113,733.0
85.19027777777778,28.026111111111113,732.0
85.19027777777778,28.025833333333335,732.0
85.19,28.02555555555556,732.0
85.18972222222223,28.025833333333335,730.0
85.18944444444445,28.025833333333335,728.0
85.18916666666667,28.025833333333335,728.0
85.1888888888889,28.025833333333335,727.0
85.18861111111111,28.025833333333335,727.0
85.18833333333333,28.025833333333335,727.0
85.18805555555556,28.02555555555556,727.0
85.18777777777778,28.02555555555556,726.0
85.1875,28.02527777777778,727.0
85.18722222222223,28.02527777777778,725.0
85.18694444444445,28.025000000000002,724.0
85.18694444444445,28.024722222222223,724.0
85.18666666666667,28.02444444444445,725.0
85.1863888888889,28.02416666666667,724.0
85.18611111111112,28.02388888888889,722.0
85.18611111111112,28.023611111111112,721.0
85.18583333333333,28.023333333333337,721.0
85.18555555555557,28.023333333333337,721.0
85.18527777777778,28.023333333333337,719.0
85.185,28.02305555555556,718.0
85.185,28.02277777777778,717.0
85.185,28.0225,717.0
85.185,28.022222222222226,717.0
85.185,28.021944444444447,716.0
85.18527777777778,28.02166666666667,716.0
85.18555555555557,28.021388888888893,715.0
85.18583333333333,28.021111111111114,714.0
85.18611111111112,28.020833333333336,714.0
85.1863888888889,28.020555555555557,717.0
85.18666666666667,28.020277777777782,715.0
85.18694444444445,28.020000000000003,713.0
85.18722222222223,28.019722222222224,713.0
85.18722222222223,28.019444444444446,713.0
85.18722222222223,28.01916666666667,711.0
85.18722222222223,28.018888888888892,710.0
85.18722222222223,28.018611111111113,707.0
85.18722222222223,28.018333333333334,705.0
85.18722222222223,28.01805555555556,705.0
85.1875,28.01777777777778,704.0
85.1875,28.017500000000002,702.0
85.1875,28.017222222222223,700.0
85.1875,28.016944444444448,699.0
85.18722222222223,28.01666666666667,702.0
85.18694444444445,28.01638888888889,700.0
85.18694444444445,28.016111111111115,699.0
85.18666666666667,28.015833333333337,696.0
85.1863888888889,28.015555555555558,694.0
85.18611111111112,28.01527777777778,691.0
85.18583333333333,28.01527777777778,691.0
85.18555555555557,28.01527777777778,690.0
85.18555555555557,28.015000000000004,689.0
85.18555555555557,28.014722222222225,690.0
85.18527777777778,28.014444444444447,689.0
85.18527777777778,28.014166666666668,689.0
85.185,28.013888888888893,689.0
85.185,28.013611111111114,688.0
85.18472222222222,28.013333333333335,687.0
85.18444444444445,28.013333333333335,686.0
85.18444444444445,28.013055555555557,685.0
85.18444444444445,28.01277777777778,686.0
85.18416666666667,28.012500000000003,685.0
85.18416666666667,28.012222222222224,684.0
85.18416666666667,28.011944444444445,683.0
85.18388888888889,28.01166666666667,682.0
85.18388888888889,28.01138888888889,682.0
85.18388888888889,28.011111111111113,682.0
85.18361111111112,28.010833333333334,680.0
85.18361111111112,28.01055555555556,680.0
85.18361111111112,28.01027777777778,679.0
85.18361111111112,28.01,678.0
85.18361111111112,28.009722222222226,677.0
85.18361111111112,28.009444444444448,676.0
85.18361111111112,28.00916666666667,674.0
85.18361111111112,28.00888888888889,675.0
85.18361111111112,28.008611111111115,673.0
85.18361111111112,28.008333333333336,669.0
85.18361111111112,28.008055555555558,672.0
85.18361111111112,28.00777777777778,670.0
85.18361111111112,28.007500000000004,670.0
85.18361111111112,28.007222222222225,670.0
85.18388888888889,28.006944444444446,669.0
85.18388888888889,28.006666666666668,669.0
85.18388888888889,28.006388888888893,669.0
85.18388888888889,28.006111111111114,668.0
85.18388888888889,28.005833333333335,667.0
85.18416666666667,28.005555555555556,667.0
85.18416666666667,28.00527777777778,666.0
85.18444444444445,28.005000000000003,666.0
85.18444444444445,28.004722222222224,666.0
85.18444444444445,28.00444444444445,664.0
85.18444444444445,28.00416666666667,664.0
85.18416666666667,28.00388888888889,663.0
85.18416666666667,28.003611111111113,662.0
85.18416666666667,28.003333333333337,661.0
85.18416666666667,28.00305555555556,661.0
85.18416666666667,28.00277777777778,659.0
85.18416666666667,28.0025,662.0
85.18388888888889,28.002222222222226,662.0
85.18388888888889,28.001944444444447,660.0
85.18388888888889,28.00166666666667,660.0
85.18416666666667,28.00138888888889,661.0
85.18444444444445,28.001111111111115,660.0
85.18444444444445,28.000833333333336,660.0
85.18444444444445,28.000555555555557,658.0
85.18444444444445,28.00027777777778,656.0
85.18472222222222,28.000000000000004,653.0
85.18472222222222,27.999722222222225,653.0
85.18472222222222,27.999444444444446,652.0
85.18472222222222,27.999166666666667,652.0
85.185,27.998888888888892,651.0
85.18527777777778,27.998888888888892,650.0
85.18527777777778,27.998611111111114,650.0
85.18555555555557,27.998333333333335,649.0
85.18555555555557,27.99805555555556,649.0
85.18583333333333,27.99777777777778,648.0
85.18583333333333,27.997500000000002,647.0
85.18583333333333,27.997222222222224,647.0
85.18583333333333,27.99694444444445,646.0
85.18583333333333,27.99666666666667,645.0
85.18555555555557,27.99638888888889,644.0
85.18527777777778,27.996111111111112,643.0
85.18527777777778,27.995833333333337,643.0
85.185,27.99555555555556,642.0
85.18472222222222,27.99527777777778,641.0
85.18472222222222,27.995,641.0
85.18444444444445,27.994722222222226,640.0
85.18416666666667,27.994722222222226,640.0
85.18388888888889,27.994722222222226,639.0
85.18388888888889,27.994444444444447,639.0
85.18361111111112,27.99416666666667,638.0
85.18333333333334,27.99388888888889,637.0
85.18305555555555,27.99388888888889,637.0
85.18277777777779,27.993611111111115,636.0
85.1825,27.993333333333336,636.0
85.1825,27.993055555555557,635.0
85.18222222222222,27.992777777777782,634.0
85.18222222222222,27.992500000000003,634.0
85.18222222222222,27.992222222222225,633.0
85.18222222222222,27.991944444444446,633.0
85.18222222222222,27.99166666666667,632.0
85.1825,27.991388888888892,632.0
85.18277777777779,27.991111111111113,631.0
85.18277777777779,27.990833333333335,631.0
85.18277777777779,27.99055555555556,630.0
85.18277777777779,27.99027777777778,630.0
85.18277777777779,27.990000000000002,630.0
85.18277777777779,27.989722222222223,629.0
85.1825,27.989722222222223,629.0
85.18222222222222,27.989444444444448,629.0
85.18194444444445,27.989444444444448,628.0
85.18166666666667,27.98916666666667,628.0
85.18138888888889,27.98916666666667,627.0
85.18111111111112,27.98888888888889,627.0
85.18083333333334,27.98888888888889,627.0
85.18055555555556,27.988611111111112,626.0
85.18055555555556,27.988333333333337,626.0
85.18027777777779,27.988055555555558,625.0
85.18027777777779,27.98777777777778,625.0
85.18027777777779,27.987500000000004,625.0
85.18027777777779,27.987222222222226,624.0
85.18055555555556,27.986944444444447,623.0
85.18055555555556,27.986666666666668,623.0
85.18055555555556,27.986388888888893,622.0
85.18055555555556,27.986111111111114,622.0
85.18055555555556,27.985833333333336,622.0
85.18055555555556,27.985555555555557,621.0
85.18055555555556,27.98527777777778,621.0
85.18055555555556,27.985000000000003,620.0
85.18055555555556,27.984722222222224,619.0
85.18055555555556,27.984444444444446,619.0
85.18055555555556,27.98416666666667,619.0
85.18055555555556,27.98388888888889,618.0
85.18027777777779,27.983611111111113,617.0
85.18027777777779,27.983333333333334,617.0
85.18027777777779,27.98305555555556,616.0
85.18027777777779,27.98277777777778,616.0
85.18027777777779,27.9825,615.0
85.18027777777779,27.982222222222223,615.0
85.18027777777779,27.981944444444448,614.0
85.18027777777779,27.98166666666667,614.0
85.18055555555556,27.98138888888889,613.0
85.18055555555556,27.981111111111115,613.0
85.18055555555556,27.980833333333337,612.0
85.18083333333334,27.980555555555558,612.0
85.18083333333334,27.98027777777778,611.0
85.18111111111112,27.98027777777778,611.0
85.18138888888889,27.980000000000004,610.0
85.18138888888889,27.979722222222225,610.0
85.18138888888889,27.979444444444447,610.0
85.18138888888889,27.979166666666668,609.0
85.18166666666667,27.978888888888893,608.0
85.18166666666667,27.978611111111114,608.0
85.18166666666667,27.978333333333335,607.0
85.18166666666667,27.978055555555557,607.0
85.18166666666667,27.97777777777778,606.0
85.18166666666667,27.977500000000003,606.0
85.18194444444445,27.977222222222224,606.0
85.18194444444445,27.976944444444445,605.0
85.18194444444445,27.97666666666667,605.0
85.18194444444445,27.97638888888889,605.0
85.18222222222222,27.976111111111113,604.0
85.18222222222222,27.975833333333338,604.0
85.18222222222222,27.97555555555556,604.0
85.18222222222222,27.97527777777778,604.0
85.1825,27.975,603.0
85.1825,27.974722222222226,603.0
85.18277777777779,27.974444444444448,603.0
85.18277777777779,27.97416666666667,602.0
85.18305555555555,27.97416666666667,602.0
85.18333333333334,27.97388888888889,602.0
85.18361111111112,27.973611111111115,601.0
85.18361111111112,27.973333333333336,601.0
85.18361111111112,27.973055555555558,601.0
85.18388888888889,27.97277777777778,600.0
85.18416666666667,27.972500000000004,600.0
85.18416666666667,27.972222222222225,600.0
85.18444444444445,27.971944444444446,599.0
85.18444444444445,27.971666666666668,599.0
85.18444444444445,27.971388888888892,599.0
85.18416666666667,27.971111111111114,598.0
85.18388888888889,27.970833333333335,598.0
85.18361111111112,27.970555555555556,598.0
85.18333333333334,27.970555555555556,597.0
85.18305555555555,27.97027777777778,597.0
85.18277777777779,27.97027777777778,596.0
85.1825,27.97027777777778,596.0
85.18222222222222,27.970000000000002,595.0
85.18194444444445,27.970000000000002,595.0
85.18166666666667,27.970000000000002,595.0
85.18138888888889,27.970000000000002,594.0
85.18111111111112,27.970000000000002,594.0
85.18083333333334,27.969722222222224,593.0
85.18055555555556,27.969722222222224,593.0
85.18027777777779,27.969722222222224,592.0
85.18,27.969722222222224,592.0
85.17972222222222,27.969722222222224,592.0
85.17944444444444,27.96944444444445,591.0
85.17916666666667,27.96944444444445,591.0
85.17888888888889,27.96916666666667,590.0
85.17861111111111,27.96888888888889,590.0
85.17833333333334,27.968611111111112,589.0
85.17833333333334,27.968333333333337,589.0
85.17805555555556,27.96805555555556,588.0
85.17805555555556,27.96777777777778,588.0
85.17777777777778,27.9675,587.0
85.17777777777778,27.967222222222226,587.0
85.17777777777778,27.966944444444447,587.0
85.17750000000001,27.96666666666667,586.0
85.17722222222223,27.96638888888889,586.0
85.17722222222223,27.966111111111115,585.0
85.17722222222223,27.965833333333336,585.0
85.17694444444444,27.965555555555557,585.0
85.17666666666668,27.96527777777778,584.0
85.1763888888889,27.96527777777778,584.0
85.17611111111111,27.965000000000003,584.0
85.17583333333334,27.964722222222225,584.0
85.17555555555556,27.964722222222225,584.0
85.17527777777778,27.964722222222225,584.0
85.17500000000001,27.964444444444446,583.0
85.17472222222223,27.964444444444446,583.0
85.17444444444445,27.964444444444446,583.0
85.17416666666666,27.96416666666667,582.0
85.1738888888889,27.96416666666667,582.0
85.17361111111111,27.963888888888892,581.0
85.17333333333333,27.963888888888892,581.0
85.17305555555556,27.963888888888892,581.0
85.17277777777778,27.963611111111113,580.0
85.1725,27.963611111111113,580.0
85.17222222222223,27.963611111111113,580.0
85.17194444444445,27.963611111111113,579.0
85.17194444444445,27.963333333333335,579.0
85.17166666666667,27.96305555555556,579.0
85.1713888888889,27.96277777777778,578.0
85.17111111111112,27.96277777777778,578.0
85.17083333333333,27.96277777777778,578.0
85.17055555555557,27.962500000000002,576.0
85.17027777777778,27.962500000000002,576.0
85.17,27.962500000000002,575.0
85.16972222222223,27.962222222222223,575.0
85.16972222222223,27.96194444444445,574.0
85.16972222222223,27.96166666666667,572.0
85.16944444444445,27.96166666666667,572.0
85.16916666666667,27.96138888888889,572.0
85.16888888888889,27.961111111111112,571.0
85.16888888888889,27.960833333333337,571.0
85.16861111111112,27.96055555555556,570.0
85.16861111111112,27.96027777777778,570.0
85.16861111111112,27.96,570.0
85.16833333333334,27.959722222222226,570.0
85.16833333333334,27.959444444444447,569.0
85.16833333333334,27.95916666666667,569.0
85.16805555555555,27.958888888888893,569.0
85.16805555555555,27.958611111111114,568.0
85.16777777777779,27.958333333333336,568.0
85.1675,27.958055555555557,567.0
85.1675,27.957777777777782,567.0
85.1675,27.957500000000003,567.0
85.16722222222222,27.957222222222224,566.0
85.16694444444445,27.957222222222224,566.0
85.16666666666667,27.956944444444446,566.0
85.16638888888889,27.95666666666667,565.0
85.16611111111112,27.95666666666667,565.0
85.16583333333334,27.956388888888892,565.0
85.16555555555556,27.956388888888892,564.0
85.16527777777779,27.956111111111113,564.0
85.165,27.956111111111113,564.0
85.16472222222222,27.956111111111113,563.0
85.16444444444444,27.956111111111113,563.0
85.16416666666667,27.955833333333334,563.0
85.16388888888889,27.955833333333334,563.0
85.16361111111111,27.955833333333334,562.0
85.16333333333334,27.955833333333334,562.0
85.16305555555556,27.95555555555556,562.0
85.16277777777778,27.95527777777778,561.0
85.16250000000001,27.955000000000002,561.0
85.16250000000001,27.954722222222223,564.0
85.16222222222223,27.954444444444448,560.0
85.16222222222223,27.95416666666667,561.0
85.16222222222223,27.95388888888889,559.0
85.16222222222223,27.953611111111115,559.0
85.16222222222223,27.953333333333337,558.0
85.16222222222223,27.953055555555558,560.0
85.16222222222223,27.95277777777778,561.0
85.16222222222223,27.952500000000004,560.0
85.16222222222223,27.952222222222225,561.0
85.16222222222223,27.951944444444447,560.0
85.16222222222223,27.951666666666668,560.0
85.16222222222223,27.951388888888893,560.0
85.16222222222223,27.951111111111114,558.0
85.16222222222223,27.950833333333335,558.0
85.16222222222223,27.950555555555557,559.0
85.16222222222223,27.95027777777778,562.0
85.16222222222223,27.950000000000003,556.0
85.16222222222223,27.949722222222224,564.0
85.16250000000001,27.949444444444445,555.0
85.16250000000001,27.94916666666667,555.0
85.16250000000001,27.94888888888889,555.0
85.16250000000001,27.948611111111113,564.0
85.16277777777778,27.948333333333334,563.0
85.16277777777778,27.94805555555556,557.0
85.16277777777778,27.94777777777778,557.0
85.16277777777778,27.9475,553.0
85.16277777777778,27.947222222222226,559.0
85.16250000000001,27.946944444444448,558.0
85.16222222222223,27.94666666666667,554.0
85.16222222222223,27.94638888888889,553.0
85.16194444444444,27.946111111111115,553.0
85.16166666666668,27.945833333333336,552.0
85.1613888888889,27.945555555555558,553.0
85.1613888888889,27.94527777777778,553.0
85.16111111111111,27.945000000000004,553.0
85.16083333333334,27.944722222222225,553.0
85.16083333333334,27.944444444444446,552.0
85.16055555555556,27.944166666666668,552.0
85.16055555555556,27.943888888888893,552.0
85.16055555555556,27.943611111111114,551.0
85.16027777777778,27.943333333333335,551.0
85.16000000000001,27.943055555555556,553.0
85.16000000000001,27.94277777777778,551.0
85.16000000000001,27.942500000000003,551.0
85.15972222222223,27.942222222222224,549.0
85.15972222222223,27.94194444444445,550.0
85.15944444444445,27.94166666666667,550.0
85.15916666666666,27.94138888888889,550.0
85.15916666666666,27.941111111111113,549.0
85.1588888888889,27.940833333333337,548.0
85.1588888888889,27.94055555555556,547.0
85.1588888888889,27.94027777777778,547.0
85.15861111111111,27.94,547.0
85.15861111111111,27.939722222222226,546.0
85.15861111111111,27.939444444444447,544.0
85.15833333333333,27.93916666666667,541.0
85.15805555555556,27.93888888888889,546.0
85.15777777777778,27.938611111111115,545.0
85.1575,27.938333333333336,543.0
85.15722222222223,27.938055555555557,546.0
85.15694444444445,27.93777777777778,546.0
85.15694444444445,27.937500000000004,546.0
85.15666666666667,27.937222222222225,545.0
85.15666666666667,27.936944444444446,544.0
85.15666666666667,27.936666666666667,544.0
85.1563888888889,27.936388888888892,543.0
85.15611111111112,27.936111111111114,541.0
85.15611111111112,27.935833333333335,542.0
85.15611111111112,27.93555555555556,542.0
85.15583333333333,27.93527777777778,540.0
85.15555555555557,27.935000000000002,540.0
85.15555555555557,27.934722222222224,538.0
85.15555555555557,27.93444444444445,539.0
85.15555555555557,27.93416666666667,539.0
85.15555555555557,27.93388888888889,540.0
85.15527777777778,27.933611111111112,539.0
85.15527777777778,27.933333333333337,539.0
85.155,27.93305555555556,539.0
85.15472222222223,27.93277777777778,540.0
85.15472222222223,27.9325,538.0
85.15444444444445,27.932222222222226,537.0
85.15416666666667,27.931944444444447,538.0
85.15388888888889,27.931944444444447,537.0
85.15361111111112,27.931944444444447,536.0
85.15333333333334,27.931944444444447,535.0
85.15305555555555,27.932222222222226,534.0
85.15277777777779,27.932222222222226,534.0
85.1525,27.9325,534.0
85.15222222222222,27.93277777777778,534.0
85.15194444444445,27.93305555555556,533.0
85.15194444444445,27.933333333333337,532.0
85.15166666666667,27.933611111111112,531.0
85.15138888888889,27.933611111111112,531.0
85.15111111111112,27.933611111111112,531.0
85.15083333333334,27.933611111111112,530.0
85.15055555555556,27.933611111111112,530.0
85.15027777777779,27.933333333333337,529.0
85.15027777777779,27.93305555555556,529.0
85.15027777777779,27.93277777777778,529.0
85.15,27.9325,528.0
85.15,27.932222222222226,528.0
85.15,27.931944444444447,527.0
85.15,27.93166666666667,527.0
85.15,27.93138888888889,527.0
85.15,27.931111111111115,526.0
85.14972222222222,27.930833333333336,526.0
85.14944444444446,27.930555555555557,525.0
85.14944444444446,27.930277777777782,525.0
85.14944444444446,27.930000000000003,525.0
85.14944444444446,27.929722222222225,524.0
85.14916666666667,27.929444444444446,524.0
85.14888888888889,27.92916666666667,523.0
85.14888888888889,27.928888888888892,523.0
85.14916666666667,27.928611111111113,523.0
85.14944444444446,27.928333333333335,522.0
85.14972222222222,27.92805555555556,522.0
85.15,27.92777777777778,521.0
85.15,27.927500000000002,521.0
85.15,27.927222222222223,521.0
85.15,27.926944444444448,520.0
85.15027777777779,27.92666666666667,520.0
85.15055555555556,27.92638888888889,519.0
85.15055555555556,27.926111111111112,519.0
85.15083333333334,27.925833333333337,519.0
85.15083333333334,27.925555555555558,518.0
85.15083333333334,27.92527777777778,518.0
85.15083333333334,27.925000000000004,518.0
85.15111111111112,27.924722222222226,517.0
85.15111111111112,27.924444444444447,517.0
85.15111111111112,27.924166666666668,516.0
85.15111111111112,27.923888888888893,516.0
85.15111111111112,27.923611111111114,516.0
85.15111111111112,27.923333333333336,515.0
85.15111111111112,27.923055555555557,515.0
85.15111111111112,27.92277777777778,515.0
85.15083333333334,27.922500000000003,515.0
85.15055555555556,27.922222222222224,515.0
85.15027777777779,27.921944444444446,515.0
85.15,27.921944444444446,515.0
85.14972222222222,27.921944444444446,515.0
85.14944444444446,27.921944444444446,515.0
85.14916666666667,27.92166666666667,515.0
85.14888888888889,27.92166666666667,515.0
85.14861111111111,27.92166666666667,514.0
85.14833333333334,27.92138888888889,514.0
85.14805555555556,27.92138888888889,514.0
85.14777777777778,27.921111111111113,514.0
85.14750000000001,27.920833333333334,514.0
85.14722222222223,27.920833333333334,513.0
85.14694444444444,27.920833333333334,513.0
85.14666666666668,27.920833333333334,513.0
85.1463888888889,27.920833333333334,513.0
85.14611111111111,27.920833333333334,513.0
85.14583333333334,27.920833333333334,512.0
85.14555555555556,27.920833333333334,512.0
85.14527777777778,27.92055555555556,512.0
85.14500000000001,27.92055555555556,512.0
85.14472222222223,27.92055555555556,512.0
85.14444444444445,27.92055555555556,512.0
85.14416666666668,27.92055555555556,511.0
85.1438888888889,27.92055555555556,511.0
85.14361111111111,27.92055555555556,511.0
85.14333333333333,27.92027777777778,511.0
85.14305555555556,27.92,510.0
85.14277777777778,27.919722222222223,510.0
85.1425,27.919444444444448,510.0
85.14222222222223,27.91916666666667,510.0
85.14194444444445,27.91888888888889,509.0
85.14194444444445,27.918611111111115,509.0
85.14166666666667,27.918333333333337,509.0
85.1413888888889,27.918055555555558,509.0
85.14111111111112,27.91777777777778,508.0
85.14083333333333,27.91777777777778,508.0
85.14055555555557,27.917500000000004,508.0
85.14027777777778,27.917222222222225,508.0
85.14,27.917222222222225,508.0
85.13972222222223,27.916944444444447,507.0
85.13944444444445,27.916944444444447,507.0
85.13916666666667,27.916944444444447,507.0
85.1388888888889,27.916944444444447,507.0
85.13861111111112,27.916944444444447,507.0
85.13833333333334,27.916944444444447,507.0
85.13805555555555,27.916666666666668,506.0
85.13777777777779,27.916666666666668,506.0
85.1375,27.916666666666668,506.0
85.13722222222222,27.916666666666668,506.0
85.13694444444445,27.916388888888893,506.0
85.13666666666667,27.916388888888893,506.0
85.13638888888889,27.916388888888893,505.0
85.13611111111112,27.916388888888893,505.0
85.13583333333334,27.916388888888893,505.0
85.13555555555556,27.916111111111114,505.0
85.13527777777779,27.916111111111114,505.0
85.135,27.915833333333335,504.0
85.13472222222222,27.915555555555557,504.0
85.13444444444445,27.91527777777778,504.0
85.13416666666667,27.915000000000003,503.0
85.13416666666667,27.914722222222224,503.0
85.13444444444445,27.914444444444445,503.0
85.13444444444445,27.91416666666667,503.0
85.13472222222222,27.91388888888889,503.0
85.135,27.913611111111113,502.0
85.13527777777779,27.913333333333338,502.0
85.13555555555556,27.91305555555556,502.0
85.13583333333334,27.91277777777778,502.0
85.13611111111112,27.9125,501.0
85.13638888888889,27.912222222222226,501.0
85.13666666666667,27.911944444444448,501.0
85.13694444444445,27.91166666666667,500.0
85.13722222222222,27.91138888888889,500.0
85.1375,27.911111111111115,500.0
85.13777777777779,27.910833333333336,500.0
85.13805555555555,27.910555555555558,499.0
85.13805555555555,27.91027777777778,499.0
85.13833333333334,27.910000000000004,499.0
85.13861111111112,27.909722222222225,499.0
85.13861111111112,27.909444444444446,499.0
85.1388888888889,27.909166666666668,498.0
85.1388888888889,27.908888888888892,498.0
85.1388888888889,27.908611111111114,498.0
85.1388888888889,27.908333333333335,498.0
85.1388888888889,27.908055555555556,498.0
85.1388888888889,27.90777777777778,497.0
85.1388888888889,27.907500000000002,497.0
85.1388888888889,27.907222222222224,497.0
85.1388888888889,27.90694444444445,497.0
85.13916666666667,27.90666666666667,497.0
85.13916666666667,27.90638888888889,496.0
85.13944444444445,27.906111111111112,496.0
85.13944444444445,27.905833333333337,496.0
85.13972222222223,27.90555555555556,496.0
85.14,27.90527777777778,495.0
85.14,27.905,495.0
85.14027777777778,27.904722222222226,495.0
85.14055555555557,27.904444444444447,495.0
85.14083333333333,27.90416666666667,495.0
85.14083333333333,27.90388888888889,494.0
85.14083333333333,27.903611111111115,494.0
85.14083333333333,27.903333333333336,494.0
85.14111111111112,27.903055555555557,494.0
85.14111111111112,27.90277777777778,493.0
85.14111111111112,27.902500000000003,493.0
85.14083333333333,27.902222222222225,493.0
85.14055555555557,27.901944444444446,493.0
85.14027777777778,27.90166666666667,492.0
85.14,27.90166666666667,492.0
85.13972222222223,27.90166666666667,492.0
85.13944444444445,27.901388888888892,492.0
85.13916666666667,27.901388888888892,492.0
85.1388888888889,27.901111111111113,491.0
85.13861111111112,27.901111111111113,491.0
85.13833333333334,27.901111111111113,491.0
85.13805555555555,27.901111111111113,491.0
85.13777777777779,27.900833333333335,491.0
85.1375,27.900833333333335,491.0
85.13722222222222,27.90055555555556,491.0
85.13722222222222,27.90027777777778,491.0
85.13694444444445,27.900000000000002,491.0
85.13694444444445,27.899722222222223,491.0
85.13694444444445,27.89944444444445,490.0
85.13694444444445,27.89916666666667,490.0
85.13694444444445,27.89888888888889,490.0
85.13694444444445,27.898611111111112,490.0
85.13666666666667,27.898333333333337,487.0
85.13638888888889,27.89805555555556,491.0
85.13638888888889,27.89777777777778,490.0
85.13638888888889,27.8975,489.0
85.13638888888889,27.897222222222226,487.0
85.13638888888889,27.896944444444447,488.0
85.13638888888889,27.89666666666667,490.0
85.13611111111112,27.896388888888893,487.0
85.13611111111112,27.896111111111114,486.0
85.13611111111112,27.895833333333336,488.0
85.13611111111112,27.895555555555557,489.0
85.13611111111112,27.895277777777782,488.0
85.13611111111112,27.895000000000003,489.0
85.13611111111112,27.894722222222224,490.0
85.13611111111112,27.894444444444446,490.0
85.13611111111112,27.89416666666667,489.0
85.13611111111112,27.893888888888892,488.0
85.13611111111112,27.893611111111113,486.0
85.13611111111112,27.893333333333334,486.0
85.13611111111112,27.89305555555556,487.0
85.13611111111112,27.89277777777778,485.0
85.13638888888889,27.892500000000002,490.0
85.13666666666667,27.892222222222223,489.0
85.13666666666667,27.891944444444448,484.0
85.13666666666667,27.89166666666667,482.0
85.13666666666667,27.89138888888889,483.0
85.13666666666667,27.891111111111115,483.0
85.13694444444445,27.890833333333337,482.0
85.13694444444445,27.890555555555558,484.0
85.13722222222222,27.89027777777778,482.0
85.13722222222222,27.890000000000004,483.0
85.13722222222222,27.889722222222225,482.0
85.13722222222222,27.889444444444447,482.0
85.13694444444445,27.889166666666668,482.0
85.13666666666667,27.888888888888893,483.0
85.13638888888889,27.888611111111114,481.0
85.13638888888889,27.888333333333335,480.0
85.13611111111112,27.888333333333335,479.0
85.13583333333334,27.888055555555557,480.0
85.13555555555556,27.88777777777778,479.0
85.13527777777779,27.88777777777778,479.0
85.135,27.88777777777778,479.0
85.13472222222222,27.88777777777778,479.0
85.13444444444445,27.887500000000003,479.0
85.13416666666667,27.887222222222224,479.0
85.13388888888889,27.886944444444445,479.0
85.13361111111112,27.88666666666667,479.0
85.13333333333334,27.88638888888889,478.0
85.13305555555556,27.88638888888889,478.0
85.13277777777778,27.88638888888889,478.0
85.13250000000001,27.886111111111113,478.0
85.13222222222223,27.885833333333334,478.0
85.13194444444444,27.88555555555556,478.0
85.13166666666667,27.88527777777778,478.0
85.13138888888889,27.885,477.0
85.13111111111111,27.885,477.0
85.13083333333334,27.885,477.0
85.13055555555556,27.885,477.0
85.13027777777778,27.884722222222226,477.0
85.13000000000001,27.884444444444448,477.0
85.12972222222223,27.88416666666667,477.0
85.12944444444445,27.88388888888889,477.0
85.12916666666668,27.883611111111115,476.0
85.1288888888889,27.883333333333336,476.0
85.12861111111111,27.883055555555558,476.0
85.12833333333334,27.88277777777778,476.0
85.12805555555556,27.882500000000004,476.0
85.12777777777778,27.882222222222225,476.0
85.1275,27.881944444444446,475.0
85.12722222222223,27.881666666666668,475.0
85.12694444444445,27.881388888888893,475.0
85.12694444444445,27.881111111111114,475.0
85.12666666666667,27.880833333333335,475.0
85.1263888888889,27.880555555555556,475.0
85.12611111111111,27.88027777777778,475.0
85.12583333333333,27.880000000000003,474.0
85.12583333333333,27.879722222222224,474.0
85.12583333333333,27.87944444444445,474.0
85.12583333333333,27.87916666666667,474.0
85.12583333333333,27.87888888888889,474.0
85.12583333333333,27.878611111111113,474.0
85.12583333333333,27.878333333333337,474.0
85.12583333333333,27.87805555555556,474.0
85.12583333333333,27.87777777777778,474.0
85.12583333333333,27.8775,473.0
85.12583333333333,27.877222222222226,473.0
85.12583333333333,27.876944444444447,473.0
85.12583333333333,27.87666666666667,473.0
85.12583333333333,27.87638888888889,473.0
85.12583333333333,27.876111111111115,473.0
85.12583333333333,27.875833333333336,473.0
85.12583333333333,27.875555555555557,473.0
85.12583333333333,27.87527777777778,473.0
85.12583333333333,27.875000000000004,472.0
85.12555555555556,27.875000000000004,472.0
85.12527777777778,27.874722222222225,472.0
85.125,27.874722222222225,472.0
85.12472222222223,27.874444444444446,472.0
85.12444444444445,27.874166666666667,471.0
85.12416666666667,27.874166666666667,471.0
85.1238888888889,27.874166666666667,471.0
85.12361111111112,27.874166666666667,471.0
85.12333333333333,27.874166666666667,471.0
85.12305555555557,27.874166666666667,470.0
85.12277777777778,27.873888888888892,470.0
85.1225,27.873888888888892,470.0
85.12222222222222,27.873611111111114,470.0
85.12194444444445,27.873611111111114,470.0
85.12166666666667,27.873611111111114,469.0
85.12138888888889,27.873333333333335,469.0
85.12111111111112,27.87305555555556,469.0
85.12083333333334,27.87277777777778,469.0
85.12055555555555,27.872500000000002,468.0
85.12027777777779,27.872500000000002,468.0
85.12,27.872222222222224,468.0
85.11972222222222,27.87194444444445,468.0
85.11944444444445,27.87166666666667,467.0
85.11916666666667,27.87166666666667,467.0
85.11888888888889,27.87166666666667,467.0
85.11861111111112,27.87166666666667,467.0
85.11833333333334,27.87138888888889,467.0
85.11805555555556,27.871111111111112,466.0
85.11777777777779,27.871111111111112,466.0
85.1175,27.871111111111112,466.0
85.11722222222222,27.870833333333337,466.0
85.11694444444444,27.87055555555556,465.0
85.11666666666667,27.87055555555556,465.0
85.11638888888889,27.87055555555556,465.0
85.11611111111111,27.87055555555556,465.0
85.11583333333334,27.87027777777778,465.0
85.11555555555556,27.87,464.0
85.11555555555556,27.869722222222226,464.0
85.11527777777778,27.869444444444447,464.0
85.11500000000001,27.86916666666667,464.0
85.11472222222223,27.86888888888889,463.0
85.11444444444444,27.868611111111115,463.0
85.11416666666668,27.868333333333336,463.0
85.1138888888889,27.868055555555557,463.0
85.11361111111111,27.867777777777782,463.0
85.11333333333334,27.867500000000003,462.0
85.11305555555556,27.867222222222225,462.0
85.11277777777778,27.866944444444446,462.0
85.11250000000001,27.86666666666667,462.0
85.11222222222223,27.866388888888892,462.0
85.11194444444445,27.866111111111113,461.0
85.11194444444445,27.865833333333335,461.0
85.11222222222223,27.86555555555556,461.0
85.11222222222223,27.86527777777778,461.0
85.11194444444445,27.865000000000002,461.0
85.11166666666666,27.864722222222223,461.0
85.11166666666666,27.864444444444448,461.0
85.1113888888889,27.86416666666667,460.0
85.1113888888889,27.86388888888889,460.0
85.11111111111111,27.863611111111112,460.0
85.11083333333333,27.863333333333337,460.0
85.11083333333333,27.863055555555558,460.0
85.11083333333333,27.86277777777778,460.0
85.11055555555556,27.862500000000004,459.0
85.11027777777778,27.862222222222226,459.0
85.11,27.861944444444447,459.0
85.10972222222223,27.861666666666668,459.0
85.10944444444445,27.861388888888893,459.0
85.10916666666667,27.861111111111114,458.0
85.1088888888889,27.860833333333336,458.0
85.10861111111112,27.860555555555557,458.0
85.10833333333333,27.86027777777778,458.0
85.10805555555557,27.860000000000003,458.0
85.10777777777778,27.859722222222224,458.0
85.1075,27.859444444444446,458.0
85.10722222222223,27.85916666666667,458.0
85.10694444444445,27.85888888888889,458.0
85.10666666666667,27.858611111111113,458.0
85.10638888888889,27.858333333333334,457.0
85.10611111111112,27.858333333333334,457.0
85.10583333333334,27.858333333333334,457.0
85.10555555555555,27.858333333333334,457.0
85.10527777777779,27.858333333333334,457.0
85.105,27.858333333333334,457.0
85.10472222222222,27.858333333333334,457.0
85.10444444444445,27.858333333333334,456.0
85.10416666666667,27.858333333333334,456.0
85.10388888888889,27.858333333333334,456.0
85.10361111111112,27.858333333333334,456.0
85.10333333333334,27.858333333333334,456.0
85.10305555555556,27.858333333333334,456.0
85.10277777777779,27.858333333333334,456.0
85.1025,27.858333333333334,455.0
85.10222222222222,27.858333333333334,455.0
85.10194444444444,27.858333333333334,455.0
85.10166666666667,27.858333333333334,455.0
85.10138888888889,27.858333333333334,455.0
85.10111111111111,27.858333333333334,455.0
85.10083333333334,27.858611111111113,454.0
85.10055555555556,27.858611111111113,454.0
85.10027777777778,27.858611111111113,454.0
85.10000000000001,27.858611111111113,454.0
85.09972222222223,27.858611111111113,454.0
85.09944444444444,27.85888888888889,454.0
85.09916666666668,27.85916666666667,453.0
85.0988888888889,27.85916666666667,453.0
85.09861111111111,27.85916666666667,453.0
85.09833333333334,27.85916666666667,453.0
85.09805555555556,27.85916666666667,453.0
85.09777777777778,27.859444444444446,453.0
85.09750000000001,27.859722222222224,452.0
85.09722222222223,27.859722222222224,452.0
85.09694444444445,27.859722222222224,452.0
85.09666666666666,27.859722222222224,452.0
85.0963888888889,27.859722222222224,452.0
85.09611111111111,27.859722222222224,452.0
85.09583333333333,27.859722222222224,452.0
85.09555555555556,27.859722222222224,451.0
85.09527777777778,27.859722222222224,451.0
85.095,27.859722222222224,451.0
85.09472222222223,27.859722222222224,451.0
85.09444444444445,27.860000000000003,451.0
85.09416666666667,27.860000000000003,451.0
85.0938888888889,27.860000000000003,451.0
85.09361111111112,27.860000000000003,451.0
85.09333333333333,27.860000000000003,451.0
85.09305555555557,27.860000000000003,451.0
85.09277777777778,27.86027777777778,450.0
85.0925,27.86027777777778,450.0
85.09222222222223,27.86027777777778,450.0
85.09194444444445,27.86027777777778,450.0
85.09166666666667,27.86027777777778,450.0
85.09138888888889,27.86027777777778,450.0
85.09111111111112,27.86027777777778,450.0
85.09083333333334,27.86027777777778,450.0
85.09055555555555,27.86027777777778,450.0
85.09027777777779,27.860000000000003,449.0
85.09,27.860000000000003,449.0
85.08972222222222,27.859722222222224,449.0
85.08944444444445,27.859444444444446,449.0
85.08916666666667,27.85916666666667,449.0
85.08916666666667,27.85888888888889,449.0
85.08916666666667,27.858611111111113,449.0
85.08888888888889,27.858333333333334,448.0
85.08888888888889,27.85805555555556,448.0
85.08861111111112,27.85777777777778,448.0
85.08833333333334,27.8575,448.0
85.08805555555556,27.857222222222223,448.0
85.08777777777779,27.856944444444448,448.0
85.0875,27.85666666666667,448.0
85.08722222222222,27.85638888888889,447.0
85.08694444444446,27.85638888888889,447.0
85.08666666666667,27.85638888888889,447.0
85.08638888888889,27.85638888888889,447.0
85.08611111111111,27.85638888888889,447.0
85.08583333333334,27.85638888888889,447.0
85.08555555555556,27.85638888888889,447.0
85.08527777777778,27.85638888888889,447.0
85.08500000000001,27.85638888888889,447.0
85.08472222222223,27.85638888888889,447.0
85.08444444444444,27.85638888888889,446.0
85.08416666666668,27.85638888888889,446.0
85.0838888888889,27.85638888888889,446.0
85.08361111111111,27.85638888888889,446.0
85.08333333333334,27.85638888888889,446.0
85.08305555555556,27.85638888888889,446.0
85.08277777777778,27.85638888888889,446.0
85.08250000000001,27.85638888888889,446.0
85.08222222222223,27.85638888888889,446.0
85.08194444444445,27.85638888888889,446.0
85.08166666666668,27.85638888888889,445.0
85.0813888888889,27.85638888888889,445.0
85.08111111111111,27.85638888888889,445.0
85.08083333333333,27.85638888888889,445.0
85.08055555555556,27.85638888888889,445.0
85.08027777777778,27.85638888888889,445.0
85.08,27.85638888888889,445.0
85.07972222222223,27.856111111111115,445.0
85.07944444444445,27.855833333333337,445.0
85.07916666666667,27.855555555555558,444.0
85.0788888888889,27.855555555555558,444.0
85.07861111111112,27.855555555555558,444.0
85.07833333333333,27.855555555555558,444.0
85.07805555555557,27.855555555555558,444.0
85.07777777777778,27.85527777777778,444.0
85.0775,27.855000000000004,444.0
85.07722222222223,27.854722222222225,444.0
85.07694444444445,27.854444444444447,443.0
85.07666666666667,27.854444444444447,443.0
85.0763888888889,27.854444444444447,443.0
85.07611111111112,27.854444444444447,443.0
85.07583333333334,27.854166666666668,443.0
85.07555555555555,27.853888888888893,443.0
85.07527777777779,27.853888888888893,443.0
85.075,27.853888888888893,443.0
85.07472222222222,27.853611111111114,443.0
85.07444444444445,27.853333333333335,442.0
85.07416666666667,27.853333333333335,442.0
85.07388888888889,27.853333333333335,442.0
85.07361111111112,27.853333333333335,442.0
85.07333333333334,27.853333333333335,442.0
85.07305555555556,27.853333333333335,442.0
85.07277777777779,27.853333333333335,442.0
85.0725,27.853333333333335,442.0
85.07222222222222,27.853611111111114,441.0
85.07194444444445,27.853611111111114,441.0
85.07166666666667,27.853611111111114,441.0
85.07138888888889,27.853611111111114,441.0
85.07111111111112,27.853611111111114,441.0
85.07083333333334,27.853611111111114,441.0
85.07055555555556,27.853611111111114,441.0
85.07027777777778,27.853888888888893,441.0
85.07000000000001,27.854166666666668,441.0
85.06972222222223,27.854444444444447,440.0
85.06944444444444,27.854444444444447,440.0
85.06916666666667,27.854722222222225,440.0
85.06888888888889,27.855000000000004,440.0
85.06861111111111,27.85527777777778,440.0
85.06833333333334,27.855555555555558,440.0
85.06805555555556,27.855833333333337,440.0
85.06777777777778,27.856111111111115,439.0
85.06750000000001,27.856111111111115,439.0
85.06722222222223,27.856111111111115,439.0
85.06694444444445,27.856111111111115,439.0
85.06666666666668,27.856111111111115,439.0
85.0663888888889,27.856111111111115,439.0
85.06611111111111,27.85638888888889,439.0
85.06583333333334,27.85638888888889,438.0
85.06555555555556,27.85638888888889,438.0
85.06527777777778,27.85666666666667,438.0
85.065,27.856944444444448,438.0
85.06472222222223,27.856944444444448,438.0
85.06444444444445,27.857222222222223,438.0
85.06416666666667,27.857222222222223,438.0
85.0638888888889,27.857222222222223,438.0
85.06361111111111,27.8575,438.0
85.06333333333333,27.8575,438.0
85.06305555555556,27.85777777777778,437.0
85.06277777777778,27.85805555555556,437.0
85.0625,27.858333333333334,437.0
85.06222222222223,27.858611111111113,437.0
85.06194444444445,27.85888888888889,437.0
85.06166666666667,27.85916666666667,437.0
85.0613888888889,27.859444444444446,436.0
85.06111111111112,27.859444444444446,436.0
85.06083333333333,27.859444444444446,436.0
85.06055555555557,27.859444444444446,436.0
85.06027777777778,27.859444444444446,436.0
85.06,27.859444444444446,436.0
85.05972222222222,27.859444444444446,436.0
85.05944444444445,27.859444444444446,436.0
85.05916666666667,27.859444444444446,435.0
85.05888888888889,27.85916666666667,435.0
85.05861111111112,27.85888888888889,435.0
85.05861111111112,27.858611111111113,435.0
85.05833333333334,27.858333333333334,435.0
85.05805555555555,27.85805555555556,435.0
85.05777777777779,27.85777777777778,434.0
85.05777777777779,27.8575,434.0
85.05777777777779,27.857222222222223,434.0
85.05777777777779,27.856944444444448,434.0
85.05777777777779,27.85666666666667,434.0
85.0575,27.85638888888889,434.0
85.05722222222222,27.856111111111115,434.0
85.05694444444445,27.855833333333337,434.0
85.05666666666667,27.855555555555558,433.0
85.05638888888889,27.855555555555558,433.0
85.05611111111112,27.85527777777778,433.0
85.05583333333334,27.85527777777778,433.0
85.05555555555556,27.855000000000004,433.0
85.05527777777779,27.854722222222225,433.0
85.055,27.854722222222225,433.0
85.05472222222222,27.854444444444447,433.0
85.05444444444444,27.854166666666668,433.0
85.05416666666667,27.853888888888893,432.0
85.05388888888889,27.853888888888893,432.0
85.05361111111111,27.853888888888893,432.0
85.05333333333334,27.853888888888893,432.0
85.05305555555556,27.853888888888893,432.0
85.05277777777778,27.853888888888893,432.0
85.05250000000001,27.853611111111114,432.0
85.05222222222223,27.853333333333335,432.0
85.05194444444444,27.853333333333335,432.0
85.05166666666668,27.853333333333335,432.0
85.0513888888889,27.853055555555557,431.0
85.05111111111111,27.853055555555557,431.0
85.05083333333334,27.853055555555557,431.0
85.05055555555556,27.853055555555557,431.0
85.05027777777778,27.853055555555557,431.0
85.05000000000001,27.853055555555557,431.0
85.04972222222223,27.853055555555557,431.0
85.04944444444445,27.853055555555557,431.0
85.04916666666666,27.853055555555557,431.0
85.0488888888889,27.853055555555557,431.0
85.04861111111111,27.853055555555557,431.0
85.04833333333333,27.853055555555557,430.0
85.04805555555556,27.853055555555557,430.0
85.04777777777778,27.853055555555557,430.0
85.0475,27.853055555555557,430.0
85.04722222222223,27.853055555555557,430.0
85.04694444444445,27.853333333333335,430.0
85.04666666666667,27.853611111111114,430.0
85.0463888888889,27.853888888888893,430.0
85.04611111111112,27.854166666666668,430.0
85.04583333333333,27.854444444444447,429.0
85.04555555555557,27.854444444444447,429.0
85.04527777777778,27.854722222222225,429.0
85.045,27.855000000000004,429.0
85.04472222222223,27.85527777777778,429.0
85.04444444444445,27.855555555555558,429.0
85.04416666666667,27.855833333333337,429.0
85.04388888888889,27.856111111111115,428.0
85.04361111111112,27.856111111111115,428.0
85.04333333333334,27.856111111111115,428.0
85.04305555555555,27.85638888888889,428.0
85.04277777777779,27.85638888888889,428.0
85.0425,27.85638888888889,428.0
85.04222222222222,27.856111111111115,428.0
85.04194444444445,27.855833333333337,428.0
85.04166666666667,27.855555555555558,427.0
85.04138888888889,27.855555555555558,427.0
85.04111111111112,27.855555555555558,427.0
85.04083333333334,27.855555555555558,427.0
85.04055555555556,27.85527777777778,427.0
85.04027777777779,27.855000000000004,427.0
85.04,27.854722222222225,427.0
85.03972222222222,27.854444444444447,427.0
85.03944444444444,27.854166666666668,426.0
85.03916666666667,27.853888888888893,426.0
85.03888888888889,27.853611111111114,426.0
85.03861111111111,27.853611111111114,426.0
85.03833333333334,27.853611111111114,426.0
85.03805555555556,27.853611111111114,426.0
85.03777777777778,27.853611111111114,426.0
85.03750000000001,27.853611111111114,426.0
85.03722222222223,27.853611111111114,426.0
85.03694444444444,27.853611111111114,426.0
85.03666666666668,27.853611111111114,426.0
85.0363888888889,27.853611111111114,426.0
85.03611111111111,27.853611111111114,425.0
85.03583333333334,27.853611111111114,425.0
85.03555555555556,27.853611111111114,425.0
85.03527777777778,27.853611111111114,425.0
85.03500000000001,27.853611111111114,425.0
85.03472222222223,27.853611111111114,425.0
85.03444444444445,27.853611111111114,425.0
85.03416666666666,27.853611111111114,425.0
85.0338888888889,27.853611111111114,425.0
85.03361111111111,27.853611111111114,424.0
85.03333333333333,27.853611111111114,424.0
85.03305555555556,27.853611111111114,424.0
85.03277777777778,27.853611111111114,424.0
85.0325,27.853611111111114,424.0
85.03222222222223,27.853611111111114,424.0
85.03194444444445,27.853611111111114,424.0
85.03166666666667,27.853333333333335,423.0
85.0313888888889,27.853333333333335,423.0
85.03111111111112,27.853055555555557,423.0
85.03083333333333,27.85277777777778,423.0
85.03055555555557,27.852500000000003,423.0
85.03027777777778,27.852222222222224,422.0
85.03027777777778,27.851944444444445,422.0
85.03027777777778,27.85166666666667,422.0
85.03027777777778,27.85138888888889,422.0
85.03,27.851111111111113,422.0
85.03,27.850833333333338,422.0
85.03,27.85055555555556,422.0
85.02972222222223,27.85027777777778,421.0
85.02972222222223,27.85,421.0
85.02944444444445,27.849722222222226,421.0
85.02944444444445,27.849444444444448,421.0
85.02916666666667,27.84916666666667,421.0
85.02888888888889,27.84888888888889,421.0
85.02861111111112,27.848611111111115,420.0
85.02833333333334,27.848333333333336,420.0
85.02805555555555,27.848055555555558,420.0
85.02777777777779,27.84777777777778,420.0
85.0275,27.847500000000004,420.0
85.02722222222222,27.847500000000004,420.0
85.02694444444445,27.847222222222225,419.0
85.02666666666667,27.846944444444446,419.0
85.02638888888889,27.846944444444446,419.0
85.02611111111112,27.846666666666668,419.0
85.02583333333334,27.846666666666668,419.0
85.02555555555556,27.846388888888892,419.0
85.02527777777779,27.846388888888892,419.0
85.025,27.846111111111114,418.0
85.02472222222222,27.846111111111114,418.0
85.02444444444446,27.845833333333335,418.0
85.02416666666667,27.845833333333335,418.0
85.02388888888889,27.845555555555556,418.0
85.02361111111111,27.845555555555556,418.0
85.02333333333334,27.845555555555556,418.0
85.02305555555556,27.84527777777778,417.0
85.02277777777778,27.84527777777778,417.0
85.02250000000001,27.845000000000002,417.0
85.02222222222223,27.844722222222224,417.0
85.02194444444444,27.84444444444445,417.0
85.02166666666668,27.84416666666667,417.0
85.0213888888889,27.84388888888889,416.0
85.02111111111111,27.843611111111112,416.0
85.02083333333334,27.843333333333337,416.0
85.02055555555556,27.84305555555556,416.0
85.02027777777778,27.84277777777778,416.0
85.02000000000001,27.8425,415.0
85.02000000000001,27.842222222222226,415.0
85.02000000000001,27.841944444444447,415.0
85.02000000000001,27.84166666666667,415.0
85.02000000000001,27.84138888888889,415.0
85.02000000000001,27.841111111111115,415.0
85.02000000000001,27.840833333333336,415.0
85.02027777777778,27.840555555555557,414.0
85.02027777777778,27.84027777777778,414.0
85.02055555555556,27.840000000000003,414.0
85.02083333333334,27.839722222222225,414.0
85.02111111111111,27.839444444444446,414.0
85.0213888888889,27.83916666666667,414.0
85.02166666666668,27.838888888888892,413.0
85.02166666666668,27.838611111111113,413.0
85.02166666666668,27.838333333333335,413.0
85.02166666666668,27.83805555555556,413.0
85.02194444444444,27.83777777777778,413.0
85.02222222222223,27.837500000000002,413.0
85.02250000000001,27.837222222222223,412.0
85.02250000000001,27.83694444444445,412.0
85.02250000000001,27.83666666666667,412.0
85.02250000000001,27.83638888888889,412.0
85.02277777777778,27.836111111111112,412.0
85.02305555555556,27.835833333333337,412.0
85.02305555555556,27.83555555555556,412.0
85.02305555555556,27.83527777777778,412.0
85.02305555555556,27.835,412.0
85.02305555555556,27.834722222222226,412.0
85.02305555555556,27.834444444444447,412.0
85.02305555555556,27.83416666666667,412.0
85.02305555555556,27.833888888888893,411.0
85.02305555555556,27.833611111111114,411.0
85.02305555555556,27.833333333333336,411.0
85.02305555555556,27.833055555555557,411.0
85.02305555555556,27.832777777777782,411.0
85.02277777777778,27.832500000000003,411.0
85.02250000000001,27.832222222222224,411.0
85.02222222222223,27.831944444444446,411.0
85.02194444444444,27.83166666666667,411.0
85.02166666666668,27.831388888888892,411.0
85.0213888888889,27.831111111111113,411.0
85.02111111111111,27.830833333333334,411.0
85.02111111111111,27.83055555555556,411.0
85.02083333333334,27.83027777777778,411.0
85.02055555555556,27.830000000000002,411.0
85.02027777777778,27.829722222222223,411.0
85.02000000000001,27.829444444444448,411.0
85.01972222222223,27.82916666666667,411.0
85.01944444444445,27.82888888888889,411.0
85.01916666666668,27.828611111111115,411.0
85.0188888888889,27.828333333333337,411.0
85.01861111111111,27.828055555555558,411.0
85.01833333333333,27.82777777777778,410.0
85.01833333333333,27.827500000000004,410.0
85.01805555555556,27.827222222222225,410.0
85.01777777777778,27.826944444444447,410.0
85.0175,27.826666666666668,410.0
85.01722222222223,27.826388888888893,410.0
85.01722222222223,27.826111111111114,410.0
85.01722222222223,27.825833333333335,410.0
85.01722222222223,27.825555555555557,410.0
85.01722222222223,27.82527777777778,410.0
85.01722222222223,27.825000000000003,410.0
85.01722222222223,27.824722222222224,410.0
85.01722222222223,27.824444444444445,410.0
85.01722222222223,27.82416666666667,410.0
85.01722222222223,27.82388888888889,410.0
85.01722222222223,27.823611111111113,410.0
85.01722222222223,27.823333333333334,410.0
85.01722222222223,27.82305555555556,410.0
85.01722222222223,27.82277777777778,410.0
85.01722222222223,27.8225,410.0
85.01722222222223,27.822222222222226,410.0
85.01722222222223,27.821944444444448,410.0
85.01722222222223,27.82166666666667,410.0
85.01722222222223,27.82138888888889,410.0
85.01722222222223,27.821111111111115,410.0
85.01722222222223,27.820833333333336,410.0
85.01694444444445,27.820555555555558,409.0
85.01694444444445,27.82027777777778,409.0
85.01694444444445,27.820000000000004,409.0
85.01694444444445,27.819722222222225,409.0
85.01694444444445,27.819444444444446,409.0
85.01694444444445,27.819166666666668,409.0
85.01694444444445,27.818888888888893,409.0
85.01666666666667,27.818611111111114,409.0
85.0163888888889,27.818333333333335,409.0
85.01611111111112,27.818055555555556,409.0
85.01583333333333,27.81777777777778,409.0
85.01583333333333,27.817500000000003,409.0
85.01555555555557,27.817222222222224,409.0
85.01555555555557,27.816944444444445,409.0
85.01527777777778,27.81666666666667,409.0
85.01527777777778,27.81638888888889,409.0
85.01527777777778,27.816111111111113,409.0
85.015,27.815833333333337,409.0
85.01472222222223,27.81555555555556,409.0
85.01444444444445,27.81527777777778,409.0
85.01444444444445,27.815,409.0
85.01444444444445,27.814722222222226,409.0
85.01416666666667,27.814444444444447,409.0
85.0138888888889,27.81416666666667,409.0
85.01361111111112,27.81388888888889,409.0
85.01333333333334,27.813611111111115,408.0
85.01333333333334,27.813333333333336,408.0
85.01333333333334,27.813055555555557,408.0
85.01305555555555,27.81277777777778,408.0
85.01277777777779,27.812500000000004,408.0
85.01277777777779,27.812222222222225,408.0
85.01277777777779,27.811944444444446,408.0
85.01277777777779,27.811666666666667,408.0
85.01277777777779,27.811388888888892,408.0
85.01277777777779,27.811111111111114,408.0
85.01277777777779,27.810833333333335,408.0
85.01277777777779,27.81055555555556,408.0
85.01277777777779,27.81027777777778,408.0
85.01277777777779,27.810000000000002,408.0
85.01305555555555,27.809722222222224,408.0
85.01333333333334,27.80944444444445,408.0
85.01361111111112,27.80916666666667,408.0
85.0138888888889,27.80888888888889,408.0
85.01416666666667,27.808611111111112,408.0
85.01416666666667,27.808333333333337,408.0
85.01416666666667,27.80805555555556,408.0
85.01416666666667,27.80777777777778,408.0
85.0138888888889,27.8075,408.0
85.01361111111112,27.807222222222226,407.0
85.01333333333334,27.807222222222226,407.0
85.01305555555555,27.807222222222226,407.0
85.01277777777779,27.807222222222226,407.0
85.0125,27.807222222222226,407.0
85.01222222222222,27.807222222222226,407.0
85.01194444444445,27.807222222222226,407.0
85.01166666666667,27.807222222222226,407.0
85.01138888888889,27.807222222222226,407.0
85.01111111111112,27.806944444444447,407.0
85.01083333333334,27.806944444444447,407.0
85.01055555555556,27.80666666666667,407.0
85.01027777777779,27.80666666666667,407.0
85.01,27.80638888888889,407.0
85.00972222222222,27.80638888888889,407.0
85.00944444444445,27.80638888888889,407.0
85.00916666666667,27.806111111111115,407.0
85.00888888888889,27.805833333333336,407.0
85.00861111111112,27.805833333333336,407.0
85.00833333333334,27.805833333333336,407.0
85.00805555555556,27.805833333333336,407.0
85.00777777777778,27.805555555555557,407.0
85.00750000000001,27.805555555555557,407.0
85.00722222222223,27.805277777777782,407.0
85.00694444444444,27.805000000000003,407.0
85.00666666666667,27.804722222222225,407.0
85.00638888888889,27.804444444444446,407.0
85.00611111111111,27.80416666666667,407.0
85.00583333333334,27.803888888888892,406.0
85.00555555555556,27.803888888888892,406.0
85.00527777777778,27.803888888888892,406.0
85.00500000000001,27.803888888888892,406.0
85.00472222222223,27.803888888888892,406.0
85.00444444444445,27.803888888888892,406.0
85.00416666666668,27.803888888888892,406.0
85.0038888888889,27.803888888888892,406.0
85.00361111111111,27.803611111111113,406.0
85.00333333333334,27.803333333333335,406.0
85.00305555555556,27.80305555555556,406.0
85.00277777777778,27.80277777777778,406.0
85.0025,27.802500000000002,406.0
85.00222222222223,27.802500000000002,406.0
85.00194444444445,27.802500000000002,406.0
85.00166666666667,27.802222222222223,406.0
85.0013888888889,27.802222222222223,406.0
85.00111111111111,27.802222222222223,406.0
85.00083333333333,27.802222222222223,406.0
85.00055555555556,27.802222222222223,406.0
85.00027777777778,27.802222222222223,406.0
85.0,27.802222222222223,406.0
84.99972222222223,27.802222222222223,406.0
84.99944444444445,27.802222222222223,405.0
84.99916666666667,27.802500000000002,405.0
84.9988888888889,27.80277777777778,404.0
84.99861111111112,27.80277777777778,404.0
84.99833333333333,27.80277777777778,404.0
84.99805555555557,27.80277777777778,403.0
84.99777777777778,27.80305555555556,403.0
84.9975,27.803333333333335,402.0
84.99722222222222,27.803333333333335,402.0
84.99694444444445,27.803333333333335,402.0
84.99666666666667,27.803333333333335,401.0
84.99638888888889,27.803333333333335,401.0
84.99611111111112,27.803333333333335,401.0
84.99583333333334,27.803333333333335,400.0
84.99555555555555,27.803333333333335,400.0
84.99527777777779,27.803333333333335,400.0
84.995,27.803333333333335,400.0
84.99472222222222,27.803333333333335,400.0
84.99444444444445,27.803611111111113,400.0
84.99416666666667,27.803333333333335,399.0
84.99388888888889,27.803333333333335,399.0
84.99361111111112,27.803333333333335,399.0
84.99333333333334,27.803333333333335,399.0
84.99305555555556,27.803333333333335,399.0
84.99277777777779,27.803333333333335,399.0
84.9925,27.803333333333335,399.0
84.99222222222222,27.803333333333335,398.0
84.99194444444444,27.803333333333335,398.0
84.99166666666667,27.803333333333335,398.0
84.99138888888889,27.803333333333335,398.0
84.99111111111111,27.803611111111113,398.0
84.99083333333334,27.803888888888892,397.0
84.99055555555556,27.80416666666667,397.0
84.99027777777778,27.804444444444446,397.0
84.99000000000001,27.804722222222225,397.0
84.98972222222223,27.805000000000003,397.0
84.98944444444444,27.805277777777782,397.0
84.98916666666668,27.805555555555557,396.0
84.9888888888889,27.805555555555557,396.0
84.98861111111111,27.805555555555557,396.0
84.98833333333334,27.805555555555557,396.0
84.98805555555556,27.805555555555557,396.0
84.98777777777778,27.805555555555557,396.0
84.98750000000001,27.805555555555557,396.0
84.98722222222223,27.805555555555557,396.0
84.98694444444445,27.805555555555557,396.0
84.98666666666666,27.805555555555557,396.0
84.9863888888889,27.805555555555557,396.0
84.98611111111111,27.805555555555557,396.0
84.98583333333333,27.805277777777782,396.0
84.98555555555556,27.805000000000003,396.0
84.98527777777778,27.804722222222225,395.0
84.985,27.804722222222225,395.0
84.98472222222223,27.804722222222225,395.0
84.98444444444445,27.804722222222225,395.0
84.98416666666667,27.804444444444446,395.0
84.9838888888889,27.80416666666667,395.0
84.98361111111112,27.80416666666667,395.0
84.98333333333333,27.803888888888892,395.0
84.98305555555557,27.803611111111113,395.0
84.98277777777778,27.803333333333335,395.0
84.9825,27.803333333333335,395.0
84.98222222222223,27.80305555555556,395.0
84.98194444444445,27.80277777777778,394.0
84.98166666666667,27.80277777777778,394.0
84.98138888888889,27.802500000000002,394.0
84.98111111111112,27.802500000000002,394.0
84.98083333333334,27.802500000000002,394.0
84.98055555555555,27.802500000000002,394.0
84.98027777777779,27.802500000000002,394.0
84.98,27.802500000000002,394.0
84.97972222222222,27.802500000000002,394.0
84.97944444444445,27.802500000000002,394.0
84.97916666666667,27.802222222222223,394.0
84.97888888888889,27.801944444444448,394.0
84.97861111111112,27.80166666666667,394.0
84.97833333333334,27.80138888888889,393.0
84.97805555555556,27.80138888888889,393.0
84.97777777777779,27.80138888888889,393.0
84.9775,27.80138888888889,393.0
84.97722222222222,27.80138888888889,393.0
84.97694444444444,27.80138888888889,393.0
84.97666666666667,27.80138888888889,393.0
84.97638888888889,27.80138888888889,393.0
84.97611111111111,27.80138888888889,393.0
84.97583333333334,27.80138888888889,393.0
84.97555555555556,27.80138888888889,393.0
84.97527777777778,27.80138888888889,393.0
84.97500000000001,27.80138888888889,393.0
84.97472222222223,27.80138888888889,393.0
84.97444444444444,27.80138888888889,393.0
84.97416666666668,27.80138888888889,392.0
84.9738888888889,27.80138888888889,392.0
84.97361111111111,27.80166666666667,392.0
84.97333333333334,27.80166666666667,392.0
84.97305555555556,27.801944444444448,392.0
84.97277777777778,27.802222222222223,392.0
84.97250000000001,27.802500000000002,392.0
84.97222222222223,27.80277777777778,392.0
84.97194444444445,27.80305555555556,392.0
84.97194444444445,27.803333333333335,392.0
84.97194444444445,27.803611111111113,392.0
84.97194444444445,27.803888888888892,391.0
84.97194444444445,27.80416666666667,391.0
84.97194444444445,27.804444444444446,391.0
84.97222222222223,27.804722222222225,391.0
84.97194444444445,27.805000000000003,391.0
84.97166666666666,27.805277777777782,391.0
84.9713888888889,27.805277777777782,391.0
84.97111111111111,27.805277777777782,391.0
84.97083333333333,27.805555555555557,391.0
84.97055555555556,27.805833333333336,391.0
84.97027777777778,27.806111111111115,391.0
84.97,27.80638888888889,390.0
84.97,27.80666666666667,390.0
84.97,27.806944444444447,390.0
84.96972222222223,27.807222222222226,390.0
84.96972222222223,27.8075,390.0
84.96972222222223,27.80777777777778,390.0
84.96972222222223,27.80805555555556,390.0
84.96972222222223,27.808333333333337,390.0
84.96972222222223,27.808611111111112,390.0
84.96972222222223,27.80888888888889,390.0
84.96944444444445,27.80916666666667,390.0
84.96916666666667,27.80944444444445,390.0
84.9688888888889,27.809722222222224,389.0
84.96916666666667,27.810000000000002,389.0
84.96944444444445,27.81027777777778,389.0
84.96944444444445,27.81055555555556,389.0
84.96944444444445,27.810833333333335,389.0
84.96916666666667,27.811111111111114,389.0
84.9688888888889,27.811388888888892,389.0
84.96861111111112,27.811666666666667,389.0
84.96833333333333,27.811666666666667,389.0
84.96805555555557,27.811666666666667,389.0
84.96777777777778,27.811666666666667,389.0
84.9675,27.811388888888892,388.0
84.96722222222223,27.811388888888892,388.0
84.96694444444445,27.811388888888892,388.0
84.96666666666667,27.811388888888892,388.0
84.96638888888889,27.811111111111114,388.0
84.96611111111112,27.810833333333335,388.0
84.96583333333334,27.810833333333335,388.0
84.96555555555555,27.811111111111114,388.0
84.96527777777779,27.811388888888892,388.0
84.965,27.811666666666667,388.0
84.96472222222222,27.811944444444446,387.0
84.96472222222222,27.812222222222225,387.0
84.96472222222222,27.812500000000004,387.0
84.96472222222222,27.81277777777778,387.0
84.96472222222222,27.813055555555557,387.0
84.96472222222222,27.813333333333336,387.0
84.96444444444445,27.813611111111115,387.0
84.96444444444445,27.81388888888889,387.0
84.96416666666667,27.81416666666667,387.0
84.96416666666667,27.814444444444447,387.0
84.96388888888889,27.814722222222226,387.0
84.96388888888889,27.815,387.0
84.96361111111112,27.81527777777778,386.0
84.96333333333334,27.81527777777778,386.0
84.96305555555556,27.81555555555556,386.0
84.96277777777779,27.815833333333337,386.0
84.9625,27.816111111111113,386.0
84.96222222222222,27.81638888888889,386.0
84.96194444444446,27.81666666666667,386.0
84.96166666666667,27.816944444444445,386.0
84.96138888888889,27.817222222222224,386.0
84.96111111111111,27.817500000000003,385.0
84.96083333333334,27.817500000000003,385.0
84.96055555555556,27.817500000000003,385.0
84.96027777777778,27.817500000000003,385.0
84.96000000000001,27.817500000000003,385.0
84.95972222222223,27.817500000000003,385.0
84.95944444444444,27.817500000000003,385.0
84.95916666666668,27.817500000000003,385.0
84.9588888888889,27.817500000000003,385.0
84.95861111111111,27.817500000000003,385.0
84.95833333333334,27.817500000000003,385.0
84.95805555555556,27.817500000000003,385.0
84.95777777777778,27.817500000000003,385.0
84.95750000000001,27.817500000000003,384.0
84.95722222222223,27.817500000000003,384.0
84.95694444444445,27.817500000000003,384.0
84.95666666666668,27.817500000000003,384.0
84.9563888888889,27.817500000000003,384.0
84.95611111111111,27.817500000000003,384.0
84.95583333333333,27.817500000000003,384.0
84.95555555555556,27.817222222222224,384.0
84.95527777777778,27.817222222222224,384.0
84.955,27.816944444444445,384.0
84.95472222222223,27.81666666666667,384.0
84.95444444444445,27.81638888888889,384.0
84.95416666666667,27.816111111111113,383.0
84.9538888888889,27.816111111111113,383.0
84.95361111111112,27.816111111111113,383.0
84.95333333333333,27.816111111111113,383.0
84.95305555555557,27.816111111111113,383.0
84.95277777777778,27.816111111111113,383.0
84.9525,27.816111111111113,383.0
84.95222222222223,27.816111111111113,383.0
84.95194444444445,27.816111111111113,383.0
84.95166666666667,27.816111111111113,383.0
84.9513888888889,27.81638888888889,383.0
84.95111111111112,27.81666666666667,383.0
84.95083333333334,27.816944444444445,382.0
84.95055555555555,27.816944444444445,382.0
84.95027777777779,27.816944444444445,382.0
84.95,27.816944444444445,382.0
84.94972222222222,27.816944444444445,382.0
84.94944444444445,27.81666666666667,382.0
84.94916666666667,27.81666666666667,382.0
84.94888888888889,27.81638888888889,382.0
84.94861111111112,27.81638888888889,382.0
84.94833333333334,27.81638888888889,382.0
84.94805555555556,27.81638888888889,382.0
84.94777777777779,27.81638888888889,382.0
84.9475,27.816111111111113,382.0
84.94722222222222,27.815833333333337,381.0
84.94694444444445,27.81555555555556,381.0
84.94666666666667,27.81527777777778,381.0
84.94666666666667,27.815,382.0
84.94638888888889,27.814722222222226,381.0
84.94638888888889,27.814444444444447,382.0
84.94611111111112,27.81416666666667,381.0
84.94611111111112,27.81388888888889,382.0
84.94583333333334,27.813611111111115,381.0
84.94555555555556,27.813333333333336,380.0
84.94527777777778,27.813055555555557,381.0
84.94500000000001,27.81277777777778,382.0
84.94472222222223,27.812500000000004,381.0
84.94444444444444,27.812222222222225,382.0
84.94416666666667,27.811944444444446,381.0
84.94388888888889,27.811666666666667,382.0
84.94361111111111,27.811388888888892,380.0
84.94333333333334,27.811111111111114,381.0
84.94305555555556,27.810833333333335,382.0
84.94305555555556,27.81055555555556,382.0
84.94277777777778,27.81027777777778,381.0
84.94277777777778,27.810000000000002,379.0
84.94277777777778,27.809722222222224,379.0
84.94277777777778,27.80944444444445,380.0
84.94250000000001,27.80916666666667,380.0
84.94250000000001,27.80888888888889,380.0
84.94250000000001,27.808611111111112,379.0
84.94250000000001,27.808333333333337,378.0
84.94250000000001,27.80805555555556,378.0
84.94222222222223,27.80777777777778,378.0
84.94194444444445,27.8075,377.0
84.94194444444445,27.807222222222226,377.0
84.94166666666668,27.806944444444447,377.0
84.9413888888889,27.80666666666667,377.0
84.94111111111111,27.80638888888889,377.0
84.94083333333334,27.806111111111115,377.0
84.94055555555556,27.805833333333336,377.0
84.94027777777778,27.805555555555557,377.0
84.94,27.805277777777782,377.0
84.93972222222223,27.805000000000003,377.0
84.93944444444445,27.804722222222225,377.0
84.93916666666667,27.804722222222225,377.0
84.9388888888889,27.804722222222225,377.0
84.93861111111111,27.804722222222225,376.0
84.93833333333333,27.804722222222225,376.0
84.93805555555556,27.804722222222225,376.0
84.93777777777778,27.804722222222225,376.0
84.9375,27.804722222222225,376.0
84.93722222222223,27.804722222222225,376.0
84.93694444444445,27.804722222222225,376.0
84.93666666666667,27.804722222222225,376.0
84.9363888888889,27.804722222222225,376.0
84.93611111111112,27.804722222222225,376.0
84.93583333333333,27.804722222222225,376.0
84.93555555555557,27.804722222222225,376.0
84.93527777777778,27.804722222222225,376.0
84.935,27.804722222222225,376.0
84.93472222222222,27.804444444444446,376.0
84.93444444444445,27.80416666666667,375.0
84.93416666666667,27.80416666666667,375.0
84.93388888888889,27.803888888888892,375.0
84.93361111111112,27.803611111111113,375.0
84.93333333333334,27.803333333333335,375.0
84.93305555555555,27.80305555555556,375.0
84.93277777777779,27.80277777777778,375.0
84.9325,27.802500000000002,375.0
84.93222222222222,27.802222222222223,375.0
84.93194444444445,27.801944444444448,375.0
84.93166666666667,27.80166666666667,375.0
84.93138888888889,27.80138888888889,374.0
84.93111111111112,27.80138888888889,374.0
84.93083333333334,27.80138888888889,374.0
84.93055555555556,27.80138888888889,374.0
84.93027777777779,27.801111111111112,374.0
84.93,27.800833333333337,374.0
84.92972222222222,27.800555555555558,374.0
84.92944444444444,27.80027777777778,374.0
84.92916666666667,27.800000000000004,373.0
84.92888888888889,27.800000000000004,373.0
84.92861111111111,27.800000000000004,373.0
84.92833333333334,27.799722222222226,373.0
84.92805555555556,27.799444444444447,373.0
84.92777777777778,27.799166666666668,373.0
84.92750000000001,27.798888888888893,373.0
84.92722222222223,27.798611111111114,373.0
84.92694444444444,27.798333333333336,372.0
84.92666666666668,27.798333333333336,372.0
84.9263888888889,27.798333333333336,372.0
84.92611111111111,27.798333333333336,372.0
84.92583333333334,27.798333333333336,372.0
84.92555555555556,27.798333333333336,372.0
84.92527777777778,27.798333333333336,372.0
84.92500000000001,27.798055555555557,372.0
84.92472222222223,27.798055555555557,372.0
84.92444444444445,27.79777777777778,372.0
84.92416666666666,27.79777777777778,371.0
84.9238888888889,27.79777777777778,371.0
84.92361111111111,27.797500000000003,371.0
84.92333333333333,27.797500000000003,371.0
84.92305555555556,27.797500000000003,371.0
84.92277777777778,27.797500000000003,371.0
84.9225,27.797500000000003,371.0
84.92222222222223,27.797500000000003,371.0
84.92194444444445,27.79777777777778,371.0
84.92166666666667,27.798055555555557,370.0
84.9213888888889,27.798055555555557,370.0
84.92111111111112,27.798055555555557,370.0
84.92083333333333,27.798333333333336,370.0
84.92055555555557,27.798611111111114,370.0
84.92027777777778,27.798888888888893,370.0
84.92,27.799166666666668,370.0
84.91972222222223,27.799444444444447,369.0
84.91944444444445,27.799444444444447,369.0
84.91916666666667,27.799444444444447,369.0
84.91888888888889,27.799722222222226,369.0
84.91861111111112,27.800000000000004,369.0
84.91833333333334,27.80027777777778,368.0
84.91805555555555,27.80027777777778,368.0
84.91777777777779,27.80027777777778,368.0
84.9175,27.800555555555558,368.0
84.91722222222222,27.800555555555558,368.0
84.91694444444445,27.800555555555558,368.0
84.91666666666667,27.800555555555558,368.0
84.91638888888889,27.800555555555558,368.0
84.91611111111112,27.800833333333337,368.0
84.91583333333334,27.801111111111112,368.0
84.91555555555556,27.80138888888889,368.0
84.91527777777779,27.80166666666667,368.0
84.915,27.801944444444448,368.0
84.91472222222222,27.802222222222223,368.0
84.91472222222222,27.802500000000002,368.0
84.91472222222222,27.80277777777778,368.0
84.91472222222222,27.80305555555556,368.0
84.91472222222222,27.803333333333335,367.0
84.91472222222222,27.803611111111113,367.0
84.91444444444444,27.803888888888892,367.0
84.91444444444444,27.80416666666667,367.0
84.91416666666667,27.804444444444446,367.0
84.91388888888889,27.804722222222225,367.0
84.91361111111111,27.804722222222225,367.0
84.91333333333334,27.805000000000003,367.0
84.91305555555556,27.805000000000003,367.0
84.91277777777778,27.805000000000003,367.0
84.91250000000001,27.805000000000003,367.0
84.91222222222223,27.805000000000003,367.0
84.91194444444444,27.805000000000003,367.0
84.91166666666668,27.805000000000003,367.0
84.9113888888889,27.805000000000003,367.0
84.91111111111111,27.805000000000003,367.0
84.91083333333334,27.805000000000003,367.0
84.91055555555556,27.805000000000003,367.0
84.91027777777778,27.804722222222225,367.0
84.91000000000001,27.804444444444446,367.0
84.90972222222223,27.80416666666667,367.0
84.90944444444445,27.803888888888892,367.0
84.90916666666666,27.803611111111113,366.0
84.9088888888889,27.803611111111113,366.0
84.90861111111111,27.803611111111113,366.0
84.90833333333333,27.803611111111113,366.0
84.90805555555556,27.803611111111113,366.0
84.90777777777778,27.803611111111113,366.0
84.9075,27.803888888888892,366.0
84.90722222222223,27.80416666666667,366.0
84.90694444444445,27.804444444444446,366.0
84.90694444444445,27.804722222222225,366.0
84.90694444444445,27.805000000000003,366.0
84.90694444444445,27.805277777777782,366.0
84.90694444444445,27.805555555555557,366.0
84.90694444444445,27.805833333333336,366.0
84.90694444444445,27.806111111111115,366.0
84.90694444444445,27.80638888888889,366.0
84.90694444444445,27.80666666666667,366.0
84.90694444444445,27.806944444444447,366.0
84.90666666666667,27.807222222222226,366.0
84.9063888888889,27.8075,366.0
84.90611111111112,27.80777777777778,365.0
84.90583333333333,27.80777777777778,365.0
84.90555555555557,27.80777777777778,365.0
84.90527777777778,27.80777777777778,365.0
84.905,27.80777777777778,365.0
84.90472222222223,27.80777777777778,365.0
84.90444444444445,27.80777777777778,365.0
84.90416666666667,27.80777777777778,365.0
84.90388888888889,27.8075,365.0
84.90361111111112,27.8075,365.0
84.90333333333334,27.8075,365.0
84.90305555555555,27.8075,365.0
84.90277777777779,27.807222222222226,365.0
84.9025,27.807222222222226,365.0
84.90222222222222,27.807222222222226,365.0
84.90194444444445,27.806944444444447,365.0
84.90166666666667,27.80666666666667,365.0
84.90138888888889,27.80666666666667,365.0
84.90111111111112,27.80638888888889,365.0
84.90083333333334,27.806111111111115,365.0
84.90055555555556,27.806111111111115,364.0
84.90027777777779,27.806111111111115,364.0
84.9,27.806111111111115,364.0
84.89972222222222,27.806111111111115,364.0
84.89944444444446,27.806111111111115,364.0
84.89916666666667,27.806111111111115,364.0
84.89888888888889,27.806111111111115,364.0
84.89861111111111,27.806111111111115,364.0
84.89833333333334,27.80638888888889,364.0
84.89805555555556,27.80638888888889,364.0
84.89777777777778,27.80638888888889,364.0
84.89750000000001,27.80666666666667,364.0
84.89722222222223,27.80666666666667,364.0
84.89694444444444,27.80666666666667,364.0
84.89666666666668,27.80666666666667,364.0
84.8963888888889,27.806944444444447,364.0
84.89611111111111,27.807222222222226,364.0
84.89583333333334,27.807222222222226,364.0
84.89555555555556,27.8075,364.0
84.89527777777778,27.8075,364.0
84.89500000000001,27.8075,364.0
84.89472222222223,27.8075,363.0
84.89444444444445,27.80777777777778,363.0
84.89416666666668,27.80777777777778,363.0
84.8938888888889,27.80777777777778,363.0
84.89361111111111,27.80777777777778,363.0
84.89333333333333,27.80805555555556,363.0
84.89305555555556,27.80805555555556,363.0
84.89277777777778,27.80805555555556,363.0
84.8925,27.80805555555556,363.0
84.89222222222223,27.80805555555556,363.0
84.89194444444445,27.80805555555556,363.0
84.89166666666667,27.80805555555556,363.0
84.8913888888889,27.808333333333337,363.0
84.89111111111112,27.808611111111112,363.0
84.89083333333333,27.80888888888889,363.0
84.89055555555557,27.80888888888889,363.0
84.89027777777778,27.80888888888889,363.0
84.89,27.80888888888889,363.0
84.88972222222223,27.80916666666667,363.0
84.88944444444445,27.80916666666667,363.0
84.88916666666667,27.80916666666667,363.0
84.8888888888889,27.80916666666667,363.0
84.88861111111112,27.80916666666667,363.0
84.88833333333334,27.80916666666667,363.0
84.88805555555555,27.80916666666667,363.0
84.88777777777779,27.80916666666667,363.0
84.8875,27.80916666666667,363.0
84.88722222222222,27.80916666666667,363.0
84.88694444444445,27.80916666666667,363.0
84.88666666666667,27.80916666666667,363.0
84.88638888888889,27.80916666666667,363.0
84.88611111111112,27.80916666666667,363.0
84.88583333333334,27.80916666666667,363.0
84.88555555555556,27.80916666666667,363.0
84.88527777777779,27.80916666666667,363.0
84.885,27.80916666666667,363.0
84.88472222222222,27.80916666666667,363.0
84.88444444444445,27.80888888888889,363.0
84.88416666666667,27.80888888888889,363.0
84.88388888888889,27.808611111111112,363.0
84.88361111111112,27.808611111111112,363.0
84.88333333333334,27.808611111111112,363.0
84.88305555555556,27.808611111111112,363.0
84.88277777777778,27.808611111111112,363.0
84.88250000000001,27.808611111111112,363.0
84.88222222222223,27.80888888888889,363.0
84.88194444444444,27.80916666666667,363.0
84.88166666666667,27.80944444444445,363.0
84.88138888888889,27.80944444444445,363.0
84.88111111111111,27.80944444444445,363.0
84.88083333333334,27.80944444444445,363.0
84.88055555555556,27.80944444444445,363.0
84.88027777777778,27.80944444444445,363.0
84.88000000000001,27.80944444444445,363.0
84.87972222222223,27.80944444444445,363.0
84.87944444444445,27.80916666666667,363.0
84.87916666666668,27.80888888888889,361.0
84.8788888888889,27.80888888888889,361.0
84.87861111111111,27.80888888888889,361.0
84.87833333333334,27.80888888888889,362.0
84.87805555555556,27.80888888888889,362.0
84.87777777777778,27.808611111111112,360.0
84.8775,27.808611111111112,361.0
84.87722222222223,27.808611111111112,361.0
84.87694444444445,27.808333333333337,360.0
84.87666666666667,27.808333333333337,360.0
84.8763888888889,27.80805555555556,360.0
84.87611111111111,27.80805555555556,360.0
84.87583333333333,27.80805555555556,359.0
84.87555555555556,27.80805555555556,359.0
84.87527777777778,27.80805555555556,359.0
84.875,27.80805555555556,359.0
84.87472222222223,27.80805555555556,359.0
84.87444444444445,27.80805555555556,359.0
84.87416666666667,27.80805555555556,359.0
84.8738888888889,27.80777777777778,359.0
84.87361111111112,27.80777777777778,359.0
84.87333333333333,27.80777777777778,358.0
84.87305555555557,27.80777777777778,358.0
84.87277777777778,27.8075,358.0
84.8725,27.807222222222226,358.0
84.87222222222222,27.806944444444447,358.0
84.87194444444445,27.80666666666667,358.0
84.87194444444445,27.80638888888889,358.0
84.87194444444445,27.806111111111115,357.0
84.87194444444445,27.805833333333336,357.0
84.87194444444445,27.805555555555557,357.0
84.87194444444445,27.805277777777782,357.0
84.87222222222222,27.805000000000003,357.0
84.87222222222222,27.804722222222225,357.0
84.87222222222222,27.804444444444446,357.0
84.8725,27.80416666666667,356.0
84.8725,27.803888888888892,356.0
84.87222222222222,27.803611111111113,356.0
84.87194444444445,27.803333333333335,356.0
84.87166666666667,27.80305555555556,356.0
84.87138888888889,27.80277777777778,356.0
84.87111111111112,27.802500000000002,356.0
84.87083333333334,27.802222222222223,355.0
84.87055555555555,27.802222222222223,355.0
84.87027777777779,27.802222222222223,355.0
84.87,27.802222222222223,355.0
84.86972222222222,27.802222222222223,355.0
84.86944444444445,27.802222222222223,355.0
84.86916666666667,27.801944444444448,355.0
84.86888888888889,27.801944444444448,355.0
84.86861111111112,27.801944444444448,355.0
84.86833333333334,27.80166666666667,354.0
84.86805555555556,27.80166666666667,354.0
84.86777777777779,27.80166666666667,354.0
84.8675,27.80166666666667,354.0
84.86722222222222,27.80166666666667,354.0
84.86694444444444,27.80166666666667,354.0
84.86666666666667,27.80166666666667,354.0
84.86638888888889,27.80166666666667,354.0
84.86611111111111,27.80166666666667,353.0
84.86583333333334,27.80166666666667,353.0
84.86555555555556,27.80166666666667,353.0
84.86527777777778,27.80166666666667,353.0
84.86500000000001,27.80166666666667,353.0
84.86472222222223,27.801944444444448,353.0
84.86444444444444,27.802222222222223,354.0
84.86416666666668,27.802500000000002,353.0
84.86416666666668,27.80277777777778,354.0
84.8638888888889,27.80305555555556,352.0
84.86361111111111,27.803333333333335,352.0
84.86333333333334,27.803611111111113,352.0
84.86305555555556,27.803888888888892,351.0
84.86277777777778,27.80416666666667,351.0
84.86250000000001,27.804444444444446,351.0
84.86222222222223,27.804722222222225,351.0
84.86194444444445,27.805000000000003,351.0
84.86166666666666,27.805277777777782,351.0
84.8613888888889,27.805555555555557,352.0
84.86111111111111,27.805833333333336,353.0
84.86083333333333,27.806111111111115,352.0
84.86055555555556,27.806111111111115,354.0
84.86027777777778,27.80638888888889,353.0
84.86,27.80666666666667,351.0
84.85972222222223,27.80666666666667,353.0
84.85944444444445,27.80666666666667,354.0
84.85916666666667,27.806944444444447,350.0
84.8588888888889,27.806944444444447,352.0
84.85861111111112,27.806944444444447,354.0
84.85833333333333,27.807222222222226,350.0
84.85805555555557,27.807222222222226,350.0
84.85777777777778,27.807222222222226,350.0
84.8575,27.807222222222226,350.0
84.85722222222223,27.807222222222226,350.0
84.85694444444445,27.807222222222226,350.0
84.85666666666667,27.807222222222226,350.0
84.85638888888889,27.807222222222226,350.0
84.85611111111112,27.807222222222226,350.0
84.85583333333334,27.807222222222226,350.0
84.85555555555555,27.8075,350.0
84.85527777777779,27.8075,350.0
84.855,27.8075,350.0
84.85472222222222,27.8075,350.0
84.85444444444445,27.8075,350.0
84.85416666666667,27.8075,350.0
84.85388888888889,27.80777777777778,350.0
84.85361111111112,27.80777777777778,350.0
84.85333333333334,27.80805555555556,350.0
84.85305555555556,27.80805555555556,350.0
84.85277777777779,27.80805555555556,350.0
84.8525,27.80805555555556,350.0
84.85222222222222,27.80805555555556,350.0
84.85194444444444,27.80805555555556,353.0
84.85166666666667,27.80805555555556,354.0
84.85138888888889,27.808333333333337,350.0
84.85111111111111,27.808333333333337,350.0
84.85083333333334,27.808333333333337,350.0
84.85055555555556,27.808333333333337,350.0
84.85027777777778,27.808333333333337,350.0
84.85000000000001,27.808333333333337,350.0
84.84972222222223,27.808333333333337,350.0
84.84944444444444,27.80805555555556,350.0
84.84916666666668,27.80777777777778,350.0
84.84916666666668,27.8075,350.0
84.84916666666668,27.807222222222226,350.0
84.84916666666668,27.806944444444447,350.0
84.8488888888889,27.80666666666667,350.0
84.8488888888889,27.80638888888889,350.0
84.8488888888889,27.806111111111115,354.0
84.84861111111111,27.805833333333336,350.0
84.84833333333334,27.805555555555557,350.0
84.84805555555556,27.805277777777782,351.0
84.84777777777778,27.805000000000003,351.0
84.84750000000001,27.804722222222225,350.0
84.84722222222223,27.804444444444446,351.0
84.84694444444445,27.80416666666667,351.0
84.84666666666666,27.80416666666667,354.0
84.8463888888889,27.803888888888892,352.0
84.84611111111111,27.803611111111113,350.0
84.84583333333333,27.803611111111113,354.0
84.84555555555556,27.803333333333335,349.0
84.84527777777778,27.803333333333335,349.0
84.845,27.80305555555556,349.0
84.84472222222223,27.80277777777778,349.0
84.84444444444445,27.80277777777778,349.0
84.84416666666667,27.80277777777778,352.0
84.8438888888889,27.802500000000002,349.0
84.84361111111112,27.802500000000002,351.0
84.84333333333333,27.802500000000002,354.0
84.84305555555557,27.802222222222223,349.0
84.84277777777778,27.802222222222223,349.0
84.8425,27.802222222222223,349.0
84.84222222222223,27.802222222222223,350.0
84.84194444444445,27.802222222222223,350.0
84.84166666666667,27.802222222222223,352.0
84.84138888888889,27.802222222222223,349.0
84.84111111111112,27.802222222222223,348.0
84.84083333333334,27.802222222222223,348.0
84.84055555555555,27.802222222222223,348.0
84.84027777777779,27.802222222222223,348.0
84.84,27.802222222222223,348.0
84.83972222222222,27.802500000000002,348.0
84.83944444444445,27.80277777777778,348.0
84.83916666666667,27.80305555555556,348.0
84.83888888888889,27.803333333333335,348.0
84.83888888888889,27.803611111111113,353.0
84.83861111111112,27.803888888888892,348.0
84.83861111111112,27.80416666666667,348.0
84.83861111111112,27.804444444444446,354.0
84.83833333333334,27.804722222222225,348.0
84.83833333333334,27.805000000000003,351.0
84.83805555555556,27.805277777777782,348.0
84.83805555555556,27.805555555555557,350.0
84.83805555555556,27.805833333333336,353.0
84.83777777777779,27.806111111111115,348.0
84.83777777777779,27.80638888888889,348.0
84.83777777777779,27.80666666666667,349.0
84.8375,27.806944444444447,347.0
84.83722222222222,27.807222222222226,349.0
84.83694444444446,27.8075,351.0
84.83666666666667,27.80777777777778,350.0
84.83638888888889,27.80805555555556,349.0
84.83611111111111,27.808333333333337,349.0
84.83583333333334,27.808611111111112,349.0
84.83583333333334,27.80888888888889,354.0
84.83555555555556,27.80916666666667,349.0
84.83555555555556,27.80944444444445,354.0
84.83527777777778,27.809722222222224,350.0
84.83527777777778,27.810000000000002,354.0
84.83500000000001,27.81027777777778,353.0
84.83500000000001,27.81055555555556,354.0
84.83500000000001,27.810833333333335,354.0
84.83500000000001,27.811111111111114,353.0
84.83500000000001,27.811388888888892,349.0
84.83500000000001,27.811666666666667,348.0
84.83527777777778,27.811944444444446,347.0
84.83527777777778,27.812222222222225,346.0
84.83555555555556,27.812222222222225,346.0
84.83583333333334,27.812500000000004,346.0
84.83583333333334,27.81277777777778,346.0
84.83583333333334,27.813055555555557,345.0
84.83555555555556,27.813333333333336,345.0
84.83527777777778,27.813611111111115,346.0
84.83500000000001,27.81388888888889,344.0
84.83472222222223,27.81416666666667,344.0
84.83444444444444,27.814444444444447,343.0
84.83444444444444,27.814722222222226,339.0
84.83416666666668,27.815,341.0
84.8338888888889,27.81527777777778,343.0
84.83361111111111,27.81555555555556,342.0
84.83333333333334,27.81555555555556,343.0
84.83305555555556,27.815833333333337,342.0
84.83277777777778,27.816111111111113,342.0
84.83250000000001,27.81638888888889,342.0
84.83222222222223,27.81638888888889,343.0
84.83194444444445,27.81666666666667,342.0
84.83166666666668,27.81666666666667,343.0
84.8313888888889,27.816944444444445,342.0
84.83111111111111,27.816944444444445,343.0
84.83083333333333,27.817222222222224,343.0
84.83055555555556,27.817500000000003,342.0
84.83055555555556,27.81777777777778,341.0
84.83055555555556,27.818055555555556,342.0
84.83055555555556,27.818333333333335,341.0
84.83027777777778,27.818333333333335,341.0
84.83,27.818333333333335,341.0
84.82972222222223,27.818611111111114,340.0
84.82944444444445,27.818611111111114,340.0
84.82916666666667,27.818611111111114,340.0
84.8288888888889,27.818611111111114,340.0
84.82861111111112,27.818611111111114,340.0
84.82833333333333,27.818611111111114,340.0
84.82805555555557,27.818888888888893,340.0
84.82777777777778,27.818888888888893,340.0
84.8275,27.818888888888893,340.0
84.82722222222223,27.818888888888893,339.0
84.82694444444445,27.818888888888893,339.0
84.82666666666667,27.818888888888893,339.0
84.8263888888889,27.818888888888893,339.0
84.82611111111112,27.818888888888893,339.0
84.82583333333334,27.818888888888893,339.0
84.82555555555555,27.818888888888893,339.0
84.82527777777779,27.818888888888893,339.0
84.825,27.818611111111114,338.0
84.82472222222222,27.818333333333335,338.0
84.82444444444445,27.818055555555556,338.0
84.82416666666667,27.81777777777778,338.0
84.82388888888889,27.817500000000003,338.0
84.82361111111112,27.817222222222224,338.0
84.82361111111112,27.816944444444445,338.0
84.82333333333334,27.81666666666667,338.0
84.82305555555556,27.81638888888889,337.0
84.82277777777779,27.816111111111113,337.0
84.82277777777779,27.815833333333337,337.0
84.8225,27.81555555555556,337.0
84.8225,27.81527777777778,337.0
84.82222222222222,27.815,337.0
84.82194444444445,27.814722222222226,337.0
84.82194444444445,27.814444444444447,337.0
84.82194444444445,27.81416666666667,337.0
84.82222222222222,27.81388888888889,336.0
84.82222222222222,27.813611111111115,336.0
84.82222222222222,27.813333333333336,336.0
84.82222222222222,27.813055555555557,336.0
84.82222222222222,27.81277777777778,336.0
84.82222222222222,27.812500000000004,336.0
84.82222222222222,27.812222222222225,336.0
84.82222222222222,27.811944444444446,336.0
84.82222222222222,27.811666666666667,336.0
84.82222222222222,27.811388888888892,336.0
84.82222222222222,27.811111111111114,336.0
84.82222222222222,27.810833333333335,336.0
84.82222222222222,27.81055555555556,336.0
84.8225,27.81027777777778,335.0
84.8225,27.810000000000002,335.0
84.8225,27.809722222222224,335.0
84.82277777777779,27.80944444444445,335.0
84.82277777777779,27.80916666666667,335.0
84.82277777777779,27.80888888888889,335.0
84.8225,27.808611111111112,335.0
84.82222222222222,27.808333333333337,335.0
84.82194444444445,27.80805555555556,335.0
84.82166666666667,27.80777777777778,334.0
84.82138888888889,27.80777777777778,334.0
84.82111111111112,27.80777777777778,334.0
84.82083333333334,27.80777777777778,334.0
84.82055555555556,27.80777777777778,334.0
84.82027777777778,27.8075,334.0
84.82000000000001,27.8075,334.0
84.81972222222223,27.8075,334.0
84.81944444444444,27.8075,334.0
84.81916666666667,27.8075,334.0
84.81888888888889,27.8075,334.0
84.81861111111111,27.8075,334.0
84.81833333333334,27.8075,333.0
84.81833333333334,27.80777777777778,333.0
84.81805555555556,27.80805555555556,333.0
84.81777777777778,27.808333333333337,333.0
84.81777777777778,27.808611111111112,333.0
84.81750000000001,27.80888888888889,333.0
84.81722222222223,27.80916666666667,333.0
84.81722222222223,27.80944444444445,333.0
84.81694444444445,27.809722222222224,332.0
84.81694444444445,27.810000000000002,332.0
84.81694444444445,27.81027777777778,332.0
84.81694444444445,27.81055555555556,332.0
84.81694444444445,27.810833333333335,332.0
84.81666666666668,27.811111111111114,332.0
84.81666666666668,27.811388888888892,332.0
84.8163888888889,27.811666666666667,332.0
84.8163888888889,27.811944444444446,332.0
84.8163888888889,27.812222222222225,331.0
84.8163888888889,27.812500000000004,331.0
84.8163888888889,27.81277777777778,331.0
84.81611111111111,27.813055555555557,331.0
84.81583333333334,27.813333333333336,331.0
84.81555555555556,27.813611111111115,331.0
84.81527777777778,27.813611111111115,331.0
84.815,27.813611111111115,331.0
84.81472222222223,27.813611111111115,331.0
84.81444444444445,27.813611111111115,330.0
84.81416666666667,27.813611111111115,330.0
84.8138888888889,27.813611111111115,330.0
84.81361111111111,27.81388888888889,330.0
84.81333333333333,27.81388888888889,330.0
84.81305555555556,27.81388888888889,330.0
84.81277777777778,27.81416666666667,330.0
84.8125,27.81416666666667,330.0
84.81222222222223,27.81416666666667,330.0
84.81194444444445,27.81416666666667,330.0
84.81166666666667,27.814444444444447,329.0
84.8113888888889,27.814722222222226,329.0
84.81111111111112,27.815,329.0
84.81083333333333,27.81527777777778,329.0
84.81055555555557,27.81555555555556,329.0
84.81027777777778,27.815833333333337,329.0
84.81,27.816111111111113,329.0
84.80972222222222,27.81638888888889,329.0
84.80944444444445,27.81666666666667,329.0
84.80916666666667,27.816944444444445,329.0
84.80888888888889,27.817222222222224,329.0
84.80861111111112,27.817500000000003,329.0
84.80833333333334,27.817500000000003,329.0
84.80805555555555,27.817500000000003,329.0
84.80777777777779,27.817500000000003,329.0
84.8075,27.817500000000003,329.0
84.80722222222222,27.817500000000003,329.0
84.80694444444445,27.817500000000003,329.0
84.80666666666667,27.817500000000003,329.0
84.80638888888889,27.817500000000003,329.0
84.80611111111112,27.817500000000003,329.0
84.80583333333334,27.817500000000003,329.0
84.80555555555556,27.817222222222224,329.0
84.80527777777779,27.817222222222224,329.0
84.805,27.817222222222224,328.0
84.80472222222222,27.816944444444445,328.0
84.80444444444444,27.816944444444445,328.0
84.80416666666667,27.816944444444445,327.0
84.80388888888889,27.81666666666667,327.0
84.80361111111111,27.81638888888889,327.0
84.80333333333334,27.816111111111113,326.0
84.80305555555556,27.816111111111113,326.0
84.80277777777778,27.816111111111113,326.0
84.80250000000001,27.815833333333337,325.0
84.80222222222223,27.81555555555556,325.0
84.80194444444444,27.81527777777778,325.0
84.80194444444444,27.815,324.0
84.80166666666668,27.815,324.0
84.8013888888889,27.814722222222226,324.0
84.80111111111111,27.814722222222226,324.0
84.80083333333334,27.814722222222226,323.0
84.80055555555556,27.814722222222226,323.0
84.80027777777778,27.814722222222226,323.0
84.80000000000001,27.814722222222226,322.0
84.79972222222223,27.814722222222226,322.0
84.79944444444445,27.814722222222226,322.0
84.79916666666666,27.814722222222226,322.0
84.7988888888889,27.814722222222226,322.0
84.79861111111111,27.814722222222226,322.0
84.79833333333333,27.814722222222226,322.0
84.79805555555556,27.814722222222226,321.0
84.79777777777778,27.814444444444447,321.0
84.7975,27.814444444444447,321.0
84.79722222222223,27.814444444444447,321.0
84.79694444444445,27.814444444444447,321.0
84.79666666666667,27.81416666666667,321.0
84.7963888888889,27.81416666666667,320.0
84.79611111111112,27.81416666666667,320.0
84.79583333333333,27.81388888888889,320.0
84.79555555555557,27.81388888888889,320.0
84.79527777777778,27.813611111111115,320.0
84.795,27.813611111111115,320.0
84.79472222222223,27.813611111111115,319.0
84.79444444444445,27.813611111111115,319.0
84.79416666666667,27.813333333333336,319.0
84.79388888888889,27.813333333333336,319.0
84.79361111111112,27.813055555555557,319.0
84.79333333333334,27.813055555555557,319.0
84.79305555555555,27.813055555555557,319.0
84.79277777777779,27.813055555555557,319.0
84.7925,27.81277777777778,319.0
84.79222222222222,27.81277777777778,319.0
84.79194444444445,27.81277777777778,319.0
84.79166666666667,27.81277777777778,319.0
84.79138888888889,27.81277777777778,319.0
84.79111111111112,27.81277777777778,318.0
84.79083333333334,27.81277777777778,318.0
84.79055555555556,27.81277777777778,318.0
84.79027777777779,27.81277777777778,318.0
84.79,27.813055555555557,318.0
84.78972222222222,27.813333333333336,318.0
84.78944444444444,27.813611111111115,318.0
84.78916666666667,27.81388888888889,318.0
84.78888888888889,27.81416666666667,318.0
