longitude,latitude,elevation
77.5975,31.798333333333336,2952.0
77.59722222222223,31.798333333333336,2950.0
77.59694444444445,31.798333333333336,2949.0
77.59666666666666,31.798333333333336,2949.0
77.5963888888889,31.798333333333336,2947.0
77.59611111111111,31.798055555555557,2942.0
77.59583333333333,31.798055555555557,2937.0
77.59555555555555,31.798055555555557,2937.0
77.59527777777778,31.798055555555557,2934.0
77.595,31.798055555555557,2927.0
77.59472222222222,31.798055555555557,2926.0
77.59444444444445,31.798055555555557,2928.0
77.59416666666667,31.798055555555557,2928.0
77.59388888888888,31.798055555555557,2925.0
77.59361111111112,31.79777777777778,2922.0
77.59333333333333,31.798055555555557,2921.0
77.59305555555555,31.798055555555557,2919.0
77.59277777777778,31.798055555555557,2916.0
77.5925,31.798055555555557,2913.0
77.59222222222222,31.798055555555557,2909.0
77.59194444444445,31.798055555555557,2906.0
77.59166666666667,31.798055555555557,2906.0
77.59138888888889,31.798055555555557,2907.0
77.59111111111112,31.798055555555557,2908.0
77.59083333333334,31.798055555555557,2906.0
77.59055555555555,31.79777777777778,2899.0
77.59027777777777,31.79777777777778,2895.0
77.59,31.797500000000003,2894.0
77.58972222222222,31.797500000000003,2893.0
77.58944444444444,31.797222222222224,2889.0
77.58916666666667,31.79694444444445,2886.0
77.58888888888889,31.79666666666667,2884.0
77.5886111111111,31.79638888888889,2879.0
77.58833333333334,31.796111111111113,2876.0
77.58805555555556,31.796111111111113,2873.0
77.58777777777777,31.796111111111113,2872.0
77.5875,31.796111111111113,2872.0
77.58722222222222,31.796111111111113,2873.0
77.58694444444444,31.796111111111113,2869.0
77.58666666666667,31.796111111111113,2865.0
77.58638888888889,31.796111111111113,2867.0
77.58611111111111,31.796111111111113,2866.0
77.58583333333334,31.796111111111113,2860.0
77.58555555555556,31.796111111111113,2854.0
77.58527777777778,31.796111111111113,2848.0
77.585,31.796111111111113,2845.0
77.58472222222223,31.796111111111113,2850.0
77.58444444444444,31.796111111111113,2855.0
77.58416666666666,31.796111111111113,2855.0
77.5838888888889,31.796111111111113,2852.0
77.58361111111111,31.795833333333338,2848.0
77.58333333333333,31.795833333333338,2848.0
77.58305555555556,31.79555555555556,2847.0
77.58277777777778,31.79527777777778,2844.0
77.5825,31.79527777777778,2843.0
77.58222222222223,31.795,2836.0
77.58194444444445,31.795,2829.0
77.58166666666666,31.795,2824.0
77.5813888888889,31.795,2823.0
77.58111111111111,31.795,2822.0
77.58083333333333,31.794722222222227,2821.0
77.58055555555556,31.794722222222227,2818.0
77.58027777777778,31.794722222222227,2817.0
77.58,31.794444444444448,2814.0
77.57972222222222,31.794444444444448,2811.0
77.57944444444445,31.794444444444448,2808.0
77.57916666666667,31.794444444444448,2806.0
77.57888888888888,31.794444444444448,2804.0
77.57861111111112,31.794444444444448,2801.0
77.57833333333333,31.794444444444448,2803.0
77.57805555555555,31.794444444444448,2801.0
77.57777777777778,31.794444444444448,2798.0
77.5775,31.794444444444448,2800.0
77.57722222222222,31.79416666666667,2800.0
77.57694444444445,31.79416666666667,2796.0
77.57666666666667,31.79416666666667,2793.0
77.57638888888889,31.79416666666667,2789.0
77.57611111111112,31.79416666666667,2791.0
77.57583333333334,31.79388888888889,2790.0
77.57555555555555,31.79388888888889,2787.0
77.57527777777779,31.793611111111115,2783.0
77.575,31.793611111111115,2779.0
77.57472222222222,31.793611111111115,2776.0
77.57444444444444,31.793611111111115,2772.0
77.57416666666667,31.793611111111115,2770.0
77.57388888888889,31.793611111111115,2771.0
77.5736111111111,31.793333333333337,2769.0
77.57333333333334,31.793333333333337,2767.0
77.57305555555556,31.793333333333337,2766.0
77.57277777777777,31.793333333333337,2761.0
77.5725,31.793055555555558,2759.0
77.57222222222222,31.793055555555558,2757.0
77.57194444444444,31.793055555555558,2756.0
77.57166666666667,31.793055555555558,2753.0
77.57138888888889,31.793055555555558,2750.0
77.57111111111111,31.79277777777778,2748.0
77.57083333333334,31.79277777777778,2746.0
77.57055555555556,31.79277777777778,2744.0
77.57027777777778,31.792500000000004,2742.0
77.57000000000001,31.792500000000004,2741.0
77.56972222222223,31.792500000000004,2740.0
77.56944444444444,31.792500000000004,2739.0
77.56916666666666,31.79277777777778,2734.0
77.56888888888889,31.79277777777778,2736.0
77.56861111111111,31.79277777777778,2737.0
77.56833333333333,31.792500000000004,2732.0
77.56805555555556,31.792500000000004,2729.0
77.56777777777778,31.792222222222225,2731.0
77.5675,31.791944444444447,2728.0
77.56722222222223,31.791944444444447,2724.0
77.56694444444445,31.79166666666667,2722.0
77.56694444444445,31.791388888888893,2721.0
77.56694444444445,31.791111111111114,2721.0
77.56666666666666,31.790833333333335,2716.0
77.56666666666666,31.79055555555556,2709.0
77.56666666666666,31.79027777777778,2704.0
77.5663888888889,31.79027777777778,2702.0
77.56611111111111,31.790000000000003,2698.0
77.56583333333333,31.790000000000003,2698.0
77.56555555555556,31.789722222222224,2695.0
77.56527777777778,31.789722222222224,2693.0
77.565,31.789722222222224,2692.0
77.56472222222223,31.789722222222224,2691.0
77.56444444444445,31.78944444444445,2686.0
77.56416666666667,31.78916666666667,2684.0
77.56388888888888,31.78916666666667,2683.0
77.56361111111111,31.78916666666667,2681.0
77.56333333333333,31.78916666666667,2680.0
77.56305555555555,31.78916666666667,2677.0
77.56277777777778,31.78916666666667,2676.0
77.5625,31.78916666666667,2674.0
77.56222222222222,31.78916666666667,2673.0
77.56194444444445,31.78916666666667,2671.0
77.56166666666667,31.78916666666667,2672.0
77.56138888888889,31.78916666666667,2671.0
77.56111111111112,31.78888888888889,2668.0
77.56083333333333,31.78916666666667,2666.0
77.56055555555555,31.78916666666667,2663.0
77.56027777777778,31.78916666666667,2660.0
77.56,31.78916666666667,2659.0
77.55972222222222,31.78916666666667,2657.0
77.55944444444445,31.78916666666667,2654.0
77.55916666666667,31.78916666666667,2651.0
77.55888888888889,31.78916666666667,2650.0
77.5586111111111,31.78916666666667,2653.0
77.55833333333334,31.78916666666667,2665.0
77.55805555555555,31.78888888888889,2664.0
77.55777777777777,31.78888888888889,2662.0
77.5575,31.78888888888889,2656.0
77.55722222222222,31.788611111111113,2643.0
77.55694444444444,31.788333333333338,2638.0
77.55666666666667,31.788333333333338,2635.0
77.55638888888889,31.788333333333338,2636.0
77.55611111111111,31.788333333333338,2635.0
77.55583333333334,31.788611111111113,2632.0
77.55555555555556,31.788611111111113,2632.0
77.55527777777777,31.788611111111113,2628.0
77.555,31.788333333333338,2624.0
77.55472222222222,31.788611111111113,2623.0
77.55444444444444,31.788611111111113,2620.0
77.55416666666667,31.788611111111113,2619.0
77.55388888888889,31.78888888888889,2617.0
77.55361111111111,31.78888888888889,2616.0
77.55333333333333,31.78888888888889,2613.0
77.55305555555556,31.78888888888889,2609.0
77.55277777777778,31.78888888888889,2608.0
77.5525,31.78888888888889,2608.0
77.55222222222223,31.78916666666667,2605.0
77.55194444444444,31.78916666666667,2605.0
77.55166666666666,31.78916666666667,2601.0
77.5513888888889,31.78916666666667,2600.0
77.55111111111111,31.78916666666667,2598.0
77.55083333333333,31.78916666666667,2597.0
77.55055555555556,31.78916666666667,2595.0
77.55027777777778,31.78888888888889,2595.0
77.55,31.78888888888889,2593.0
77.54972222222223,31.788611111111113,2592.0
77.54944444444445,31.788611111111113,2589.0
77.54916666666666,31.788333333333338,2583.0
77.54888888888888,31.788333333333338,2580.0
77.54861111111111,31.78805555555556,2577.0
77.54833333333333,31.78805555555556,2575.0
77.54805555555555,31.78805555555556,2574.0
77.54777777777778,31.78805555555556,2578.0
77.5475,31.78777777777778,2574.0
77.54722222222222,31.78777777777778,2575.0
77.54694444444445,31.78777777777778,2576.0
77.54666666666667,31.78777777777778,2577.0
77.54638888888888,31.78777777777778,2578.0
77.54611111111112,31.78777777777778,2576.0
77.54583333333333,31.78777777777778,2573.0
77.54583333333333,31.7875,2572.0
77.54555555555555,31.787222222222226,2563.0
77.54527777777778,31.787222222222226,2557.0
77.545,31.787222222222226,2552.0
77.54472222222222,31.787222222222226,2550.0
77.54444444444445,31.7875,2549.0
77.54416666666667,31.7875,2548.0
77.54388888888889,31.78777777777778,2546.0
77.54361111111112,31.78777777777778,2547.0
77.54333333333334,31.78777777777778,2547.0
77.54305555555555,31.78777777777778,2546.0
77.54277777777777,31.78805555555556,2544.0
77.5425,31.78805555555556,2543.0
77.54222222222222,31.78805555555556,2542.0
77.54194444444444,31.788333333333338,2541.0
77.54166666666667,31.788333333333338,2537.0
77.54138888888889,31.788333333333338,2536.0
77.5411111111111,31.788333333333338,2533.0
77.54083333333334,31.788333333333338,2531.0
77.54055555555556,31.788333333333338,2530.0
77.54027777777777,31.788333333333338,2529.0
77.54,31.788611111111113,2528.0
77.53972222222222,31.788611111111113,2525.0
77.53944444444444,31.788611111111113,2523.0
77.53916666666667,31.788611111111113,2522.0
77.53888888888889,31.788333333333338,2518.0
77.53861111111111,31.78805555555556,2517.0
77.53833333333333,31.78805555555556,2519.0
77.53805555555556,31.78777777777778,2515.0
77.53777777777778,31.7875,2511.0
77.5375,31.7875,2510.0
77.53722222222223,31.787222222222226,2509.0
77.53694444444444,31.787222222222226,2507.0
77.53666666666666,31.7875,2507.0
77.5363888888889,31.7875,2504.0
77.53611111111111,31.78777777777778,2503.0
77.53611111111111,31.78805555555556,2501.0
77.53611111111111,31.788333333333338,2497.0
77.53583333333333,31.788611111111113,2490.0
77.53555555555556,31.788611111111113,2490.0
77.53527777777778,31.788611111111113,2488.0
77.535,31.788611111111113,2486.0
77.53472222222223,31.788611111111113,2485.0
77.53444444444445,31.788611111111113,2482.0
77.53416666666666,31.788611111111113,2480.0
77.5338888888889,31.788611111111113,2475.0
77.53361111111111,31.788611111111113,2475.0
77.53333333333333,31.788611111111113,2474.0
77.53305555555555,31.788611111111113,2474.0
77.53277777777778,31.788611111111113,2473.0
77.5325,31.788611111111113,2474.0
77.53222222222222,31.788611111111113,2472.0
77.53194444444445,31.788611111111113,2470.0
77.53166666666667,31.788611111111113,2464.0
77.53138888888888,31.788611111111113,2463.0
77.53111111111112,31.788611111111113,2461.0
77.53083333333333,31.788611111111113,2469.0
77.53055555555555,31.788611111111113,2479.0
77.53027777777778,31.788611111111113,2485.0
77.53,31.78888888888889,2471.0
77.52972222222222,31.78888888888889,2478.0
77.52944444444445,31.78888888888889,2487.0
77.52916666666667,31.78916666666667,2482.0
77.52888888888889,31.78916666666667,2487.0
77.52861111111112,31.78916666666667,2486.0
77.52833333333334,31.78916666666667,2487.0
77.52805555555555,31.78944444444445,2487.0
77.52777777777777,31.78944444444445,2484.0
77.5275,31.78944444444445,2482.0
77.52722222222222,31.78944444444445,2481.0
77.52694444444444,31.78944444444445,2479.0
77.52666666666667,31.78944444444445,2477.0
77.52638888888889,31.78944444444445,2479.0
77.5261111111111,31.78944444444445,2480.0
77.52583333333334,31.78916666666667,2478.0
77.52555555555556,31.78916666666667,2467.0
77.52527777777777,31.78916666666667,2457.0
77.525,31.78916666666667,2452.0
77.525,31.78888888888889,2449.0
77.52472222222222,31.78888888888889,2449.0
77.52444444444444,31.78888888888889,2451.0
77.52416666666667,31.78888888888889,2447.0
77.52388888888889,31.78888888888889,2442.0
77.52361111111111,31.78888888888889,2439.0
77.52333333333334,31.78888888888889,2441.0
77.52305555555556,31.78888888888889,2443.0
77.52277777777778,31.78888888888889,2439.0
77.5225,31.78888888888889,2437.0
77.52222222222223,31.78888888888889,2432.0
77.52194444444444,31.78888888888889,2427.0
77.52166666666666,31.78888888888889,2424.0
77.5213888888889,31.78888888888889,2422.0
77.52111111111111,31.78888888888889,2422.0
77.52083333333333,31.78916666666667,2417.0
77.52055555555556,31.78916666666667,2411.0
77.52027777777778,31.78944444444445,2405.0
77.52,31.78944444444445,2405.0
77.51972222222223,31.78944444444445,2408.0
77.51944444444445,31.789722222222224,2408.0
77.51916666666666,31.789722222222224,2407.0
77.5188888888889,31.789722222222224,2406.0
77.51861111111111,31.789722222222224,2406.0
77.51833333333333,31.789722222222224,2405.0
77.51805555555556,31.789722222222224,2404.0
77.51777777777778,31.789722222222224,2403.0
77.5175,31.790000000000003,2404.0
77.51722222222222,31.790000000000003,2403.0
77.51694444444445,31.790000000000003,2402.0
77.51666666666667,31.790000000000003,2402.0
77.51638888888888,31.79027777777778,2392.0
77.51611111111112,31.79027777777778,2397.0
77.51583333333333,31.79027777777778,2402.0
77.51555555555555,31.79055555555556,2401.0
77.51527777777778,31.79055555555556,2402.0
77.515,31.79055555555556,2405.0
77.51472222222222,31.79027777777778,2397.0
77.51444444444445,31.79027777777778,2383.0
77.51416666666667,31.79027777777778,2372.0
77.51388888888889,31.79027777777778,2366.0
77.51361111111112,31.79027777777778,2368.0
77.51333333333334,31.79027777777778,2374.0
77.51305555555555,31.79027777777778,2385.0
77.51277777777779,31.790000000000003,2388.0
77.5125,31.789722222222224,2387.0
77.51222222222222,31.789722222222224,2382.0
77.51194444444444,31.789722222222224,2377.0
77.51166666666667,31.789722222222224,2377.0
77.51138888888889,31.789722222222224,2374.0
77.5111111111111,31.790000000000003,2374.0
77.51083333333334,31.790000000000003,2370.0
77.51055555555556,31.790000000000003,2362.0
77.51027777777777,31.790000000000003,2358.0
77.51,31.790000000000003,2359.0
77.50972222222222,31.789722222222224,2358.0
77.50944444444444,31.789722222222224,2348.0
77.50916666666667,31.789722222222224,2342.0
77.50888888888889,31.789722222222224,2341.0
77.50861111111111,31.790000000000003,2339.0
77.50833333333334,31.790000000000003,2335.0
77.50805555555556,31.790000000000003,2328.0
77.50777777777778,31.790000000000003,2324.0
77.50750000000001,31.790000000000003,2324.0
77.50722222222223,31.790000000000003,2321.0
77.50694444444444,31.790000000000003,2316.0
77.50666666666666,31.790000000000003,2314.0
77.50638888888889,31.790000000000003,2313.0
77.50611111111111,31.790000000000003,2310.0
77.50583333333333,31.790000000000003,2308.0
77.50555555555556,31.790000000000003,2309.0
77.50527777777778,31.79027777777778,2308.0
77.505,31.79027777777778,2310.0
77.50472222222223,31.79027777777778,2308.0
77.50444444444445,31.79055555555556,2300.0
77.50416666666666,31.79055555555556,2294.0
77.50416666666666,31.790833333333335,2292.0
77.5038888888889,31.790833333333335,2292.0
77.50361111111111,31.79055555555556,2291.0
77.50333333333333,31.79027777777778,2286.0
77.50305555555556,31.79027777777778,2284.0
77.50277777777778,31.79027777777778,2281.0
77.5025,31.79027777777778,2281.0
77.50222222222223,31.790000000000003,2282.0
77.50194444444445,31.790000000000003,2280.0
77.50166666666667,31.790000000000003,2280.0
77.50138888888888,31.790000000000003,2277.0
77.50111111111111,31.790000000000003,2279.0
77.50083333333333,31.790000000000003,2280.0
77.50055555555555,31.790000000000003,2280.0
77.50027777777778,31.790000000000003,2277.0
77.5,31.790000000000003,2276.0
77.49972222222222,31.790000000000003,2269.0
77.49944444444445,31.790000000000003,2269.0
77.49916666666667,31.790000000000003,2267.0
77.49888888888889,31.790000000000003,2267.0
77.49861111111112,31.790000000000003,2265.0
77.49833333333333,31.790000000000003,2265.0
77.49805555555555,31.790000000000003,2263.0
77.49777777777778,31.789722222222224,2258.0
77.4975,31.789722222222224,2258.0
77.49722222222222,31.789722222222224,2255.0
77.49694444444445,31.789722222222224,2254.0
77.49666666666667,31.789722222222224,2253.0
77.49638888888889,31.789722222222224,2252.0
77.4961111111111,31.78944444444445,2249.0
77.49583333333334,31.78944444444445,2248.0
77.49555555555555,31.78944444444445,2250.0
77.49527777777777,31.78916666666667,2249.0
77.495,31.78916666666667,2249.0
77.49472222222222,31.78916666666667,2249.0
77.49444444444444,31.78916666666667,2249.0
77.49416666666667,31.78944444444445,2246.0
77.49388888888889,31.78944444444445,2246.0
77.49361111111111,31.78944444444445,2246.0
77.49333333333334,31.78944444444445,2244.0
77.49305555555556,31.78944444444445,2244.0
77.49277777777777,31.78944444444445,2242.0
77.4925,31.78944444444445,2241.0
77.49222222222222,31.78944444444445,2243.0
77.49194444444444,31.78944444444445,2245.0
77.49166666666667,31.78944444444445,2245.0
77.49138888888889,31.78944444444445,2242.0
77.49111111111111,31.78944444444445,2241.0
77.49083333333333,31.78944444444445,2240.0
77.49055555555556,31.78944444444445,2240.0
77.49027777777778,31.78944444444445,2240.0
77.49,31.78944444444445,2237.0
77.48972222222223,31.78944444444445,2236.0
77.48944444444444,31.78944444444445,2237.0
77.48916666666666,31.78944444444445,2240.0
77.4888888888889,31.78944444444445,2241.0
77.48861111111111,31.78944444444445,2241.0
77.48833333333333,31.78944444444445,2241.0
77.48805555555556,31.78944444444445,2242.0
77.48777777777778,31.78944444444445,2246.0
77.4875,31.78916666666667,2232.0
77.48722222222223,31.78916666666667,2234.0
77.48694444444445,31.78916666666667,2235.0
77.48666666666666,31.78916666666667,2236.0
77.48638888888888,31.78916666666667,2237.0
77.48611111111111,31.78916666666667,2235.0
77.48583333333333,31.78916666666667,2232.0
77.48555555555555,31.78916666666667,2231.0
77.48527777777778,31.78916666666667,2231.0
77.485,31.78916666666667,2230.0
77.48472222222222,31.78916666666667,2234.0
77.48444444444445,31.78916666666667,2243.0
77.48416666666667,31.78888888888889,2242.0
77.48388888888888,31.78888888888889,2246.0
77.48361111111112,31.788611111111113,2241.0
77.48333333333333,31.788611111111113,2248.0
77.48305555555555,31.788611111111113,2249.0
77.48277777777778,31.788611111111113,2240.0
77.4825,31.788611111111113,2226.0
77.48222222222222,31.788611111111113,2224.0
77.48194444444445,31.788333333333338,2229.0
77.48166666666667,31.78805555555556,2225.0
77.48138888888889,31.78777777777778,2218.0
77.48111111111112,31.78777777777778,2217.0
77.48083333333334,31.7875,2214.0
77.48055555555555,31.787222222222226,2210.0
77.48027777777777,31.787222222222226,2213.0
77.48,31.787222222222226,2215.0
77.47972222222222,31.786944444444448,2210.0
77.47944444444444,31.78666666666667,2210.0
77.47916666666667,31.78638888888889,2216.0
77.47888888888889,31.786111111111115,2219.0
77.4786111111111,31.786111111111115,2218.0
77.47833333333334,31.78638888888889,2215.0
77.47805555555556,31.78638888888889,2214.0
77.47777777777777,31.78638888888889,2214.0
77.4775,31.78666666666667,2211.0
77.47722222222222,31.78666666666667,2214.0
77.47694444444444,31.78638888888889,2211.0
77.47666666666667,31.78638888888889,2201.0
77.47638888888889,31.78638888888889,2195.0
77.47611111111111,31.78638888888889,2194.0
77.47583333333333,31.78638888888889,2194.0
77.47555555555556,31.78638888888889,2193.0
77.47527777777778,31.78638888888889,2197.0
77.475,31.78638888888889,2199.0
77.47472222222223,31.78638888888889,2200.0
77.47444444444444,31.78638888888889,2204.0
77.47416666666666,31.78638888888889,2199.0
77.4738888888889,31.78638888888889,2193.0
77.47361111111111,31.78638888888889,2191.0
77.47333333333333,31.78638888888889,2193.0
77.47305555555556,31.78638888888889,2198.0
77.47277777777778,31.78638888888889,2205.0
77.4725,31.78666666666667,2208.0
77.47222222222223,31.78666666666667,2209.0
77.47194444444445,31.78666666666667,2209.0
77.47166666666666,31.786944444444448,2205.0
77.4713888888889,31.786944444444448,2201.0
77.47111111111111,31.787222222222226,2203.0
77.47083333333333,31.787222222222226,2205.0
77.47055555555555,31.7875,2200.0
77.47027777777778,31.7875,2192.0
77.47,31.7875,2189.0
77.46972222222222,31.78777777777778,2189.0
77.46944444444445,31.78777777777778,2188.0
77.46916666666667,31.78777777777778,2185.0
77.46888888888888,31.78777777777778,2180.0
77.46861111111112,31.78777777777778,2176.0
77.46833333333333,31.78777777777778,2176.0
77.46805555555555,31.78777777777778,2174.0
77.46777777777778,31.78805555555556,2167.0
77.4675,31.78805555555556,2157.0
77.46722222222222,31.78805555555556,2146.0
77.46694444444445,31.78805555555556,2138.0
77.46666666666667,31.788333333333338,2127.0
77.46638888888889,31.788611111111113,2106.0
77.46611111111112,31.788611111111113,2096.0
77.46583333333334,31.788611111111113,2090.0
77.46555555555555,31.788611111111113,2083.0
77.46527777777777,31.788611111111113,2083.0
77.465,31.788333333333338,2108.0
77.46472222222222,31.78805555555556,2105.0
77.46444444444444,31.78805555555556,2101.0
77.46444444444444,31.78777777777778,2098.0
77.46416666666667,31.78777777777778,2099.0
77.46388888888889,31.7875,2100.0
77.4636111111111,31.787222222222226,2095.0
77.46333333333334,31.787222222222226,2094.0
77.46305555555556,31.787222222222226,2095.0
77.46277777777777,31.787222222222226,2096.0
77.4625,31.786944444444448,2095.0
77.46222222222222,31.78666666666667,2096.0
77.46194444444444,31.78638888888889,2088.0
77.46166666666667,31.78638888888889,2098.0
77.46138888888889,31.786111111111115,2100.0
77.46111111111111,31.786111111111115,2100.0
77.46083333333334,31.786111111111115,2089.0
77.46055555555556,31.786111111111115,2074.0
77.46027777777778,31.786111111111115,2064.0
77.46,31.786111111111115,2060.0
77.45972222222223,31.78638888888889,2057.0
77.45944444444444,31.78638888888889,2056.0
77.45916666666666,31.78666666666667,2055.0
77.4588888888889,31.786944444444448,2044.0
77.45861111111111,31.787222222222226,2034.0
77.45833333333333,31.787222222222226,2027.0
77.45805555555556,31.787222222222226,2023.0
77.45777777777778,31.787222222222226,2023.0
77.4575,31.786944444444448,2023.0
77.45722222222223,31.786944444444448,2024.0
77.45694444444445,31.78666666666667,2024.0
77.45666666666666,31.78638888888889,2022.0
77.4563888888889,31.78638888888889,2020.0
77.45611111111111,31.786111111111115,2018.0
77.45583333333333,31.786111111111115,2017.0
77.45555555555556,31.785833333333336,2014.0
77.45527777777778,31.785833333333336,2010.0
77.455,31.785833333333336,2007.0
77.45472222222222,31.785833333333336,2010.0
77.45444444444445,31.785833333333336,2012.0
77.45416666666667,31.785555555555558,2012.0
77.45388888888888,31.785555555555558,2011.0
77.45361111111112,31.785833333333336,2006.0
77.45333333333333,31.785833333333336,2001.0
77.45305555555555,31.785833333333336,1999.0
77.45277777777778,31.785833333333336,1997.0
77.4525,31.785833333333336,1997.0
77.45222222222222,31.785833333333336,1997.0
77.45194444444445,31.785833333333336,1996.0
77.45166666666667,31.785833333333336,1996.0
77.45138888888889,31.785555555555558,1992.0
77.45111111111112,31.785555555555558,1986.0
77.45083333333334,31.785555555555558,1985.0
77.45055555555555,31.785555555555558,1986.0
77.45027777777779,31.785555555555558,1986.0
77.45,31.785555555555558,1979.0
77.44972222222222,31.785555555555558,1966.0
77.44944444444444,31.785555555555558,1959.0
77.44916666666667,31.785555555555558,1961.0
77.44888888888889,31.785555555555558,1963.0
77.4486111111111,31.785555555555558,1966.0
77.44833333333334,31.785555555555558,1966.0
77.44805555555556,31.785555555555558,1965.0
77.44777777777777,31.785555555555558,1965.0
77.4475,31.785555555555558,1970.0
77.44722222222222,31.785555555555558,1976.0
77.44694444444444,31.785555555555558,1972.0
77.44666666666667,31.785277777777782,1965.0
77.44638888888889,31.785000000000004,1978.0
77.44611111111111,31.785000000000004,1979.0
77.44583333333334,31.784722222222225,1972.0
77.44555555555556,31.784722222222225,1965.0
77.44527777777778,31.784722222222225,1960.0
77.44500000000001,31.784722222222225,1954.0
77.44472222222223,31.784722222222225,1948.0
77.44444444444444,31.784722222222225,1945.0
77.44416666666666,31.784722222222225,1945.0
77.44388888888889,31.784722222222225,1942.0
77.44361111111111,31.784722222222225,1939.0
77.44333333333333,31.784722222222225,1944.0
77.44305555555556,31.784444444444446,1944.0
77.44277777777778,31.784444444444446,1942.0
77.4425,31.784444444444446,1940.0
77.44222222222223,31.784444444444446,1932.0
77.44194444444445,31.784444444444446,1927.0
77.44166666666666,31.784444444444446,1922.0
77.4413888888889,31.784444444444446,1922.0
77.44111111111111,31.784444444444446,1933.0
77.44083333333333,31.78416666666667,1942.0
77.44055555555556,31.78416666666667,1944.0
77.44027777777778,31.783888888888892,1940.0
77.44,31.783888888888892,1938.0
77.43972222222223,31.783888888888892,1933.0
77.43944444444445,31.783611111111114,1925.0
77.43916666666667,31.783611111111114,1920.0
77.43888888888888,31.783333333333335,1915.0
77.43861111111111,31.783333333333335,1914.0
77.43833333333333,31.783333333333335,1911.0
77.43805555555555,31.783333333333335,1910.0
77.43777777777778,31.78305555555556,1905.0
77.4375,31.78305555555556,1903.0
77.43722222222222,31.78305555555556,1904.0
77.43694444444445,31.78305555555556,1907.0
77.43666666666667,31.78277777777778,1903.0
77.43638888888889,31.78277777777778,1907.0
77.43611111111112,31.782500000000002,1908.0
77.43583333333333,31.782500000000002,1907.0
77.43555555555555,31.782222222222224,1906.0
77.43527777777778,31.78194444444445,1907.0
77.435,31.78166666666667,1906.0
77.43472222222222,31.78138888888889,1905.0
77.43444444444445,31.78138888888889,1905.0
77.43416666666667,31.781111111111112,1897.0
77.43388888888889,31.780833333333337,1892.0
77.4336111111111,31.780833333333337,1891.0
77.43333333333334,31.780833333333337,1891.0
77.43305555555555,31.780833333333337,1891.0
77.43277777777777,31.78055555555556,1889.0
77.4325,31.78055555555556,1888.0
77.43222222222222,31.78027777777778,1883.0
77.43194444444444,31.78027777777778,1876.0
77.43166666666667,31.78027777777778,1869.0
77.43138888888889,31.780000000000005,1866.0
77.43111111111111,31.780000000000005,1863.0
77.43083333333334,31.78027777777778,1869.0
77.43055555555556,31.78055555555556,1869.0
77.43027777777777,31.780833333333337,1861.0
77.43027777777777,31.781111111111112,1852.0
77.43,31.781111111111112,1849.0
77.42972222222222,31.781111111111112,1852.0
77.42944444444444,31.781111111111112,1852.0
77.42916666666667,31.781111111111112,1852.0
77.42888888888889,31.781111111111112,1852.0
77.42861111111111,31.781111111111112,1850.0
77.42833333333333,31.780833333333337,1846.0
77.42805555555556,31.780833333333337,1844.0
77.42777777777778,31.780833333333337,1842.0
77.4275,31.780833333333337,1842.0
77.42722222222223,31.78055555555556,1837.0
77.42694444444444,31.78055555555556,1840.0
77.42666666666666,31.78027777777778,1842.0
77.4263888888889,31.780000000000005,1842.0
77.42611111111111,31.779722222222226,1834.0
77.42583333333333,31.779722222222226,1826.0
77.42555555555556,31.779444444444447,1820.0
77.42527777777778,31.779444444444447,1822.0
77.425,31.779444444444447,1827.0
77.42472222222223,31.779444444444447,1831.0
77.42444444444445,31.779722222222226,1828.0
77.42416666666666,31.779722222222226,1825.0
77.42388888888888,31.780000000000005,1821.0
77.42361111111111,31.780000000000005,1812.0
77.42333333333333,31.780000000000005,1809.0
77.42305555555555,31.78027777777778,1804.0
77.42277777777778,31.78027777777778,1805.0
77.4225,31.78055555555556,1807.0
77.42222222222222,31.78055555555556,1805.0
77.42194444444445,31.780833333333337,1805.0
77.42166666666667,31.781111111111112,1804.0
77.42138888888888,31.781111111111112,1800.0
77.42111111111112,31.781111111111112,1798.0
77.42083333333333,31.781111111111112,1796.0
77.42055555555555,31.781111111111112,1798.0
77.42027777777778,31.781111111111112,1797.0
77.42,31.781111111111112,1797.0
77.41972222222222,31.781111111111112,1798.0
77.41944444444445,31.781111111111112,1800.0
77.41916666666667,31.78138888888889,1793.0
77.41888888888889,31.78138888888889,1798.0
77.41861111111112,31.78138888888889,1800.0
77.41833333333334,31.78166666666667,1797.0
77.41805555555555,31.78166666666667,1795.0
77.41777777777777,31.78166666666667,1798.0
77.4175,31.78166666666667,1801.0
77.41722222222222,31.78194444444445,1800.0
77.41694444444444,31.78194444444445,1799.0
77.41666666666667,31.78194444444445,1798.0
77.41638888888889,31.78194444444445,1798.0
77.4161111111111,31.78194444444445,1801.0
77.41583333333334,31.78194444444445,1798.0
77.41555555555556,31.78194444444445,1796.0
77.41527777777777,31.78194444444445,1793.0
77.415,31.78194444444445,1794.0
77.41472222222222,31.78194444444445,1798.0
77.41444444444444,31.78166666666667,1798.0
77.41416666666667,31.78138888888889,1789.0
77.41388888888889,31.78138888888889,1778.0
77.41361111111111,31.78138888888889,1772.0
77.41333333333333,31.781111111111112,1774.0
77.41305555555556,31.780833333333337,1765.0
77.41277777777778,31.780833333333337,1760.0
77.4125,31.780833333333337,1756.0
77.41222222222223,31.780833333333337,1751.0
77.41194444444444,31.780833333333337,1751.0
77.41166666666666,31.780833333333337,1749.0
77.4113888888889,31.780833333333337,1745.0
77.41111111111111,31.780833333333337,1745.0
77.41083333333333,31.78055555555556,1743.0
77.41055555555556,31.78055555555556,1744.0
77.41027777777778,31.78027777777778,1742.0
77.41,31.78027777777778,1740.0
77.40972222222223,31.78027777777778,1742.0
77.40944444444445,31.78027777777778,1741.0
77.40916666666666,31.78027777777778,1742.0
77.4088888888889,31.780000000000005,1741.0
77.40861111111111,31.780000000000005,1739.0
77.40833333333333,31.780000000000005,1736.0
77.40805555555555,31.780000000000005,1732.0
77.40777777777778,31.780000000000005,1731.0
77.4075,31.780000000000005,1731.0
77.40722222222222,31.780000000000005,1732.0
77.40694444444445,31.780000000000005,1737.0
77.40666666666667,31.779722222222226,1731.0
77.40638888888888,31.779722222222226,1735.0
77.40611111111112,31.779722222222226,1741.0
77.40583333333333,31.779444444444447,1740.0
77.40555555555555,31.779444444444447,1742.0
77.40527777777778,31.77916666666667,1736.0
77.405,31.77916666666667,1733.0
77.40472222222222,31.77916666666667,1731.0
77.40444444444445,31.77916666666667,1730.0
77.40416666666667,31.77916666666667,1734.0
77.40388888888889,31.778888888888893,1730.0
77.40361111111112,31.778888888888893,1736.0
77.40333333333334,31.778888888888893,1739.0
77.40305555555555,31.778888888888893,1735.0
77.40277777777777,31.778888888888893,1727.0
77.4025,31.778888888888893,1728.0
77.40222222222222,31.778611111111115,1724.0
77.40194444444444,31.778333333333336,1736.0
77.40166666666667,31.778055555555557,1742.0
77.40138888888889,31.778055555555557,1737.0
77.4011111111111,31.778055555555557,1727.0
77.40083333333334,31.777777777777782,1722.0
77.40055555555556,31.777500000000003,1710.0
77.40027777777777,31.777500000000003,1701.0
77.4,31.777222222222225,1690.0
77.39972222222222,31.776944444444446,1682.0
77.39944444444444,31.776944444444446,1683.0
77.39916666666667,31.77666666666667,1680.0
77.39888888888889,31.77666666666667,1687.0
77.39861111111111,31.776388888888892,1687.0
77.39833333333334,31.776111111111113,1682.0
77.39805555555556,31.776111111111113,1681.0
77.39777777777778,31.775833333333335,1680.0
77.3975,31.775833333333335,1682.0
77.39722222222223,31.77555555555556,1681.0
77.39694444444444,31.77527777777778,1681.0
77.39666666666666,31.775000000000002,1671.0
77.3963888888889,31.775000000000002,1661.0
77.39611111111111,31.775000000000002,1659.0
77.39583333333333,31.775000000000002,1662.0
77.39555555555556,31.775000000000002,1655.0
77.39527777777778,31.775000000000002,1650.0
77.395,31.775000000000002,1652.0
77.39472222222223,31.775000000000002,1658.0
77.39444444444445,31.775000000000002,1663.0
77.39416666666666,31.775000000000002,1666.0
77.3938888888889,31.774722222222223,1666.0
77.39361111111111,31.77444444444445,1666.0
77.39333333333333,31.77444444444445,1663.0
77.39305555555556,31.77416666666667,1658.0
77.39277777777778,31.77416666666667,1653.0
77.3925,31.77388888888889,1651.0
77.39222222222222,31.77388888888889,1650.0
77.39194444444445,31.773611111111116,1649.0
77.39166666666667,31.773333333333337,1645.0
77.39138888888888,31.773333333333337,1642.0
77.39111111111112,31.773333333333337,1640.0
77.39111111111112,31.77305555555556,1641.0
77.39111111111112,31.77277777777778,1639.0
77.39083333333333,31.772500000000004,1638.0
77.39055555555555,31.772500000000004,1636.0
77.39027777777778,31.772500000000004,1635.0
77.39,31.772500000000004,1634.0
77.38972222222222,31.772222222222226,1631.0
77.38944444444445,31.772222222222226,1626.0
77.38916666666667,31.772222222222226,1623.0
77.38888888888889,31.772222222222226,1621.0
77.38861111111112,31.772222222222226,1620.0
77.38833333333334,31.771944444444447,1619.0
77.38805555555555,31.771944444444447,1612.0
77.38777777777779,31.771944444444447,1609.0
77.3875,31.77166666666667,1610.0
77.38722222222222,31.77166666666667,1608.0
77.38694444444444,31.77166666666667,1605.0
77.38666666666667,31.77166666666667,1602.0
77.38638888888889,31.77166666666667,1599.0
77.3861111111111,31.77166666666667,1597.0
77.38583333333334,31.77166666666667,1596.0
77.38555555555556,31.77166666666667,1597.0
77.38527777777777,31.771944444444447,1597.0
77.385,31.771944444444447,1594.0
77.38472222222222,31.771944444444447,1593.0
77.38444444444444,31.772222222222226,1595.0
77.38416666666667,31.772500000000004,1596.0
77.38388888888889,31.77277777777778,1591.0
77.38361111111111,31.77277777777778,1586.0
77.38333333333334,31.77277777777778,1584.0
77.38305555555556,31.77277777777778,1585.0
77.38277777777778,31.772500000000004,1586.0
77.38250000000001,31.772500000000004,1585.0
77.38222222222223,31.772222222222226,1584.0
77.38194444444444,31.772222222222226,1580.0
77.38166666666666,31.772222222222226,1581.0
77.38138888888889,31.771944444444447,1578.0
77.38111111111111,31.771944444444447,1577.0
77.38083333333333,31.77166666666667,1575.0
77.38055555555556,31.77166666666667,1575.0
77.38027777777778,31.771388888888893,1575.0
77.38,31.771388888888893,1575.0
77.37972222222223,31.771388888888893,1575.0
77.37944444444445,31.771388888888893,1572.0
77.37916666666666,31.771388888888893,1568.0
77.3788888888889,31.771388888888893,1566.0
77.37861111111111,31.77166666666667,1566.0
77.37833333333333,31.77166666666667,1563.0
77.37805555555556,31.77166666666667,1562.0
77.37777777777778,31.771944444444447,1563.0
77.3775,31.771944444444447,1563.0
77.37722222222223,31.77166666666667,1561.0
77.37694444444445,31.771388888888893,1559.0
77.37666666666667,31.771388888888893,1556.0
77.37638888888888,31.771111111111114,1554.0
77.37611111111111,31.771111111111114,1552.0
77.37583333333333,31.771111111111114,1553.0
77.37555555555555,31.770833333333336,1553.0
77.37527777777778,31.770833333333336,1551.0
77.375,31.770833333333336,1550.0
77.37472222222222,31.770833333333336,1548.0
77.37444444444445,31.770833333333336,1547.0
77.37416666666667,31.770833333333336,1546.0
77.37388888888889,31.770833333333336,1546.0
77.37361111111112,31.770833333333336,1547.0
77.37333333333333,31.770833333333336,1543.0
77.37305555555555,31.770833333333336,1542.0
77.37277777777778,31.770555555555557,1542.0
77.3725,31.770555555555557,1542.0
77.37222222222222,31.770277777777782,1538.0
77.37194444444445,31.770277777777782,1542.0
77.37166666666667,31.770277777777782,1540.0
77.37138888888889,31.770277777777782,1536.0
77.3711111111111,31.770277777777782,1533.0
77.37083333333334,31.770277777777782,1533.0
77.37055555555555,31.770277777777782,1532.0
77.37027777777777,31.770277777777782,1533.0
77.37,31.770277777777782,1532.0
77.36972222222222,31.770277777777782,1533.0
77.36944444444444,31.770000000000003,1530.0
77.36916666666667,31.770000000000003,1530.0
77.36888888888889,31.770000000000003,1533.0
77.36861111111111,31.769722222222224,1531.0
77.36833333333334,31.769722222222224,1530.0
77.36805555555556,31.769722222222224,1529.0
77.36777777777777,31.769722222222224,1527.0
77.3675,31.769722222222224,1525.0
77.36722222222222,31.769722222222224,1527.0
77.36694444444444,31.769722222222224,1531.0
77.36666666666667,31.769722222222224,1533.0
77.36638888888889,31.769444444444446,1534.0
77.36611111111111,31.76916666666667,1533.0
77.36583333333333,31.76916666666667,1530.0
77.36555555555556,31.768888888888892,1528.0
77.36527777777778,31.768611111111113,1530.0
77.365,31.768333333333338,1529.0
77.365,31.76805555555556,1529.0
77.36472222222223,31.76777777777778,1527.0
77.36444444444444,31.76777777777778,1527.0
77.36416666666666,31.767500000000002,1524.0
77.3638888888889,31.767500000000002,1519.0
77.36361111111111,31.767500000000002,1518.0
77.36333333333333,31.767500000000002,1513.0
77.36305555555556,31.767500000000002,1507.0
77.36277777777778,31.767500000000002,1506.0
77.3625,31.767500000000002,1509.0
77.36222222222223,31.76777777777778,1510.0
77.36194444444445,31.76805555555556,1508.0
77.36166666666666,31.768333333333338,1508.0
77.36138888888888,31.768333333333338,1502.0
77.36111111111111,31.768333333333338,1499.0
77.36083333333333,31.768333333333338,1496.0
77.36055555555555,31.768333333333338,1499.0
77.36027777777778,31.76805555555556,1502.0
77.36,31.76777777777778,1500.0
77.35972222222222,31.767500000000002,1496.0
77.35944444444445,31.767222222222227,1489.0
77.35916666666667,31.766944444444448,1489.0
77.35888888888888,31.76666666666667,1488.0
77.35861111111112,31.76666666666667,1488.0
77.35833333333333,31.76666666666667,1488.0
77.35805555555555,31.76666666666667,1483.0
77.35777777777778,31.76666666666667,1482.0
77.3575,31.76666666666667,1481.0
77.35722222222222,31.76666666666667,1479.0
77.35694444444445,31.76666666666667,1476.0
77.35666666666667,31.766944444444448,1479.0
77.35638888888889,31.767222222222227,1486.0
77.35611111111112,31.767500000000002,1488.0
77.35583333333334,31.76777777777778,1484.0
77.35583333333334,31.76805555555556,1480.0
77.35583333333334,31.768333333333338,1476.0
77.35555555555555,31.768611111111113,1477.0
77.35555555555555,31.768888888888892,1476.0
77.35527777777777,31.76916666666667,1472.0
77.355,31.769444444444446,1471.0
77.35472222222222,31.769444444444446,1470.0
77.35472222222222,31.769722222222224,1470.0
77.35444444444444,31.770000000000003,1469.0
77.35444444444444,31.770277777777782,1466.0
77.35416666666667,31.770555555555557,1469.0
77.35388888888889,31.770833333333336,1468.0
77.3536111111111,31.771111111111114,1462.0
77.3536111111111,31.771388888888893,1458.0
77.35333333333334,31.77166666666667,1457.0
77.35333333333334,31.771944444444447,1458.0
77.35305555555556,31.772222222222226,1455.0
77.35277777777777,31.772500000000004,1457.0
77.3525,31.77277777777778,1458.0
77.35222222222222,31.77305555555556,1453.0
77.35194444444444,31.773333333333337,1447.0
77.35166666666667,31.773611111111116,1446.0
77.35166666666667,31.77388888888889,1445.0
77.35138888888889,31.77416666666667,1440.0
77.35111111111111,31.77444444444445,1437.0
77.35111111111111,31.774722222222223,1437.0
77.35111111111111,31.775000000000002,1432.0
77.35111111111111,31.77527777777778,1428.0
77.35083333333333,31.77555555555556,1423.0
77.35055555555556,31.775833333333335,1422.0
77.35055555555556,31.776111111111113,1421.0
77.35027777777778,31.776388888888892,1419.0
77.35,31.77666666666667,1418.0
77.34972222222223,31.77666666666667,1420.0
77.34944444444444,31.776944444444446,1417.0
77.34916666666666,31.777222222222225,1420.0
77.3488888888889,31.777222222222225,1415.0
77.34861111111111,31.777222222222225,1414.0
77.34833333333333,31.777222222222225,1413.0
77.34805555555556,31.777222222222225,1413.0
77.34777777777778,31.777222222222225,1412.0
77.3475,31.777500000000003,1410.0
77.34722222222223,31.777500000000003,1409.0
77.34694444444445,31.777500000000003,1408.0
77.34666666666666,31.777777777777782,1406.0
77.3463888888889,31.777777777777782,1407.0
77.34611111111111,31.778055555555557,1403.0
77.34583333333333,31.778333333333336,1404.0
77.34555555555555,31.778611111111115,1396.0
77.34527777777778,31.778888888888893,1394.0
77.345,31.77916666666667,1393.0
77.34472222222222,31.77916666666667,1391.0
77.34444444444445,31.77916666666667,1388.0
77.34416666666667,31.77916666666667,1391.0
77.34388888888888,31.779444444444447,1388.0
77.34361111111112,31.779722222222226,1384.0
77.34361111111112,31.780000000000005,1387.0
77.34333333333333,31.78027777777778,1384.0
77.34305555555555,31.78055555555556,1384.0
77.34305555555555,31.780833333333337,1382.0
77.34277777777778,31.780833333333337,1382.0
77.3425,31.780833333333337,1381.0
77.34222222222222,31.780833333333337,1382.0
77.34194444444445,31.780833333333337,1379.0
77.34166666666667,31.780833333333337,1379.0
77.34138888888889,31.781111111111112,1374.0
77.34111111111112,31.781111111111112,1372.0
77.34083333333334,31.781111111111112,1374.0
77.34055555555555,31.78138888888889,1373.0
77.34027777777777,31.78138888888889,1370.0
77.34,31.78138888888889,1372.0
77.33972222222222,31.781111111111112,1372.0
77.33944444444444,31.781111111111112,1371.0
77.33916666666667,31.781111111111112,1367.0
77.33888888888889,31.781111111111112,1366.0
77.3386111111111,31.78138888888889,1368.0
77.33833333333334,31.78166666666667,1370.0
77.33805555555556,31.78194444444445,1363.0
77.33777777777777,31.78194444444445,1362.0
77.3375,31.782222222222224,1359.0
77.33722222222222,31.782222222222224,1356.0
77.33694444444444,31.782222222222224,1356.0
77.33666666666667,31.782222222222224,1355.0
77.33638888888889,31.782222222222224,1356.0
77.33611111111111,31.782222222222224,1355.0
77.33583333333334,31.782222222222224,1353.0
77.33555555555556,31.782222222222224,1350.0
77.33527777777778,31.782222222222224,1351.0
77.335,31.782500000000002,1349.0
77.33472222222223,31.78277777777778,1346.0
77.33444444444444,31.78305555555556,1343.0
77.33416666666666,31.783333333333335,1343.0
77.3338888888889,31.783333333333335,1339.0
77.33361111111111,31.783333333333335,1344.0
77.33333333333333,31.783611111111114,1338.0
77.33305555555556,31.783888888888892,1340.0
77.33277777777778,31.783888888888892,1336.0
77.3325,31.783888888888892,1340.0
77.33222222222223,31.78416666666667,1337.0
77.33194444444445,31.784444444444446,1335.0
77.33166666666666,31.784722222222225,1332.0
77.3313888888889,31.785000000000004,1332.0
77.33111111111111,31.785000000000004,1332.0
77.33083333333333,31.785000000000004,1331.0
77.33055555555556,31.785277777777782,1331.0
77.33027777777778,31.785000000000004,1329.0
77.33,31.785000000000004,1331.0
77.32972222222222,31.784722222222225,1331.0
77.32944444444445,31.784444444444446,1329.0
77.32916666666667,31.78416666666667,1327.0
77.32916666666667,31.783888888888892,1325.0
77.32916666666667,31.783611111111114,1326.0
77.32888888888888,31.783333333333335,1324.0
77.32861111111112,31.78305555555556,1325.0
77.32861111111112,31.78277777777778,1325.0
77.32861111111112,31.782500000000002,1323.0
77.32861111111112,31.782222222222224,1319.0
77.32861111111112,31.78194444444445,1318.0
77.32861111111112,31.78166666666667,1321.0
77.32861111111112,31.78138888888889,1325.0
77.32861111111112,31.781111111111112,1326.0
77.32861111111112,31.780833333333337,1325.0
77.32833333333333,31.78055555555556,1314.0
77.32833333333333,31.78027777777778,1316.0
77.32805555555555,31.780000000000005,1309.0
77.32777777777778,31.779722222222226,1305.0
77.3275,31.779444444444447,1302.0
77.32722222222222,31.77916666666667,1302.0
77.32694444444445,31.778888888888893,1311.0
77.32666666666667,31.778611111111115,1327.0
77.32638888888889,31.778333333333336,1327.0
77.32611111111112,31.778055555555557,1308.0
77.32583333333334,31.777777777777782,1299.0
77.32555555555555,31.777500000000003,1292.0
77.32527777777779,31.777500000000003,1293.0
77.325,31.777500000000003,1292.0
77.32472222222222,31.777222222222225,1292.0
77.32444444444444,31.777222222222225,1292.0
77.32416666666667,31.777222222222225,1291.0
77.32388888888889,31.777222222222225,1291.0
77.3236111111111,31.777222222222225,1288.0
77.32333333333334,31.777222222222225,1285.0
77.32305555555556,31.777222222222225,1286.0
77.32277777777777,31.776944444444446,1284.0
77.3225,31.776944444444446,1285.0
77.32222222222222,31.77666666666667,1284.0
77.32194444444444,31.77666666666667,1282.0
77.32166666666667,31.776388888888892,1285.0
77.32138888888889,31.776111111111113,1282.0
77.32111111111111,31.776111111111113,1279.0
77.32083333333334,31.775833333333335,1278.0
77.32055555555556,31.775833333333335,1279.0
77.32027777777778,31.77555555555556,1278.0
77.32000000000001,31.77527777777778,1278.0
77.31972222222223,31.775000000000002,1276.0
77.31972222222223,31.774722222222223,1277.0
77.31944444444444,31.77444444444445,1279.0
77.31944444444444,31.77416666666667,1278.0
77.31916666666666,31.77416666666667,1278.0
77.31888888888889,31.77416666666667,1275.0
77.31888888888889,31.77388888888889,1274.0
77.31861111111111,31.77388888888889,1272.0
77.31833333333333,31.773611111111116,1274.0
77.31805555555556,31.773611111111116,1272.0
77.31777777777778,31.773611111111116,1270.0
77.3175,31.773333333333337,1271.0
77.31722222222223,31.773333333333337,1266.0
77.31694444444445,31.773333333333337,1264.0
77.31666666666666,31.77305555555556,1262.0
77.3163888888889,31.77305555555556,1261.0
77.31611111111111,31.77305555555556,1260.0
77.31583333333333,31.77305555555556,1258.0
77.31555555555556,31.77305555555556,1258.0
77.31527777777778,31.77305555555556,1261.0
77.315,31.77277777777778,1254.0
77.31472222222223,31.772500000000004,1257.0
77.31444444444445,31.772500000000004,1256.0
77.31416666666667,31.772500000000004,1257.0
77.31388888888888,31.772222222222226,1251.0
77.31361111111111,31.772222222222226,1251.0
77.31333333333333,31.772222222222226,1250.0
77.31305555555555,31.772222222222226,1251.0
77.31277777777778,31.772222222222226,1252.0
77.3125,31.772222222222226,1257.0
77.31222222222222,31.772222222222226,1256.0
77.31194444444445,31.772222222222226,1256.0
77.31166666666667,31.771944444444447,1258.0
77.31138888888889,31.771944444444447,1251.0
77.31111111111112,31.771944444444447,1248.0
77.31083333333333,31.771944444444447,1248.0
77.31055555555555,31.771944444444447,1248.0
77.31027777777778,31.77166666666667,1245.0
77.31,31.77166666666667,1242.0
77.31,31.771388888888893,1242.0
77.30972222222222,31.771111111111114,1241.0
77.30972222222222,31.770833333333336,1243.0
77.30944444444445,31.770555555555557,1238.0
77.30916666666667,31.770277777777782,1243.0
77.30888888888889,31.770000000000003,1239.0
77.3086111111111,31.769722222222224,1236.0
77.30833333333334,31.769722222222224,1237.0
77.30805555555555,31.769444444444446,1237.0
77.30777777777777,31.769444444444446,1235.0
77.3075,31.769444444444446,1234.0
77.30722222222222,31.769444444444446,1232.0
77.30694444444444,31.769444444444446,1233.0
77.30666666666667,31.769444444444446,1233.0
77.30638888888889,31.769722222222224,1230.0
77.30611111111111,31.769722222222224,1230.0
77.30583333333334,31.770000000000003,1229.0
77.30583333333334,31.770277777777782,1228.0
77.30555555555556,31.770555555555557,1227.0
77.30527777777777,31.770833333333336,1227.0
77.305,31.770833333333336,1227.0
77.30472222222222,31.771111111111114,1226.0
77.30444444444444,31.771111111111114,1224.0
77.30416666666667,31.771111111111114,1223.0
77.30388888888889,31.771111111111114,1223.0
77.30361111111111,31.771111111111114,1223.0
77.30333333333333,31.771388888888893,1221.0
77.30305555555556,31.77166666666667,1220.0
77.30277777777778,31.771944444444447,1218.0
77.3025,31.771944444444447,1217.0
77.30222222222223,31.772222222222226,1218.0
77.30194444444444,31.772222222222226,1217.0
77.30166666666666,31.772500000000004,1218.0
77.3013888888889,31.772500000000004,1218.0
77.30111111111111,31.772500000000004,1217.0
77.30083333333333,31.77277777777778,1214.0
77.30055555555556,31.772500000000004,1215.0
77.30027777777778,31.772500000000004,1215.0
77.3,31.772500000000004,1215.0
77.29972222222223,31.772500000000004,1215.0
77.29944444444445,31.772222222222226,1213.0
77.29916666666666,31.772222222222226,1212.0
77.29888888888888,31.772222222222226,1212.0
77.29861111111111,31.771944444444447,1211.0
77.29861111111111,31.77166666666667,1211.0
77.29833333333333,31.771388888888893,1210.0
77.29805555555555,31.771111111111114,1209.0
77.29777777777778,31.770833333333336,1208.0
77.29777777777778,31.770555555555557,1208.0
77.2975,31.770277777777782,1207.0
77.29722222222222,31.770277777777782,1206.0
77.29694444444445,31.770000000000003,1207.0
77.29666666666667,31.769722222222224,1205.0
77.29638888888888,31.769444444444446,1206.0
77.29611111111112,31.769444444444446,1207.0
77.29583333333333,31.76916666666667,1205.0
77.29555555555555,31.76916666666667,1206.0
77.29527777777778,31.76916666666667,1205.0
77.295,31.76916666666667,1204.0
77.29472222222222,31.76916666666667,1203.0
77.29444444444445,31.76916666666667,1202.0
77.29416666666667,31.769444444444446,1202.0
77.29388888888889,31.769444444444446,1202.0
77.29361111111112,31.769444444444446,1201.0
77.29333333333334,31.769722222222224,1202.0
77.29305555555555,31.769722222222224,1203.0
77.29277777777777,31.769722222222224,1202.0
77.2925,31.769722222222224,1200.0
77.29222222222222,31.769722222222224,1199.0
77.29194444444444,31.769722222222224,1198.0
77.29166666666667,31.770000000000003,1197.0
77.29138888888889,31.769722222222224,1197.0
77.2911111111111,31.769444444444446,1197.0
77.29083333333334,31.76916666666667,1195.0
77.29055555555556,31.76916666666667,1195.0
77.29027777777777,31.76916666666667,1195.0
77.29,31.76916666666667,1193.0
77.28972222222222,31.76916666666667,1195.0
77.28944444444444,31.76916666666667,1197.0
77.28916666666667,31.76916666666667,1194.0
77.28888888888889,31.769444444444446,1192.0
77.28861111111111,31.769444444444446,1190.0
77.28833333333333,31.769444444444446,1189.0
77.28805555555556,31.769444444444446,1190.0
77.28777777777778,31.769722222222224,1189.0
77.2875,31.769722222222224,1188.0
77.28722222222223,31.769722222222224,1189.0
77.28694444444444,31.769722222222224,1188.0
77.28666666666666,31.769722222222224,1187.0
77.2863888888889,31.769722222222224,1188.0
77.28611111111111,31.769444444444446,1188.0
77.28583333333333,31.76916666666667,1186.0
77.28555555555556,31.768888888888892,1185.0
77.28527777777778,31.768611111111113,1183.0
77.285,31.768611111111113,1178.0
77.28472222222223,31.768333333333338,1182.0
77.28444444444445,31.76805555555556,1180.0
77.28416666666666,31.76777777777778,1180.0
77.2838888888889,31.76777777777778,1180.0
77.28361111111111,31.76777777777778,1180.0
77.28333333333333,31.767500000000002,1179.0
77.28305555555555,31.767500000000002,1180.0
77.28277777777778,31.767500000000002,1178.0
77.2825,31.767500000000002,1178.0
77.28222222222222,31.767500000000002,1176.0
77.28194444444445,31.76777777777778,1175.0
77.28166666666667,31.76777777777778,1175.0
77.28138888888888,31.76805555555556,1174.0
77.28111111111112,31.76805555555556,1174.0
77.28083333333333,31.768333333333338,1173.0
77.28083333333333,31.768611111111113,1171.0
77.28055555555555,31.768611111111113,1172.0
77.28027777777778,31.768611111111113,1170.0
77.28,31.768611111111113,1172.0
77.27972222222222,31.768333333333338,1171.0
77.27944444444445,31.76805555555556,1170.0
77.27944444444445,31.76777777777778,1167.0
77.27916666666667,31.767500000000002,1168.0
77.27888888888889,31.767222222222227,1168.0
77.27888888888889,31.766944444444448,1168.0
77.27861111111112,31.76666666666667,1166.0
77.27833333333334,31.76638888888889,1166.0
77.27805555555555,31.766111111111115,1166.0
77.27777777777777,31.766111111111115,1167.0
77.2775,31.766111111111115,1168.0
77.27722222222222,31.765833333333337,1162.0
77.27694444444444,31.765833333333337,1163.0
77.27666666666667,31.765833333333337,1164.0
77.27638888888889,31.765833333333337,1163.0
77.2761111111111,31.765833333333337,1163.0
77.27583333333334,31.765833333333337,1161.0
77.27555555555556,31.765833333333337,1160.0
77.27527777777777,31.766111111111115,1167.0
77.275,31.76638888888889,1168.0
77.27472222222222,31.76666666666667,1161.0
77.27444444444444,31.76666666666667,1159.0
77.27444444444444,31.766944444444448,1158.0
77.27416666666667,31.767222222222227,1159.0
77.27416666666667,31.767500000000002,1159.0
77.27388888888889,31.76777777777778,1155.0
77.27361111111111,31.76777777777778,1157.0
77.27333333333334,31.76805555555556,1155.0
77.27333333333334,31.768333333333338,1153.0
77.27305555555556,31.768333333333338,1153.0
77.27277777777778,31.768333333333338,1152.0
77.2725,31.768333333333338,1150.0
77.27222222222223,31.768333333333338,1150.0
77.27194444444444,31.76805555555556,1148.0
77.27166666666666,31.76805555555556,1148.0
77.2713888888889,31.76777777777778,1148.0
77.27111111111111,31.767500000000002,1148.0
77.27111111111111,31.767222222222227,1147.0
77.27083333333333,31.766944444444448,1145.0
77.27083333333333,31.76666666666667,1143.0
77.27083333333333,31.76638888888889,1142.0
77.27055555555556,31.766111111111115,1142.0
77.27055555555556,31.765833333333337,1143.0
77.27055555555556,31.765555555555558,1143.0
77.27055555555556,31.76527777777778,1142.0
77.27027777777778,31.765000000000004,1141.0
77.27027777777778,31.764722222222225,1140.0
77.27027777777778,31.764444444444447,1139.0
77.27027777777778,31.764166666666668,1138.0
77.27,31.764166666666668,1137.0
77.26972222222223,31.763888888888893,1138.0
77.26944444444445,31.763611111111114,1138.0
77.26916666666666,31.763333333333335,1138.0
77.2688888888889,31.76305555555556,1138.0
77.26861111111111,31.76305555555556,1137.0
77.26833333333333,31.76305555555556,1137.0
77.26805555555556,31.76305555555556,1137.0
77.26777777777778,31.763333333333335,1135.0
77.2675,31.763611111111114,1134.0
77.26722222222222,31.763888888888893,1132.0
77.26694444444445,31.764166666666668,1132.0
77.26666666666667,31.764166666666668,1132.0
77.26638888888888,31.764166666666668,1131.0
77.26611111111112,31.764166666666668,1130.0
77.26583333333333,31.764166666666668,1129.0
77.26555555555555,31.763888888888893,1129.0
77.26527777777778,31.763611111111114,1128.0
77.265,31.763333333333335,1129.0
77.26472222222222,31.76305555555556,1130.0
77.26444444444445,31.76277777777778,1128.0
77.26444444444445,31.762500000000003,1128.0
77.26416666666667,31.762222222222224,1128.0
77.26416666666667,31.76194444444445,1128.0
77.26416666666667,31.76166666666667,1127.0
77.26388888888889,31.76138888888889,1125.0
77.26361111111112,31.76138888888889,1120.0
77.26333333333334,31.761111111111113,1124.0
77.26305555555555,31.760833333333338,1124.0
77.26277777777779,31.760833333333338,1123.0
77.2625,31.760833333333338,1123.0
77.26222222222222,31.760833333333338,1122.0
77.26194444444444,31.761111111111113,1121.0
77.26166666666667,31.761111111111113,1120.0
77.26138888888889,31.761111111111113,1120.0
77.2611111111111,31.761111111111113,1120.0
77.26083333333334,31.761111111111113,1121.0
77.26055555555556,31.761111111111113,1119.0
77.26027777777777,31.760833333333338,1120.0
77.26,31.76055555555556,1121.0
77.26,31.76027777777778,1120.0
77.26,31.76,1118.0
77.26,31.759722222222226,1120.0
77.25972222222222,31.759444444444448,1114.0
77.25972222222222,31.75916666666667,1116.0
77.25972222222222,31.75888888888889,1116.0
77.25944444444444,31.758611111111115,1114.0
77.25916666666667,31.758333333333336,1120.0
77.25888888888889,31.758055555555558,1119.0
77.25861111111111,31.757777777777783,1115.0
77.25833333333334,31.757500000000004,1111.0
77.25805555555556,31.757500000000004,1109.0
77.25777777777778,31.757500000000004,1108.0
77.25750000000001,31.757500000000004,1108.0
77.25722222222223,31.757500000000004,1109.0
77.25694444444444,31.757500000000004,1109.0
77.25666666666666,31.757500000000004,1111.0
77.25638888888889,31.757500000000004,1108.0
77.25611111111111,31.757500000000004,1104.0
77.25583333333333,31.757500000000004,1103.0
77.25555555555556,31.757500000000004,1106.0
77.25527777777778,31.757500000000004,1110.0
77.255,31.757500000000004,1111.0
77.25472222222223,31.757500000000004,1108.0
77.25444444444445,31.757500000000004,1109.0
77.25416666666666,31.757500000000004,1109.0
77.2538888888889,31.757500000000004,1108.0
77.25361111111111,31.757500000000004,1105.0
77.25333333333333,31.757500000000004,1103.0
77.25305555555556,31.757500000000004,1101.0
77.25277777777778,31.757500000000004,1101.0
77.2525,31.757222222222225,1110.0
77.25222222222223,31.756944444444446,1107.0
77.25194444444445,31.756944444444446,1109.0
77.25166666666667,31.756944444444446,1110.0
77.25138888888888,31.756944444444446,1109.0
77.25111111111111,31.756944444444446,1108.0
77.25083333333333,31.756944444444446,1111.0
77.25055555555555,31.75666666666667,1101.0
77.25027777777778,31.75666666666667,1106.0
77.25,31.75666666666667,1112.0
77.24972222222222,31.756388888888893,1109.0
77.24944444444445,31.756388888888893,1109.0
77.24916666666667,31.756388888888893,1110.0
77.24888888888889,31.756111111111114,1097.0
77.24861111111112,31.756111111111114,1108.0
77.24833333333333,31.755833333333335,1110.0
77.24805555555555,31.75555555555556,1095.0
77.24777777777778,31.75555555555556,1101.0
77.2475,31.75555555555556,1110.0
77.24722222222222,31.75527777777778,1100.0
77.24694444444445,31.75527777777778,1107.0
77.24666666666667,31.755000000000003,1096.0
77.24638888888889,31.754722222222224,1096.0
77.2461111111111,31.75444444444445,1096.0
77.24583333333334,31.75416666666667,1093.0
77.24555555555555,31.75388888888889,1090.0
77.24527777777777,31.75388888888889,1100.0
77.245,31.753611111111113,1094.0
77.24472222222222,31.753611111111113,1098.0
77.24444444444444,31.753611111111113,1098.0
77.24416666666667,31.753611111111113,1097.0
77.24388888888889,31.753611111111113,1097.0
77.24361111111111,31.753611111111113,1095.0
77.24333333333334,31.753333333333337,1089.0
77.24305555555556,31.75305555555556,1088.0
77.24277777777777,31.75277777777778,1081.0
77.2425,31.7525,1086.0
77.24222222222222,31.752222222222226,1105.0
77.24194444444444,31.751944444444447,1106.0
77.24194444444444,31.75166666666667,1105.0
77.24194444444444,31.751388888888894,1100.0
77.24194444444444,31.751111111111115,1089.0
77.24194444444444,31.750833333333336,1084.0
77.24194444444444,31.750555555555557,1083.0
77.24194444444444,31.750277777777782,1083.0
77.24194444444444,31.750000000000004,1086.0
77.24194444444444,31.749722222222225,1090.0
77.24194444444444,31.749444444444446,1094.0
77.24194444444444,31.74916666666667,1100.0
77.24194444444444,31.748888888888892,1104.0
77.24194444444444,31.748611111111114,1100.0
77.24194444444444,31.748333333333335,1099.0
77.24194444444444,31.74805555555556,1098.0
77.24194444444444,31.74777777777778,1100.0
77.24194444444444,31.747500000000002,1111.0
77.24166666666667,31.747222222222224,1107.0
77.24166666666667,31.74694444444445,1106.0
77.24166666666667,31.74666666666667,1112.0
77.24138888888889,31.74638888888889,1111.0
77.24111111111111,31.74638888888889,1105.0
77.24111111111111,31.746111111111116,1106.0
77.24111111111111,31.745833333333337,1109.0
77.24111111111111,31.74555555555556,1106.0
77.24111111111111,31.74527777777778,1105.0
77.24111111111111,31.745000000000005,1106.0
77.24083333333333,31.744722222222226,1103.0
77.24055555555556,31.744444444444447,1092.0
77.24055555555556,31.74416666666667,1082.0
77.24027777777778,31.74416666666667,1072.0
77.24,31.74416666666667,1068.0
77.23972222222223,31.743888888888893,1064.0
77.23944444444444,31.743611111111115,1060.0
77.23916666666666,31.743333333333336,1057.0
77.2388888888889,31.743055555555557,1061.0
77.23861111111111,31.742777777777782,1065.0
77.23833333333333,31.742500000000003,1073.0
77.23805555555556,31.742222222222225,1080.0
77.23777777777778,31.741944444444446,1079.0
77.23777777777778,31.74166666666667,1079.0
77.2375,31.741388888888892,1076.0
77.23722222222223,31.741111111111113,1070.0
77.23694444444445,31.740833333333335,1058.0
77.23666666666666,31.740833333333335,1055.0
77.23638888888888,31.740833333333335,1057.0
77.23611111111111,31.74055555555556,1045.0
77.23583333333333,31.74055555555556,1048.0
77.23555555555555,31.74027777777778,1043.0
77.23527777777778,31.740000000000002,1043.0
77.235,31.739722222222227,1047.0
77.23472222222222,31.739444444444448,1049.0
77.23444444444445,31.73916666666667,1055.0
77.23416666666667,31.73888888888889,1058.0
77.23388888888888,31.738611111111116,1051.0
77.23388888888888,31.738333333333337,1045.0
77.23388888888888,31.738055555555558,1041.0
77.23388888888888,31.73777777777778,1037.0
77.23388888888888,31.737500000000004,1033.0
77.23388888888888,31.737222222222226,1038.0
77.23361111111112,31.736944444444447,1043.0
77.23361111111112,31.736666666666668,1042.0
77.23361111111112,31.736388888888893,1035.0
77.23361111111112,31.736111111111114,1026.0
77.23361111111112,31.735833333333336,1025.0
77.23333333333333,31.735555555555557,1027.0
77.23305555555555,31.73527777777778,1030.0
77.23277777777778,31.735000000000003,1026.0
77.2325,31.734722222222224,1018.0
77.2325,31.73444444444445,1014.0
77.23222222222222,31.73416666666667,1010.0
77.23222222222222,31.73388888888889,1008.0
77.23222222222222,31.733611111111113,1008.0
77.23222222222222,31.733333333333338,1009.0
77.23222222222222,31.73305555555556,1012.0
77.23194444444445,31.73277777777778,1003.0
77.23166666666667,31.7325,1007.0
77.23138888888889,31.732222222222227,1015.0
77.23111111111112,31.731944444444448,1013.0
77.23083333333334,31.73166666666667,1009.0
77.23055555555555,31.73166666666667,1006.0
77.23027777777777,31.73138888888889,1003.0
77.23,31.731111111111115,993.0
77.22972222222222,31.731111111111115,993.0
77.22944444444444,31.730833333333337,991.0
77.22916666666667,31.730833333333337,992.0
77.22888888888889,31.730555555555558,991.0
77.2286111111111,31.730555555555558,991.0
77.22833333333334,31.73027777777778,989.0
77.22805555555556,31.730000000000004,987.0
77.22805555555556,31.729722222222225,992.0
77.22777777777777,31.729444444444447,990.0
77.22777777777777,31.72916666666667,991.0
77.22777777777777,31.728888888888893,993.0
77.22777777777777,31.728611111111114,991.0
77.22777777777777,31.728333333333335,985.0
77.22777777777777,31.72805555555556,981.0
77.22777777777777,31.72777777777778,979.0
77.22777777777777,31.727500000000003,979.0
77.2275,31.727222222222224,980.0
77.22722222222222,31.72694444444445,979.0
77.22694444444444,31.72694444444445,977.0
77.22666666666667,31.72694444444445,976.0
77.22638888888889,31.72694444444445,976.0
77.22611111111111,31.72694444444445,975.0
77.22583333333333,31.72694444444445,976.0
77.22555555555556,31.72694444444445,973.0
77.22527777777778,31.72694444444445,974.0
77.225,31.72694444444445,973.0
77.22472222222223,31.72666666666667,975.0
77.22444444444444,31.72666666666667,971.0
77.22416666666666,31.72666666666667,970.0
77.2238888888889,31.72666666666667,971.0
77.22361111111111,31.72666666666667,972.0
77.22333333333333,31.72638888888889,972.0
77.22305555555556,31.72638888888889,973.0
77.22277777777778,31.72638888888889,973.0
77.2225,31.726111111111113,971.0
77.22222222222223,31.726111111111113,969.0
77.22194444444445,31.726111111111113,970.0
77.22166666666666,31.726111111111113,972.0
77.2213888888889,31.725833333333338,968.0
77.22111111111111,31.72555555555556,969.0
77.22083333333333,31.72555555555556,972.0
77.22055555555555,31.72527777777778,967.0
77.22027777777778,31.725,967.0
77.22,31.725,967.0
77.21972222222222,31.725,967.0
77.21944444444445,31.725,967.0
77.21916666666667,31.725,967.0
77.21888888888888,31.725,966.0
77.21861111111112,31.725,972.0
77.21833333333333,31.724722222222226,966.0
77.21805555555555,31.724722222222226,972.0
77.21777777777778,31.724444444444448,966.0
77.2175,31.724444444444448,966.0
77.21722222222222,31.72416666666667,965.0
77.21694444444445,31.72388888888889,965.0
77.21666666666667,31.72388888888889,965.0
77.21638888888889,31.72388888888889,971.0
77.21611111111112,31.723611111111115,965.0
77.21583333333334,31.723611111111115,965.0
77.21555555555555,31.723333333333336,964.0
77.21527777777777,31.723055555555558,963.0
77.215,31.722777777777782,961.0
77.21472222222222,31.722500000000004,959.0
77.21444444444444,31.722222222222225,959.0
77.21416666666667,31.721944444444446,961.0
77.21388888888889,31.72166666666667,960.0
77.2136111111111,31.721388888888892,957.0
77.21333333333334,31.721111111111114,955.0
77.21305555555556,31.720833333333335,960.0
77.21277777777777,31.72055555555556,964.0
77.2125,31.72027777777778,967.0
77.21222222222222,31.720000000000002,969.0
77.21194444444444,31.719722222222224,971.0
77.21166666666667,31.71944444444445,972.0
77.21138888888889,31.71916666666667,972.0
77.21111111111111,31.71888888888889,968.0
77.21111111111111,31.718611111111112,969.0
77.21083333333334,31.718333333333337,969.0
77.21055555555556,31.71805555555556,965.0
77.21055555555556,31.71777777777778,969.0
77.21027777777778,31.717500000000005,969.0
77.21027777777778,31.717222222222226,970.0
77.21,31.716944444444447,970.0
77.20972222222223,31.71666666666667,955.0
77.20944444444444,31.71666666666667,950.0
77.20916666666666,31.71666666666667,953.0
77.2088888888889,31.716388888888893,947.0
77.20861111111111,31.716388888888893,951.0
77.20833333333333,31.716388888888893,950.0
77.20805555555556,31.716388888888893,952.0
77.20777777777778,31.716111111111115,942.0
77.2075,31.716111111111115,946.0
77.20722222222223,31.715833333333336,944.0
77.20694444444445,31.715833333333336,957.0
77.20666666666666,31.715555555555557,954.0
77.2063888888889,31.715277777777782,945.0
77.20611111111111,31.715277777777782,947.0
77.20583333333333,31.715277777777782,952.0
77.20555555555556,31.715277777777782,957.0
77.20527777777778,31.715000000000003,957.0
77.205,31.714722222222225,943.0
77.20472222222222,31.714722222222225,939.0
77.20444444444445,31.714722222222225,944.0
77.20416666666667,31.714444444444446,947.0
77.20388888888888,31.71416666666667,945.0
77.20361111111112,31.713888888888892,941.0
77.20361111111112,31.713611111111113,937.0
77.20361111111112,31.713333333333335,935.0
77.20333333333333,31.71305555555556,934.0
77.20333333333333,31.71277777777778,934.0
77.20305555555555,31.712500000000002,934.0
77.20305555555555,31.712222222222223,934.0
77.20277777777778,31.71194444444445,935.0
77.20277777777778,31.71166666666667,935.0
77.2025,31.71138888888889,933.0
77.20222222222222,31.711111111111116,935.0
77.20194444444445,31.710833333333337,935.0
77.20166666666667,31.71055555555556,932.0
77.20138888888889,31.71027777777778,932.0
77.20111111111112,31.710000000000004,932.0
77.20083333333334,31.709722222222226,931.0
77.20055555555555,31.709722222222226,933.0
77.20027777777779,31.709444444444447,931.0
77.2,31.709444444444447,933.0
77.19972222222222,31.70916666666667,931.0
77.19944444444444,31.70916666666667,931.0
77.19916666666667,31.70916666666667,931.0
77.19888888888889,31.70916666666667,931.0
77.1986111111111,31.70916666666667,931.0
77.19833333333334,31.709444444444447,931.0
77.19805555555556,31.709444444444447,931.0
77.19777777777777,31.709722222222226,931.0
77.1975,31.709722222222226,931.0
77.19722222222222,31.710000000000004,933.0
77.19694444444444,31.71027777777778,931.0
77.19666666666667,31.71027777777778,932.0
77.19638888888889,31.71027777777778,931.0
77.19611111111111,31.71027777777778,932.0
77.19583333333334,31.71027777777778,931.0
77.19555555555556,31.71027777777778,930.0
77.19527777777778,31.71027777777778,932.0
77.19500000000001,31.710000000000004,931.0
77.19472222222223,31.710000000000004,932.0
77.19444444444444,31.710000000000004,931.0
77.19416666666666,31.710000000000004,931.0
77.19388888888889,31.710000000000004,932.0
77.19361111111111,31.709722222222226,930.0
77.19333333333333,31.709444444444447,930.0
77.19305555555556,31.709444444444447,929.0
77.19277777777778,31.709444444444447,932.0
77.1925,31.70916666666667,929.0
77.19222222222223,31.708888888888893,930.0
77.19194444444445,31.708611111111114,928.0
77.19166666666666,31.708611111111114,931.0
77.1913888888889,31.708333333333336,930.0
77.19111111111111,31.708055555555557,927.0
77.19083333333333,31.708055555555557,929.0
77.19055555555556,31.708055555555557,931.0
77.19027777777778,31.707777777777782,925.0
77.19,31.707777777777782,924.0
77.18972222222223,31.707777777777782,922.0
77.18944444444445,31.707777777777782,923.0
77.18916666666667,31.707777777777782,923.0
77.18888888888888,31.707777777777782,924.0
77.18861111111111,31.707777777777782,924.0
77.18833333333333,31.707777777777782,924.0
77.18805555555555,31.707777777777782,921.0
77.18777777777778,31.707777777777782,920.0
77.1875,31.707777777777782,926.0
77.18722222222222,31.707777777777782,923.0
77.18694444444445,31.707777777777782,922.0
77.18666666666667,31.707500000000003,919.0
77.18638888888889,31.707222222222224,918.0
77.18611111111112,31.706944444444446,918.0
77.18583333333333,31.70666666666667,917.0
77.18555555555555,31.706388888888892,916.0
77.18527777777778,31.706111111111113,917.0
77.185,31.705833333333338,917.0
77.18472222222222,31.70555555555556,920.0
77.18444444444445,31.70527777777778,923.0
77.18444444444445,31.705000000000002,932.0
77.18416666666667,31.704722222222227,928.0
77.18388888888889,31.704444444444448,932.0
77.1836111111111,31.70416666666667,932.0
77.1836111111111,31.70388888888889,932.0
77.18333333333334,31.703611111111115,930.0
77.18333333333334,31.703333333333337,920.0
77.18333333333334,31.703055555555558,916.0
77.18305555555555,31.70277777777778,924.0
77.18305555555555,31.702500000000004,914.0
77.18277777777777,31.702222222222225,912.0
77.1825,31.701944444444447,911.0
77.18222222222222,31.701666666666668,910.0
77.18194444444444,31.701388888888893,909.0
77.18166666666667,31.701388888888893,914.0
77.18138888888889,31.701111111111114,917.0
77.18111111111111,31.701388888888893,917.0
77.18083333333334,31.701111111111114,914.0
77.18055555555556,31.701111111111114,909.0
77.18027777777777,31.701111111111114,910.0
77.18,31.701111111111114,911.0
77.17972222222222,31.701388888888893,909.0
77.17944444444444,31.701388888888893,907.0
77.17916666666667,31.701388888888893,906.0
77.17888888888889,31.701388888888893,906.0
77.17861111111111,31.701388888888893,906.0
77.17833333333333,31.701388888888893,906.0
77.17805555555556,31.701388888888893,906.0
77.17777777777778,31.701388888888893,906.0
77.1775,31.701388888888893,905.0
77.17722222222223,31.701388888888893,905.0
77.17694444444444,31.701388888888893,906.0
77.17666666666666,31.701388888888893,905.0
77.1763888888889,31.701388888888893,906.0
77.17611111111111,31.701388888888893,906.0
77.17583333333333,31.701388888888893,908.0
77.17555555555556,31.701388888888893,909.0
77.17527777777778,31.701388888888893,911.0
77.175,31.701111111111114,903.0
77.17472222222223,31.701111111111114,904.0
77.17444444444445,31.701111111111114,905.0
77.17416666666666,31.701111111111114,904.0
77.17388888888888,31.701111111111114,905.0
77.17361111111111,31.701111111111114,905.0
77.17333333333333,31.701111111111114,908.0
77.17305555555555,31.701111111111114,909.0
77.17277777777778,31.701111111111114,910.0
77.1725,31.701111111111114,912.0
77.17222222222222,31.700833333333335,901.0
77.17194444444445,31.700833333333335,903.0
77.17166666666667,31.700833333333335,905.0
77.17138888888888,31.700833333333335,908.0
77.17111111111112,31.700833333333335,911.0
77.17083333333333,31.70055555555556,901.0
77.17055555555555,31.70055555555556,906.0
77.17027777777778,31.70027777777778,899.0
77.17,31.70027777777778,903.0
77.16972222222222,31.70027777777778,910.0
77.16944444444445,31.700000000000003,903.0
77.16916666666667,31.700000000000003,909.0
77.16888888888889,31.699722222222224,901.0
77.16861111111112,31.699722222222224,906.0
77.16833333333334,31.69944444444445,909.0
77.16805555555555,31.69944444444445,902.0
77.16777777777777,31.69944444444445,904.0
77.1675,31.69944444444445,908.0
77.16722222222222,31.69944444444445,910.0
77.16694444444444,31.69944444444445,911.0
77.16666666666667,31.69944444444445,910.0
77.16638888888889,31.69944444444445,910.0
77.1661111111111,31.69944444444445,910.0
77.16583333333334,31.69944444444445,910.0
77.16555555555556,31.69944444444445,912.0
77.16527777777777,31.69916666666667,900.0
77.165,31.69916666666667,902.0
77.16472222222222,31.69916666666667,906.0
77.16444444444444,31.69916666666667,910.0
77.16416666666667,31.69888888888889,899.0
77.16388888888889,31.69888888888889,902.0
77.16361111111111,31.69888888888889,909.0
77.16333333333333,31.69888888888889,906.0
77.16305555555556,31.69888888888889,911.0
77.16277777777778,31.698611111111113,897.0
77.1625,31.698611111111113,906.0
77.16222222222223,31.698333333333338,896.0
77.16194444444444,31.698333333333338,906.0
77.16166666666666,31.69805555555556,896.0
77.1613888888889,31.69805555555556,905.0
77.16111111111111,31.69777777777778,896.0
77.16083333333333,31.69777777777778,896.0
77.16055555555556,31.6975,907.0
77.16027777777778,31.697222222222226,896.0
77.16,31.696944444444448,896.0
77.15972222222223,31.696944444444448,911.0
77.15944444444445,31.69666666666667,896.0
77.15916666666666,31.69666666666667,911.0
77.1588888888889,31.69638888888889,896.0
77.15861111111111,31.696111111111115,896.0
77.15833333333333,31.696111111111115,896.0
77.15805555555555,31.695833333333336,896.0
77.15777777777778,31.695833333333336,895.0
77.1575,31.695833333333336,902.0
77.15722222222222,31.695555555555558,895.0
77.15694444444445,31.695555555555558,895.0
77.15666666666667,31.695277777777783,895.0
77.15638888888888,31.695277777777783,895.0
77.15611111111112,31.695277777777783,909.0
77.15583333333333,31.695000000000004,895.0
77.15555555555555,31.695000000000004,895.0
77.15527777777778,31.695000000000004,895.0
77.155,31.695000000000004,895.0
77.15472222222222,31.695000000000004,895.0
77.15444444444445,31.695000000000004,895.0
77.15416666666667,31.695000000000004,895.0
77.15388888888889,31.695000000000004,895.0
77.15361111111112,31.695000000000004,895.0
77.15333333333334,31.695000000000004,895.0
77.15305555555555,31.695000000000004,894.0
77.15277777777777,31.695000000000004,894.0
77.1525,31.695000000000004,894.0
77.15222222222222,31.695000000000004,905.0
77.15194444444444,31.695277777777783,894.0
77.15166666666667,31.695277777777783,898.0
77.15138888888889,31.695277777777783,906.0
77.1511111111111,31.695277777777783,912.0
77.15083333333334,31.695277777777783,909.0
77.15055555555556,31.695277777777783,909.0
77.15027777777777,31.695000000000004,912.0
77.15,31.694722222222225,909.0
77.14972222222222,31.694722222222225,903.0
77.14944444444444,31.694722222222225,895.0
77.14916666666667,31.694722222222225,895.0
77.14888888888889,31.694722222222225,896.0
77.14861111111111,31.694444444444446,896.0
77.14833333333334,31.694444444444446,895.0
77.14805555555556,31.694444444444446,894.0
77.14777777777778,31.694444444444446,894.0
77.1475,31.69416666666667,894.0
77.14722222222223,31.69416666666667,894.0
77.14694444444444,31.69416666666667,894.0
77.14666666666666,31.69416666666667,894.0
77.1463888888889,31.69416666666667,894.0
77.14611111111111,31.69416666666667,894.0
77.14583333333333,31.69416666666667,894.0
77.14555555555556,31.69416666666667,894.0
77.14527777777778,31.69416666666667,894.0
77.145,31.69416666666667,894.0
77.14472222222223,31.69416666666667,894.0
77.14444444444445,31.694444444444446,894.0
77.14416666666666,31.694444444444446,894.0
77.1438888888889,31.694444444444446,894.0
77.14361111111111,31.694444444444446,894.0
77.14333333333333,31.694444444444446,894.0
77.14305555555556,31.694444444444446,894.0
77.14277777777778,31.694444444444446,894.0
77.1425,31.694444444444446,894.0
77.14222222222222,31.694444444444446,894.0
77.14194444444445,31.694444444444446,894.0
77.14166666666667,31.694444444444446,894.0
77.14138888888888,31.694444444444446,894.0
77.14111111111112,31.694444444444446,894.0
77.14083333333333,31.694444444444446,894.0
77.14055555555555,31.694444444444446,894.0
77.14027777777778,31.69416666666667,894.0
77.14,31.69416666666667,894.0
77.13972222222222,31.69416666666667,894.0
77.13944444444445,31.693888888888893,894.0
77.13916666666667,31.693888888888893,894.0
77.13888888888889,31.693888888888893,894.0
77.13861111111112,31.693611111111114,894.0
77.13833333333334,31.693611111111114,894.0
77.13805555555555,31.693611111111114,894.0
77.13777777777779,31.693611111111114,894.0
77.1375,31.693333333333335,894.0
77.13722222222222,31.693333333333335,894.0
77.13694444444444,31.69305555555556,893.0
77.13666666666667,31.69305555555556,893.0
77.13638888888889,31.69305555555556,893.0
77.1361111111111,31.69305555555556,893.0
77.13583333333334,31.69305555555556,893.0
77.13555555555556,31.69277777777778,893.0
77.13527777777777,31.69277777777778,893.0
77.135,31.69277777777778,893.0
77.13472222222222,31.692500000000003,893.0
77.13444444444444,31.692500000000003,893.0
77.13416666666667,31.692500000000003,893.0
77.13388888888889,31.692222222222224,893.0
77.13361111111111,31.69194444444445,893.0
77.13333333333334,31.69166666666667,893.0
77.13305555555556,31.69166666666667,893.0
77.13277777777778,31.69138888888889,893.0
77.13250000000001,31.69138888888889,893.0
77.13222222222223,31.69138888888889,893.0
77.13194444444444,31.69138888888889,893.0
77.13166666666666,31.69138888888889,893.0
77.13138888888889,31.69138888888889,893.0
77.13111111111111,31.69138888888889,893.0
77.13083333333333,31.69138888888889,893.0
77.13055555555556,31.69138888888889,893.0
77.13027777777778,31.69138888888889,893.0
77.13,31.69138888888889,893.0
77.12972222222223,31.69138888888889,893.0
77.12944444444445,31.69138888888889,893.0
77.12916666666666,31.69138888888889,893.0
77.1288888888889,31.69138888888889,893.0
77.12861111111111,31.69138888888889,893.0
77.12833333333333,31.69138888888889,893.0
77.12805555555556,31.69138888888889,893.0
77.12777777777778,31.69138888888889,893.0
77.1275,31.69138888888889,893.0
77.12722222222223,31.69138888888889,893.0
77.12694444444445,31.69138888888889,893.0
77.12666666666667,31.69138888888889,893.0
77.12638888888888,31.69138888888889,893.0
77.12611111111111,31.69138888888889,893.0
77.12583333333333,31.69138888888889,893.0
77.12555555555555,31.69138888888889,893.0
77.12527777777778,31.69138888888889,893.0
77.125,31.69138888888889,893.0
77.12472222222222,31.69138888888889,893.0
77.12444444444445,31.69138888888889,893.0
77.12416666666667,31.69138888888889,893.0
77.12388888888889,31.69138888888889,893.0
77.12361111111112,31.69138888888889,893.0
77.12333333333333,31.69138888888889,893.0
77.12305555555555,31.69166666666667,893.0
77.12277777777778,31.69194444444445,892.0
77.1225,31.69194444444445,892.0
77.12222222222222,31.69194444444445,892.0
77.12194444444445,31.69194444444445,892.0
77.12166666666667,31.69194444444445,892.0
77.12138888888889,31.69194444444445,892.0
77.1211111111111,31.69194444444445,892.0
77.12083333333334,31.69194444444445,892.0
77.12055555555555,31.692222222222224,892.0
77.12027777777777,31.692500000000003,892.0
77.12,31.692500000000003,892.0
77.11972222222222,31.692500000000003,892.0
77.11944444444444,31.692500000000003,892.0
77.11916666666667,31.692500000000003,892.0
77.11888888888889,31.692500000000003,892.0
77.11861111111111,31.692500000000003,892.0
77.11833333333334,31.692222222222224,892.0
77.11833333333334,31.69194444444445,892.0
77.11833333333334,31.69166666666667,892.0
77.11833333333334,31.69138888888889,892.0
77.11833333333334,31.691111111111113,892.0
77.11833333333334,31.690833333333337,892.0
77.11805555555556,31.69055555555556,892.0
77.11777777777777,31.69027777777778,892.0
77.1175,31.69,892.0
77.11722222222222,31.689722222222226,892.0
77.11694444444444,31.689444444444447,892.0
77.11666666666667,31.689444444444447,892.0
77.11638888888889,31.68916666666667,892.0
77.11611111111111,31.68916666666667,892.0
77.11583333333333,31.688888888888894,892.0
77.11555555555556,31.688611111111115,892.0
77.11527777777778,31.688611111111115,892.0
77.115,31.688333333333336,892.0
77.11472222222223,31.688333333333336,892.0
77.11444444444444,31.688055555555557,892.0
77.11416666666666,31.688055555555557,892.0
77.1138888888889,31.688055555555557,892.0
77.11361111111111,31.687777777777782,892.0
77.11333333333333,31.687777777777782,892.0
77.11305555555556,31.687777777777782,892.0
77.11277777777778,31.687777777777782,892.0
77.1125,31.687500000000004,892.0
77.11222222222223,31.687222222222225,892.0
77.11194444444445,31.686944444444446,891.0
77.11166666666666,31.686944444444446,891.0
77.11138888888888,31.686944444444446,891.0
77.11111111111111,31.68666666666667,891.0
77.11083333333333,31.68666666666667,891.0
77.11055555555555,31.68666666666667,891.0
77.11027777777778,31.68666666666667,891.0
77.11,31.686388888888892,891.0
77.10972222222222,31.686388888888892,891.0
77.10944444444445,31.686388888888892,891.0
77.10916666666667,31.686388888888892,891.0
77.10888888888888,31.686111111111114,891.0
77.10861111111112,31.686111111111114,891.0
77.10833333333333,31.686111111111114,891.0
77.10805555555555,31.686111111111114,891.0
77.10777777777778,31.685833333333335,891.0
77.1075,31.685833333333335,891.0
77.10722222222222,31.68555555555556,891.0
77.10694444444445,31.68555555555556,891.0
77.10666666666667,31.68555555555556,891.0
77.10638888888889,31.68527777777778,891.0
77.10611111111112,31.68527777777778,891.0
77.10583333333334,31.68527777777778,891.0
77.10555555555555,31.685000000000002,891.0
77.10527777777777,31.685000000000002,891.0
77.105,31.684722222222224,891.0
77.10472222222222,31.684722222222224,891.0
77.10444444444444,31.684722222222224,891.0
77.10416666666667,31.684722222222224,891.0
77.10388888888889,31.68444444444445,891.0
77.1036111111111,31.68444444444445,891.0
77.10333333333334,31.68444444444445,891.0
77.10305555555556,31.68444444444445,891.0
77.10277777777777,31.68444444444445,891.0
77.1025,31.68444444444445,891.0
77.10222222222222,31.68444444444445,891.0
77.10194444444444,31.68444444444445,891.0
77.10166666666667,31.68416666666667,891.0
77.10138888888889,31.68416666666667,891.0
77.10111111111111,31.68388888888889,891.0
77.10083333333333,31.68388888888889,891.0
77.10055555555556,31.68388888888889,891.0
77.10027777777778,31.683611111111116,891.0
77.1,31.683611111111116,891.0
77.09972222222223,31.683333333333337,891.0
77.09944444444444,31.68305555555556,891.0
77.09916666666666,31.68277777777778,891.0
77.0988888888889,31.682500000000005,890.0
77.09861111111111,31.682500000000005,890.0
77.09833333333333,31.682500000000005,890.0
77.09805555555556,31.682500000000005,890.0
77.09777777777778,31.682500000000005,890.0
77.0975,31.682500000000005,890.0
77.09722222222223,31.682500000000005,890.0
77.09694444444445,31.682500000000005,890.0
77.09666666666666,31.682500000000005,890.0
77.0963888888889,31.682500000000005,890.0
77.09611111111111,31.682500000000005,890.0
77.09583333333333,31.682500000000005,890.0
77.09555555555555,31.682222222222226,890.0
77.09527777777778,31.682222222222226,890.0
77.095,31.681944444444447,890.0
77.09472222222222,31.68166666666667,890.0
77.09444444444445,31.68166666666667,890.0
77.09416666666667,31.68166666666667,890.0
77.09388888888888,31.68166666666667,890.0
77.09361111111112,31.68166666666667,890.0
77.09333333333333,31.68166666666667,890.0
77.09305555555555,31.68166666666667,890.0
77.09277777777778,31.681388888888893,890.0
77.0925,31.681388888888893,890.0
77.09222222222222,31.681111111111115,890.0
77.09194444444445,31.681111111111115,890.0
77.09166666666667,31.681111111111115,890.0
77.09138888888889,31.680833333333336,890.0
77.09111111111112,31.680833333333336,890.0
77.09083333333334,31.680833333333336,890.0
77.09055555555555,31.680833333333336,890.0
77.09027777777777,31.680833333333336,890.0
77.09,31.680555555555557,890.0
77.08972222222222,31.680555555555557,890.0
77.08944444444444,31.680555555555557,890.0
77.08916666666667,31.680555555555557,890.0
77.08888888888889,31.680555555555557,890.0
77.0886111111111,31.680277777777782,890.0
77.08833333333334,31.680277777777782,890.0
77.08805555555556,31.680000000000003,890.0
77.08777777777777,31.680000000000003,890.0
77.0875,31.679722222222225,890.0
77.08722222222222,31.679444444444446,890.0
77.08694444444444,31.67916666666667,890.0
77.08666666666667,31.678888888888892,890.0
77.08638888888889,31.678611111111113,890.0
77.08611111111111,31.678333333333335,890.0
77.08583333333334,31.67805555555556,890.0
77.08555555555556,31.67777777777778,890.0
77.08527777777778,31.677500000000002,890.0
77.085,31.677222222222227,889.0
77.08472222222223,31.677222222222227,889.0
77.08444444444444,31.677222222222227,889.0
77.08416666666666,31.677222222222227,889.0
77.0838888888889,31.677222222222227,889.0
77.08361111111111,31.677222222222227,889.0
77.08333333333333,31.677222222222227,889.0
77.08305555555556,31.677222222222227,889.0
77.08277777777778,31.677222222222227,889.0
77.0825,31.677222222222227,889.0
77.08222222222223,31.677222222222227,889.0
77.08194444444445,31.677222222222227,889.0
77.08166666666666,31.677222222222227,889.0
77.0813888888889,31.676944444444448,889.0
77.08111111111111,31.676944444444448,889.0
77.08083333333333,31.67666666666667,889.0
77.08055555555556,31.67638888888889,889.0
77.08027777777778,31.67638888888889,889.0
77.08,31.676111111111116,889.0
77.07972222222222,31.675833333333337,889.0
77.07944444444445,31.675833333333337,889.0
77.07916666666667,31.675555555555558,889.0
77.07888888888888,31.67527777777778,889.0
77.07861111111112,31.67527777777778,889.0
77.07833333333333,31.675000000000004,889.0
77.07805555555555,31.674722222222226,889.0
77.07777777777778,31.674444444444447,889.0
77.0775,31.674166666666668,889.0
77.07722222222222,31.673888888888893,889.0
77.07694444444445,31.673611111111114,889.0
77.07666666666667,31.673611111111114,889.0
77.07638888888889,31.673333333333336,889.0
77.07611111111112,31.673055555555557,889.0
77.07583333333334,31.673055555555557,889.0
77.07555555555555,31.673055555555557,889.0
77.07527777777779,31.673055555555557,889.0
77.075,31.673055555555557,889.0
77.07472222222222,31.673055555555557,889.0
77.07444444444444,31.673055555555557,889.0
77.07416666666667,31.673055555555557,889.0
77.07388888888889,31.67277777777778,889.0
77.0736111111111,31.67277777777778,889.0
77.07333333333334,31.67277777777778,889.0
77.07305555555556,31.67277777777778,889.0
77.07277777777777,31.67277777777778,889.0
77.0725,31.67277777777778,889.0
77.07222222222222,31.67277777777778,889.0
77.07194444444444,31.67277777777778,889.0
77.07166666666667,31.67277777777778,889.0
77.07138888888889,31.67277777777778,889.0
77.07111111111111,31.67277777777778,889.0
77.07083333333334,31.67277777777778,889.0
77.07055555555556,31.67277777777778,889.0
77.07027777777778,31.67277777777778,889.0
77.07000000000001,31.67277777777778,889.0
77.06972222222223,31.67277777777778,889.0
77.06944444444444,31.67277777777778,889.0
77.06916666666666,31.67277777777778,889.0
77.06888888888889,31.67277777777778,889.0
77.06861111111111,31.672500000000003,889.0
77.06833333333333,31.672222222222224,889.0
77.06805555555556,31.67194444444445,889.0
77.06777777777778,31.67166666666667,889.0
77.0675,31.67138888888889,889.0
77.06722222222223,31.671111111111113,889.0
77.06694444444445,31.670833333333338,887.0
77.06666666666666,31.67055555555556,885.0
77.0663888888889,31.67055555555556,868.0
77.06611111111111,31.67055555555556,854.0
77.06583333333333,31.67055555555556,847.0
77.06555555555556,31.67055555555556,842.0
77.06527777777778,31.67055555555556,841.0
77.065,31.67027777777778,840.0
77.06472222222223,31.67027777777778,840.0
77.06444444444445,31.67027777777778,840.0
77.06416666666667,31.67,840.0
77.06388888888888,31.669722222222227,840.0
77.06361111111111,31.669444444444448,840.0
77.06333333333333,31.66916666666667,840.0
77.06305555555555,31.66888888888889,840.0
77.06277777777778,31.668611111111115,839.0
77.0625,31.668333333333337,839.0
77.0625,31.668055555555558,839.0
77.06222222222222,31.66777777777778,838.0
77.06222222222222,31.667500000000004,839.0
77.06194444444445,31.667222222222225,838.0
77.06194444444445,31.666944444444447,839.0
77.06194444444445,31.66666666666667,839.0
77.06166666666667,31.666388888888893,838.0
77.06138888888889,31.666388888888893,838.0
77.06111111111112,31.666111111111114,838.0
77.06083333333333,31.665833333333335,837.0
77.06055555555555,31.665833333333335,838.0
77.06027777777778,31.66555555555556,837.0
77.06,31.66555555555556,838.0
77.05972222222222,31.66527777777778,836.0
77.05944444444445,31.66527777777778,837.0
77.05916666666667,31.66555555555556,838.0
77.05888888888889,31.665833333333335,838.0
77.0586111111111,31.666111111111114,837.0
77.0586111111111,31.666388888888893,838.0
77.05833333333334,31.66666666666667,837.0
77.05833333333334,31.666944444444447,838.0
77.05833333333334,31.667222222222225,837.0
77.05833333333334,31.667500000000004,837.0
77.05805555555555,31.66777777777778,835.0
77.05805555555555,31.668055555555558,836.0
77.05777777777777,31.668333333333337,834.0
77.0575,31.668611111111115,835.0
77.05722222222222,31.66888888888889,834.0
77.05694444444444,31.66916666666667,838.0
77.05694444444444,31.669444444444448,835.0
77.05666666666667,31.669722222222227,835.0
77.05666666666667,31.67,835.0
77.05638888888889,31.67027777777778,835.0
77.05638888888889,31.67055555555556,834.0
77.05638888888889,31.670833333333338,834.0
77.05611111111111,31.671111111111113,834.0
77.05583333333334,31.67138888888889,834.0
77.05555555555556,31.67166666666667,835.0
77.05555555555556,31.67194444444445,834.0
77.05527777777777,31.672222222222224,834.0
77.055,31.672500000000003,833.0
77.05472222222222,31.67277777777778,833.0
77.05444444444444,31.673055555555557,833.0
77.05416666666667,31.673333333333336,833.0
77.05388888888889,31.673611111111114,832.0
77.05361111111111,31.673611111111114,832.0
77.05333333333333,31.673611111111114,832.0
77.05305555555556,31.673611111111114,832.0
77.05277777777778,31.673611111111114,831.0
77.0525,31.673611111111114,830.0
77.05222222222223,31.673611111111114,831.0
77.05194444444444,31.673333333333336,831.0
77.05166666666666,31.673333333333336,830.0
77.0513888888889,31.673333333333336,830.0
77.05111111111111,31.673333333333336,827.0
77.05083333333333,31.673333333333336,830.0
77.05055555555556,31.673333333333336,830.0
77.05027777777778,31.673055555555557,829.0
77.05,31.673055555555557,828.0
77.04972222222223,31.673055555555557,830.0
77.04944444444445,31.673333333333336,830.0
77.04916666666666,31.673611111111114,826.0
77.04888888888888,31.673888888888893,827.0
77.04888888888888,31.674166666666668,828.0
77.04861111111111,31.674444444444447,828.0
77.04861111111111,31.674722222222226,828.0
77.04861111111111,31.675000000000004,828.0
77.04833333333333,31.67527777777778,827.0
77.04833333333333,31.675555555555558,826.0
77.04833333333333,31.675833333333337,827.0
77.04833333333333,31.676111111111116,827.0
77.04833333333333,31.67638888888889,827.0
77.04833333333333,31.67666666666667,827.0
77.04861111111111,31.676944444444448,826.0
77.04861111111111,31.677222222222227,826.0
77.04861111111111,31.677500000000002,826.0
77.04861111111111,31.67777777777778,826.0
77.04861111111111,31.67805555555556,826.0
77.04888888888888,31.678333333333335,825.0
77.04916666666666,31.678611111111113,825.0
77.04944444444445,31.678888888888892,826.0
77.04972222222223,31.67916666666667,826.0
77.04972222222223,31.679444444444446,826.0
77.04972222222223,31.679722222222225,826.0
77.04972222222223,31.680000000000003,825.0
77.04972222222223,31.680277777777782,826.0
77.04972222222223,31.680555555555557,826.0
77.05,31.680833333333336,824.0
77.05,31.681111111111115,825.0
77.04972222222223,31.681388888888893,826.0
77.04944444444445,31.68166666666667,824.0
77.04916666666666,31.681944444444447,824.0
77.04888888888888,31.682222222222226,824.0
77.04861111111111,31.682500000000005,822.0
77.04833333333333,31.682500000000005,821.0
77.04805555555555,31.682500000000005,822.0
77.04777777777778,31.68277777777778,821.0
77.0475,31.68277777777778,821.0
77.04722222222222,31.68305555555556,821.0
77.04694444444445,31.683333333333337,820.0
77.04666666666667,31.683611111111116,820.0
77.04638888888888,31.68388888888889,820.0
77.04638888888888,31.68416666666667,820.0
77.04611111111112,31.68444444444445,819.0
77.04611111111112,31.684722222222224,819.0
77.04611111111112,31.685000000000002,819.0
77.04611111111112,31.68527777777778,819.0
77.04611111111112,31.68555555555556,819.0
77.04611111111112,31.685833333333335,819.0
77.04611111111112,31.686111111111114,819.0
77.04611111111112,31.686388888888892,819.0
77.04611111111112,31.68666666666667,818.0
77.04611111111112,31.686944444444446,818.0
77.04611111111112,31.687222222222225,818.0
77.04611111111112,31.687500000000004,818.0
77.04583333333333,31.687777777777782,818.0
77.04583333333333,31.688055555555557,818.0
77.04583333333333,31.688333333333336,817.0
77.04583333333333,31.688611111111115,817.0
77.04583333333333,31.688888888888894,817.0
77.04555555555555,31.68916666666667,818.0
77.04527777777778,31.689444444444447,818.0
77.045,31.689722222222226,818.0
77.04472222222222,31.69,817.0
77.04444444444445,31.69,817.0
77.04416666666667,31.69,818.0
77.04388888888889,31.69027777777778,816.0
77.04361111111112,31.69055555555556,815.0
77.04333333333334,31.690833333333337,815.0
77.04333333333334,31.691111111111113,815.0
77.04333333333334,31.69138888888889,815.0
77.04333333333334,31.69166666666667,816.0
77.04333333333334,31.69194444444445,816.0
77.04333333333334,31.692222222222224,816.0
77.04333333333334,31.692500000000003,815.0
77.04333333333334,31.69277777777778,815.0
77.04333333333334,31.69305555555556,816.0
77.04361111111112,31.693333333333335,814.0
77.04361111111112,31.693611111111114,814.0
77.04361111111112,31.693888888888893,815.0
77.04361111111112,31.69416666666667,814.0
77.04361111111112,31.694444444444446,816.0
77.04333333333334,31.694722222222225,818.0
77.04333333333334,31.695000000000004,817.0
77.04305555555555,31.695277777777783,814.0
77.04277777777777,31.695555555555558,818.0
77.0425,31.695555555555558,817.0
77.04222222222222,31.695833333333336,813.0
77.04194444444444,31.696111111111115,811.0
77.04166666666667,31.69638888888889,811.0
77.04138888888889,31.69638888888889,811.0
77.0411111111111,31.69666666666667,811.0
77.04083333333334,31.69666666666667,811.0
77.04055555555556,31.69666666666667,810.0
77.04027777777777,31.69666666666667,811.0
77.04,31.696944444444448,810.0
77.03972222222222,31.696944444444448,810.0
77.03944444444444,31.696944444444448,809.0
77.03916666666667,31.697222222222226,809.0
77.03888888888889,31.697222222222226,808.0
77.03861111111111,31.6975,806.0
77.03833333333333,31.69777777777778,809.0
77.03805555555556,31.69805555555556,810.0
77.03777777777778,31.69805555555556,808.0
77.0375,31.698333333333338,808.0
77.0375,31.698611111111113,808.0
77.03722222222223,31.69888888888889,808.0
77.03694444444444,31.69916666666667,805.0
77.03694444444444,31.69944444444445,807.0
77.03694444444444,31.699722222222224,807.0
77.03694444444444,31.700000000000003,806.0
77.03694444444444,31.70027777777778,807.0
77.03694444444444,31.70055555555556,807.0
77.03694444444444,31.700833333333335,807.0
77.03694444444444,31.701111111111114,807.0
77.03694444444444,31.701388888888893,807.0
77.03694444444444,31.701666666666668,807.0
77.03666666666666,31.701944444444447,807.0
77.0363888888889,31.702222222222225,807.0
77.03611111111111,31.702500000000004,807.0
77.03583333333333,31.70277777777778,807.0
77.03555555555556,31.703055555555558,807.0
77.03527777777778,31.703333333333337,807.0
77.035,31.703611111111115,807.0
77.03472222222223,31.70388888888889,805.0
77.03444444444445,31.70416666666667,806.0
77.03416666666666,31.704444444444448,803.0
77.0338888888889,31.704722222222227,804.0
77.03361111111111,31.705000000000002,804.0
77.03361111111111,31.70527777777778,804.0
77.03333333333333,31.70555555555556,804.0
77.03333333333333,31.705833333333338,804.0
77.03305555555555,31.706111111111113,803.0
77.03305555555555,31.706388888888892,804.0
77.03277777777778,31.70666666666667,803.0
77.03277777777778,31.706944444444446,804.0
77.03277777777778,31.707222222222224,803.0
77.03305555555555,31.707500000000003,804.0
77.03305555555555,31.707777777777782,803.0
77.03305555555555,31.708055555555557,802.0
77.03305555555555,31.708333333333336,803.0
77.03305555555555,31.708611111111114,803.0
77.03305555555555,31.708888888888893,804.0
77.03333333333333,31.70916666666667,802.0
77.03333333333333,31.709444444444447,800.0
77.03333333333333,31.709722222222226,800.0
77.03305555555555,31.710000000000004,802.0
77.03277777777778,31.71027777777778,801.0
77.0325,31.71027777777778,801.0
77.03222222222222,31.71027777777778,802.0
77.03194444444445,31.71027777777778,801.0
77.03166666666667,31.71027777777778,800.0
77.03138888888888,31.71027777777778,801.0
77.03111111111112,31.71027777777778,801.0
77.03083333333333,31.71027777777778,801.0
77.03055555555555,31.71027777777778,801.0
77.03027777777778,31.71027777777778,801.0
77.03,31.71027777777778,801.0
77.02972222222222,31.71055555555556,801.0
77.02944444444445,31.710833333333337,801.0
77.02916666666667,31.711111111111116,801.0
77.02916666666667,31.71138888888889,801.0
77.02916666666667,31.71166666666667,801.0
77.02916666666667,31.71194444444445,800.0
77.02916666666667,31.712222222222223,802.0
77.02916666666667,31.712500000000002,802.0
77.02916666666667,31.71277777777778,802.0
77.02944444444445,31.71305555555556,800.0
77.02944444444445,31.713333333333335,797.0
77.02916666666667,31.713611111111113,796.0
77.02888888888889,31.713888888888892,798.0
77.02861111111112,31.71416666666667,796.0
77.02833333333334,31.71416666666667,796.0
77.02805555555555,31.714444444444446,796.0
77.02777777777777,31.714722222222225,795.0
77.0275,31.714722222222225,795.0
77.02722222222222,31.714722222222225,795.0
77.02694444444444,31.715000000000003,795.0
77.02666666666667,31.715000000000003,795.0
77.02638888888889,31.715277777777782,796.0
77.0261111111111,31.715555555555557,796.0
77.02583333333334,31.715555555555557,795.0
77.02555555555556,31.715833333333336,795.0
77.02527777777777,31.715833333333336,794.0
77.025,31.716111111111115,795.0
77.02472222222222,31.716388888888893,794.0
77.02444444444444,31.71666666666667,794.0
77.02416666666667,31.716944444444447,794.0
77.02388888888889,31.717222222222226,793.0
77.02388888888889,31.717500000000005,794.0
77.02361111111111,31.71777777777778,792.0
77.02361111111111,31.71805555555556,792.0
77.02361111111111,31.718333333333337,793.0
77.02333333333334,31.718611111111112,792.0
77.02305555555556,31.71888888888889,794.0
77.02305555555556,31.71916666666667,789.0
77.02305555555556,31.71944444444445,789.0
77.02305555555556,31.719722222222224,789.0
77.02305555555556,31.720000000000002,789.0
77.02305555555556,31.72027777777778,789.0
77.02305555555556,31.72055555555556,789.0
77.02305555555556,31.720833333333335,789.0
77.02305555555556,31.721111111111114,789.0
77.02277777777778,31.721388888888892,789.0
77.0225,31.72166666666667,789.0
77.02222222222223,31.721944444444446,789.0
77.02194444444444,31.72166666666667,788.0
77.02166666666666,31.721388888888892,789.0
77.0213888888889,31.721111111111114,788.0
77.02111111111111,31.720833333333335,787.0
77.02083333333333,31.720833333333335,789.0
77.02055555555556,31.72055555555556,789.0
77.02027777777778,31.72055555555556,788.0
77.02,31.72055555555556,787.0
77.01972222222223,31.72055555555556,787.0
77.01944444444445,31.72055555555556,786.0
77.01916666666666,31.720833333333335,787.0
77.0188888888889,31.721111111111114,788.0
77.01861111111111,31.721388888888892,787.0
77.01861111111111,31.72166666666667,788.0
77.01833333333333,31.721944444444446,783.0
77.01805555555556,31.722222222222225,783.0
77.01777777777778,31.722500000000004,787.0
77.0175,31.722777777777782,788.0
77.01722222222222,31.723055555555558,787.0
77.01694444444445,31.723333333333336,783.0
77.01666666666667,31.723333333333336,784.0
77.01638888888888,31.723333333333336,788.0
77.01611111111112,31.723611111111115,781.0
77.01583333333333,31.723611111111115,780.0
77.01555555555555,31.723611111111115,779.0
77.01527777777778,31.723611111111115,778.0
77.015,31.723611111111115,779.0
77.01472222222222,31.723333333333336,789.0
77.01444444444445,31.723333333333336,784.0
77.01416666666667,31.723333333333336,779.0
77.01388888888889,31.723333333333336,778.0
77.01361111111112,31.723333333333336,779.0
77.01333333333334,31.723333333333336,780.0
77.01305555555555,31.723333333333336,780.0
77.01277777777779,31.723333333333336,782.0
77.0125,31.723333333333336,784.0
77.01222222222222,31.723333333333336,788.0
77.01194444444444,31.723055555555558,779.0
77.01166666666667,31.723055555555558,783.0
77.01138888888889,31.723055555555558,785.0
77.0111111111111,31.723055555555558,786.0
77.01083333333334,31.722777777777782,778.0
77.01055555555556,31.722777777777782,779.0
77.01027777777777,31.722777777777782,779.0
77.01,31.722777777777782,780.0
77.00972222222222,31.722777777777782,784.0
77.00944444444444,31.722777777777782,788.0
77.00916666666667,31.722500000000004,788.0
77.00888888888889,31.722500000000004,785.0
77.00861111111111,31.722222222222225,778.0
77.00833333333334,31.722222222222225,778.0
77.00805555555556,31.722222222222225,777.0
77.00777777777778,31.722222222222225,777.0
77.00750000000001,31.722222222222225,778.0
77.00722222222223,31.721944444444446,778.0
77.00694444444444,31.721944444444446,777.0
77.00666666666666,31.721944444444446,779.0
77.00638888888889,31.72166666666667,774.0
77.00611111111111,31.72166666666667,774.0
77.00583333333333,31.72166666666667,773.0
77.00555555555556,31.721388888888892,773.0
77.00527777777778,31.721388888888892,773.0
77.005,31.721388888888892,773.0
77.00472222222223,31.721111111111114,773.0
77.00444444444445,31.720833333333335,773.0
77.00416666666666,31.72055555555556,774.0
77.0038888888889,31.72027777777778,774.0
77.00361111111111,31.720000000000002,774.0
77.00333333333333,31.719722222222224,774.0
77.00305555555556,31.71944444444445,775.0
77.00277777777778,31.71916666666667,773.0
77.0025,31.71888888888889,772.0
77.00222222222223,31.718611111111112,773.0
77.00194444444445,31.718333333333337,780.0
77.00166666666667,31.71805555555556,777.0
77.00138888888888,31.71805555555556,775.0
77.00111111111111,31.71777777777778,776.0
77.00083333333333,31.71777777777778,774.0
77.00055555555555,31.717500000000005,770.0
77.00027777777778,31.717500000000005,770.0
77.0,31.717222222222226,771.0
76.99972222222222,31.717222222222226,771.0
76.99944444444445,31.716944444444447,770.0
76.99916666666667,31.716944444444447,770.0
76.99888888888889,31.71666666666667,771.0
76.99861111111112,31.71666666666667,770.0
76.99833333333333,31.71666666666667,771.0
76.99805555555555,31.716388888888893,770.0
76.99777777777778,31.716388888888893,770.0
76.9975,31.716388888888893,770.0
76.99722222222222,31.716111111111115,769.0
76.99694444444445,31.716111111111115,770.0
76.99666666666667,31.715833333333336,768.0
76.99638888888889,31.715555555555557,768.0
76.9961111111111,31.715277777777782,767.0
76.99583333333334,31.715277777777782,767.0
76.99555555555555,31.715277777777782,768.0
76.99527777777777,31.715000000000003,768.0
76.995,31.714722222222225,767.0
76.99472222222222,31.714444444444446,767.0
76.99472222222222,31.71416666666667,767.0
76.99444444444444,31.713888888888892,767.0
76.99416666666667,31.713888888888892,766.0
76.99416666666667,31.713611111111113,765.0
76.99388888888889,31.713333333333335,766.0
76.99361111111111,31.71305555555556,766.0
76.99333333333334,31.71277777777778,764.0
76.99305555555556,31.71277777777778,764.0
76.99277777777777,31.712500000000002,764.0
76.9925,31.712222222222223,765.0
76.99222222222222,31.712222222222223,765.0
76.99194444444444,31.71194444444445,764.0
76.99166666666667,31.71166666666667,765.0
76.99138888888889,31.71138888888889,760.0
76.99111111111111,31.71138888888889,762.0
76.99083333333333,31.711111111111116,762.0
76.99055555555556,31.710833333333337,761.0
76.99027777777778,31.710833333333337,761.0
76.99,31.71055555555556,761.0
76.98972222222223,31.71055555555556,761.0
76.98944444444444,31.71027777777778,761.0
76.98916666666666,31.710000000000004,761.0
76.9888888888889,31.710000000000004,760.0
76.98861111111111,31.710000000000004,760.0
76.98833333333333,31.709722222222226,758.0
76.98805555555556,31.709722222222226,760.0
76.98777777777778,31.709722222222226,761.0
76.9875,31.709444444444447,756.0
76.98722222222223,31.709444444444447,759.0
76.98694444444445,31.709444444444447,759.0
76.98666666666666,31.709444444444447,759.0
76.98638888888888,31.709444444444447,760.0
76.98611111111111,31.709444444444447,760.0
76.98583333333333,31.70916666666667,761.0
76.98555555555555,31.70916666666667,760.0
76.98527777777778,31.70916666666667,761.0
76.985,31.708888888888893,758.0
76.98472222222222,31.708888888888893,757.0
76.98444444444445,31.708888888888893,756.0
76.98416666666667,31.708888888888893,756.0
76.98388888888888,31.708888888888893,755.0
76.98361111111112,31.708888888888893,755.0
76.98333333333333,31.708888888888893,754.0
76.98305555555555,31.708888888888893,754.0
76.98277777777778,31.708888888888893,755.0
76.9825,31.708888888888893,758.0
76.98222222222222,31.708888888888893,759.0
76.98194444444445,31.708888888888893,759.0
76.98166666666667,31.708611111111114,758.0
76.98138888888889,31.708611111111114,753.0
76.98111111111112,31.708333333333336,754.0
76.98083333333334,31.708055555555557,753.0
76.98055555555555,31.708055555555557,752.0
76.98027777777777,31.707777777777782,753.0
76.98,31.707500000000003,753.0
76.97972222222222,31.707222222222224,753.0
76.97944444444444,31.707222222222224,753.0
76.97916666666667,31.706944444444446,753.0
76.97888888888889,31.706944444444446,753.0
76.9786111111111,31.70666666666667,753.0
76.97833333333334,31.70666666666667,753.0
76.97805555555556,31.70666666666667,752.0
76.97805555555556,31.706388888888892,752.0
76.97777777777777,31.706111111111113,752.0
76.9775,31.705833333333338,752.0
76.97722222222222,31.70555555555556,752.0
76.97694444444444,31.70527777777778,752.0
76.97666666666667,31.705000000000002,751.0
76.97666666666667,31.704722222222227,751.0
76.97638888888889,31.704444444444448,751.0
76.97611111111111,31.70416666666667,751.0
76.97583333333333,31.70388888888889,751.0
76.97555555555556,31.703611111111115,751.0
76.97527777777778,31.703333333333337,751.0
76.975,31.703333333333337,751.0
76.97472222222223,31.703333333333337,750.0
76.97444444444444,31.703333333333337,750.0
76.97416666666666,31.703333333333337,750.0
76.9738888888889,31.703333333333337,750.0
76.97361111111111,31.703611111111115,750.0
76.97333333333333,31.70388888888889,749.0
76.97305555555556,31.70388888888889,746.0
76.97277777777778,31.70388888888889,747.0
76.9725,31.70388888888889,747.0
76.97222222222223,31.70388888888889,747.0
76.97194444444445,31.70388888888889,746.0
76.97166666666666,31.703611111111115,747.0
76.9713888888889,31.703333333333337,746.0
76.97111111111111,31.703333333333337,745.0
76.97111111111111,31.703055555555558,744.0
76.97083333333333,31.70277777777778,745.0
76.97055555555555,31.70277777777778,745.0
76.97027777777778,31.702500000000004,744.0
76.97,31.702500000000004,743.0
76.96972222222222,31.702500000000004,743.0
76.96944444444445,31.702500000000004,743.0
76.96916666666667,31.70277777777778,743.0
76.96888888888888,31.703055555555558,743.0
76.96861111111112,31.703333333333337,742.0
76.96833333333333,31.703333333333337,742.0
76.96805555555555,31.703333333333337,742.0
76.96777777777778,31.703333333333337,742.0
76.9675,31.703333333333337,742.0
76.96722222222222,31.703333333333337,742.0
76.96694444444445,31.703333333333337,742.0
76.96666666666667,31.703333333333337,742.0
76.96638888888889,31.703055555555558,742.0
76.96611111111112,31.703055555555558,742.0
76.96583333333334,31.70277777777778,742.0
76.96555555555555,31.702500000000004,742.0
76.96527777777777,31.702500000000004,742.0
76.965,31.702222222222225,741.0
76.96472222222222,31.702222222222225,741.0
76.96444444444444,31.701944444444447,741.0
76.96416666666667,31.701666666666668,741.0
76.96388888888889,31.701388888888893,741.0
76.9636111111111,31.701111111111114,741.0
76.96333333333334,31.700833333333335,741.0
76.96305555555556,31.700833333333335,741.0
76.96277777777777,31.700833333333335,741.0
76.9625,31.700833333333335,741.0
76.96222222222222,31.700833333333335,741.0
76.96194444444444,31.70055555555556,741.0
76.96166666666667,31.70055555555556,740.0
76.96138888888889,31.70055555555556,740.0
76.96111111111111,31.70055555555556,740.0
76.96083333333334,31.700833333333335,740.0
76.96055555555556,31.700833333333335,740.0
76.96027777777778,31.701111111111114,741.0
76.96,31.701388888888893,741.0
76.95972222222223,31.701666666666668,741.0
76.95944444444444,31.701944444444447,740.0
76.95916666666666,31.701944444444447,741.0
76.9588888888889,31.702222222222225,741.0
76.95861111111111,31.702500000000004,741.0
76.95833333333333,31.70277777777778,739.0
76.95805555555556,31.70277777777778,739.0
76.95777777777778,31.703055555555558,739.0
76.9575,31.703055555555558,739.0
76.95722222222223,31.703333333333337,739.0
76.95694444444445,31.703611111111115,739.0
76.95666666666666,31.703611111111115,739.0
76.9563888888889,31.703611111111115,739.0
76.95611111111111,31.703611111111115,738.0
76.95583333333333,31.70388888888889,738.0
76.95555555555556,31.70388888888889,738.0
76.95527777777778,31.70388888888889,738.0
76.955,31.70416666666667,738.0
76.95472222222222,31.70416666666667,738.0
76.95444444444445,31.70416666666667,738.0
76.95416666666667,31.70416666666667,738.0
76.95388888888888,31.704444444444448,738.0
76.95361111111112,31.704722222222227,738.0
76.95333333333333,31.704722222222227,737.0
76.95305555555555,31.704722222222227,737.0
76.95277777777778,31.704722222222227,737.0
76.9525,31.704444444444448,737.0
76.95222222222222,31.70416666666667,737.0
76.95194444444445,31.70388888888889,737.0
76.95166666666667,31.703611111111115,737.0
76.95138888888889,31.703333333333337,736.0
76.95111111111112,31.703055555555558,736.0
76.95083333333334,31.70277777777778,736.0
76.95055555555555,31.702500000000004,736.0
76.95055555555555,31.702222222222225,737.0
76.95027777777779,31.701944444444447,737.0
76.95027777777779,31.701666666666668,737.0
76.95,31.701388888888893,737.0
76.94972222222222,31.701111111111114,737.0
76.94944444444444,31.700833333333335,737.0
76.94944444444444,31.70055555555556,737.0
76.94944444444444,31.70027777777778,736.0
76.94916666666667,31.700000000000003,735.0
76.94888888888889,31.699722222222224,735.0
76.9486111111111,31.699722222222224,734.0
76.94833333333334,31.699722222222224,734.0
76.94805555555556,31.699722222222224,734.0
76.94777777777777,31.699722222222224,734.0
76.9475,31.69944444444445,733.0
76.94722222222222,31.69944444444445,733.0
76.94694444444444,31.69944444444445,733.0
76.94666666666667,31.69944444444445,733.0
76.94638888888889,31.69944444444445,733.0
76.94611111111111,31.69944444444445,733.0
76.94583333333334,31.69944444444445,733.0
76.94555555555556,31.69944444444445,733.0
76.94527777777778,31.699722222222224,733.0
76.94500000000001,31.699722222222224,733.0
76.94472222222223,31.700000000000003,733.0
76.94444444444444,31.70027777777778,733.0
76.94444444444444,31.70055555555556,733.0
76.94416666666666,31.700833333333335,733.0
76.94388888888889,31.701111111111114,732.0
76.94388888888889,31.701388888888893,732.0
76.94388888888889,31.701666666666668,732.0
76.94388888888889,31.701944444444447,732.0
76.94388888888889,31.702222222222225,732.0
76.94388888888889,31.702500000000004,732.0
76.94361111111111,31.70277777777778,732.0
76.94361111111111,31.703055555555558,732.0
76.94333333333333,31.703333333333337,732.0
76.94305555555556,31.703611111111115,732.0
76.94277777777778,31.70388888888889,732.0
76.9425,31.70416666666667,732.0
76.94222222222223,31.704444444444448,732.0
76.94194444444445,31.704722222222227,731.0
76.94166666666666,31.704722222222227,731.0
76.9413888888889,31.705000000000002,731.0
76.94111111111111,31.70527777777778,731.0
76.94083333333333,31.70555555555556,731.0
76.94055555555556,31.705833333333338,731.0
76.94027777777778,31.706111111111113,731.0
76.94,31.706388888888892,731.0
76.93972222222223,31.70666666666667,731.0
76.93944444444445,31.706944444444446,731.0
76.93916666666667,31.707222222222224,731.0
76.93888888888888,31.707500000000003,730.0
76.93888888888888,31.707777777777782,730.0
76.93888888888888,31.708055555555557,730.0
76.93888888888888,31.708333333333336,730.0
76.93888888888888,31.708611111111114,730.0
76.93861111111111,31.708888888888893,730.0
76.93861111111111,31.70916666666667,730.0
76.93833333333333,31.709444444444447,730.0
76.93805555555555,31.709722222222226,730.0
76.93777777777778,31.710000000000004,730.0
76.9375,31.71027777777778,730.0
76.93722222222222,31.71055555555556,730.0
76.93694444444445,31.710833333333337,730.0
76.93666666666667,31.711111111111116,729.0
76.93666666666667,31.71138888888889,729.0
76.93638888888889,31.71166666666667,729.0
76.93611111111112,31.71194444444445,729.0
76.93583333333333,31.712222222222223,729.0
76.93555555555555,31.712500000000002,729.0
76.93527777777778,31.712500000000002,729.0
76.935,31.712500000000002,729.0
76.93472222222222,31.712500000000002,729.0
76.93444444444445,31.712500000000002,729.0
76.93416666666667,31.712500000000002,729.0
76.93388888888889,31.712500000000002,729.0
76.9336111111111,31.712500000000002,728.0
76.93333333333334,31.712500000000002,728.0
76.93305555555555,31.712500000000002,728.0
76.93277777777777,31.712500000000002,728.0
76.9325,31.712500000000002,728.0
76.93222222222222,31.71277777777778,728.0
76.93194444444444,31.71277777777778,728.0
76.93166666666667,31.71305555555556,728.0
76.93138888888889,31.713333333333335,728.0
76.93111111111111,31.713611111111113,728.0
76.93083333333334,31.713888888888892,728.0
76.93055555555556,31.71416666666667,727.0
76.93027777777777,31.714444444444446,727.0
76.93,31.714722222222225,727.0
76.92972222222222,31.715000000000003,727.0
76.92972222222222,31.715277777777782,727.0
76.92944444444444,31.715555555555557,727.0
76.92944444444444,31.715833333333336,727.0
76.92944444444444,31.716111111111115,727.0
76.92944444444444,31.716388888888893,727.0
76.92944444444444,31.71666666666667,727.0
76.92944444444444,31.716944444444447,726.0
76.92972222222222,31.717222222222226,726.0
76.92972222222222,31.717500000000005,726.0
76.93,31.71777777777778,726.0
76.93027777777777,31.71805555555556,726.0
76.93055555555556,31.718333333333337,726.0
76.93083333333334,31.718611111111112,726.0
76.93111111111111,31.71888888888889,726.0
76.93138888888889,31.71916666666667,726.0
76.93166666666667,31.71916666666667,726.0
76.93194444444444,31.71944444444445,725.0
76.93222222222222,31.71944444444445,725.0
76.9325,31.719722222222224,725.0
76.93277777777777,31.720000000000002,725.0
76.93305555555555,31.72027777777778,725.0
76.93333333333334,31.72055555555556,725.0
76.93333333333334,31.720833333333335,725.0
76.93333333333334,31.721111111111114,725.0
76.93333333333334,31.721388888888892,725.0
76.93333333333334,31.72166666666667,725.0
76.93333333333334,31.721944444444446,724.0
76.93333333333334,31.722222222222225,724.0
76.9336111111111,31.722500000000004,724.0
76.9336111111111,31.722777777777782,724.0
76.9336111111111,31.723055555555558,724.0
76.9336111111111,31.723333333333336,724.0
76.9336111111111,31.723611111111115,724.0
76.9336111111111,31.72388888888889,724.0
76.93388888888889,31.72416666666667,724.0
76.93388888888889,31.724444444444448,724.0
76.93388888888889,31.724722222222226,724.0
76.93388888888889,31.725,724.0
76.93388888888889,31.72527777777778,723.0
76.93388888888889,31.72555555555556,723.0
76.93388888888889,31.725833333333338,723.0
76.93388888888889,31.726111111111113,723.0
76.93388888888889,31.72638888888889,723.0
76.93388888888889,31.72666666666667,723.0
76.93416666666667,31.72694444444445,723.0
76.93444444444445,31.727222222222224,723.0
76.93472222222222,31.727500000000003,723.0
76.935,31.727500000000003,723.0
76.93527777777778,31.727500000000003,723.0
76.93555555555555,31.72777777777778,723.0
76.93583333333333,31.72805555555556,723.0
76.93611111111112,31.728333333333335,723.0
76.93638888888889,31.728611111111114,722.0
76.93666666666667,31.728888888888893,720.0
76.93666666666667,31.72916666666667,719.0
76.93638888888889,31.729444444444447,721.0
76.93638888888889,31.729722222222225,721.0
76.93611111111112,31.730000000000004,720.0
76.93611111111112,31.73027777777778,721.0
76.93583333333333,31.730555555555558,720.0
76.93583333333333,31.730833333333337,720.0
76.93583333333333,31.731111111111115,720.0
76.93555555555555,31.73138888888889,720.0
76.93555555555555,31.73166666666667,720.0
76.93555555555555,31.731944444444448,720.0
76.93555555555555,31.732222222222227,720.0
76.93555555555555,31.7325,720.0
76.93527777777778,31.73277777777778,720.0
76.93527777777778,31.73305555555556,720.0
76.93527777777778,31.733333333333338,720.0
76.93527777777778,31.733611111111113,720.0
76.93527777777778,31.73388888888889,720.0
76.93527777777778,31.73416666666667,719.0
76.93527777777778,31.73444444444445,719.0
76.93527777777778,31.734722222222224,719.0
76.93527777777778,31.735000000000003,719.0
76.935,31.73527777777778,717.0
76.935,31.735555555555557,717.0
76.935,31.735833333333336,715.0
76.935,31.736111111111114,717.0
76.935,31.736388888888893,718.0
76.935,31.736666666666668,718.0
76.93527777777778,31.736944444444447,717.0
76.93527777777778,31.737222222222226,717.0
76.93555555555555,31.737500000000004,717.0
76.93583333333333,31.73777777777778,717.0
76.93583333333333,31.738055555555558,717.0
76.93583333333333,31.738333333333337,717.0
76.93583333333333,31.738611111111116,717.0
76.93611111111112,31.73888888888889,717.0
76.93611111111112,31.73916666666667,717.0
76.93611111111112,31.739444444444448,717.0
76.93611111111112,31.739722222222227,717.0
76.93611111111112,31.740000000000002,717.0
76.93611111111112,31.74027777777778,717.0
76.93611111111112,31.74055555555556,715.0
76.93611111111112,31.740833333333335,715.0
76.93611111111112,31.741111111111113,714.0
76.93611111111112,31.741388888888892,714.0
76.93611111111112,31.74166666666667,716.0
76.93611111111112,31.741944444444446,717.0
76.93611111111112,31.742222222222225,717.0
76.93611111111112,31.742500000000003,716.0
76.93611111111112,31.742777777777782,717.0
76.93638888888889,31.743055555555557,716.0
76.93666666666667,31.743055555555557,715.0
76.93666666666667,31.743333333333336,714.0
76.93694444444445,31.743611111111115,714.0
76.93694444444445,31.743888888888893,715.0
76.93722222222222,31.74416666666667,713.0
76.9375,31.744444444444447,715.0
76.93777777777778,31.744444444444447,714.0
76.93805555555555,31.744722222222226,715.0
76.93805555555555,31.745000000000005,713.0
76.93805555555555,31.74527777777778,715.0
76.93805555555555,31.74555555555556,715.0
76.93833333333333,31.745833333333337,714.0
76.93833333333333,31.746111111111116,715.0
76.93861111111111,31.74638888888889,712.0
76.93888888888888,31.74666666666667,712.0
76.93888888888888,31.74694444444445,711.0
76.93888888888888,31.747222222222224,714.0
76.93916666666667,31.747500000000002,712.0
76.93916666666667,31.74777777777778,712.0
76.93916666666667,31.74805555555556,714.0
76.93944444444445,31.748333333333335,710.0
76.93944444444445,31.748611111111114,713.0
76.93972222222223,31.748888888888892,709.0
76.93972222222223,31.74916666666667,713.0
76.94,31.749444444444446,710.0
76.94,31.749722222222225,713.0
76.94,31.750000000000004,715.0
76.94027777777778,31.750277777777782,706.0
76.94027777777778,31.750555555555557,709.0
76.94027777777778,31.750833333333336,714.0
76.94055555555556,31.751111111111115,715.0
76.94055555555556,31.751388888888894,711.0
76.94055555555556,31.75166666666667,713.0
76.94055555555556,31.751944444444447,714.0
76.94083333333333,31.752222222222226,710.0
76.94083333333333,31.7525,710.0
76.94083333333333,31.75277777777778,710.0
76.94083333333333,31.75305555555556,710.0
76.94083333333333,31.753333333333337,710.0
76.94083333333333,31.753611111111113,710.0
76.94083333333333,31.75388888888889,710.0
76.94083333333333,31.75416666666667,709.0
76.94083333333333,31.75444444444445,709.0
76.94083333333333,31.754722222222224,709.0
76.94083333333333,31.755000000000003,709.0
76.94083333333333,31.75527777777778,711.0
76.94083333333333,31.75555555555556,712.0
76.94083333333333,31.755833333333335,712.0
76.94083333333333,31.756111111111114,713.0
76.94083333333333,31.756388888888893,714.0
76.94083333333333,31.75666666666667,715.0
76.94055555555556,31.756944444444446,712.0
76.94055555555556,31.757222222222225,713.0
76.94055555555556,31.757500000000004,713.0
76.94055555555556,31.757777777777783,714.0
76.94027777777778,31.758055555555558,710.0
76.94027777777778,31.758333333333336,710.0
76.94027777777778,31.758611111111115,711.0
76.94027777777778,31.75888888888889,713.0
76.94027777777778,31.75916666666667,711.0
76.94027777777778,31.759444444444448,709.0
76.94027777777778,31.759722222222226,708.0
76.94027777777778,31.76,709.0
76.94,31.76027777777778,707.0
76.93972222222223,31.76055555555556,709.0
76.93944444444445,31.760833333333338,712.0
76.93916666666667,31.761111111111113,709.0
76.93888888888888,31.76138888888889,708.0
76.93861111111111,31.76166666666667,704.0
76.93833333333333,31.76166666666667,704.0
76.93805555555555,31.76194444444445,704.0
76.93777777777778,31.76194444444445,704.0
76.9375,31.762222222222224,704.0
76.93722222222222,31.762222222222224,704.0
76.93694444444445,31.762222222222224,714.0
76.93666666666667,31.762500000000003,703.0
76.93638888888889,31.762500000000003,703.0
76.93611111111112,31.762500000000003,703.0
76.93583333333333,31.762500000000003,703.0
76.93555555555555,31.762500000000003,703.0
76.93527777777778,31.762500000000003,703.0
76.935,31.762500000000003,703.0
76.93472222222222,31.762500000000003,703.0
76.93444444444445,31.762500000000003,703.0
76.93416666666667,31.762500000000003,703.0
76.93388888888889,31.762500000000003,703.0
76.9336111111111,31.762500000000003,703.0
76.93333333333334,31.762500000000003,703.0
76.93305555555555,31.762500000000003,703.0
76.93277777777777,31.76277777777778,703.0
76.9325,31.76305555555556,708.0
76.93222222222222,31.763333333333335,714.0
76.93194444444444,31.763611111111114,703.0
76.93166666666667,31.763888888888893,704.0
76.93166666666667,31.764166666666668,713.0
76.93138888888889,31.764444444444447,704.0
76.93138888888889,31.764722222222225,715.0
76.93111111111111,31.765000000000004,712.0
76.93083333333334,31.76527777777778,708.0
76.93055555555556,31.765555555555558,704.0
76.93055555555556,31.765833333333337,712.0
76.93027777777777,31.766111111111115,705.0
76.93027777777777,31.76638888888889,701.0
76.93027777777777,31.76666666666667,701.0
76.93027777777777,31.766944444444448,700.0
76.93027777777777,31.767222222222227,704.0
76.93,31.767500000000002,700.0
76.93,31.76777777777778,704.0
76.93,31.76805555555556,711.0
76.92972222222222,31.768333333333338,703.0
76.92972222222222,31.768611111111113,707.0
76.92972222222222,31.768888888888892,708.0
76.92944444444444,31.76916666666667,700.0
76.92944444444444,31.769444444444446,702.0
76.92944444444444,31.769722222222224,705.0
76.92944444444444,31.770000000000003,712.0
76.92916666666667,31.770277777777782,701.0
76.92916666666667,31.770555555555557,709.0
76.92916666666667,31.770833333333336,708.0
76.92916666666667,31.771111111111114,705.0
76.92916666666667,31.771388888888893,707.0
76.92916666666667,31.77166666666667,714.0
76.92888888888889,31.771944444444447,707.0
76.92888888888889,31.772222222222226,710.0
76.92888888888889,31.772500000000004,714.0
76.92861111111111,31.77277777777778,706.0
76.92833333333333,31.77305555555556,713.0
76.92833333333333,31.773333333333337,713.0
76.92833333333333,31.773611111111116,705.0
76.92833333333333,31.77388888888889,704.0
76.92833333333333,31.77416666666667,711.0
76.92805555555556,31.77444444444445,702.0
76.92805555555556,31.774722222222223,709.0
76.92777777777778,31.775000000000002,699.0
76.92777777777778,31.77527777777778,711.0
76.9275,31.77555555555556,702.0
76.9275,31.775833333333335,701.0
76.9275,31.776111111111113,704.0
76.92722222222223,31.776388888888892,700.0
76.92722222222223,31.77666666666667,710.0
76.92694444444444,31.776944444444446,710.0
76.92694444444444,31.777222222222225,715.0
76.92694444444444,31.777500000000003,711.0
76.92666666666666,31.777500000000003,709.0
76.9263888888889,31.777777777777782,711.0
76.92611111111111,31.778055555555557,709.0
76.92583333333333,31.778333333333336,698.0
76.92555555555556,31.778611111111115,696.0
76.92527777777778,31.778888888888893,704.0
76.925,31.77916666666667,711.0
76.92472222222223,31.779444444444447,703.0
76.92444444444445,31.779444444444447,704.0
76.92416666666666,31.779444444444447,712.0
76.92388888888888,31.779444444444447,714.0
76.92361111111111,31.779444444444447,714.0
76.92333333333333,31.779722222222226,696.0
76.92305555555555,31.779722222222226,699.0
76.92277777777778,31.779722222222226,704.0
76.9225,31.779722222222226,703.0
76.92222222222222,31.779722222222226,701.0
76.92194444444445,31.779722222222226,707.0
76.92166666666667,31.780000000000005,698.0
76.92138888888888,31.780000000000005,700.0
76.92111111111112,31.780000000000005,705.0
76.92083333333333,31.780000000000005,714.0
76.92055555555555,31.78027777777778,699.0
76.92027777777778,31.78055555555556,693.0
76.92,31.780833333333337,696.0
76.91972222222222,31.781111111111112,705.0
76.91944444444445,31.78138888888889,701.0
76.91944444444445,31.78166666666667,714.0
76.91916666666667,31.78194444444445,710.0
76.91916666666667,31.782222222222224,714.0
76.91888888888889,31.782500000000002,714.0
76.91861111111112,31.78277777777778,713.0
76.91861111111112,31.78305555555556,711.0
76.91833333333334,31.783333333333335,711.0
76.91833333333334,31.783611111111114,709.0
76.91833333333334,31.783888888888892,703.0
76.91833333333334,31.78416666666667,697.0
76.91805555555555,31.784444444444446,692.0
76.91777777777777,31.784722222222225,692.0
76.9175,31.785000000000004,692.0
76.91722222222222,31.785277777777782,693.0
76.91694444444444,31.785555555555558,696.0
76.91666666666667,31.785833333333336,694.0
76.91638888888889,31.785833333333336,696.0
76.9161111111111,31.786111111111115,696.0
76.91583333333334,31.786111111111115,689.0
76.91555555555556,31.786111111111115,697.0
76.91527777777777,31.78638888888889,695.0
76.915,31.78638888888889,697.0
76.91472222222222,31.78638888888889,693.0
76.91444444444444,31.78638888888889,690.0
76.91416666666667,31.78638888888889,689.0
76.91388888888889,31.78638888888889,689.0
76.91361111111111,31.78638888888889,691.0
76.91333333333333,31.78638888888889,692.0
76.91305555555556,31.78666666666667,692.0
76.91277777777778,31.78666666666667,691.0
76.9125,31.78666666666667,691.0
76.91222222222223,31.78666666666667,691.0
76.91194444444444,31.78666666666667,690.0
76.91166666666666,31.78638888888889,686.0
76.9113888888889,31.78638888888889,689.0
76.91111111111111,31.786111111111115,688.0
76.91083333333333,31.786111111111115,688.0
76.91055555555556,31.786111111111115,688.0
76.91027777777778,31.786111111111115,688.0
76.91,31.786111111111115,688.0
76.90972222222223,31.78638888888889,688.0
76.90944444444445,31.78638888888889,687.0
76.90916666666666,31.78638888888889,687.0
76.9088888888889,31.78638888888889,687.0
76.90861111111111,31.786111111111115,687.0
76.90833333333333,31.786111111111115,687.0
76.90805555555555,31.786111111111115,687.0
76.90777777777778,31.785833333333336,687.0
76.9075,31.785833333333336,687.0
76.90722222222222,31.785555555555558,687.0
76.90694444444445,31.785277777777782,687.0
76.90666666666667,31.785277777777782,687.0
76.90638888888888,31.785000000000004,686.0
76.90611111111112,31.784722222222225,686.0
76.90583333333333,31.784722222222225,686.0
76.90555555555555,31.784722222222225,688.0
76.90527777777778,31.784444444444446,686.0
76.905,31.784444444444446,686.0
76.90472222222222,31.78416666666667,686.0
76.90444444444445,31.78416666666667,686.0
76.90416666666667,31.78416666666667,686.0
76.90388888888889,31.78416666666667,686.0
76.90361111111112,31.78416666666667,686.0
76.90333333333334,31.78416666666667,686.0
76.90305555555555,31.78416666666667,686.0
76.90277777777777,31.78416666666667,685.0
76.9025,31.784444444444446,685.0
76.90222222222222,31.784722222222225,685.0
76.90194444444444,31.785000000000004,685.0
76.90166666666667,31.785277777777782,685.0
76.90138888888889,31.785555555555558,685.0
76.9011111111111,31.785833333333336,685.0
76.90083333333334,31.786111111111115,685.0
76.90055555555556,31.78638888888889,685.0
76.90055555555556,31.78666666666667,684.0
76.90027777777777,31.786944444444448,684.0
76.9,31.787222222222226,684.0
76.9,31.7875,684.0
76.9,31.78777777777778,684.0
76.9,31.78805555555556,684.0
76.9,31.788333333333338,684.0
76.89972222222222,31.788611111111113,684.0
76.89972222222222,31.78888888888889,688.0
76.89944444444444,31.78916666666667,686.0
76.89916666666667,31.78944444444445,684.0
76.89916666666667,31.789722222222224,685.0
76.89888888888889,31.790000000000003,683.0
76.89888888888889,31.79027777777778,687.0
76.89861111111111,31.79055555555556,683.0
76.89861111111111,31.790833333333335,683.0
76.89833333333334,31.791111111111114,683.0
76.89833333333334,31.791388888888893,683.0
76.89805555555556,31.79166666666667,683.0
76.89805555555556,31.791944444444447,683.0
76.89805555555556,31.792222222222225,687.0
76.89777777777778,31.792500000000004,682.0
76.89777777777778,31.79277777777778,682.0
76.89777777777778,31.793055555555558,682.0
76.8975,31.793333333333337,682.0
76.8975,31.793611111111115,682.0
76.89722222222223,31.79388888888889,682.0
76.89722222222223,31.79416666666667,682.0
76.89694444444444,31.794444444444448,682.0
76.89666666666666,31.794722222222227,682.0
76.8963888888889,31.794722222222227,682.0
76.89611111111111,31.794722222222227,688.0
76.89583333333333,31.795,685.0
76.89555555555556,31.79527777777778,683.0
76.89527777777778,31.79527777777778,688.0
76.895,31.79555555555556,685.0
76.89472222222223,31.795833333333338,681.0
76.89444444444445,31.795833333333338,681.0
76.89416666666666,31.795833333333338,681.0
76.8938888888889,31.795833333333338,685.0
76.89361111111111,31.796111111111113,681.0
76.89333333333333,31.79638888888889,681.0
76.89305555555556,31.79638888888889,681.0
76.89277777777778,31.79666666666667,680.0
76.8925,31.79666666666667,688.0
76.89222222222222,31.79694444444445,683.0
76.89194444444445,31.79694444444445,686.0
76.89166666666667,31.797222222222224,683.0
76.89138888888888,31.797500000000003,680.0
76.89111111111112,31.797500000000003,687.0
76.89083333333333,31.79777777777778,680.0
76.89055555555555,31.79777777777778,680.0
76.89027777777778,31.79777777777778,680.0
76.89,31.79777777777778,680.0
76.88972222222222,31.79777777777778,680.0
76.88944444444445,31.798055555555557,679.0
76.88916666666667,31.798055555555557,679.0
76.88888888888889,31.798055555555557,679.0
76.88861111111112,31.798055555555557,679.0
76.88833333333334,31.798055555555557,679.0
76.88805555555555,31.798055555555557,679.0
76.88777777777779,31.798055555555557,679.0
76.8875,31.798055555555557,679.0
76.88722222222222,31.798055555555557,679.0
76.88694444444444,31.798055555555557,679.0
76.88666666666667,31.798055555555557,679.0
76.88638888888889,31.798055555555557,684.0
76.8861111111111,31.798055555555557,688.0
76.88583333333334,31.798333333333336,683.0
76.88555555555556,31.798611111111114,678.0
76.88527777777777,31.798611111111114,682.0
76.885,31.798888888888893,684.0
76.88472222222222,31.799166666666668,686.0
76.88444444444444,31.799444444444447,686.0
76.88416666666667,31.799722222222226,681.0
76.88388888888889,31.800000000000004,679.0
76.88361111111111,31.80027777777778,678.0
76.88333333333334,31.800555555555558,677.0
76.88305555555556,31.800833333333337,679.0
76.88277777777778,31.801111111111116,677.0
76.88277777777778,31.80138888888889,688.0
76.88250000000001,31.80166666666667,685.0
76.88222222222223,31.801944444444448,683.0
76.88194444444444,31.802222222222227,684.0
76.88166666666666,31.802500000000002,679.0
76.88166666666666,31.80277777777778,683.0
76.88138888888889,31.80305555555556,684.0
76.88111111111111,31.803333333333335,677.0
76.88083333333333,31.803611111111113,677.0
76.88083333333333,31.803888888888892,687.0
76.88055555555556,31.80416666666667,681.0
76.88027777777778,31.804444444444446,679.0
76.88027777777778,31.804722222222225,687.0
76.88,31.805000000000003,686.0
76.87972222222223,31.805277777777782,686.0
76.87944444444445,31.805555555555557,684.0
76.87916666666666,31.805833333333336,682.0
76.8788888888889,31.806111111111115,688.0
76.8788888888889,31.806388888888893,686.0
76.87861111111111,31.80666666666667,684.0
76.87861111111111,31.806944444444447,679.0
76.87861111111111,31.807222222222226,677.0
76.87833333333333,31.807500000000005,675.0
76.87833333333333,31.80777777777778,677.0
76.87805555555556,31.80805555555556,678.0
76.87805555555556,31.808333333333337,678.0
76.87777777777778,31.808611111111116,678.0
76.8775,31.80888888888889,676.0
76.87722222222223,31.80916666666667,675.0
76.87694444444445,31.80916666666667,679.0
76.87666666666667,31.80944444444445,676.0
76.87638888888888,31.809722222222224,677.0
76.87611111111111,31.810000000000002,677.0
76.87583333333333,31.81027777777778,674.0
76.87555555555555,31.81055555555556,673.0
76.87527777777778,31.810833333333335,674.0
76.87527777777778,31.811111111111114,678.0
76.875,31.811388888888892,677.0
76.875,31.81166666666667,678.0
76.87472222222222,31.811944444444446,671.0
76.87472222222222,31.812222222222225,671.0
76.87472222222222,31.812500000000004,676.0
76.87472222222222,31.812777777777782,677.0
76.87472222222222,31.813055555555557,676.0
76.87472222222222,31.813333333333336,679.0
76.87444444444445,31.813611111111115,672.0
76.87444444444445,31.813888888888894,675.0
76.87444444444445,31.81416666666667,673.0
76.87444444444445,31.814444444444447,671.0
76.87444444444445,31.814722222222226,674.0
76.87444444444445,31.815,678.0
76.87444444444445,31.81527777777778,674.0
76.87444444444445,31.81555555555556,668.0
76.87444444444445,31.815833333333337,664.0
76.87416666666667,31.816111111111113,667.0
76.87388888888889,31.81638888888889,667.0
76.87361111111112,31.81666666666667,666.0
76.87333333333333,31.81694444444445,666.0
76.87305555555555,31.817222222222224,667.0
76.87277777777778,31.817500000000003,668.0
76.8725,31.81777777777778,668.0
76.87222222222222,31.81805555555556,668.0
76.87194444444445,31.818333333333335,679.0
76.87166666666667,31.818611111111114,674.0
76.87166666666667,31.818888888888893,670.0
76.87138888888889,31.818888888888893,669.0
76.8711111111111,31.818888888888893,673.0
76.87083333333334,31.81916666666667,667.0
76.87055555555555,31.819444444444446,668.0
76.87027777777777,31.819444444444446,663.0
76.87,31.819444444444446,671.0
76.86972222222222,31.819722222222225,673.0
76.86944444444444,31.820000000000004,666.0
76.86916666666667,31.820000000000004,667.0
76.86888888888889,31.820277777777783,667.0
76.86861111111111,31.820277777777783,662.0
76.86833333333334,31.820277777777783,664.0
76.86805555555556,31.820277777777783,669.0
76.86777777777777,31.820555555555558,662.0
76.8675,31.820555555555558,663.0
76.86722222222222,31.820555555555558,668.0
76.86694444444444,31.820833333333336,660.0
76.86666666666667,31.821111111111115,663.0
76.86638888888889,31.82138888888889,664.0
76.86611111111111,31.82166666666667,664.0
76.86583333333333,31.821944444444448,663.0
76.86555555555556,31.822222222222226,664.0
76.86527777777778,31.8225,661.0
76.865,31.8225,666.0
76.86472222222223,31.82277777777778,660.0
76.86444444444444,31.82305555555556,660.0
76.86416666666666,31.823333333333338,659.0
76.8638888888889,31.823611111111113,661.0
76.86361111111111,31.82388888888889,667.0
76.86333333333333,31.82416666666667,669.0
76.86305555555556,31.82444444444445,665.0
76.86277777777778,31.824722222222224,667.0
76.8625,31.825000000000003,665.0
76.86222222222223,31.82527777777778,662.0
76.86194444444445,31.82555555555556,664.0
76.86166666666666,31.825833333333335,663.0
76.86138888888888,31.825833333333335,668.0
76.86111111111111,31.826111111111114,661.0
76.86083333333333,31.826111111111114,657.0
76.86055555555555,31.826111111111114,658.0
76.86027777777778,31.826111111111114,663.0
76.86,31.826388888888893,656.0
76.85972222222222,31.826388888888893,653.0
76.85944444444445,31.826388888888893,658.0
76.85916666666667,31.826388888888893,661.0
76.85888888888888,31.826388888888893,669.0
76.85861111111112,31.826666666666668,657.0
76.85833333333333,31.826666666666668,659.0
76.85805555555555,31.826666666666668,657.0
76.85777777777778,31.826666666666668,655.0
76.8575,31.826666666666668,655.0
76.85722222222222,31.826666666666668,659.0
76.85694444444445,31.826666666666668,658.0
76.85666666666667,31.826388888888893,656.0
76.85638888888889,31.826111111111114,660.0
76.85611111111112,31.825833333333335,659.0
76.85583333333334,31.82555555555556,662.0
76.85555555555555,31.82527777777778,669.0
76.85527777777777,31.825000000000003,667.0
76.855,31.824722222222224,663.0
76.855,31.82444444444445,663.0
76.85472222222222,31.82416666666667,665.0
76.85444444444444,31.82388888888889,666.0
76.85416666666667,31.823611111111113,664.0
76.85388888888889,31.823333333333338,658.0
76.8536111111111,31.823333333333338,656.0
76.85333333333334,31.823333333333338,660.0
76.85305555555556,31.82305555555556,657.0
76.85277777777777,31.82305555555556,654.0
76.8525,31.82305555555556,650.0
76.85222222222222,31.82305555555556,653.0
76.85194444444444,31.823333333333338,656.0
76.85166666666667,31.823333333333338,651.0
76.85138888888889,31.823333333333338,650.0
76.85111111111111,31.823333333333338,653.0
76.85083333333333,31.823611111111113,650.0
76.85055555555556,31.823611111111113,653.0
76.85027777777778,31.82388888888889,648.0
76.85,31.82388888888889,653.0
76.84972222222223,31.82416666666667,649.0
76.84944444444444,31.82416666666667,653.0
76.84916666666666,31.82444444444445,649.0
76.8488888888889,31.824722222222224,648.0
76.84861111111111,31.824722222222224,650.0
76.84833333333333,31.825000000000003,645.0
76.84805555555556,31.825000000000003,652.0
76.84777777777778,31.82527777777778,653.0
76.8475,31.82555555555556,649.0
76.84722222222223,31.82555555555556,653.0
76.84694444444445,31.825833333333335,651.0
76.84666666666666,31.826111111111114,647.0
76.8463888888889,31.826111111111114,652.0
76.84611111111111,31.826388888888893,649.0
76.84583333333333,31.826666666666668,649.0
76.84555555555555,31.826666666666668,652.0
76.84527777777778,31.826944444444447,649.0
76.845,31.827222222222225,653.0
76.84472222222222,31.827500000000004,648.0
76.84444444444445,31.827500000000004,648.0
76.84416666666667,31.827500000000004,650.0
76.84388888888888,31.82777777777778,648.0
76.84361111111112,31.828055555555558,648.0
76.84333333333333,31.828055555555558,648.0
76.84305555555555,31.828055555555558,650.0
76.84277777777778,31.828333333333337,648.0
76.8425,31.828611111111115,648.0
76.84222222222222,31.828611111111115,648.0
76.84194444444445,31.82888888888889,648.0
76.84166666666667,31.82888888888889,648.0
76.84138888888889,31.82888888888889,648.0
76.84111111111112,31.82888888888889,648.0
76.84083333333334,31.82916666666667,648.0
76.84055555555555,31.82916666666667,648.0
76.84027777777777,31.82916666666667,648.0
76.84,31.82916666666667,650.0
76.83972222222222,31.82916666666667,649.0
76.83972222222222,31.82888888888889,648.0
76.83972222222222,31.828611111111115,648.0
76.83944444444444,31.828333333333337,647.0
76.83944444444444,31.828055555555558,646.0
76.83944444444444,31.82777777777778,646.0
76.83944444444444,31.827500000000004,645.0
76.83944444444444,31.827222222222225,647.0
76.83972222222222,31.826944444444447,649.0
76.84,31.826666666666668,647.0
76.84,31.826388888888893,647.0
76.84027777777777,31.826111111111114,644.0
76.84027777777777,31.825833333333335,643.0
76.84027777777777,31.82555555555556,643.0
76.84,31.82527777777778,644.0
76.83972222222222,31.825000000000003,643.0
76.83944444444444,31.825000000000003,648.0
76.83916666666667,31.824722222222224,647.0
76.83888888888889,31.82444444444445,645.0
76.8386111111111,31.82416666666667,643.0
76.83833333333334,31.82388888888889,643.0
76.83805555555556,31.823611111111113,642.0
76.83777777777777,31.823333333333338,642.0
76.8375,31.823333333333338,641.0
76.83722222222222,31.823333333333338,641.0
76.83694444444444,31.823333333333338,639.0
76.83666666666667,31.823333333333338,646.0
76.83638888888889,31.82305555555556,640.0
76.83611111111111,31.82305555555556,642.0
76.83583333333334,31.82305555555556,642.0
76.83555555555556,31.82305555555556,640.0
76.83527777777778,31.82305555555556,639.0
76.835,31.82305555555556,638.0
76.83472222222223,31.82305555555556,639.0
76.83444444444444,31.82305555555556,640.0
76.83416666666666,31.82305555555556,641.0
76.8338888888889,31.82305555555556,643.0
76.83361111111111,31.82305555555556,645.0
76.83333333333333,31.82305555555556,647.0
76.83305555555556,31.82305555555556,648.0
76.83277777777778,31.82305555555556,645.0
76.8325,31.82305555555556,640.0
76.83222222222223,31.82305555555556,640.0
76.83194444444445,31.82305555555556,641.0
76.83166666666666,31.82277777777778,646.0
76.8313888888889,31.82277777777778,649.0
76.83111111111111,31.82277777777778,638.0
76.83083333333333,31.82277777777778,635.0
76.83083333333333,31.82305555555556,633.0
76.83055555555556,31.82305555555556,634.0
76.83027777777778,31.82305555555556,632.0
76.83,31.82305555555556,634.0
76.82972222222222,31.82277777777778,632.0
76.82944444444445,31.82277777777778,632.0
76.82916666666667,31.82277777777778,632.0
76.82888888888888,31.82277777777778,633.0
76.82861111111112,31.82277777777778,632.0
76.82833333333333,31.82277777777778,632.0
76.82805555555555,31.82277777777778,633.0
76.82777777777778,31.8225,632.0
76.8275,31.8225,631.0
76.82722222222222,31.8225,631.0
76.82694444444445,31.8225,631.0
76.82666666666667,31.822222222222226,630.0
76.82638888888889,31.822222222222226,630.0
76.82611111111112,31.822222222222226,630.0
76.82583333333334,31.821944444444448,629.0
76.82555555555555,31.821944444444448,629.0
76.82527777777779,31.821944444444448,629.0
76.825,31.821944444444448,629.0
76.82472222222222,31.82166666666667,628.0
76.82444444444444,31.82166666666667,628.0
76.82416666666667,31.82166666666667,628.0
76.82388888888889,31.82138888888889,627.0
76.8236111111111,31.82138888888889,627.0
76.82333333333334,31.82138888888889,627.0
76.82305555555556,31.82138888888889,627.0
76.82277777777777,31.821111111111115,626.0
76.8225,31.821111111111115,626.0
76.82222222222222,31.820833333333336,626.0
76.82194444444444,31.820833333333336,625.0
76.82166666666667,31.820555555555558,625.0
76.82138888888889,31.820555555555558,625.0
76.82111111111111,31.820555555555558,624.0
76.82083333333334,31.820277777777783,624.0
76.82055555555556,31.820277777777783,625.0
76.82027777777778,31.820277777777783,629.0
76.82000000000001,31.820000000000004,629.0
76.81972222222223,31.820000000000004,627.0
76.81944444444444,31.820000000000004,628.0
76.81916666666666,31.819722222222225,627.0
76.81888888888889,31.819722222222225,627.0
76.81861111111111,31.819444444444446,627.0
76.81833333333333,31.819444444444446,625.0
76.81805555555556,31.81916666666667,624.0
76.81777777777778,31.81916666666667,625.0
76.8175,31.818888888888893,620.0
76.81722222222223,31.818888888888893,620.0
76.81694444444445,31.818888888888893,620.0
76.81666666666666,31.818888888888893,620.0
76.8163888888889,31.818888888888893,620.0
76.81611111111111,31.818611111111114,620.0
76.81583333333333,31.818611111111114,620.0
76.81555555555556,31.818611111111114,620.0
76.81527777777778,31.818611111111114,620.0
76.815,31.818333333333335,619.0
76.81472222222223,31.818333333333335,619.0
76.81444444444445,31.818333333333335,619.0
76.81416666666667,31.818333333333335,619.0
76.81388888888888,31.81805555555556,619.0
76.81361111111111,31.81805555555556,619.0
76.81333333333333,31.81805555555556,619.0
76.81305555555555,31.81805555555556,619.0
76.81277777777778,31.81805555555556,619.0
76.8125,31.81777777777778,619.0
76.81222222222222,31.81777777777778,619.0
76.81194444444445,31.81777777777778,619.0
76.81166666666667,31.81777777777778,619.0
76.81138888888889,31.81777777777778,619.0
76.81111111111112,31.81777777777778,619.0
76.81083333333333,31.81777777777778,619.0
76.81055555555555,31.81777777777778,619.0
76.81027777777778,31.81777777777778,619.0
76.81,31.81777777777778,619.0
76.80972222222222,31.81777777777778,619.0
76.80944444444445,31.81777777777778,619.0
76.80916666666667,31.81777777777778,619.0
76.80888888888889,31.81777777777778,619.0
76.8086111111111,31.81805555555556,619.0
76.80833333333334,31.81805555555556,619.0
76.80805555555555,31.81805555555556,619.0
76.80777777777777,31.81805555555556,619.0
76.8075,31.81805555555556,619.0
76.80722222222222,31.81805555555556,619.0
76.80694444444444,31.81805555555556,619.0
76.80666666666667,31.81805555555556,619.0
76.80638888888889,31.81805555555556,619.0
76.80611111111111,31.81805555555556,619.0
76.80583333333334,31.81805555555556,619.0
76.80555555555556,31.81805555555556,619.0
76.80527777777777,31.81805555555556,619.0
76.805,31.818333333333335,618.0
76.80472222222222,31.818333333333335,618.0
76.80444444444444,31.818333333333335,618.0
76.80416666666667,31.818333333333335,618.0
76.80388888888889,31.818611111111114,618.0
76.80361111111111,31.818611111111114,618.0
76.80333333333333,31.818888888888893,618.0
76.80305555555556,31.81916666666667,618.0
76.80277777777778,31.819444444444446,618.0
76.8025,31.819722222222225,618.0
76.80222222222223,31.820000000000004,618.0
76.80194444444444,31.820277777777783,618.0
76.80166666666666,31.820555555555558,618.0
76.8013888888889,31.820833333333336,618.0
76.80111111111111,31.821111111111115,618.0
76.80083333333333,31.82138888888889,618.0
76.80055555555556,31.82166666666667,618.0
76.80027777777778,31.82166666666667,618.0
76.8,31.821944444444448,618.0
76.79972222222223,31.822222222222226,618.0
76.79944444444445,31.822222222222226,618.0
76.79916666666666,31.8225,618.0
76.79888888888888,31.82277777777778,618.0
76.79861111111111,31.82305555555556,618.0
76.79833333333333,31.823333333333338,617.0
76.79805555555555,31.823333333333338,617.0
76.79777777777778,31.823611111111113,617.0
76.7975,31.823611111111113,617.0
76.79722222222222,31.82388888888889,617.0
76.79694444444445,31.82416666666667,617.0
76.79666666666667,31.82416666666667,617.0
76.79638888888888,31.82416666666667,617.0
76.79611111111112,31.82444444444445,617.0
76.79583333333333,31.82444444444445,617.0
76.79555555555555,31.824722222222224,617.0
76.79527777777778,31.825000000000003,617.0
76.795,31.825000000000003,617.0
76.79472222222222,31.82527777777778,617.0
76.79444444444445,31.82527777777778,617.0
76.79416666666667,31.82527777777778,617.0
76.79388888888889,31.82555555555556,616.0
76.7936111111111,31.82555555555556,616.0
76.79333333333334,31.82555555555556,616.0
76.79305555555555,31.82555555555556,616.0
76.79277777777777,31.825833333333335,616.0
76.7925,31.826111111111114,616.0
76.79222222222222,31.826388888888893,616.0
76.79194444444444,31.826666666666668,616.0
76.79166666666667,31.826944444444447,616.0
76.79138888888889,31.827222222222225,616.0
76.7911111111111,31.827500000000004,616.0
76.79083333333334,31.82777777777778,616.0
76.79055555555556,31.828055555555558,616.0
76.79055555555556,31.828333333333337,616.0
76.79055555555556,31.828611111111115,616.0
76.79055555555556,31.82888888888889,616.0
76.79055555555556,31.82916666666667,616.0
76.79055555555556,31.829444444444448,615.0
76.79055555555556,31.829722222222227,615.0
76.79027777777777,31.830000000000002,615.0
76.79027777777777,31.83027777777778,615.0
76.79,31.83055555555556,615.0
76.78972222222222,31.830833333333338,615.0
76.78944444444444,31.831111111111113,615.0
76.78916666666667,31.831111111111113,615.0
76.78888888888889,31.831388888888892,615.0
76.78861111111111,31.83166666666667,615.0
76.78833333333333,31.83166666666667,614.0
76.78805555555556,31.83166666666667,614.0
76.78777777777778,31.83166666666667,614.0
76.7875,31.831944444444446,614.0
76.78722222222223,31.831944444444446,614.0
76.78694444444444,31.831944444444446,614.0
76.78666666666666,31.831944444444446,614.0
76.7863888888889,31.831944444444446,614.0
76.78611111111111,31.83166666666667,614.0
76.78583333333333,31.831388888888892,614.0
76.78555555555556,31.831111111111113,614.0
76.78527777777778,31.830833333333338,613.0
76.785,31.830833333333338,613.0
76.78472222222223,31.830833333333338,613.0
76.78444444444445,31.83055555555556,613.0
76.78416666666666,31.83027777777778,613.0
76.7838888888889,31.83027777777778,613.0
76.78361111111111,31.83027777777778,613.0
76.78333333333333,31.830000000000002,613.0
76.78305555555555,31.829722222222227,613.0
76.78277777777778,31.829444444444448,613.0
76.7825,31.82916666666667,612.0
76.7825,31.82888888888889,612.0
76.78222222222222,31.828611111111115,612.0
76.78194444444445,31.828333333333337,612.0
76.78166666666667,31.828055555555558,612.0
76.78138888888888,31.82777777777778,612.0
76.78111111111112,31.827500000000004,612.0
76.78083333333333,31.827222222222225,612.0
76.78055555555555,31.826944444444447,612.0
76.78027777777778,31.826666666666668,611.0
76.78027777777778,31.826388888888893,611.0
76.78027777777778,31.826111111111114,611.0
76.78027777777778,31.825833333333335,611.0
76.78027777777778,31.82555555555556,611.0
76.78027777777778,31.82527777777778,611.0
76.78027777777778,31.825000000000003,611.0
76.78,31.824722222222224,611.0
76.77972222222222,31.82444444444445,610.0
76.77972222222222,31.82416666666667,610.0
76.77972222222222,31.82388888888889,610.0
76.77944444444445,31.823611111111113,608.0
76.77944444444445,31.823333333333338,608.0
76.77944444444445,31.82305555555556,608.0
76.77944444444445,31.82277777777778,608.0
76.77944444444445,31.8225,608.0
76.77944444444445,31.822222222222226,608.0
76.77944444444445,31.821944444444448,608.0
76.77944444444445,31.82166666666667,608.0
76.77944444444445,31.82138888888889,607.0
76.77944444444445,31.821111111111115,607.0
76.77916666666667,31.820833333333336,607.0
76.77916666666667,31.820555555555558,607.0
76.77916666666667,31.820277777777783,607.0
76.77888888888889,31.820000000000004,607.0
76.77861111111112,31.819722222222225,607.0
76.77833333333334,31.819444444444446,607.0
76.77805555555555,31.81916666666667,607.0
76.77777777777777,31.818888888888893,607.0
76.7775,31.818611111111114,607.0
76.77722222222222,31.818333333333335,607.0
76.77694444444444,31.81805555555556,607.0
76.77666666666667,31.81777777777778,606.0
76.77638888888889,31.81777777777778,606.0
76.7761111111111,31.81777777777778,606.0
76.77583333333334,31.817500000000003,606.0
76.77555555555556,31.817500000000003,606.0
76.77527777777777,31.817500000000003,606.0
76.775,31.817500000000003,606.0
76.77472222222222,31.817500000000003,606.0
76.77444444444444,31.817500000000003,606.0
76.77416666666667,31.817500000000003,606.0
76.77388888888889,31.817500000000003,606.0
76.77361111111111,31.81777777777778,606.0
76.77333333333334,31.81805555555556,606.0
76.77333333333334,31.818333333333335,606.0
76.77305555555556,31.818611111111114,606.0
76.77305555555556,31.818888888888893,606.0
76.77305555555556,31.81916666666667,605.0
76.77305555555556,31.819444444444446,605.0
76.77305555555556,31.819722222222225,605.0
76.77305555555556,31.820000000000004,605.0
76.77305555555556,31.820277777777783,605.0
76.77305555555556,31.820555555555558,605.0
76.77305555555556,31.820833333333336,605.0
76.77305555555556,31.821111111111115,605.0
76.77277777777778,31.82138888888889,605.0
76.77277777777778,31.82166666666667,605.0
76.77277777777778,31.821944444444448,605.0
76.77277777777778,31.822222222222226,605.0
76.77277777777778,31.8225,605.0
76.7725,31.82277777777778,605.0
76.77222222222223,31.82305555555556,605.0
76.77194444444444,31.823333333333338,604.0
76.77194444444444,31.823611111111113,604.0
76.77166666666666,31.82388888888889,604.0
76.7713888888889,31.82416666666667,604.0
76.77111111111111,31.82444444444445,604.0
76.77083333333333,31.824722222222224,604.0
76.77055555555556,31.825000000000003,604.0
76.77027777777778,31.82527777777778,604.0
76.77,31.82555555555556,604.0
76.76972222222223,31.825833333333335,604.0
76.76944444444445,31.826111111111114,604.0
76.76916666666666,31.826388888888893,604.0
76.7688888888889,31.826666666666668,603.0
76.76861111111111,31.826666666666668,603.0
76.76833333333333,31.826666666666668,603.0
76.76805555555556,31.826666666666668,603.0
76.76777777777778,31.826944444444447,603.0
76.7675,31.827222222222225,603.0
76.76722222222222,31.827500000000004,603.0
76.76694444444445,31.82777777777778,603.0
76.76666666666667,31.828055555555558,603.0
76.76638888888888,31.828333333333337,603.0
76.76611111111112,31.828611111111115,603.0
76.76583333333333,31.82888888888889,603.0
76.76555555555555,31.82916666666667,603.0
76.76527777777778,31.829444444444448,603.0
76.765,31.829722222222227,602.0
76.76472222222222,31.829722222222227,602.0
76.76444444444445,31.829722222222227,602.0
76.76416666666667,31.829722222222227,602.0
76.76388888888889,31.829722222222227,602.0
76.76361111111112,31.829722222222227,602.0
76.76333333333334,31.830000000000002,602.0
76.76305555555555,31.830000000000002,602.0
76.76277777777779,31.83027777777778,602.0
76.7625,31.83055555555556,602.0
76.76222222222222,31.83055555555556,602.0
76.76194444444444,31.830833333333338,602.0
76.76166666666667,31.830833333333338,602.0
76.76138888888889,31.830833333333338,602.0
76.7611111111111,31.830833333333338,602.0
76.76083333333334,31.831111111111113,602.0
76.76055555555556,31.831388888888892,602.0
76.76027777777777,31.83166666666667,601.0
76.76,31.83166666666667,601.0
76.75972222222222,31.83166666666667,601.0
76.75944444444444,31.831944444444446,601.0
76.75916666666667,31.832222222222224,601.0
76.75888888888889,31.832500000000003,601.0
76.75861111111111,31.832777777777782,601.0
76.75833333333334,31.833055555555557,601.0
76.75805555555556,31.833333333333336,601.0
76.75777777777778,31.833611111111114,601.0
76.75750000000001,31.833888888888893,600.0
76.75722222222223,31.83416666666667,600.0
76.75694444444444,31.834444444444447,600.0
76.75694444444444,31.834722222222226,600.0
76.75666666666666,31.835000000000004,600.0
76.75638888888889,31.83527777777778,600.0
76.75611111111111,31.83555555555556,600.0
76.75583333333333,31.835833333333337,600.0
76.75555555555556,31.836111111111116,599.0
76.75555555555556,31.83638888888889,599.0
76.75555555555556,31.83666666666667,599.0
76.75527777777778,31.83694444444445,599.0
76.755,31.837222222222227,599.0
76.755,31.837500000000002,599.0
76.75472222222223,31.83777777777778,599.0
76.75444444444445,31.83805555555556,599.0
76.75444444444445,31.838333333333335,599.0
76.75416666666666,31.838611111111113,599.0
76.75416666666666,31.838888888888892,598.0
76.7538888888889,31.83916666666667,598.0
76.75361111111111,31.839444444444446,598.0
76.75361111111111,31.839722222222225,598.0
76.75333333333333,31.840000000000003,598.0
76.75333333333333,31.840277777777782,598.0
76.75305555555556,31.840555555555557,598.0
76.75305555555556,31.840833333333336,598.0
76.75277777777778,31.841111111111115,598.0
76.7525,31.841388888888893,597.0
76.7525,31.84166666666667,597.0
76.7525,31.841944444444447,597.0
76.7525,31.842222222222226,597.0
76.7525,31.842500000000005,597.0
76.75222222222223,31.84277777777778,597.0
76.75222222222223,31.84305555555556,597.0
76.75222222222223,31.843333333333337,597.0
76.75222222222223,31.843611111111112,597.0
76.75222222222223,31.84388888888889,597.0
76.75222222222223,31.84416666666667,597.0
76.75194444444445,31.84444444444445,596.0
76.75194444444445,31.844722222222224,596.0
76.75194444444445,31.845000000000002,596.0
76.75194444444445,31.84527777777778,596.0
76.75222222222223,31.84555555555556,596.0
76.7525,31.845833333333335,596.0
76.75277777777778,31.846111111111114,596.0
76.75305555555556,31.846388888888892,596.0
76.75333333333333,31.84666666666667,595.0
76.75361111111111,31.84666666666667,595.0
76.7538888888889,31.84666666666667,595.0
76.75416666666666,31.84666666666667,595.0
76.75444444444445,31.846944444444446,595.0
76.75472222222223,31.847222222222225,595.0
76.755,31.847222222222225,595.0
76.75527777777778,31.847500000000004,595.0
76.75555555555556,31.847777777777782,595.0
76.75583333333333,31.848055555555558,595.0
76.75611111111111,31.848333333333336,594.0
76.75638888888889,31.848333333333336,594.0
76.75666666666666,31.848333333333336,594.0
76.75694444444444,31.848333333333336,594.0
76.75722222222223,31.848611111111115,594.0
76.75750000000001,31.84888888888889,594.0
76.75777777777778,31.84916666666667,594.0
76.75805555555556,31.849444444444448,594.0
76.75833333333334,31.849722222222226,594.0
76.75861111111111,31.85,594.0
76.75888888888889,31.85027777777778,593.0
76.75916666666667,31.85055555555556,593.0
76.75916666666667,31.850833333333338,593.0
76.75916666666667,31.851111111111113,593.0
76.75916666666667,31.85138888888889,593.0
76.75916666666667,31.85166666666667,593.0
76.75888888888889,31.85194444444445,593.0
76.75861111111111,31.852222222222224,593.0
76.75833333333334,31.852500000000003,593.0
76.75805555555556,31.85277777777778,592.0
76.75777777777778,31.85305555555556,592.0
76.75750000000001,31.85305555555556,592.0
76.75722222222223,31.853333333333335,592.0
76.75694444444444,31.853611111111114,592.0
76.75666666666666,31.853611111111114,592.0
76.75638888888889,31.853888888888893,592.0
76.75611111111111,31.85416666666667,592.0
76.75583333333333,31.854444444444447,592.0
76.75555555555556,31.854722222222225,591.0
76.75527777777778,31.854722222222225,591.0
76.755,31.854722222222225,591.0
76.75472222222223,31.854722222222225,591.0
76.75444444444445,31.854722222222225,591.0
76.75416666666666,31.854722222222225,591.0
76.7538888888889,31.854722222222225,591.0
76.75361111111111,31.854722222222225,591.0
76.75333333333333,31.854722222222225,591.0
76.75305555555556,31.854722222222225,591.0
76.75277777777778,31.854722222222225,591.0
76.7525,31.854722222222225,591.0
76.75222222222223,31.854444444444447,590.0
76.75194444444445,31.854444444444447,590.0
76.75166666666667,31.854444444444447,590.0
76.75138888888888,31.85416666666667,590.0
76.75111111111111,31.853888888888893,590.0
76.75083333333333,31.853611111111114,590.0
76.75055555555555,31.853333333333335,590.0
76.75027777777778,31.85305555555556,590.0
76.75,31.85277777777778,589.0
76.74972222222222,31.85277777777778,589.0
76.74944444444445,31.852500000000003,589.0
76.74916666666667,31.852500000000003,589.0
76.74888888888889,31.852500000000003,589.0
76.74861111111112,31.852500000000003,589.0
76.74833333333333,31.852500000000003,589.0
76.74805555555555,31.852500000000003,589.0
76.74777777777778,31.852500000000003,589.0
76.7475,31.852500000000003,589.0
76.74722222222222,31.852500000000003,589.0
76.74694444444445,31.852500000000003,589.0
76.74666666666667,31.852500000000003,588.0
76.74638888888889,31.85277777777778,588.0
76.7461111111111,31.85305555555556,588.0
76.7461111111111,31.853333333333335,588.0
76.74583333333334,31.853611111111114,588.0
76.74583333333334,31.853888888888893,588.0
76.74583333333334,31.85416666666667,588.0
76.74555555555555,31.854444444444447,588.0
76.74527777777777,31.854722222222225,588.0
76.745,31.855000000000004,588.0
76.74472222222222,31.85527777777778,587.0
76.74444444444444,31.85527777777778,587.0
76.74416666666667,31.85527777777778,587.0
76.74388888888889,31.855555555555558,587.0
76.74361111111111,31.855833333333337,587.0
76.74333333333334,31.856111111111115,587.0
76.74305555555556,31.85638888888889,587.0
76.74277777777777,31.85666666666667,587.0
76.7425,31.856944444444448,587.0
76.74222222222222,31.857222222222227,587.0
76.74194444444444,31.8575,587.0
76.74166666666667,31.85777777777778,587.0
76.74138888888889,31.85805555555556,587.0
76.74111111111111,31.858333333333338,586.0
76.74083333333333,31.858333333333338,586.0
76.74055555555556,31.858611111111113,586.0
76.74027777777778,31.85888888888889,586.0
76.74,31.85916666666667,586.0
76.73972222222223,31.85944444444445,586.0
76.73944444444444,31.859722222222224,586.0
76.73916666666666,31.860000000000003,586.0
76.7388888888889,31.86027777777778,586.0
76.73861111111111,31.860555555555557,586.0
76.73833333333333,31.860833333333336,586.0
76.73805555555556,31.861111111111114,586.0
76.73777777777778,31.861388888888893,586.0
76.7375,31.861666666666668,585.0
76.73722222222223,31.861666666666668,585.0
76.73694444444445,31.861666666666668,585.0
76.73666666666666,31.861666666666668,585.0
76.7363888888889,31.861666666666668,585.0
76.73611111111111,31.861944444444447,585.0
76.73583333333333,31.861944444444447,585.0
76.73555555555555,31.862222222222226,585.0
76.73527777777778,31.862222222222226,585.0
76.735,31.862222222222226,585.0
76.73472222222222,31.862222222222226,585.0
76.73444444444445,31.862222222222226,585.0
76.73416666666667,31.862222222222226,585.0
76.73388888888888,31.862222222222226,585.0
76.73361111111112,31.862222222222226,585.0
76.73333333333333,31.862222222222226,585.0
76.73305555555555,31.862222222222226,585.0
76.73277777777778,31.862222222222226,585.0
76.7325,31.862222222222226,585.0
76.73222222222222,31.862500000000004,584.0
76.73194444444445,31.862500000000004,584.0
76.73166666666667,31.86277777777778,584.0
76.73138888888889,31.86277777777778,584.0
76.7311111111111,31.863055555555558,584.0
76.73083333333334,31.863055555555558,584.0
76.73055555555555,31.863333333333337,584.0
76.73027777777777,31.863611111111116,584.0
76.73,31.863611111111116,584.0
76.72972222222222,31.86388888888889,584.0
76.72944444444444,31.86416666666667,584.0
76.72916666666667,31.864444444444448,584.0
76.72888888888889,31.864722222222227,584.0
76.7286111111111,31.864722222222227,584.0
76.72833333333334,31.865000000000002,584.0
76.72805555555556,31.86527777777778,583.0
76.72777777777777,31.86527777777778,583.0
76.7275,31.86527777777778,583.0
76.72722222222222,31.86527777777778,583.0
76.72694444444444,31.86555555555556,583.0
76.72666666666667,31.86555555555556,583.0
76.72638888888889,31.86555555555556,583.0
76.72611111111111,31.865833333333335,583.0
76.72583333333333,31.866111111111113,583.0
76.72555555555556,31.866388888888892,583.0
76.72527777777778,31.86666666666667,583.0
76.725,31.866944444444446,583.0
76.72472222222223,31.867222222222225,583.0
76.72444444444444,31.867500000000003,583.0
76.72416666666666,31.867777777777782,583.0
76.7238888888889,31.868055555555557,582.0
76.72361111111111,31.868333333333336,582.0
76.72333333333333,31.868611111111115,582.0
76.72305555555556,31.868888888888893,582.0
76.72277777777778,31.86916666666667,582.0
76.7225,31.869444444444447,582.0
76.72222222222223,31.869722222222226,582.0
76.72194444444445,31.870000000000005,582.0
76.72166666666666,31.87027777777778,582.0
76.7213888888889,31.87055555555556,582.0
76.72111111111111,31.870833333333337,582.0
76.72111111111111,31.871111111111116,582.0
76.72083333333333,31.87138888888889,581.0
76.72055555555555,31.87166666666667,581.0
76.72055555555555,31.87194444444445,581.0
76.72027777777778,31.872222222222224,581.0
76.72,31.872500000000002,581.0
76.72,31.87277777777778,581.0
76.71972222222222,31.87305555555556,581.0
76.71972222222222,31.873333333333335,581.0
76.71972222222222,31.873611111111114,581.0
76.71972222222222,31.873888888888892,581.0
76.71944444444445,31.87416666666667,581.0
76.71944444444445,31.874444444444446,581.0
76.71944444444445,31.874722222222225,581.0
76.71916666666667,31.875000000000004,581.0
76.71916666666667,31.875277777777782,581.0
76.71916666666667,31.875555555555557,580.0
76.71916666666667,31.875833333333336,580.0
76.71916666666667,31.876111111111115,580.0
76.71944444444445,31.876388888888894,580.0
76.71972222222222,31.87666666666667,580.0
76.71972222222222,31.876944444444447,580.0
76.71972222222222,31.877222222222226,580.0
76.71972222222222,31.8775,580.0
76.72,31.87777777777778,580.0
76.72027777777778,31.87805555555556,580.0
76.72055555555555,31.878333333333337,580.0
76.72083333333333,31.878611111111113,580.0
76.72111111111111,31.87888888888889,580.0
76.7213888888889,31.87916666666667,580.0
76.72166666666666,31.87944444444445,579.0
76.72166666666666,31.879722222222224,579.0
76.72166666666666,31.880000000000003,579.0
76.72166666666666,31.88027777777778,579.0
76.7213888888889,31.88055555555556,579.0
76.72111111111111,31.880833333333335,579.0
76.72083333333333,31.881111111111114,579.0
76.72055555555555,31.881111111111114,579.0
76.72027777777778,31.881388888888893,579.0
76.72,31.881388888888893,579.0
76.71972222222222,31.88166666666667,579.0
76.71944444444445,31.88166666666667,579.0
76.71916666666667,31.88166666666667,579.0
76.71888888888888,31.881944444444446,579.0
76.71861111111112,31.881944444444446,579.0
76.71833333333333,31.882222222222225,578.0
76.71805555555555,31.882222222222225,578.0
76.71777777777778,31.882500000000004,578.0
76.7175,31.882500000000004,578.0
76.71722222222222,31.882500000000004,578.0
76.71694444444445,31.882500000000004,578.0
76.71666666666667,31.882500000000004,578.0
76.71638888888889,31.882500000000004,578.0
76.71611111111112,31.882500000000004,578.0
76.71583333333334,31.882500000000004,578.0
76.71555555555555,31.882222222222225,578.0
76.71527777777777,31.881944444444446,578.0
76.715,31.88166666666667,577.0
76.71472222222222,31.88166666666667,577.0
76.71444444444444,31.88166666666667,577.0
76.71416666666667,31.88166666666667,577.0
76.71388888888889,31.881388888888893,577.0
76.7136111111111,31.881111111111114,577.0
76.71333333333334,31.880833333333335,577.0
76.71305555555556,31.88055555555556,577.0
76.71277777777777,31.88027777777778,577.0
76.7125,31.880000000000003,576.0
76.71222222222222,31.879722222222224,576.0
76.71194444444444,31.87944444444445,576.0
76.71166666666667,31.87916666666667,576.0
76.71138888888889,31.87888888888889,576.0
76.71111111111111,31.878611111111113,576.0
76.71083333333334,31.878333333333337,576.0
76.71055555555556,31.87805555555556,576.0
76.71027777777778,31.87777777777778,575.0
76.71,31.87777777777778,575.0
76.70972222222223,31.87777777777778,575.0
76.70944444444444,31.8775,575.0
76.70916666666666,31.877222222222226,575.0
76.7088888888889,31.877222222222226,575.0
76.70861111111111,31.876944444444447,575.0
76.70833333333333,31.876944444444447,575.0
76.70805555555556,31.876944444444447,575.0
76.70777777777778,31.876944444444447,575.0
76.7075,31.877222222222226,574.0
76.70722222222223,31.877222222222226,574.0
76.70694444444445,31.877222222222226,574.0
76.70666666666666,31.8775,574.0
76.7063888888889,31.87777777777778,574.0
76.70611111111111,31.87805555555556,574.0
76.70583333333333,31.878333333333337,574.0
76.70555555555556,31.878611111111113,574.0
76.70527777777778,31.87888888888889,574.0
76.70527777777778,31.87916666666667,573.0
76.705,31.87916666666667,573.0
76.70472222222222,31.87916666666667,573.0
76.70444444444445,31.87944444444445,573.0
76.70416666666667,31.879722222222224,573.0
76.70388888888888,31.880000000000003,573.0
76.70361111111112,31.88027777777778,573.0
76.70333333333333,31.88055555555556,573.0
76.70305555555555,31.88055555555556,573.0
76.70277777777778,31.88055555555556,573.0
76.7025,31.88055555555556,572.0
76.70222222222222,31.88055555555556,572.0
76.70194444444445,31.880833333333335,572.0
76.70166666666667,31.880833333333335,572.0
76.70138888888889,31.880833333333335,572.0
76.70111111111112,31.880833333333335,572.0
76.70083333333334,31.880833333333335,572.0
76.70055555555555,31.880833333333335,572.0
76.70027777777779,31.880833333333335,572.0
76.7,31.880833333333335,572.0
76.69972222222222,31.880833333333335,572.0
76.69944444444444,31.880833333333335,572.0
76.69916666666667,31.880833333333335,572.0
76.69888888888889,31.880833333333335,572.0
76.6986111111111,31.880833333333335,572.0
76.69833333333334,31.880833333333335,571.0
76.69805555555556,31.880833333333335,571.0
76.69777777777777,31.880833333333335,571.0
76.6975,31.880833333333335,571.0
76.69722222222222,31.881111111111114,571.0
76.69694444444444,31.881111111111114,571.0
76.69666666666667,31.881111111111114,571.0
76.69638888888889,31.881111111111114,571.0
76.69611111111111,31.881388888888893,571.0
76.69583333333334,31.881388888888893,571.0
76.69555555555556,31.881388888888893,571.0
76.69527777777778,31.881388888888893,571.0
76.69500000000001,31.881388888888893,571.0
76.69472222222223,31.881388888888893,571.0
76.69444444444444,31.881388888888893,571.0
76.69416666666666,31.881388888888893,571.0
76.69388888888889,31.881388888888893,571.0
76.69361111111111,31.881388888888893,571.0
76.69333333333333,31.881388888888893,571.0
76.69305555555556,31.881388888888893,571.0
76.69277777777778,31.881388888888893,571.0
76.6925,31.881388888888893,571.0
76.69222222222223,31.881388888888893,571.0
76.69194444444445,31.881388888888893,570.0
76.69166666666666,31.881388888888893,570.0
76.6913888888889,31.881388888888893,570.0
76.69111111111111,31.881388888888893,570.0
76.69083333333333,31.881388888888893,570.0
76.69055555555556,31.881388888888893,570.0
76.69027777777778,31.881388888888893,570.0
76.69,31.881388888888893,570.0
76.68972222222223,31.881388888888893,570.0
76.68944444444445,31.881388888888893,570.0
76.68916666666667,31.88166666666667,570.0
76.68888888888888,31.88166666666667,570.0
76.68861111111111,31.88166666666667,570.0
76.68833333333333,31.88166666666667,570.0
76.68805555555555,31.88166666666667,570.0
76.68777777777778,31.88166666666667,570.0
76.6875,31.88166666666667,570.0
76.68722222222222,31.88166666666667,570.0
76.68694444444445,31.88166666666667,570.0
76.68666666666667,31.88166666666667,570.0
76.68638888888889,31.881944444444446,570.0
76.68611111111112,31.881944444444446,570.0
76.68583333333333,31.881944444444446,570.0
76.68555555555555,31.881944444444446,569.0
76.68527777777778,31.881944444444446,569.0
76.685,31.881944444444446,569.0
76.68472222222222,31.881944444444446,569.0
76.68444444444445,31.882222222222225,569.0
76.68416666666667,31.882222222222225,569.0
76.68388888888889,31.882222222222225,571.0
76.6836111111111,31.882500000000004,569.0
76.68333333333334,31.882500000000004,570.0
76.68305555555555,31.882500000000004,571.0
76.68277777777777,31.882500000000004,571.0
76.6825,31.882500000000004,572.0
76.68222222222222,31.882500000000004,572.0
76.68194444444444,31.882500000000004,572.0
76.68166666666667,31.88277777777778,572.0
76.68138888888889,31.88277777777778,572.0
76.68111111111111,31.883055555555558,571.0
76.68083333333334,31.883055555555558,571.0
76.68055555555556,31.883055555555558,570.0
76.68027777777777,31.883055555555558,570.0
76.68,31.883055555555558,570.0
76.67972222222222,31.883333333333336,571.0
76.67944444444444,31.883611111111115,571.0
76.67916666666667,31.88388888888889,571.0
76.67916666666667,31.88416666666667,571.0
76.67888888888889,31.884444444444448,570.0
76.67888888888889,31.884722222222226,571.0
76.67888888888889,31.885,568.0
76.67916666666667,31.88527777777778,568.0
76.67944444444444,31.88555555555556,568.0
76.67972222222222,31.885833333333338,568.0
76.68,31.885833333333338,568.0
76.68027777777777,31.885833333333338,568.0
76.68055555555556,31.885833333333338,568.0
76.68083333333334,31.885833333333338,568.0
76.68111111111111,31.885833333333338,568.0
76.68138888888889,31.886111111111113,568.0
76.68166666666667,31.88638888888889,567.0
76.68194444444444,31.88666666666667,567.0
76.68166666666667,31.88694444444445,567.0
76.68138888888889,31.887222222222224,567.0
76.68111111111111,31.887222222222224,567.0
76.68083333333334,31.887500000000003,567.0
76.68055555555556,31.887500000000003,567.0
76.68027777777777,31.887500000000003,567.0
76.68,31.887500000000003,567.0
76.67972222222222,31.887500000000003,567.0
76.67944444444444,31.88777777777778,567.0
76.67916666666667,31.88777777777778,566.0
76.67888888888889,31.88777777777778,566.0
76.67861111111111,31.88777777777778,566.0
76.67833333333333,31.88777777777778,566.0
76.67805555555556,31.88777777777778,566.0
76.67777777777778,31.88777777777778,566.0
76.6775,31.88777777777778,566.0
76.67722222222223,31.88777777777778,566.0
76.67694444444444,31.88777777777778,566.0
76.67666666666666,31.88777777777778,566.0
76.6763888888889,31.88777777777778,566.0
76.67611111111111,31.887500000000003,566.0
76.67583333333333,31.887222222222224,565.0
76.67555555555556,31.887222222222224,565.0
76.67527777777778,31.887222222222224,565.0
76.675,31.887222222222224,565.0
76.67472222222223,31.88694444444445,565.0
76.67444444444445,31.88666666666667,565.0
76.67416666666666,31.88638888888889,565.0
76.67416666666666,31.886111111111113,565.0
76.6738888888889,31.885833333333338,565.0
76.6738888888889,31.88555555555556,565.0
76.6738888888889,31.88527777777778,565.0
76.6738888888889,31.885,565.0
76.6738888888889,31.884722222222226,565.0
76.6738888888889,31.884444444444448,564.0
76.6738888888889,31.88416666666667,564.0
76.67361111111111,31.88388888888889,564.0
76.67333333333333,31.883611111111115,564.0
76.67333333333333,31.883333333333336,564.0
76.67333333333333,31.883055555555558,564.0
76.67333333333333,31.88277777777778,564.0
76.67333333333333,31.882500000000004,564.0
76.67333333333333,31.882222222222225,564.0
76.67333333333333,31.881944444444446,564.0
76.67333333333333,31.88166666666667,564.0
76.67333333333333,31.881388888888893,564.0
76.67333333333333,31.881111111111114,564.0
76.67333333333333,31.880833333333335,564.0
76.67333333333333,31.88055555555556,563.0
76.67361111111111,31.88027777777778,563.0
76.6738888888889,31.880000000000003,563.0
76.67416666666666,31.879722222222224,563.0
76.67444444444445,31.879722222222224,563.0
76.67472222222223,31.879722222222224,563.0
76.675,31.87944444444445,563.0
76.67527777777778,31.87916666666667,563.0
76.67555555555556,31.87888888888889,563.0
76.67583333333333,31.878611111111113,563.0
76.67611111111111,31.878333333333337,563.0
76.6763888888889,31.87805555555556,563.0
76.67666666666666,31.87777777777778,562.0
76.67694444444444,31.87777777777778,562.0
76.67722222222223,31.8775,562.0
76.6775,31.877222222222226,562.0
76.67777777777778,31.877222222222226,562.0
76.67805555555556,31.876944444444447,562.0
76.67833333333333,31.87666666666667,562.0
76.67861111111111,31.876388888888894,562.0
76.67888888888889,31.876111111111115,562.0
76.67916666666667,31.875833333333336,562.0
76.67944444444444,31.875555555555557,562.0
76.67972222222222,31.875277777777782,562.0
76.68,31.875000000000004,561.0
76.68027777777777,31.874722222222225,561.0
76.68055555555556,31.874444444444446,561.0
76.68055555555556,31.87416666666667,561.0
76.68083333333334,31.873888888888892,561.0
76.68083333333334,31.873611111111114,561.0
76.68111111111111,31.873333333333335,561.0
76.68111111111111,31.87305555555556,561.0
76.68111111111111,31.87277777777778,561.0
76.68111111111111,31.872500000000002,561.0
76.68111111111111,31.872222222222224,561.0
76.68083333333334,31.87194444444445,561.0
76.68055555555556,31.87166666666667,560.0
76.68027777777777,31.87166666666667,560.0
76.68,31.87166666666667,560.0
76.67972222222222,31.87138888888889,560.0
76.67944444444444,31.871111111111116,560.0
76.67916666666667,31.870833333333337,560.0
76.67888888888889,31.870833333333337,560.0
76.67861111111111,31.870833333333337,560.0
76.67833333333333,31.870833333333337,560.0
76.67805555555556,31.870833333333337,560.0
76.67777777777778,31.870833333333337,560.0
76.6775,31.870833333333337,560.0
76.67722222222223,31.870833333333337,560.0
76.67694444444444,31.870833333333337,560.0
76.67666666666666,31.870833333333337,560.0
76.6763888888889,31.870833333333337,559.0
76.67611111111111,31.870833333333337,559.0
76.67583333333333,31.870833333333337,559.0
76.67555555555556,31.870833333333337,559.0
76.67527777777778,31.870833333333337,559.0
76.675,31.871111111111116,559.0
76.67472222222223,31.871111111111116,559.0
76.67444444444445,31.871111111111116,559.0
76.67416666666666,31.871111111111116,559.0
76.6738888888889,31.871111111111116,559.0
76.67361111111111,31.871111111111116,559.0
76.67333333333333,31.87138888888889,559.0
76.67305555555555,31.87138888888889,559.0
76.67277777777778,31.87138888888889,559.0
76.6725,31.87138888888889,559.0
76.67222222222222,31.87138888888889,559.0
76.67194444444445,31.87138888888889,558.0
76.67166666666667,31.87138888888889,558.0
76.67138888888888,31.87138888888889,558.0
76.67111111111112,31.87138888888889,558.0
76.67083333333333,31.87138888888889,558.0
76.67055555555555,31.87138888888889,558.0
76.67027777777778,31.87138888888889,558.0
76.67,31.87138888888889,558.0
76.66972222222222,31.87138888888889,558.0
76.66944444444445,31.87138888888889,558.0
76.66916666666667,31.87138888888889,558.0
76.66888888888889,31.87138888888889,558.0
76.6686111111111,31.87138888888889,558.0
76.66833333333334,31.87166666666667,558.0
76.66805555555555,31.87166666666667,558.0
76.66777777777777,31.87166666666667,558.0
76.6675,31.87166666666667,558.0
76.66722222222222,31.87166666666667,557.0
76.66694444444444,31.87166666666667,557.0
76.66666666666667,31.87166666666667,557.0
76.66638888888889,31.87166666666667,557.0
76.6661111111111,31.87166666666667,557.0
76.66583333333334,31.87166666666667,557.0
76.66555555555556,31.87166666666667,557.0
76.66527777777777,31.87166666666667,557.0
76.665,31.87166666666667,557.0
76.66472222222222,31.87166666666667,557.0
76.66444444444444,31.87166666666667,557.0
76.66416666666667,31.87166666666667,557.0
76.66388888888889,31.87166666666667,557.0
76.66361111111111,31.87166666666667,557.0
76.66333333333333,31.87166666666667,557.0
76.66305555555556,31.87166666666667,557.0
76.66277777777778,31.87166666666667,557.0
76.6625,31.87166666666667,556.0
76.66222222222223,31.87166666666667,556.0
76.66194444444444,31.87166666666667,556.0
76.66166666666666,31.87166666666667,556.0
76.6613888888889,31.87138888888889,556.0
76.66111111111111,31.871111111111116,556.0
76.66083333333333,31.870833333333337,556.0
76.66055555555556,31.87055555555556,556.0
76.66055555555556,31.87027777777778,556.0
76.66027777777778,31.870000000000005,556.0
76.66,31.869722222222226,556.0
76.65972222222223,31.869444444444447,556.0
76.65944444444445,31.86916666666667,555.0
76.65944444444445,31.868888888888893,555.0
76.65944444444445,31.868611111111115,555.0
76.65916666666666,31.868333333333336,555.0
76.6588888888889,31.868055555555557,555.0
76.65861111111111,31.867777777777782,555.0
76.65833333333333,31.867777777777782,555.0
76.65805555555555,31.867500000000003,555.0
76.65777777777778,31.867500000000003,555.0
76.6575,31.867500000000003,555.0
76.65722222222222,31.867500000000003,555.0
76.65694444444445,31.867500000000003,555.0
76.65666666666667,31.867500000000003,555.0
76.65638888888888,31.867500000000003,555.0
76.65611111111112,31.867500000000003,555.0
76.65583333333333,31.867500000000003,554.0
76.65555555555555,31.867500000000003,554.0
76.65527777777778,31.867777777777782,554.0
76.655,31.867777777777782,554.0
76.65472222222222,31.867777777777782,554.0
76.65444444444445,31.868055555555557,554.0
76.65416666666667,31.868055555555557,554.0
76.65388888888889,31.868333333333336,554.0
76.65361111111112,31.868333333333336,554.0
76.65333333333334,31.868611111111115,554.0
76.65305555555555,31.868888888888893,554.0
76.65277777777777,31.86916666666667,554.0
76.6525,31.869444444444447,554.0
76.65222222222222,31.869722222222226,553.0
76.65194444444444,31.869722222222226,553.0
76.65166666666667,31.869722222222226,553.0
76.65138888888889,31.869722222222226,553.0
76.6511111111111,31.869722222222226,553.0
76.65083333333334,31.870000000000005,553.0
76.65055555555556,31.87027777777778,553.0
76.65027777777777,31.87055555555556,553.0
76.65,31.870833333333337,553.0
76.64972222222222,31.871111111111116,553.0
76.64944444444444,31.87138888888889,553.0
76.64916666666667,31.87166666666667,553.0
76.64888888888889,31.87194444444445,553.0
76.64861111111111,31.872222222222224,552.0
76.64833333333334,31.872222222222224,552.0
76.64805555555556,31.872222222222224,552.0
76.64777777777778,31.872222222222224,552.0
76.6475,31.872222222222224,552.0
76.64722222222223,31.872222222222224,552.0
76.64694444444444,31.872500000000002,552.0
76.64666666666666,31.872500000000002,552.0
76.6463888888889,31.87277777777778,552.0
76.64611111111111,31.87277777777778,552.0
76.64583333333333,31.87277777777778,552.0
76.64555555555556,31.87305555555556,552.0
76.64527777777778,31.87305555555556,552.0
76.645,31.87305555555556,552.0
76.64472222222223,31.87305555555556,552.0
76.64444444444445,31.87305555555556,552.0
76.64416666666666,31.87305555555556,552.0
76.6438888888889,31.87305555555556,551.0
76.64361111111111,31.87305555555556,551.0
76.64333333333333,31.87305555555556,551.0
76.64305555555556,31.87305555555556,551.0
76.64277777777778,31.87305555555556,551.0
76.6425,31.87305555555556,551.0
76.64222222222222,31.87305555555556,551.0
76.64194444444445,31.87305555555556,551.0
76.64166666666667,31.87305555555556,551.0
76.64138888888888,31.87305555555556,551.0
76.64111111111112,31.87305555555556,551.0
76.64083333333333,31.87305555555556,551.0
76.64055555555555,31.87305555555556,551.0
76.64027777777778,31.873333333333335,551.0
76.64,31.873611111111114,551.0
76.63972222222222,31.873888888888892,550.0
76.63944444444445,31.873888888888892,550.0
76.63916666666667,31.873888888888892,550.0
76.63888888888889,31.873888888888892,550.0
76.63861111111112,31.873888888888892,550.0
76.63833333333334,31.873888888888892,550.0
76.63805555555555,31.873888888888892,550.0
76.63777777777779,31.873888888888892,550.0
76.6375,31.873888888888892,550.0
76.63722222222222,31.873888888888892,550.0
76.63694444444444,31.873888888888892,550.0
76.63666666666667,31.873888888888892,550.0
76.63638888888889,31.873888888888892,550.0
76.6361111111111,31.873888888888892,550.0
76.63583333333334,31.873888888888892,550.0
76.63555555555556,31.87416666666667,550.0
76.63527777777777,31.874444444444446,550.0
76.635,31.874722222222225,549.0
76.63472222222222,31.874722222222225,549.0
76.63444444444444,31.874722222222225,549.0
76.63416666666667,31.874722222222225,549.0
76.63388888888889,31.874722222222225,549.0
76.63361111111111,31.875000000000004,549.0
76.63333333333334,31.875277777777782,549.0
76.63305555555556,31.875555555555557,549.0
76.63277777777778,31.875833333333336,549.0
76.63250000000001,31.876111111111115,549.0
76.63222222222223,31.876388888888894,549.0
76.63194444444444,31.87666666666667,549.0
76.63166666666666,31.876944444444447,549.0
76.63138888888889,31.877222222222226,548.0
76.63138888888889,31.8775,548.0
76.63111111111111,31.87777777777778,548.0
76.63083333333333,31.87805555555556,548.0
76.63055555555556,31.878333333333337,548.0
76.63027777777778,31.878611111111113,548.0
76.63,31.87888888888889,548.0
76.63,31.87916666666667,548.0
76.62972222222223,31.87944444444445,548.0
76.62972222222223,31.879722222222224,548.0
76.62944444444445,31.880000000000003,548.0
76.62944444444445,31.88027777777778,548.0
76.62916666666666,31.88055555555556,547.0
76.62916666666666,31.880833333333335,547.0
76.62916666666666,31.881111111111114,547.0
76.62916666666666,31.881388888888893,547.0
76.62916666666666,31.88166666666667,547.0
76.62916666666666,31.881944444444446,547.0
76.6288888888889,31.882222222222225,547.0
76.62861111111111,31.882500000000004,547.0
76.62833333333333,31.88277777777778,547.0
76.62805555555556,31.883055555555558,547.0
76.62777777777778,31.883055555555558,547.0
76.6275,31.883333333333336,547.0
76.62722222222223,31.883611111111115,547.0
76.62694444444445,31.88388888888889,547.0
76.62666666666667,31.88416666666667,547.0
76.62638888888888,31.884444444444448,546.0
76.62611111111111,31.884444444444448,546.0
76.62583333333333,31.884444444444448,546.0
76.62555555555555,31.884444444444448,546.0
76.62527777777778,31.884722222222226,546.0
76.625,31.885,546.0
76.62472222222222,31.885,546.0
76.62444444444445,31.88527777777778,546.0
76.62416666666667,31.88555555555556,546.0
76.62388888888889,31.885833333333338,546.0
76.62361111111112,31.885833333333338,546.0
76.62333333333333,31.886111111111113,546.0
76.62305555555555,31.88638888888889,546.0
76.62277777777778,31.88666666666667,546.0
76.6225,31.88694444444445,546.0
76.62222222222222,31.887222222222224,545.0
76.62222222222222,31.887500000000003,545.0
76.62194444444445,31.88777777777778,545.0
76.62166666666667,31.88805555555556,545.0
76.62138888888889,31.888333333333335,545.0
76.6211111111111,31.888611111111114,545.0
76.62083333333334,31.888888888888893,545.0
76.62055555555555,31.889166666666668,545.0
76.62027777777777,31.889444444444447,545.0
76.62,31.889722222222225,545.0
76.61972222222222,31.890000000000004,545.0
76.61944444444444,31.89027777777778,545.0
76.61916666666667,31.89027777777778,545.0
76.61888888888889,31.89027777777778,545.0
76.61861111111111,31.890555555555558,545.0
76.61833333333334,31.890833333333337,544.0
76.61805555555556,31.890833333333337,544.0
76.61777777777777,31.890833333333337,544.0
76.6175,31.890833333333337,544.0
76.61722222222222,31.890833333333337,544.0
76.61694444444444,31.890833333333337,544.0
76.61666666666667,31.890833333333337,544.0
76.61638888888889,31.890833333333337,544.0
76.61611111111111,31.890833333333337,544.0
76.61583333333333,31.890833333333337,544.0
76.61555555555556,31.890833333333337,544.0
76.61527777777778,31.890555555555558,544.0
76.615,31.89027777777778,544.0
76.61472222222223,31.890000000000004,544.0
76.61444444444444,31.889722222222225,544.0
76.61416666666666,31.889444444444447,544.0
76.6138888888889,31.889166666666668,544.0
76.61361111111111,31.888888888888893,544.0
76.61333333333333,31.888611111111114,544.0
76.61305555555556,31.888333333333335,544.0
76.61277777777778,31.888333333333335,544.0
76.6125,31.88805555555556,544.0
76.61222222222223,31.88805555555556,544.0
76.61194444444445,31.88805555555556,544.0
76.61166666666666,31.88805555555556,543.0
76.6113888888889,31.88805555555556,543.0
76.61111111111111,31.88805555555556,543.0
76.61083333333333,31.88805555555556,543.0
76.61055555555555,31.88805555555556,543.0
76.61027777777778,31.88805555555556,543.0
76.61,31.88805555555556,543.0
76.60972222222222,31.88805555555556,543.0
76.60944444444445,31.88805555555556,543.0
76.60916666666667,31.888333333333335,543.0
76.60888888888888,31.888611111111114,543.0
76.60861111111112,31.888888888888893,543.0
76.60833333333333,31.889166666666668,542.0
76.60805555555555,31.889444444444447,542.0
76.60777777777778,31.889722222222225,542.0
76.6075,31.890000000000004,542.0
76.60722222222222,31.89027777777778,542.0
76.60694444444445,31.890555555555558,542.0
76.60666666666667,31.890833333333337,542.0
76.60638888888889,31.891111111111115,542.0
76.60638888888889,31.89138888888889,542.0
76.6061111111111,31.89166666666667,542.0
76.60583333333334,31.891944444444448,542.0
76.60583333333334,31.892222222222227,542.0
76.60555555555555,31.892500000000002,541.0
76.60527777777777,31.89277777777778,541.0
76.605,31.89305555555556,541.0
76.60472222222222,31.893333333333338,541.0
76.60444444444444,31.893333333333338,541.0
76.60416666666667,31.893333333333338,541.0
76.60388888888889,31.893611111111113,541.0
76.6036111111111,31.893611111111113,541.0
76.60333333333334,31.893888888888892,541.0
76.60305555555556,31.893888888888892,541.0
76.60277777777777,31.89416666666667,541.0
76.6025,31.894444444444446,541.0
76.60222222222222,31.894722222222224,541.0
76.60194444444444,31.895000000000003,541.0
76.60166666666667,31.895000000000003,541.0
76.60138888888889,31.895277777777782,541.0
76.60111111111111,31.895555555555557,540.0
76.60083333333333,31.895555555555557,540.0
76.60055555555556,31.895555555555557,540.0
76.60027777777778,31.895277777777782,540.0
76.6,31.895000000000003,540.0
76.59972222222223,31.894722222222224,540.0
76.59944444444444,31.894444444444446,540.0
76.59916666666666,31.89416666666667,540.0
76.5988888888889,31.89416666666667,540.0
76.59861111111111,31.893888888888892,540.0
76.59833333333333,31.893888888888892,540.0
76.59805555555556,31.893888888888892,540.0
76.59777777777778,31.893611111111113,540.0
76.5975,31.893611111111113,540.0
76.59722222222223,31.893611111111113,540.0
76.59694444444445,31.893611111111113,540.0
76.59666666666666,31.893611111111113,540.0
76.5963888888889,31.893611111111113,540.0
76.59611111111111,31.893333333333338,539.0
76.59583333333333,31.893333333333338,539.0
76.59555555555555,31.893333333333338,539.0
76.59527777777778,31.893333333333338,539.0
76.595,31.893333333333338,539.0
76.59472222222222,31.893333333333338,539.0
76.59444444444445,31.89305555555556,539.0
76.59416666666667,31.89277777777778,539.0
76.59388888888888,31.892500000000002,539.0
76.59361111111112,31.892222222222227,539.0
76.59333333333333,31.891944444444448,539.0
76.59305555555555,31.89166666666667,539.0
76.59277777777778,31.89138888888889,538.0
76.5925,31.89138888888889,538.0
76.59222222222222,31.89138888888889,538.0
76.59194444444445,31.891111111111115,538.0
76.59166666666667,31.890833333333337,538.0
76.59138888888889,31.890555555555558,538.0
76.59111111111112,31.89027777777778,538.0
76.59083333333334,31.890000000000004,538.0
76.59055555555555,31.889722222222225,537.0
76.59027777777777,31.889722222222225,537.0
76.59,31.889722222222225,537.0
76.58972222222222,31.889722222222225,537.0
76.58944444444444,31.889722222222225,537.0
76.58916666666667,31.889722222222225,537.0
76.58888888888889,31.889444444444447,537.0
76.5886111111111,31.889166666666668,537.0
76.58833333333334,31.888888888888893,537.0
76.58805555555556,31.888611111111114,537.0
76.58777777777777,31.888333333333335,536.0
76.5875,31.888333333333335,536.0
76.58722222222222,31.888333333333335,536.0
76.58694444444444,31.888333333333335,536.0
76.58666666666667,31.88805555555556,536.0
76.58638888888889,31.88777777777778,536.0
76.58611111111111,31.887500000000003,536.0
76.58583333333334,31.887222222222224,536.0
76.58555555555556,31.88694444444445,536.0
76.58527777777778,31.88666666666667,535.0
76.585,31.88666666666667,535.0
76.58472222222223,31.88666666666667,535.0
76.58444444444444,31.88666666666667,535.0
76.58416666666666,31.88666666666667,535.0
76.5838888888889,31.88666666666667,535.0
76.58361111111111,31.88666666666667,535.0
76.58333333333333,31.88666666666667,535.0
76.58305555555556,31.88666666666667,535.0
76.58277777777778,31.88638888888889,535.0
76.5825,31.886111111111113,535.0
76.58222222222223,31.885833333333338,534.0
76.58194444444445,31.885833333333338,534.0
76.58166666666666,31.885833333333338,534.0
76.5813888888889,31.885833333333338,534.0
76.58111111111111,31.885833333333338,534.0
76.58083333333333,31.88555555555556,534.0
76.58055555555556,31.88555555555556,534.0
76.58027777777778,31.88555555555556,534.0
76.58,31.88555555555556,534.0
76.57972222222222,31.88555555555556,534.0
76.57944444444445,31.88555555555556,534.0
76.57916666666667,31.88527777777778,534.0
76.57888888888888,31.88527777777778,534.0
76.57861111111112,31.88527777777778,533.0
76.57833333333333,31.88527777777778,533.0
76.57805555555555,31.88527777777778,533.0
76.57777777777778,31.88527777777778,533.0
76.5775,31.88527777777778,533.0
76.57722222222222,31.88527777777778,533.0
76.57694444444445,31.88527777777778,533.0
76.57666666666667,31.88527777777778,533.0
76.57638888888889,31.88527777777778,533.0
76.57611111111112,31.88527777777778,533.0
76.57583333333334,31.885,533.0
76.57555555555555,31.884722222222226,532.0
76.57527777777779,31.884722222222226,532.0
76.575,31.884722222222226,532.0
76.57472222222222,31.884722222222226,532.0
76.57444444444444,31.884722222222226,532.0
76.57416666666667,31.884722222222226,532.0
76.57388888888889,31.884722222222226,532.0
76.5736111111111,31.884722222222226,532.0
76.57333333333334,31.884722222222226,532.0
76.57305555555556,31.884722222222226,532.0
76.57277777777777,31.884722222222226,532.0
76.5725,31.884722222222226,531.0
76.5725,31.884444444444448,531.0
76.57222222222222,31.88416666666667,531.0
76.57194444444444,31.88416666666667,531.0
76.57166666666667,31.88416666666667,531.0
76.57138888888889,31.88416666666667,531.0
76.57111111111111,31.88416666666667,531.0
76.57083333333334,31.88416666666667,531.0
76.57055555555556,31.88416666666667,531.0
76.57027777777778,31.88416666666667,531.0
76.57000000000001,31.88416666666667,531.0
76.56972222222223,31.88416666666667,531.0
76.56944444444444,31.88416666666667,530.0
76.56916666666666,31.88416666666667,530.0
76.56888888888889,31.88416666666667,530.0
76.56861111111111,31.88388888888889,530.0
76.56833333333333,31.88388888888889,530.0
76.56805555555556,31.88388888888889,530.0
76.56777777777778,31.883611111111115,530.0
76.5675,31.883611111111115,530.0
76.56722222222223,31.883611111111115,530.0
76.56694444444445,31.883611111111115,530.0
76.56666666666666,31.883611111111115,530.0
76.5663888888889,31.883333333333336,529.0
76.56611111111111,31.883333333333336,529.0
76.56583333333333,31.883333333333336,529.0
76.56555555555556,31.883333333333336,529.0
76.56527777777778,31.883333333333336,529.0
76.565,31.883333333333336,529.0
76.56472222222223,31.883333333333336,529.0
76.56444444444445,31.883333333333336,529.0
76.56416666666667,31.883333333333336,529.0
76.56388888888888,31.883333333333336,529.0
76.56361111111111,31.883333333333336,529.0
76.56333333333333,31.883333333333336,529.0
76.56305555555555,31.883333333333336,528.0
76.56277777777778,31.883333333333336,528.0
76.5625,31.883333333333336,528.0
76.56222222222222,31.883333333333336,528.0
76.56194444444445,31.883611111111115,528.0
76.56166666666667,31.88388888888889,528.0
76.56138888888889,31.88416666666667,528.0
76.56111111111112,31.884444444444448,528.0
76.56083333333333,31.884722222222226,528.0
76.56055555555555,31.884722222222226,528.0
76.56027777777778,31.885,528.0
76.56,31.88527777777778,527.0
76.55972222222222,31.88555555555556,527.0
76.55944444444445,31.88555555555556,527.0
76.55916666666667,31.88555555555556,527.0
76.55888888888889,31.88555555555556,527.0
76.5586111111111,31.88555555555556,527.0
76.55833333333334,31.88527777777778,527.0
76.55805555555555,31.88527777777778,527.0
76.55777777777777,31.885,527.0
76.5575,31.885,527.0
76.55722222222222,31.884722222222226,527.0
76.55694444444444,31.884444444444448,526.0
76.55666666666667,31.884444444444448,526.0
76.55638888888889,31.884444444444448,526.0
76.55611111111111,31.884444444444448,526.0
76.55583333333334,31.88416666666667,526.0
76.55555555555556,31.88416666666667,526.0
76.55527777777777,31.88416666666667,526.0
76.555,31.88416666666667,526.0
76.55472222222222,31.88416666666667,526.0
76.55444444444444,31.88416666666667,526.0
76.55416666666667,31.88416666666667,526.0
76.55388888888889,31.88416666666667,525.0
76.55361111111111,31.88416666666667,525.0
76.55333333333333,31.88416666666667,525.0
76.55305555555556,31.88416666666667,525.0
76.55277777777778,31.88416666666667,525.0
76.5525,31.88416666666667,525.0
76.55222222222223,31.88416666666667,525.0
76.55194444444444,31.88416666666667,525.0
76.55166666666666,31.88416666666667,525.0
76.5513888888889,31.88416666666667,525.0
76.55111111111111,31.88416666666667,525.0
76.55083333333333,31.88416666666667,525.0
76.55055555555556,31.88416666666667,524.0
76.55027777777778,31.88416666666667,524.0
76.55,31.88416666666667,524.0
76.54972222222223,31.88416666666667,524.0
76.54944444444445,31.88416666666667,524.0
76.54916666666666,31.88416666666667,524.0
76.5488888888889,31.88416666666667,525.0
76.54861111111111,31.88388888888889,525.0
76.54833333333333,31.883611111111115,524.0
76.54805555555555,31.883611111111115,525.0
76.54777777777778,31.883333333333336,523.0
76.5475,31.883333333333336,523.0
76.54722222222222,31.883333333333336,525.0
76.54694444444445,31.883055555555558,523.0
76.54666666666667,31.88277777777778,523.0
76.54638888888888,31.882500000000004,523.0
76.54611111111112,31.882222222222225,523.0
76.54583333333333,31.881944444444446,523.0
76.54555555555555,31.88166666666667,522.0
76.54527777777778,31.881388888888893,522.0
76.545,31.881111111111114,524.0
76.54472222222222,31.880833333333335,522.0
76.54472222222222,31.88055555555556,524.0
76.54472222222222,31.88027777777778,524.0
76.545,31.880000000000003,525.0
76.54527777777778,31.879722222222224,525.0
76.54555555555555,31.87944444444445,524.0
76.54527777777778,31.87916666666667,524.0
76.54527777777778,31.87888888888889,522.0
76.54527777777778,31.878611111111113,522.0
76.54527777777778,31.878333333333337,522.0
76.54527777777778,31.87805555555556,522.0
76.54527777777778,31.87777777777778,522.0
76.54527777777778,31.8775,522.0
76.54527777777778,31.877222222222226,522.0
76.54527777777778,31.876944444444447,522.0
76.54527777777778,31.87666666666667,522.0
76.54527777777778,31.876388888888894,522.0
76.54527777777778,31.876111111111115,522.0
76.54527777777778,31.875833333333336,522.0
76.54527777777778,31.875555555555557,522.0
76.54527777777778,31.875277777777782,522.0
76.54527777777778,31.875000000000004,522.0
76.545,31.874722222222225,522.0
76.54472222222222,31.874444444444446,521.0
76.54472222222222,31.87416666666667,521.0
76.54472222222222,31.873888888888892,521.0
76.54472222222222,31.873611111111114,521.0
76.54444444444445,31.873333333333335,521.0
76.54444444444445,31.87305555555556,521.0
76.54416666666667,31.87277777777778,521.0
76.54416666666667,31.872500000000002,521.0
76.54388888888889,31.872222222222224,521.0
76.5436111111111,31.87194444444445,521.0
76.54333333333334,31.87166666666667,520.0
76.54305555555555,31.87166666666667,520.0
76.54277777777777,31.87166666666667,520.0
76.5425,31.87138888888889,520.0
76.54222222222222,31.871111111111116,520.0
76.54194444444444,31.870833333333337,520.0
76.54166666666667,31.87055555555556,520.0
76.54138888888889,31.87027777777778,520.0
76.5411111111111,31.870000000000005,520.0
76.54083333333334,31.869722222222226,520.0
76.54055555555556,31.869444444444447,520.0
76.54027777777777,31.86916666666667,519.0
76.54,31.86916666666667,519.0
76.53972222222222,31.86916666666667,519.0
76.53944444444444,31.86916666666667,519.0
76.53916666666667,31.86916666666667,519.0
76.53888888888889,31.868888888888893,519.0
76.53861111111111,31.868611111111115,519.0
76.53833333333333,31.868333333333336,519.0
76.53805555555556,31.868055555555557,519.0
76.53777777777778,31.867777777777782,519.0
76.5375,31.867500000000003,519.0
76.53722222222223,31.867222222222225,518.0
76.53694444444444,31.867222222222225,518.0
76.53666666666666,31.867222222222225,518.0
76.5363888888889,31.867222222222225,518.0
76.53611111111111,31.867222222222225,518.0
76.53583333333333,31.867222222222225,518.0
76.53555555555556,31.866944444444446,518.0
76.53527777777778,31.86666666666667,518.0
76.535,31.866388888888892,518.0
76.53472222222223,31.866111111111113,518.0
76.53444444444445,31.865833333333335,518.0
76.53416666666666,31.86555555555556,518.0
76.5338888888889,31.86527777777778,517.0
76.53361111111111,31.86527777777778,517.0
76.53333333333333,31.86527777777778,517.0
76.53305555555555,31.86527777777778,517.0
76.53277777777778,31.86527777777778,517.0
76.5325,31.86527777777778,517.0
76.53222222222222,31.86527777777778,517.0
76.53194444444445,31.86527777777778,517.0
76.53166666666667,31.86527777777778,517.0
76.53138888888888,31.86527777777778,517.0
76.53111111111112,31.86527777777778,517.0
76.53083333333333,31.86527777777778,517.0
76.53055555555555,31.86527777777778,517.0
76.53027777777778,31.86527777777778,517.0
76.53,31.86527777777778,517.0
76.52972222222222,31.86527777777778,516.0
76.52944444444445,31.86527777777778,516.0
76.52916666666667,31.86527777777778,516.0
76.52888888888889,31.86527777777778,516.0
76.52861111111112,31.865000000000002,516.0
76.52833333333334,31.864722222222227,516.0
76.52805555555555,31.864444444444448,516.0
76.52777777777777,31.86416666666667,516.0
76.5275,31.86416666666667,516.0
76.52722222222222,31.86388888888889,516.0
76.52694444444444,31.86388888888889,516.0
76.52666666666667,31.863611111111116,516.0
76.52638888888889,31.863611111111116,515.0
76.5261111111111,31.863611111111116,515.0
76.52583333333334,31.863611111111116,515.0
76.52555555555556,31.863333333333337,515.0
76.52527777777777,31.863055555555558,515.0
76.525,31.86277777777778,515.0
76.52472222222222,31.862500000000004,515.0
76.52444444444444,31.862222222222226,515.0
76.52416666666667,31.861944444444447,515.0
76.52388888888889,31.861666666666668,515.0
76.52361111111111,31.861388888888893,514.0
76.52333333333334,31.861388888888893,514.0
76.52305555555556,31.861388888888893,514.0
76.52277777777778,31.861388888888893,514.0
76.5225,31.861388888888893,514.0
76.52222222222223,31.861388888888893,514.0
76.52194444444444,31.861111111111114,514.0
76.52166666666666,31.860833333333336,514.0
76.5213888888889,31.860555555555557,514.0
76.52111111111111,31.86027777777778,514.0
76.52083333333333,31.860000000000003,514.0
76.52055555555556,31.859722222222224,514.0
76.52027777777778,31.85944444444445,513.0
76.52027777777778,31.85916666666667,513.0
76.52,31.85888888888889,513.0
76.51972222222223,31.858611111111113,513.0
76.51972222222223,31.858333333333338,513.0
76.51944444444445,31.85805555555556,513.0
76.51944444444445,31.85777777777778,513.0
76.51944444444445,31.8575,513.0
76.51944444444445,31.857222222222227,513.0
76.51944444444445,31.856944444444448,512.0
76.51944444444445,31.85666666666667,512.0
76.51944444444445,31.85638888888889,512.0
76.51944444444445,31.856111111111115,512.0
76.51944444444445,31.855833333333337,512.0
76.51944444444445,31.855555555555558,512.0
76.51944444444445,31.85527777777778,512.0
76.51944444444445,31.855000000000004,512.0
76.51972222222223,31.854722222222225,512.0
76.52,31.854444444444447,512.0
76.52027777777778,31.85416666666667,511.0
76.52,31.853888888888893,511.0
76.52,31.853611111111114,511.0
76.52,31.853333333333335,511.0
76.52,31.85305555555556,511.0
76.52,31.85277777777778,511.0
76.52,31.852500000000003,511.0
76.52027777777778,31.852222222222224,511.0
76.52027777777778,31.85194444444445,511.0
76.52027777777778,31.85166666666667,511.0
76.52055555555556,31.85138888888889,511.0
76.52083333333333,31.851111111111113,511.0
76.52111111111111,31.850833333333338,510.0
76.52111111111111,31.85055555555556,510.0
76.52111111111111,31.85027777777778,510.0
76.5213888888889,31.85,510.0
76.5213888888889,31.849722222222226,510.0
76.5213888888889,31.849444444444448,510.0
76.52166666666666,31.84916666666667,510.0
76.52166666666666,31.84888888888889,510.0
76.52166666666666,31.848611111111115,510.0
76.52166666666666,31.848333333333336,510.0
76.52194444444444,31.848055555555558,510.0
76.52222222222223,31.847777777777782,509.0
76.52222222222223,31.847500000000004,509.0
76.52222222222223,31.847222222222225,509.0
76.52222222222223,31.846944444444446,509.0
76.52222222222223,31.84666666666667,509.0
76.52194444444444,31.846388888888892,509.0
76.52166666666666,31.846111111111114,509.0
76.5213888888889,31.845833333333335,509.0
76.5213888888889,31.84555555555556,509.0
76.52111111111111,31.84527777777778,509.0
76.52111111111111,31.845000000000002,509.0
76.52083333333333,31.844722222222224,508.0
76.52083333333333,31.84444444444445,508.0
76.52083333333333,31.84416666666667,508.0
76.52083333333333,31.84388888888889,508.0
76.52083333333333,31.843611111111112,508.0
76.52055555555556,31.843333333333337,508.0
76.52055555555556,31.84305555555556,508.0
76.52055555555556,31.84277777777778,508.0
76.52027777777778,31.842500000000005,508.0
76.52,31.842222222222226,507.0
76.51972222222223,31.841944444444447,507.0
76.51944444444445,31.84166666666667,507.0
76.51916666666666,31.84166666666667,507.0
76.5188888888889,31.841388888888893,507.0
76.51861111111111,31.841388888888893,507.0
76.51833333333333,31.841111111111115,507.0
76.51805555555556,31.841111111111115,507.0
76.51777777777778,31.841111111111115,507.0
76.5175,31.840833333333336,507.0
76.51722222222222,31.840833333333336,507.0
76.51694444444445,31.840555555555557,507.0
76.51666666666667,31.840277777777782,507.0
76.51638888888888,31.840000000000003,507.0
76.51611111111112,31.839722222222225,506.0
76.51583333333333,31.839722222222225,506.0
76.51555555555555,31.839722222222225,506.0
76.51527777777778,31.839722222222225,506.0
76.515,31.839722222222225,506.0
76.51472222222222,31.839722222222225,506.0
76.51444444444445,31.839722222222225,506.0
76.51416666666667,31.839722222222225,506.0
76.51388888888889,31.839722222222225,506.0
76.51361111111112,31.839722222222225,506.0
76.51333333333334,31.839722222222225,506.0
76.51305555555555,31.839722222222225,506.0
76.51277777777779,31.839722222222225,506.0
76.5125,31.839722222222225,506.0
76.51222222222222,31.839722222222225,506.0
76.51194444444444,31.839722222222225,506.0
76.51166666666667,31.839722222222225,506.0
76.51138888888889,31.839722222222225,505.0
76.5111111111111,31.839722222222225,505.0
76.51083333333334,31.839722222222225,505.0
76.51055555555556,31.839722222222225,505.0
76.51027777777777,31.839722222222225,505.0
76.51,31.839722222222225,505.0
76.50972222222222,31.839722222222225,505.0
76.50944444444444,31.839722222222225,505.0
76.50916666666667,31.839722222222225,505.0
76.50888888888889,31.839722222222225,505.0
76.50861111111111,31.839722222222225,505.0
76.50833333333334,31.839722222222225,505.0
76.50805555555556,31.839722222222225,505.0
76.50777777777778,31.839722222222225,505.0
76.50750000000001,31.839722222222225,505.0
76.50722222222223,31.839722222222225,505.0
76.50694444444444,31.839722222222225,505.0
76.50666666666666,31.839722222222225,504.0
76.50638888888889,31.839722222222225,504.0
76.50611111111111,31.839722222222225,504.0
76.50583333333333,31.839722222222225,504.0
76.50555555555556,31.839722222222225,504.0
76.50527777777778,31.839722222222225,504.0
76.505,31.839722222222225,504.0
76.50472222222223,31.839722222222225,504.0
76.50444444444445,31.839722222222225,504.0
76.50416666666666,31.839722222222225,504.0
76.5038888888889,31.839722222222225,504.0
76.50361111111111,31.839722222222225,504.0
76.50333333333333,31.839722222222225,504.0
76.50305555555556,31.839444444444446,504.0
76.50277777777778,31.83916666666667,504.0
76.5025,31.838888888888892,504.0
76.50222222222223,31.838611111111113,503.0
76.50194444444445,31.838611111111113,503.0
76.50166666666667,31.838611111111113,503.0
76.50138888888888,31.838611111111113,503.0
76.50111111111111,31.838611111111113,503.0
76.50083333333333,31.838611111111113,503.0
76.50055555555555,31.838611111111113,503.0
76.50027777777778,31.838611111111113,503.0
76.5,31.838611111111113,503.0
76.49972222222222,31.838611111111113,503.0
76.49944444444445,31.838611111111113,503.0
76.49916666666667,31.838611111111113,503.0
76.49888888888889,31.838611111111113,503.0
76.49861111111112,31.838611111111113,503.0
76.49833333333333,31.838611111111113,503.0
76.49805555555555,31.838611111111113,503.0
76.49777777777778,31.838611111111113,502.0
76.4975,31.838611111111113,502.0
76.49722222222222,31.838611111111113,502.0
76.49694444444445,31.838333333333335,502.0
76.49694444444445,31.83805555555556,502.0
76.49694444444445,31.83777777777778,502.0
76.49694444444445,31.837500000000002,502.0
76.49694444444445,31.837222222222227,502.0
76.49694444444445,31.83694444444445,502.0
76.49694444444445,31.83666666666667,502.0
76.49694444444445,31.83638888888889,502.0
76.49666666666667,31.836111111111116,502.0
76.49638888888889,31.835833333333337,502.0
76.4961111111111,31.83555555555556,501.0
76.49583333333334,31.83555555555556,501.0
76.49555555555555,31.83555555555556,501.0
76.49527777777777,31.83527777777778,501.0
76.495,31.835000000000004,501.0
76.49472222222222,31.835000000000004,501.0
76.49444444444444,31.834722222222226,501.0
76.49416666666667,31.834722222222226,501.0
76.49388888888889,31.834444444444447,501.0
76.49361111111111,31.834444444444447,501.0
76.49333333333334,31.83416666666667,501.0
76.49305555555556,31.83416666666667,501.0
76.49277777777777,31.83416666666667,501.0
76.4925,31.83416666666667,501.0
76.49222222222222,31.83416666666667,501.0
76.49194444444444,31.833888888888893,500.0
76.49166666666667,31.833888888888893,500.0
76.49138888888889,31.833888888888893,500.0
76.49111111111111,31.833888888888893,500.0
76.49083333333333,31.833888888888893,500.0
76.49055555555556,31.833888888888893,500.0
76.49027777777778,31.833888888888893,500.0
76.49,31.833611111111114,500.0
76.48972222222223,31.833611111111114,500.0
76.48944444444444,31.833611111111114,500.0
76.48916666666666,31.833333333333336,500.0
76.4888888888889,31.833333333333336,500.0
76.48861111111111,31.833055555555557,500.0
76.48833333333333,31.832777777777782,500.0
76.48805555555556,31.832500000000003,499.0
76.48777777777778,31.832500000000003,499.0
76.4875,31.832500000000003,499.0
76.48722222222223,31.832500000000003,499.0
76.48694444444445,31.832500000000003,499.0
76.48666666666666,31.832222222222224,499.0
76.4863888888889,31.832222222222224,499.0
76.48611111111111,31.832222222222224,499.0
76.48583333333333,31.831944444444446,499.0
76.48555555555555,31.831944444444446,499.0
76.48527777777778,31.83166666666667,499.0
76.485,31.83166666666667,499.0
76.48472222222222,31.83166666666667,499.0
76.48444444444445,31.831388888888892,499.0
76.48416666666667,31.831388888888892,499.0
76.48388888888888,31.831111111111113,498.0
76.48361111111112,31.831111111111113,498.0
76.48333333333333,31.830833333333338,498.0
76.48305555555555,31.830833333333338,498.0
76.48277777777778,31.83055555555556,498.0
76.4825,31.83055555555556,498.0
76.48222222222222,31.83027777777778,498.0
76.48194444444445,31.83027777777778,498.0
76.48166666666667,31.830000000000002,498.0
76.48138888888889,31.830000000000002,498.0
76.4811111111111,31.829722222222227,498.0
76.48083333333334,31.829444444444448,498.0
76.48055555555555,31.82916666666667,498.0
76.48027777777777,31.82888888888889,497.0
76.48,31.82888888888889,497.0
76.47972222222222,31.82888888888889,497.0
76.47944444444444,31.828611111111115,497.0
76.47916666666667,31.828333333333337,497.0
76.47888888888889,31.828055555555558,497.0
76.4786111111111,31.82777777777778,497.0
76.47833333333334,31.827500000000004,497.0
76.47805555555556,31.827500000000004,497.0
76.47777777777777,31.827222222222225,497.0
76.4775,31.827222222222225,497.0
76.47722222222222,31.827222222222225,497.0
76.47694444444444,31.827222222222225,497.0
76.47666666666667,31.827222222222225,496.0
76.47638888888889,31.827222222222225,496.0
76.47611111111111,31.827222222222225,496.0
76.47583333333333,31.827500000000004,496.0
76.47555555555556,31.827500000000004,496.0
76.47527777777778,31.827500000000004,496.0
76.475,31.82777777777778,496.0
76.47472222222223,31.82777777777778,496.0
76.47444444444444,31.82777777777778,496.0
76.47416666666666,31.82777777777778,496.0
76.4738888888889,31.828055555555558,496.0
76.47361111111111,31.828055555555558,496.0
76.47333333333333,31.828055555555558,496.0
76.47305555555556,31.828055555555558,496.0
76.47277777777778,31.828055555555558,496.0
76.4725,31.828055555555558,495.0
76.47222222222223,31.828055555555558,495.0
76.47194444444445,31.828055555555558,495.0
76.47166666666666,31.828333333333337,495.0
76.4713888888889,31.828333333333337,495.0
76.47111111111111,31.828333333333337,495.0
76.47083333333333,31.828333333333337,495.0
76.47055555555555,31.828611111111115,495.0
76.47027777777778,31.828611111111115,495.0
76.47,31.828611111111115,495.0
76.46972222222222,31.828611111111115,495.0
76.46944444444445,31.82888888888889,495.0
76.46916666666667,31.82888888888889,495.0
76.46888888888888,31.82888888888889,495.0
76.46861111111112,31.82888888888889,495.0
76.46833333333333,31.82888888888889,495.0
76.46805555555555,31.82888888888889,494.0
76.46777777777778,31.82888888888889,494.0
76.4675,31.82888888888889,494.0
76.46722222222222,31.828611111111115,494.0
76.46694444444445,31.828333333333337,494.0
76.46666666666667,31.828055555555558,494.0
76.46638888888889,31.82777777777778,494.0
76.46638888888889,31.827500000000004,494.0
76.46638888888889,31.827222222222225,494.0
76.46611111111112,31.826944444444447,494.0
76.46583333333334,31.826666666666668,494.0
76.46583333333334,31.826388888888893,494.0
76.46555555555555,31.826111111111114,493.0
76.46555555555555,31.825833333333335,493.0
76.46555555555555,31.82555555555556,493.0
76.46555555555555,31.82527777777778,493.0
76.46555555555555,31.825000000000003,493.0
76.46555555555555,31.824722222222224,493.0
76.46555555555555,31.82444444444445,493.0
76.46555555555555,31.82416666666667,493.0
76.46555555555555,31.82388888888889,493.0
76.46583333333334,31.823611111111113,493.0
76.46611111111112,31.823333333333338,493.0
76.46638888888889,31.82305555555556,493.0
76.46666666666667,31.82277777777778,493.0
76.46694444444445,31.8225,493.0
76.46722222222222,31.822222222222226,492.0
76.46722222222222,31.821944444444448,492.0
76.46722222222222,31.82166666666667,492.0
76.46722222222222,31.82138888888889,492.0
76.46722222222222,31.821111111111115,492.0
76.4675,31.820833333333336,492.0
76.46777777777778,31.820555555555558,492.0
76.46805555555555,31.820277777777783,492.0
76.46833333333333,31.820000000000004,492.0
76.46861111111112,31.819722222222225,492.0
76.46888888888888,31.819444444444446,492.0
76.46916666666667,31.81916666666667,492.0
76.46944444444445,31.818888888888893,492.0
76.46972222222222,31.818611111111114,491.0
76.47,31.818611111111114,491.0
76.47027777777778,31.818611111111114,491.0
76.47055555555555,31.818611111111114,491.0
76.47083333333333,31.818333333333335,491.0
76.47111111111111,31.818333333333335,491.0
76.4713888888889,31.81805555555556,491.0
76.47166666666666,31.81805555555556,491.0
76.47194444444445,31.81777777777778,491.0
76.47222222222223,31.817500000000003,491.0
76.4725,31.817222222222224,491.0
76.47277777777778,31.81694444444445,491.0
76.47305555555556,31.81666666666667,491.0
76.47333333333333,31.81638888888889,491.0
76.47361111111111,31.816111111111113,490.0
76.47361111111111,31.815833333333337,490.0
76.4738888888889,31.81555555555556,490.0
76.4738888888889,31.81527777777778,490.0
76.4738888888889,31.815,490.0
76.4738888888889,31.814722222222226,490.0
76.4738888888889,31.814444444444447,490.0
76.4738888888889,31.81416666666667,490.0
76.4738888888889,31.813888888888894,490.0
76.4738888888889,31.813611111111115,490.0
76.4738888888889,31.813333333333336,490.0
76.47416666666666,31.813055555555557,490.0
76.47416666666666,31.812777777777782,490.0
76.47416666666666,31.812500000000004,490.0
76.47416666666666,31.812222222222225,489.0
76.47416666666666,31.811944444444446,489.0
76.47416666666666,31.81166666666667,489.0
76.47416666666666,31.811388888888892,489.0
76.47444444444444,31.811111111111114,489.0
76.47472222222223,31.810833333333335,489.0
76.475,31.81055555555556,489.0
76.475,31.81027777777778,489.0
76.475,31.810000000000002,489.0
76.475,31.809722222222224,489.0
76.475,31.80944444444445,489.0
76.47472222222223,31.80916666666667,489.0
76.47444444444444,31.80888888888889,489.0
76.47416666666666,31.808611111111116,489.0
76.4738888888889,31.808333333333337,488.0
76.47361111111111,31.808333333333337,488.0
76.47333333333333,31.808333333333337,488.0
76.47305555555556,31.808333333333337,488.0
76.47277777777778,31.808333333333337,488.0
76.4725,31.808333333333337,488.0
76.47222222222223,31.808333333333337,488.0
76.47194444444445,31.808333333333337,488.0
76.47166666666666,31.808333333333337,488.0
76.4713888888889,31.808333333333337,488.0
76.47111111111111,31.808333333333337,488.0
76.47083333333333,31.808333333333337,488.0
76.47055555555555,31.808333333333337,488.0
76.47027777777778,31.808333333333337,488.0
76.47,31.808333333333337,488.0
76.46972222222222,31.808333333333337,488.0
76.46944444444445,31.808333333333337,488.0
76.46916666666667,31.808333333333337,488.0
76.46888888888888,31.808333333333337,488.0
76.46861111111112,31.808333333333337,487.0
76.46833333333333,31.808333333333337,487.0
76.46805555555555,31.808333333333337,487.0
76.46777777777778,31.808333333333337,487.0
76.4675,31.808333333333337,487.0
76.46722222222222,31.808333333333337,487.0
76.46694444444445,31.808333333333337,487.0
76.46666666666667,31.808611111111116,487.0
76.46638888888889,31.80888888888889,487.0
76.46611111111112,31.80916666666667,487.0
76.46583333333334,31.80944444444445,487.0
76.46555555555555,31.809722222222224,487.0
76.46527777777777,31.810000000000002,487.0
76.46527777777777,31.81027777777778,487.0
76.46527777777777,31.81055555555556,487.0
76.465,31.810833333333335,486.0
76.465,31.811111111111114,486.0
76.465,31.811388888888892,486.0
76.46472222222222,31.81166666666667,486.0
76.46444444444444,31.811944444444446,486.0
76.46416666666667,31.812222222222225,486.0
76.46388888888889,31.812500000000004,486.0
76.4636111111111,31.812777777777782,486.0
76.46333333333334,31.813055555555557,486.0
76.46305555555556,31.813333333333336,486.0
76.46305555555556,31.813611111111115,486.0
76.46277777777777,31.813888888888894,486.0
76.4625,31.81416666666667,485.0
76.46222222222222,31.81416666666667,485.0
76.46194444444444,31.81416666666667,485.0
76.46166666666667,31.81416666666667,485.0
76.46138888888889,31.814444444444447,485.0
76.46111111111111,31.814722222222226,485.0
76.46083333333334,31.815,485.0
76.46055555555556,31.815,485.0
76.46027777777778,31.81527777777778,485.0
76.46,31.81555555555556,485.0
76.45972222222223,31.81555555555556,485.0
76.45944444444444,31.815833333333337,485.0
76.45916666666666,31.816111111111113,485.0
76.4588888888889,31.816111111111113,485.0
76.45861111111111,31.81638888888889,485.0
76.45833333333333,31.81638888888889,485.0
76.45805555555556,31.81666666666667,485.0
76.45777777777778,31.81694444444445,484.0
76.4575,31.81694444444445,484.0
76.45722222222223,31.81694444444445,484.0
76.45694444444445,31.81694444444445,484.0
76.45666666666666,31.81694444444445,484.0
76.4563888888889,31.81694444444445,484.0
76.45611111111111,31.81694444444445,484.0
76.45583333333333,31.81694444444445,484.0
76.45555555555556,31.81694444444445,484.0
76.45527777777778,31.81666666666667,484.0
76.45527777777778,31.81638888888889,484.0
76.45527777777778,31.816111111111113,484.0
76.45527777777778,31.815833333333337,484.0
76.45527777777778,31.81555555555556,484.0
76.455,31.81527777777778,484.0
76.45472222222222,31.815,484.0
76.45472222222222,31.814722222222226,483.0
76.45472222222222,31.814444444444447,483.0
76.45472222222222,31.81416666666667,483.0
76.45472222222222,31.813888888888894,483.0
76.45472222222222,31.813611111111115,483.0
76.45472222222222,31.813333333333336,483.0
76.45472222222222,31.813055555555557,483.0
76.45472222222222,31.812777777777782,483.0
76.45472222222222,31.812500000000004,483.0
76.45444444444445,31.812222222222225,483.0
76.45444444444445,31.811944444444446,483.0
76.45444444444445,31.81166666666667,483.0
76.45444444444445,31.811388888888892,483.0
76.45444444444445,31.811111111111114,483.0
76.45444444444445,31.810833333333335,483.0
76.45444444444445,31.81055555555556,483.0
76.45444444444445,31.81027777777778,482.0
76.45472222222222,31.81027777777778,482.0
76.455,31.810000000000002,482.0
76.45527777777778,31.809722222222224,482.0
76.45555555555556,31.80944444444445,482.0
76.45583333333333,31.80916666666667,482.0
76.45611111111111,31.80888888888889,482.0
76.4563888888889,31.80888888888889,482.0
76.45666666666666,31.80888888888889,482.0
76.45694444444445,31.80888888888889,482.0
76.45722222222223,31.808611111111116,482.0
76.4575,31.808611111111116,482.0
76.45777777777778,31.808611111111116,482.0
76.45805555555556,31.808333333333337,482.0
76.45833333333333,31.808333333333337,482.0
76.45861111111111,31.808333333333337,482.0
76.4588888888889,31.808333333333337,482.0
76.45916666666666,31.808333333333337,482.0
76.45944444444444,31.80805555555556,482.0
76.45972222222223,31.80805555555556,481.0
76.46,31.80805555555556,481.0
76.46027777777778,31.80805555555556,481.0
76.46055555555556,31.80777777777778,481.0
76.46083333333334,31.80777777777778,481.0
76.46111111111111,31.807500000000005,481.0
76.46138888888889,31.807500000000005,481.0
76.46166666666667,31.807222222222226,481.0
76.46194444444444,31.806944444444447,481.0
76.46222222222222,31.80666666666667,481.0
76.4625,31.806388888888893,481.0
76.46277777777777,31.806111111111115,481.0
76.46305555555556,31.805833333333336,481.0
76.46333333333334,31.805555555555557,481.0
76.46333333333334,31.805277777777782,481.0
76.46333333333334,31.805000000000003,481.0
76.46333333333334,31.804722222222225,481.0
76.46305555555556,31.804444444444446,480.0
76.46277777777777,31.80416666666667,480.0
76.4625,31.80416666666667,480.0
76.46222222222222,31.80416666666667,480.0
76.46194444444444,31.80416666666667,480.0
76.46166666666667,31.80416666666667,480.0
76.46138888888889,31.803888888888892,480.0
76.46111111111111,31.803888888888892,480.0
76.46083333333334,31.803888888888892,480.0
76.46055555555556,31.803888888888892,480.0
76.46027777777778,31.803888888888892,480.0
76.46,31.803888888888892,480.0
76.45972222222223,31.803888888888892,480.0
76.45944444444444,31.803888888888892,480.0
76.45916666666666,31.803888888888892,480.0
76.4588888888889,31.803888888888892,480.0
76.45861111111111,31.803888888888892,480.0
76.45833333333333,31.803888888888892,480.0
76.45805555555556,31.803888888888892,480.0
76.45777777777778,31.803611111111113,480.0
76.4575,31.803611111111113,480.0
76.45722222222223,31.803611111111113,480.0
76.45694444444445,31.803611111111113,479.0
76.45666666666666,31.803611111111113,479.0
76.4563888888889,31.803888888888892,479.0
76.45611111111111,31.803888888888892,479.0
76.45583333333333,31.803888888888892,479.0
76.45555555555556,31.80416666666667,479.0
76.45527777777778,31.80416666666667,479.0
76.455,31.804444444444446,479.0
76.45472222222222,31.804444444444446,479.0
76.45444444444445,31.804444444444446,479.0
76.45416666666667,31.804722222222225,479.0
76.45388888888888,31.804722222222225,479.0
76.45361111111112,31.804722222222225,479.0
76.45333333333333,31.804722222222225,479.0
76.45305555555555,31.805000000000003,479.0
76.45277777777778,31.805000000000003,479.0
76.4525,31.805000000000003,479.0
76.45222222222222,31.805000000000003,479.0
76.45194444444445,31.804722222222225,479.0
76.45166666666667,31.804444444444446,479.0
76.45138888888889,31.80416666666667,478.0
76.45111111111112,31.80416666666667,478.0
76.45083333333334,31.80416666666667,478.0
76.45055555555555,31.80416666666667,478.0
76.45027777777779,31.803888888888892,478.0
76.45,31.803888888888892,478.0
76.44972222222222,31.803611111111113,478.0
76.44944444444444,31.803611111111113,478.0
76.44916666666667,31.803333333333335,478.0
76.44888888888889,31.803333333333335,478.0
76.4486111111111,31.80305555555556,478.0
76.44833333333334,31.80277777777778,478.0
76.44805555555556,31.802500000000002,478.0
76.44777777777777,31.802222222222227,478.0
76.4475,31.801944444444448,478.0
76.44722222222222,31.80166666666667,478.0
76.44694444444444,31.80138888888889,478.0
76.44666666666667,31.801111111111116,477.0
76.44638888888889,31.801111111111116,477.0
76.44611111111111,31.801111111111116,477.0
76.44583333333334,31.800833333333337,477.0
76.44555555555556,31.800833333333337,477.0
76.44527777777778,31.800555555555558,477.0
76.44500000000001,31.800555555555558,477.0
76.44472222222223,31.800555555555558,477.0
76.44444444444444,31.800555555555558,477.0
76.44416666666666,31.800555555555558,477.0
76.44388888888889,31.800555555555558,477.0
76.44361111111111,31.800555555555558,477.0
76.44333333333333,31.800555555555558,477.0
76.44305555555556,31.800833333333337,477.0
76.44277777777778,31.801111111111116,477.0
76.4425,31.80138888888889,477.0
76.44222222222223,31.80166666666667,477.0
76.44194444444445,31.801944444444448,477.0
76.44166666666666,31.802222222222227,477.0
76.4413888888889,31.802500000000002,476.0
76.4413888888889,31.80277777777778,476.0
76.4413888888889,31.80305555555556,476.0
76.4413888888889,31.803333333333335,476.0
76.4413888888889,31.803611111111113,476.0
76.4413888888889,31.803888888888892,476.0
76.4413888888889,31.80416666666667,476.0
76.4413888888889,31.804444444444446,476.0
76.4413888888889,31.804722222222225,476.0
76.4413888888889,31.805000000000003,476.0
76.4413888888889,31.805277777777782,476.0
76.44166666666666,31.805555555555557,476.0
76.44166666666666,31.805833333333336,476.0
76.44166666666666,31.806111111111115,476.0
76.44194444444445,31.806388888888893,476.0
76.44222222222223,31.80666666666667,476.0
76.4425,31.806944444444447,476.0
76.44277777777778,31.807222222222226,476.0
76.44305555555556,31.807500000000005,475.0
76.44305555555556,31.80777777777778,475.0
76.44305555555556,31.80805555555556,475.0
76.44305555555556,31.808333333333337,475.0
76.44305555555556,31.808611111111116,475.0
76.44305555555556,31.80888888888889,475.0
76.44305555555556,31.80916666666667,475.0
76.44305555555556,31.80944444444445,475.0
76.44305555555556,31.809722222222224,475.0
76.44305555555556,31.810000000000002,475.0
76.44277777777778,31.81027777777778,475.0
76.4425,31.81055555555556,475.0
76.44222222222223,31.810833333333335,475.0
76.44194444444445,31.811111111111114,475.0
76.44166666666666,31.811388888888892,475.0
76.4413888888889,31.811388888888892,475.0
76.44111111111111,31.811388888888892,475.0
76.44083333333333,31.81166666666667,475.0
76.44055555555556,31.811388888888892,474.0
76.44027777777778,31.811388888888892,474.0
76.44,31.811111111111114,474.0
76.43972222222223,31.810833333333335,474.0
76.43944444444445,31.81055555555556,474.0
76.43916666666667,31.81027777777778,474.0
76.43888888888888,31.810000000000002,474.0
76.43888888888888,31.809722222222224,474.0
76.43861111111111,31.80944444444445,474.0
76.43861111111111,31.80916666666667,474.0
76.43861111111111,31.80888888888889,474.0
76.43861111111111,31.808611111111116,474.0
76.43861111111111,31.808333333333337,474.0
76.43861111111111,31.80805555555556,474.0
76.43861111111111,31.80777777777778,474.0
76.43833333333333,31.807500000000005,474.0
76.43805555555555,31.807222222222226,474.0
76.43777777777778,31.806944444444447,473.0
76.43777777777778,31.80666666666667,473.0
76.43777777777778,31.806388888888893,473.0
76.43777777777778,31.806111111111115,473.0
76.43777777777778,31.805833333333336,473.0
76.43777777777778,31.805555555555557,473.0
76.43777777777778,31.805277777777782,473.0
76.43777777777778,31.805000000000003,473.0
76.4375,31.804722222222225,473.0
76.4375,31.804444444444446,473.0
76.4375,31.80416666666667,473.0
76.4375,31.803888888888892,473.0
76.4375,31.803611111111113,473.0
76.4375,31.803333333333335,473.0
76.4375,31.80305555555556,473.0
76.4375,31.80277777777778,473.0
76.4375,31.802500000000002,473.0
76.4375,31.802222222222227,473.0
76.4375,31.801944444444448,473.0
76.4375,31.80166666666667,472.0
76.4375,31.80138888888889,472.0
76.4375,31.801111111111116,472.0
76.4375,31.800833333333337,472.0
76.4375,31.800555555555558,472.0
76.4375,31.80027777777778,472.0
76.4375,31.800000000000004,472.0
76.4375,31.799722222222226,472.0
76.4375,31.799444444444447,472.0
76.4375,31.799166666666668,472.0
76.4375,31.798888888888893,472.0
76.4375,31.798611111111114,472.0
76.4375,31.798333333333336,472.0
76.4375,31.798055555555557,472.0
76.4375,31.79777777777778,472.0
76.4375,31.797500000000003,472.0
76.43722222222222,31.797222222222224,472.0
76.43694444444445,31.79694444444445,472.0
76.43694444444445,31.79666666666667,472.0
76.43694444444445,31.79638888888889,472.0
76.43666666666667,31.796111111111113,471.0
76.43638888888889,31.796111111111113,471.0
76.43611111111112,31.796111111111113,471.0
76.43583333333333,31.795833333333338,471.0
76.43555555555555,31.79555555555556,471.0
76.43527777777778,31.79527777777778,471.0
76.435,31.795,471.0
76.43472222222222,31.794722222222227,471.0
76.43444444444445,31.794722222222227,471.0
76.43416666666667,31.794444444444448,471.0
76.43388888888889,31.79416666666667,471.0
76.4336111111111,31.79416666666667,471.0
76.43333333333334,31.79388888888889,471.0
76.43305555555555,31.79388888888889,471.0
76.43277777777777,31.79388888888889,471.0
76.4325,31.79388888888889,471.0
76.43222222222222,31.79388888888889,471.0
76.43194444444444,31.793611111111115,471.0
76.43166666666667,31.793611111111115,471.0
76.43138888888889,31.793611111111115,470.0
76.43111111111111,31.793611111111115,470.0
76.43083333333334,31.793611111111115,470.0
76.43055555555556,31.793611111111115,470.0
76.43027777777777,31.793611111111115,470.0
76.43,31.793611111111115,470.0
76.42972222222222,31.793611111111115,470.0
76.42944444444444,31.793611111111115,470.0
76.42916666666667,31.793611111111115,470.0
76.42888888888889,31.79388888888889,470.0
76.42861111111111,31.79388888888889,470.0
76.42833333333333,31.79388888888889,470.0
76.42805555555556,31.79416666666667,470.0
76.42777777777778,31.79416666666667,470.0
76.4275,31.79416666666667,470.0
76.42722222222223,31.79416666666667,470.0
76.42694444444444,31.794444444444448,470.0
76.42666666666666,31.794444444444448,470.0
76.4263888888889,31.794444444444448,470.0
76.42611111111111,31.794722222222227,470.0
76.42583333333333,31.794722222222227,470.0
76.42555555555556,31.794722222222227,470.0
76.42527777777778,31.794722222222227,469.0
76.425,31.794722222222227,469.0
76.42472222222223,31.794722222222227,469.0
76.42444444444445,31.795,469.0
76.42416666666666,31.795,469.0
76.4238888888889,31.795,469.0
76.42361111111111,31.79527777777778,469.0
76.42333333333333,31.79527777777778,469.0
76.42305555555555,31.79527777777778,469.0
76.42277777777778,31.79527777777778,469.0
76.4225,31.79527777777778,469.0
76.42222222222222,31.79527777777778,469.0
76.42194444444445,31.79527777777778,469.0
76.42166666666667,31.79527777777778,469.0
76.42138888888888,31.79527777777778,469.0
76.42111111111112,31.79527777777778,469.0
76.42083333333333,31.79527777777778,469.0
76.42055555555555,31.79527777777778,469.0
76.42027777777778,31.79527777777778,469.0
76.42,31.79527777777778,469.0
76.41972222222222,31.795,469.0
76.41944444444445,31.795,469.0
76.41916666666667,31.795,468.0
76.41888888888889,31.795,468.0
76.4186111111111,31.795,468.0
76.41833333333334,31.795,468.0
76.41805555555555,31.795,468.0
76.41777777777777,31.795,468.0
76.4175,31.795,468.0
76.41722222222222,31.795,468.0
76.41694444444444,31.795,468.0
76.41666666666667,31.795,468.0
76.41638888888889,31.795,468.0
76.4161111111111,31.795,468.0
76.41583333333334,31.795,468.0
76.41555555555556,31.795,468.0
76.41527777777777,31.795,468.0
76.415,31.795,468.0
76.41472222222222,31.795,468.0
76.41444444444444,31.795,468.0
76.41416666666667,31.795,468.0
76.41388888888889,31.795,468.0
76.41361111111111,31.794722222222227,468.0
76.41333333333333,31.794444444444448,468.0
76.41305555555556,31.79416666666667,467.0
76.41277777777778,31.79416666666667,467.0
76.4125,31.79416666666667,467.0
76.41222222222223,31.79388888888889,467.0
76.41194444444444,31.793611111111115,467.0
76.41166666666666,31.793333333333337,467.0
76.41166666666666,31.793055555555558,467.0
76.41166666666666,31.79277777777778,467.0
76.41166666666666,31.792500000000004,467.0
76.41166666666666,31.792222222222225,467.0
76.41166666666666,31.791944444444447,467.0
76.41166666666666,31.79166666666667,467.0
76.41166666666666,31.791388888888893,467.0
76.41166666666666,31.791111111111114,467.0
76.41166666666666,31.790833333333335,467.0
76.41166666666666,31.79055555555556,467.0
76.41194444444444,31.79027777777778,467.0
76.41222222222223,31.790000000000003,466.0
76.41222222222223,31.789722222222224,466.0
76.41222222222223,31.78944444444445,466.0
76.41222222222223,31.78916666666667,466.0
76.41222222222223,31.78888888888889,466.0
76.4125,31.788611111111113,466.0
76.4125,31.788333333333338,466.0
76.41277777777778,31.78805555555556,466.0
76.41305555555556,31.78777777777778,466.0
76.41305555555556,31.7875,466.0
76.41333333333333,31.787222222222226,466.0
76.41361111111111,31.786944444444448,466.0
76.41388888888889,31.78666666666667,466.0
76.41416666666667,31.78638888888889,466.0
76.41416666666667,31.786111111111115,466.0
76.41444444444444,31.785833333333336,466.0
76.41444444444444,31.785555555555558,466.0
76.41444444444444,31.785277777777782,466.0
76.41444444444444,31.785000000000004,465.0
76.41416666666667,31.784722222222225,465.0
76.41388888888889,31.784444444444446,465.0
76.41361111111111,31.78416666666667,465.0
76.41333333333333,31.783888888888892,465.0
76.41305555555556,31.783888888888892,465.0
76.41277777777778,31.783888888888892,465.0
76.4125,31.783611111111114,465.0
76.41222222222223,31.783611111111114,465.0
76.41194444444444,31.783611111111114,465.0
76.41166666666666,31.783611111111114,465.0
76.4113888888889,31.783888888888892,465.0
76.4113888888889,31.78416666666667,465.0
76.41111111111111,31.784444444444446,465.0
76.41083333333333,31.784722222222225,465.0
76.41055555555556,31.785000000000004,464.0
76.41027777777778,31.785277777777782,464.0
76.41,31.785555555555558,464.0
76.40972222222223,31.785833333333336,464.0
76.40944444444445,31.786111111111115,464.0
76.40916666666666,31.78638888888889,464.0
76.4088888888889,31.78666666666667,464.0
76.40861111111111,31.786944444444448,464.0
76.40833333333333,31.787222222222226,464.0
76.40805555555555,31.7875,464.0
76.40777777777778,31.78777777777778,464.0
76.4075,31.78805555555556,464.0
76.40722222222222,31.788333333333338,464.0
76.40694444444445,31.788611111111113,464.0
76.40666666666667,31.78888888888889,464.0
76.40638888888888,31.78916666666667,463.0
76.40638888888888,31.78944444444445,463.0
76.40611111111112,31.789722222222224,463.0
76.40583333333333,31.790000000000003,463.0
76.40555555555555,31.79027777777778,463.0
76.40527777777778,31.79055555555556,463.0
76.405,31.790833333333335,463.0
76.40472222222222,31.791111111111114,463.0
76.40444444444445,31.791388888888893,463.0
76.40416666666667,31.79166666666667,463.0
76.40388888888889,31.791944444444447,463.0
76.40361111111112,31.792222222222225,463.0
76.40333333333334,31.792500000000004,463.0
76.40305555555555,31.79277777777778,463.0
76.40277777777777,31.793055555555558,463.0
76.4025,31.793333333333337,462.0
76.40222222222222,31.793611111111115,462.0
76.40194444444444,31.79388888888889,462.0
76.40166666666667,31.79416666666667,462.0
76.40138888888889,31.79416666666667,462.0
76.4011111111111,31.794444444444448,462.0
76.40083333333334,31.794722222222227,462.0
76.40055555555556,31.794722222222227,462.0
76.40027777777777,31.794722222222227,462.0
76.4,31.794722222222227,462.0
76.39972222222222,31.794722222222227,462.0
76.39944444444444,31.794722222222227,462.0
76.39916666666667,31.794722222222227,462.0
76.39888888888889,31.794722222222227,462.0
76.39861111111111,31.794722222222227,462.0
76.39833333333334,31.794722222222227,462.0
76.39805555555556,31.794722222222227,462.0
76.39777777777778,31.794722222222227,462.0
76.3975,31.794722222222227,462.0
76.39722222222223,31.794722222222227,462.0
76.39694444444444,31.795,461.0
76.39666666666666,31.795,461.0
76.3963888888889,31.794722222222227,461.0
76.39611111111111,31.794444444444448,461.0
76.39583333333333,31.79416666666667,461.0
76.39555555555556,31.79388888888889,461.0
76.39527777777778,31.793611111111115,461.0
76.395,31.793333333333337,461.0
76.395,31.793055555555558,461.0
76.39472222222223,31.79277777777778,461.0
76.39472222222223,31.792500000000004,461.0
76.39444444444445,31.792222222222225,461.0
76.39444444444445,31.791944444444447,461.0
76.39416666666666,31.79166666666667,461.0
76.3938888888889,31.791388888888893,461.0
76.39361111111111,31.791111111111114,461.0
76.39333333333333,31.790833333333335,460.0
76.39305555555556,31.790833333333335,460.0
76.39277777777778,31.790833333333335,460.0
76.3925,31.790833333333335,460.0
76.39222222222222,31.790833333333335,460.0
76.39194444444445,31.790833333333335,460.0
76.39166666666667,31.790833333333335,460.0
76.39138888888888,31.79055555555556,460.0
76.39111111111112,31.79027777777778,460.0
76.39083333333333,31.790000000000003,460.0
76.39083333333333,31.789722222222224,460.0
76.39083333333333,31.78944444444445,460.0
76.39055555555555,31.78916666666667,460.0
76.39027777777778,31.78888888888889,460.0
76.39,31.788611111111113,460.0
76.38972222222222,31.788333333333338,460.0
76.38944444444445,31.78805555555556,460.0
76.38916666666667,31.78777777777778,460.0
76.38888888888889,31.7875,459.0
76.38888888888889,31.787222222222226,459.0
76.38888888888889,31.786944444444448,459.0
76.38861111111112,31.78666666666667,459.0
76.38833333333334,31.78638888888889,459.0
76.38805555555555,31.786111111111115,459.0
76.38777777777779,31.785833333333336,459.0
76.3875,31.785555555555558,459.0
76.38722222222222,31.785277777777782,459.0
76.38694444444444,31.785000000000004,459.0
76.38666666666667,31.784722222222225,459.0
76.38638888888889,31.784444444444446,459.0
76.3861111111111,31.78416666666667,459.0
76.38583333333334,31.783888888888892,459.0
76.38555555555556,31.783611111111114,459.0
76.38527777777777,31.783333333333335,458.0
76.385,31.78305555555556,458.0
76.38472222222222,31.78277777777778,458.0
76.38444444444444,31.782500000000002,458.0
76.38416666666667,31.782222222222224,458.0
76.38388888888889,31.78194444444445,458.0
76.38361111111111,31.78166666666667,458.0
76.38333333333334,31.78138888888889,458.0
76.38305555555556,31.781111111111112,458.0
76.38277777777778,31.780833333333337,458.0
76.38250000000001,31.78055555555556,458.0
76.38222222222223,31.78027777777778,458.0
76.38194444444444,31.780000000000005,458.0
76.38166666666666,31.779722222222226,457.0
76.38138888888889,31.779444444444447,457.0
76.38111111111111,31.77916666666667,457.0
76.38083333333333,31.778888888888893,457.0
76.38055555555556,31.778611111111115,457.0
76.38027777777778,31.778333333333336,457.0
76.38,31.778055555555557,457.0
76.37972222222223,31.777777777777782,457.0
76.37944444444445,31.777500000000003,457.0
76.37916666666666,31.777222222222225,457.0
76.3788888888889,31.776944444444446,457.0
76.37861111111111,31.77666666666667,457.0
76.37833333333333,31.776388888888892,457.0
76.37805555555556,31.776111111111113,457.0
76.37777777777778,31.775833333333335,456.0
76.3775,31.775833333333335,456.0
76.37722222222223,31.775833333333335,456.0
76.37694444444445,31.775833333333335,456.0
76.37666666666667,31.775833333333335,456.0
76.37638888888888,31.775833333333335,456.0
76.37611111111111,31.775833333333335,456.0
76.37583333333333,31.77555555555556,456.0
76.37555555555555,31.77527777777778,456.0
76.37527777777778,31.77527777777778,456.0
76.375,31.775000000000002,456.0
76.37472222222222,31.774722222222223,456.0
76.37444444444445,31.774722222222223,456.0
76.37416666666667,31.77444444444445,456.0
76.37388888888889,31.77416666666667,456.0
76.37361111111112,31.77388888888889,456.0
76.37333333333333,31.773611111111116,456.0
76.37305555555555,31.773333333333337,456.0
76.37277777777778,31.77305555555556,455.0
76.3725,31.77305555555556,455.0
76.37222222222222,31.77305555555556,455.0
76.37194444444445,31.77305555555556,455.0
76.37166666666667,31.77305555555556,455.0
76.37138888888889,31.77305555555556,455.0
76.3711111111111,31.77305555555556,455.0
76.37083333333334,31.77305555555556,455.0
76.37055555555555,31.77305555555556,455.0
76.37027777777777,31.77305555555556,455.0
76.37,31.77305555555556,455.0
76.36972222222222,31.77305555555556,455.0
76.36944444444444,31.77305555555556,455.0
76.36916666666667,31.77305555555556,455.0
76.36888888888889,31.77305555555556,455.0
76.36861111111111,31.77305555555556,455.0
76.36833333333334,31.77305555555556,455.0
76.36805555555556,31.77305555555556,455.0
76.36777777777777,31.77305555555556,455.0
76.3675,31.77305555555556,455.0
76.36722222222222,31.77305555555556,455.0
76.36694444444444,31.773333333333337,454.0
76.36666666666667,31.773333333333337,454.0
76.36638888888889,31.773333333333337,454.0
76.36611111111111,31.773333333333337,454.0
76.36583333333333,31.773333333333337,454.0
76.36555555555556,31.773611111111116,454.0
76.36527777777778,31.77388888888889,454.0
76.365,31.77416666666667,454.0
76.36472222222223,31.77444444444445,454.0
76.36444444444444,31.774722222222223,454.0
76.36416666666666,31.775000000000002,454.0
76.3638888888889,31.77527777777778,454.0
76.3638888888889,31.77555555555556,454.0
76.3638888888889,31.775833333333335,454.0
76.36361111111111,31.776111111111113,454.0
76.36333333333333,31.776388888888892,453.0
76.36333333333333,31.77666666666667,453.0
76.36333333333333,31.776944444444446,453.0
76.36333333333333,31.777222222222225,453.0
76.36361111111111,31.777500000000003,453.0
76.3638888888889,31.777777777777782,453.0
76.3638888888889,31.778055555555557,453.0
76.36416666666666,31.778333333333336,453.0
76.36416666666666,31.778611111111115,453.0
76.36416666666666,31.778888888888893,453.0
76.36444444444444,31.77916666666667,453.0
76.36472222222223,31.779444444444447,453.0
76.36472222222223,31.779722222222226,453.0
76.36472222222223,31.780000000000005,453.0
76.36472222222223,31.78027777777778,453.0
76.36472222222223,31.78055555555556,453.0
76.36444444444444,31.780833333333337,452.0
76.36416666666666,31.780833333333337,452.0
76.3638888888889,31.781111111111112,452.0
76.36361111111111,31.78138888888889,452.0
76.36333333333333,31.78166666666667,452.0
76.36305555555556,31.78194444444445,452.0
76.36277777777778,31.782222222222224,452.0
76.3625,31.782500000000002,452.0
76.36222222222223,31.78277777777778,452.0
76.36194444444445,31.78305555555556,452.0
76.36166666666666,31.783333333333335,452.0
76.3613888888889,31.783611111111114,452.0
76.36111111111111,31.783888888888892,452.0
76.36083333333333,31.78416666666667,452.0
76.36055555555555,31.784444444444446,452.0
76.36027777777778,31.784722222222225,451.0
76.36027777777778,31.785000000000004,451.0
76.36027777777778,31.785277777777782,451.0
76.36027777777778,31.785555555555558,451.0
76.36027777777778,31.785833333333336,451.0
76.36027777777778,31.786111111111115,451.0
76.36027777777778,31.78638888888889,451.0
76.36,31.78666666666667,451.0
76.35972222222222,31.786944444444448,451.0
76.35972222222222,31.787222222222226,451.0
76.35944444444445,31.7875,451.0
76.35916666666667,31.78777777777778,451.0
76.35888888888888,31.78805555555556,451.0
76.35861111111112,31.788333333333338,451.0
76.35833333333333,31.788611111111113,451.0
76.35833333333333,31.78888888888889,451.0
76.35833333333333,31.78916666666667,451.0
76.35805555555555,31.78944444444445,451.0
76.35777777777778,31.789722222222224,451.0
76.3575,31.790000000000003,451.0
76.35722222222222,31.79027777777778,451.0
