longitude,latitude,elevation
84.85138888888889,28.648333333333337,3327.0
84.85111111111111,28.64805555555556,3336.0
84.85083333333333,28.64777777777778,3352.0
84.85055555555556,28.647500000000004,3353.0
84.85055555555556,28.647222222222226,3356.0
84.85055555555556,28.646944444444447,3356.0
84.85055555555556,28.64666666666667,3355.0
84.85055555555556,28.646388888888893,3353.0
84.85055555555556,28.646111111111114,3352.0
84.85055555555556,28.645833333333336,3351.0
84.85055555555556,28.645555555555557,3350.0
84.85055555555556,28.645277777777782,3351.0
84.85055555555556,28.645000000000003,3351.0
84.85055555555556,28.644722222222224,3348.0
84.85055555555556,28.644444444444446,3345.0
84.85055555555556,28.64416666666667,3347.0
84.85055555555556,28.643888888888892,3351.0
84.85055555555556,28.643611111111113,3354.0
84.85027777777778,28.643333333333334,3345.0
84.85027777777778,28.64305555555556,3348.0
84.85027777777778,28.64277777777778,3350.0
84.85027777777778,28.642500000000002,3350.0
84.85027777777778,28.642222222222227,3351.0
84.85,28.641944444444448,3338.0
84.85,28.64166666666667,3354.0
84.84972222222223,28.64138888888889,3352.0
84.84944444444444,28.641111111111115,3343.0
84.84944444444444,28.640833333333337,3351.0
84.84944444444444,28.640555555555558,3343.0
84.84944444444444,28.64027777777778,3335.0
84.84944444444444,28.640000000000004,3331.0
84.84944444444444,28.639722222222225,3330.0
84.84944444444444,28.639444444444447,3331.0
84.84944444444444,28.639166666666668,3335.0
84.84944444444444,28.638888888888893,3335.0
84.84944444444444,28.638611111111114,3326.0
84.84944444444444,28.638333333333335,3319.0
84.84944444444444,28.638055555555557,3301.0
84.84944444444444,28.63777777777778,3266.0
84.84944444444444,28.637500000000003,3241.0
84.84944444444444,28.637222222222224,3233.0
84.84944444444444,28.636944444444445,3230.0
84.84944444444444,28.63666666666667,3230.0
84.84944444444444,28.63638888888889,3237.0
84.84944444444444,28.636111111111113,3247.0
84.84944444444444,28.635833333333338,3265.0
84.84944444444444,28.63555555555556,3287.0
84.84944444444444,28.63527777777778,3311.0
84.84944444444444,28.635,3338.0
84.84972222222223,28.634722222222226,3351.0
84.85,28.634444444444448,3349.0
84.85027777777778,28.63416666666667,3349.0
84.85027777777778,28.63388888888889,3355.0
84.85055555555556,28.633611111111115,3343.0
84.85055555555556,28.633333333333336,3352.0
84.85083333333333,28.633055555555558,3337.0
84.85083333333333,28.63277777777778,3344.0
84.85083333333333,28.632500000000004,3347.0
84.85083333333333,28.632222222222225,3345.0
84.85083333333333,28.631944444444446,3347.0
84.85083333333333,28.631666666666668,3352.0
84.85083333333333,28.631388888888893,3352.0
84.85111111111111,28.631111111111114,3327.0
84.85111111111111,28.630833333333335,3333.0
84.85111111111111,28.63055555555556,3312.0
84.85111111111111,28.63027777777778,3285.0
84.85111111111111,28.630000000000003,3257.0
84.85111111111111,28.629722222222224,3231.0
84.85111111111111,28.62944444444445,3214.0
84.85111111111111,28.62916666666667,3202.0
84.85083333333333,28.62888888888889,3202.0
84.85055555555556,28.628611111111113,3201.0
84.85027777777778,28.628333333333337,3203.0
84.85,28.62805555555556,3208.0
84.84972222222223,28.62777777777778,3222.0
84.84944444444444,28.6275,3238.0
84.84916666666666,28.627222222222226,3250.0
84.8488888888889,28.626944444444447,3256.0
84.84861111111111,28.62666666666667,3260.0
84.84833333333333,28.62638888888889,3260.0
84.84805555555556,28.626111111111115,3265.0
84.84777777777778,28.625833333333336,3272.0
84.8475,28.625555555555557,3277.0
84.84722222222223,28.625277777777782,3274.0
84.84694444444445,28.625000000000004,3277.0
84.84666666666666,28.624722222222225,3276.0
84.8463888888889,28.624444444444446,3284.0
84.84611111111111,28.62416666666667,3284.0
84.84583333333333,28.623888888888892,3262.0
84.84555555555555,28.623611111111114,3254.0
84.84527777777778,28.623333333333335,3239.0
84.845,28.62305555555556,3221.0
84.84472222222222,28.62277777777778,3223.0
84.84444444444445,28.622500000000002,3228.0
84.84416666666667,28.622222222222224,3230.0
84.84388888888888,28.62194444444445,3236.0
84.84361111111112,28.62166666666667,3247.0
84.84333333333333,28.62138888888889,3255.0
84.84305555555555,28.621111111111112,3253.0
84.84277777777778,28.620833333333337,3246.0
84.8425,28.62055555555556,3248.0
84.84222222222222,28.62027777777778,3248.0
84.84194444444445,28.62,3248.0
84.84166666666667,28.619722222222226,3263.0
84.84138888888889,28.619444444444447,3278.0
84.84111111111112,28.61916666666667,3306.0
84.84083333333334,28.618888888888893,3323.0
84.84055555555555,28.618611111111115,3341.0
84.84027777777777,28.618333333333336,3345.0
84.84,28.618333333333336,3349.0
84.83972222222222,28.618333333333336,3350.0
84.83944444444444,28.618333333333336,3350.0
84.83916666666667,28.618055555555557,3356.0
84.83888888888889,28.617777777777782,3343.0
84.8386111111111,28.617777777777782,3331.0
84.8386111111111,28.617500000000003,3328.0
84.83833333333334,28.617222222222225,3328.0
84.83805555555556,28.616944444444446,3319.0
84.83805555555556,28.61666666666667,3313.0
84.83805555555556,28.616388888888892,3307.0
84.83805555555556,28.616111111111113,3297.0
84.83805555555556,28.615833333333335,3287.0
84.83777777777777,28.61555555555556,3276.0
84.8375,28.61527777777778,3251.0
84.8375,28.615000000000002,3240.0
84.8375,28.614722222222223,3222.0
84.8375,28.614444444444448,3202.0
84.8375,28.61416666666667,3199.0
84.8375,28.61388888888889,3208.0
84.8375,28.613611111111116,3224.0
84.8375,28.613333333333337,3228.0
84.8375,28.613055555555558,3211.0
84.8375,28.61277777777778,3169.0
84.8375,28.612500000000004,3130.0
84.8375,28.612222222222226,3123.0
84.8375,28.611944444444447,3127.0
84.8375,28.611666666666668,3142.0
84.8375,28.611388888888893,3168.0
84.83722222222222,28.611111111111114,3178.0
84.83694444444444,28.610833333333336,3184.0
84.83666666666667,28.610555555555557,3174.0
84.83638888888889,28.61027777777778,3164.0
84.83611111111111,28.610000000000003,3161.0
84.83583333333334,28.609722222222224,3162.0
84.83555555555556,28.609444444444446,3170.0
84.83527777777778,28.60916666666667,3195.0
84.835,28.60888888888889,3216.0
84.83472222222223,28.608611111111113,3231.0
84.83444444444444,28.608333333333338,3236.0
84.83444444444444,28.60805555555556,3233.0
84.83444444444444,28.60777777777778,3221.0
84.83444444444444,28.6075,3196.0
84.83444444444444,28.607222222222227,3170.0
84.83444444444444,28.606944444444448,3144.0
84.83444444444444,28.60666666666667,3124.0
84.83444444444444,28.60638888888889,3108.0
84.83444444444444,28.606111111111115,3095.0
84.83444444444444,28.605833333333337,3092.0
84.83444444444444,28.605555555555558,3093.0
84.83444444444444,28.60527777777778,3093.0
84.83444444444444,28.605000000000004,3096.0
84.83444444444444,28.604722222222225,3105.0
84.83444444444444,28.604444444444447,3117.0
84.83416666666666,28.604166666666668,3140.0
84.8338888888889,28.603888888888893,3138.0
84.8338888888889,28.603611111111114,3127.0
84.8338888888889,28.603333333333335,3115.0
84.8338888888889,28.603055555555557,3106.0
84.8338888888889,28.60277777777778,3105.0
84.8338888888889,28.602500000000003,3112.0
84.8338888888889,28.602222222222224,3121.0
84.8338888888889,28.60194444444445,3122.0
84.8338888888889,28.60166666666667,3123.0
84.8338888888889,28.60138888888889,3116.0
84.8338888888889,28.601111111111113,3100.0
84.8338888888889,28.600833333333338,3093.0
84.8338888888889,28.60055555555556,3096.0
84.8338888888889,28.60027777777778,3102.0
84.8338888888889,28.6,3111.0
84.8338888888889,28.599722222222226,3122.0
84.8338888888889,28.599444444444448,3122.0
84.8338888888889,28.59916666666667,3121.0
84.8338888888889,28.59888888888889,3116.0
84.8338888888889,28.598611111111115,3111.0
84.8338888888889,28.598333333333336,3121.0
84.8338888888889,28.598055555555558,3134.0
84.83361111111111,28.59777777777778,3129.0
84.83361111111111,28.597500000000004,3132.0
84.83361111111111,28.597222222222225,3133.0
84.83333333333333,28.596944444444446,3137.0
84.83361111111111,28.59666666666667,3136.0
84.83361111111111,28.596388888888892,3121.0
84.83361111111111,28.596111111111114,3104.0
84.83361111111111,28.595833333333335,3094.0
84.83361111111111,28.59555555555556,3087.0
84.83361111111111,28.59527777777778,3084.0
84.83361111111111,28.595000000000002,3087.0
84.83361111111111,28.594722222222224,3083.0
84.83361111111111,28.59444444444445,3072.0
84.83361111111111,28.59416666666667,3054.0
84.83361111111111,28.59388888888889,3025.0
84.83333333333333,28.593611111111112,3020.0
84.83305555555556,28.593333333333337,3041.0
84.83277777777778,28.59305555555556,3069.0
84.8325,28.59277777777778,3076.0
84.83222222222223,28.5925,3090.0
84.83194444444445,28.592222222222226,3115.0
84.83166666666666,28.591944444444447,3132.0
84.83166666666666,28.59166666666667,3132.0
84.8313888888889,28.591388888888893,3126.0
84.83111111111111,28.591111111111115,3118.0
84.83083333333333,28.590833333333336,3109.0
84.83083333333333,28.590555555555557,3107.0
84.83083333333333,28.590277777777782,3105.0
84.83055555555556,28.590000000000003,3095.0
84.83027777777778,28.589722222222225,3084.0
84.83,28.589444444444446,3100.0
84.82972222222222,28.58916666666667,3112.0
84.82944444444445,28.58916666666667,3108.0
84.82916666666667,28.588888888888892,3103.0
84.82888888888888,28.588611111111113,3097.0
84.82861111111112,28.588333333333335,3068.0
84.82833333333333,28.588333333333335,3049.0
84.82805555555555,28.588333333333335,3043.0
84.82777777777778,28.588333333333335,3035.0
84.8275,28.588333333333335,3009.0
84.82722222222222,28.588333333333335,2973.0
84.82694444444445,28.588333333333335,2948.0
84.82666666666667,28.58805555555556,2934.0
84.82666666666667,28.58777777777778,2919.0
84.82638888888889,28.587500000000002,2883.0
84.82611111111112,28.587222222222223,2803.0
84.82583333333334,28.587222222222223,2759.0
84.82583333333334,28.58694444444445,2755.0
84.82555555555555,28.58694444444445,2744.0
84.82527777777779,28.58666666666667,2741.0
84.825,28.58638888888889,2748.0
84.82472222222222,28.586111111111112,2758.0
84.82444444444444,28.585833333333337,2754.0
84.82416666666667,28.585833333333337,2752.0
84.82416666666667,28.58555555555556,2752.0
84.82388888888889,28.58527777777778,2749.0
84.8236111111111,28.585000000000004,2736.0
84.82333333333334,28.584722222222226,2726.0
84.82305555555556,28.584444444444447,2722.0
84.82277777777777,28.58416666666667,2709.0
84.8225,28.583888888888893,2698.0
84.8225,28.583611111111114,2691.0
84.82222222222222,28.583333333333336,2682.0
84.82194444444444,28.583055555555557,2681.0
84.82166666666667,28.582777777777782,2673.0
84.82166666666667,28.582500000000003,2665.0
84.82138888888889,28.582222222222224,2670.0
84.82138888888889,28.581944444444446,2670.0
84.82111111111111,28.58166666666667,2665.0
84.82083333333334,28.581388888888892,2660.0
84.82083333333334,28.581111111111113,2659.0
84.82055555555556,28.580833333333334,2656.0
84.82027777777778,28.58055555555556,2651.0
84.82027777777778,28.58027777777778,2646.0
84.82000000000001,28.580000000000002,2637.0
84.82000000000001,28.579722222222227,2632.0
84.82000000000001,28.579444444444448,2628.0
84.82000000000001,28.57916666666667,2627.0
84.82000000000001,28.57888888888889,2630.0
84.81972222222223,28.578611111111115,2633.0
84.81972222222223,28.578333333333337,2633.0
84.81944444444444,28.578055555555558,2637.0
84.81944444444444,28.57777777777778,2635.0
84.81944444444444,28.577500000000004,2633.0
84.81916666666666,28.577222222222225,2632.0
84.81916666666666,28.576944444444447,2627.0
84.81916666666666,28.576666666666668,2623.0
84.81916666666666,28.576388888888893,2625.0
84.81888888888889,28.576111111111114,2627.0
84.81861111111111,28.575833333333335,2623.0
84.81833333333333,28.575833333333335,2621.0
84.81805555555556,28.575555555555557,2621.0
84.81777777777778,28.57527777777778,2616.0
84.8175,28.57527777777778,2615.0
84.81722222222223,28.57527777777778,2618.0
84.81694444444445,28.57527777777778,2622.0
84.81666666666666,28.575000000000003,2605.0
84.8163888888889,28.575000000000003,2608.0
84.81611111111111,28.575000000000003,2612.0
84.81583333333333,28.575000000000003,2616.0
84.81555555555556,28.574722222222224,2611.0
84.81527777777778,28.574722222222224,2615.0
84.815,28.574722222222224,2619.0
84.81472222222223,28.574444444444445,2609.0
84.81444444444445,28.574444444444445,2617.0
84.81416666666667,28.57416666666667,2604.0
84.81388888888888,28.57416666666667,2613.0
84.81361111111111,28.57388888888889,2622.0
84.81333333333333,28.573611111111113,2622.0
84.81305555555555,28.573333333333338,2613.0
84.81277777777778,28.573333333333338,2602.0
84.8125,28.573333333333338,2595.0
84.81222222222222,28.573333333333338,2600.0
84.81194444444445,28.57305555555556,2606.0
84.81166666666667,28.57277777777778,2601.0
84.81138888888889,28.5725,2598.0
84.81111111111112,28.5725,2599.0
84.81083333333333,28.572222222222226,2601.0
84.81083333333333,28.571944444444448,2603.0
84.81055555555555,28.57166666666667,2602.0
84.81027777777778,28.57166666666667,2600.0
84.81,28.57138888888889,2597.0
84.81,28.571111111111115,2594.0
84.80972222222222,28.570833333333336,2591.0
84.80944444444445,28.570555555555558,2584.0
84.80916666666667,28.570555555555558,2580.0
84.80888888888889,28.57027777777778,2577.0
84.8086111111111,28.570000000000004,2570.0
84.80833333333334,28.569722222222225,2567.0
84.80805555555555,28.569444444444446,2568.0
84.80777777777777,28.569444444444446,2583.0
84.8075,28.569166666666668,2577.0
84.80722222222222,28.568888888888893,2581.0
84.80694444444444,28.568611111111114,2580.0
84.80666666666667,28.568333333333335,2574.0
84.80638888888889,28.568333333333335,2582.0
84.80611111111111,28.56805555555556,2582.0
84.80583333333334,28.56777777777778,2575.0
84.80555555555556,28.56777777777778,2579.0
84.80527777777777,28.567500000000003,2574.0
84.805,28.567500000000003,2577.0
84.80472222222222,28.567500000000003,2581.0
84.80444444444444,28.567222222222224,2583.0
84.80416666666667,28.56694444444445,2579.0
84.80388888888889,28.56666666666667,2573.0
84.80361111111111,28.56666666666667,2568.0
84.80333333333333,28.56666666666667,2564.0
84.80305555555556,28.56666666666667,2567.0
84.80277777777778,28.56666666666667,2571.0
84.8025,28.56638888888889,2570.0
84.80222222222223,28.566111111111113,2564.0
84.80194444444444,28.565833333333337,2553.0
84.80166666666666,28.565833333333337,2548.0
84.8013888888889,28.565833333333337,2550.0
84.80111111111111,28.56555555555556,2552.0
84.80083333333333,28.56527777777778,2548.0
84.80055555555556,28.565,2543.0
84.80027777777778,28.565,2540.0
84.8,28.565,2538.0
84.79972222222223,28.565,2540.0
84.79944444444445,28.564722222222226,2535.0
84.79916666666666,28.564722222222226,2534.0
84.7988888888889,28.564722222222226,2540.0
84.79861111111111,28.564444444444447,2529.0
84.79833333333333,28.564444444444447,2533.0
84.79805555555555,28.56416666666667,2523.0
84.79777777777778,28.56388888888889,2523.0
84.7975,28.563611111111115,2515.0
84.79722222222222,28.563333333333336,2509.0
84.79694444444445,28.563055555555557,2517.0
84.79666666666667,28.562777777777782,2516.0
84.79638888888888,28.562500000000004,2516.0
84.79611111111112,28.562222222222225,2526.0
84.79583333333333,28.561944444444446,2528.0
84.79555555555555,28.56166666666667,2530.0
84.79527777777778,28.561388888888892,2535.0
84.795,28.561111111111114,2531.0
84.795,28.560833333333335,2537.0
84.79472222222222,28.56055555555556,2538.0
84.79444444444445,28.56027777777778,2530.0
84.79444444444445,28.560000000000002,2535.0
84.79416666666667,28.559722222222224,2521.0
84.79416666666667,28.55944444444445,2528.0
84.79416666666667,28.55916666666667,2533.0
84.79416666666667,28.55888888888889,2533.0
84.79416666666667,28.558611111111112,2531.0
84.79416666666667,28.558333333333337,2528.0
84.79416666666667,28.55805555555556,2520.0
84.79444444444445,28.55777777777778,2527.0
84.79472222222222,28.5575,2527.0
84.795,28.5575,2540.0
84.79527777777778,28.557222222222226,2541.0
84.79555555555555,28.556944444444447,2539.0
84.79583333333333,28.55666666666667,2535.0
84.79611111111112,28.556388888888893,2538.0
84.79638888888888,28.556111111111115,2539.0
84.79666666666667,28.555833333333336,2537.0
84.79694444444445,28.555833333333336,2540.0
84.79722222222222,28.555555555555557,2541.0
84.7975,28.555277777777782,2539.0
84.79777777777778,28.555000000000003,2532.0
84.79805555555555,28.555000000000003,2527.0
84.79833333333333,28.554722222222225,2520.0
84.79861111111111,28.554444444444446,2512.0
84.7988888888889,28.55416666666667,2501.0
84.79916666666666,28.553888888888892,2490.0
84.79944444444445,28.553611111111113,2478.0
84.79972222222223,28.553333333333335,2461.0
84.8,28.553333333333335,2451.0
84.80027777777778,28.55305555555556,2449.0
84.80055555555556,28.55277777777778,2441.0
84.80083333333333,28.552500000000002,2427.0
84.80111111111111,28.552222222222223,2425.0
84.8013888888889,28.551944444444448,2415.0
84.80166666666666,28.55166666666667,2397.0
84.80194444444444,28.55166666666667,2399.0
84.80222222222223,28.55166666666667,2402.0
84.8025,28.55138888888889,2401.0
84.8025,28.551111111111116,2396.0
84.80277777777778,28.550833333333337,2392.0
84.80305555555556,28.550555555555558,2394.0
84.80333333333333,28.55027777777778,2389.0
84.80333333333333,28.550000000000004,2390.0
84.80361111111111,28.549722222222226,2396.0
84.80388888888889,28.549444444444447,2395.0
84.80416666666667,28.549166666666668,2386.0
84.80416666666667,28.548888888888893,2384.0
84.80416666666667,28.548611111111114,2383.0
84.80416666666667,28.548333333333336,2383.0
84.80444444444444,28.548055555555557,2382.0
84.80472222222222,28.54777777777778,2377.0
84.805,28.547500000000003,2368.0
84.805,28.547222222222224,2364.0
84.805,28.546944444444446,2360.0
84.805,28.54666666666667,2356.0
84.805,28.54638888888889,2358.0
84.80472222222222,28.546111111111113,2356.0
84.80444444444444,28.545833333333338,2351.0
84.80416666666667,28.54555555555556,2344.0
84.80416666666667,28.54527777777778,2342.0
84.80388888888889,28.545,2338.0
84.80361111111111,28.544722222222227,2336.0
84.80333333333333,28.544722222222227,2332.0
84.80333333333333,28.544444444444448,2326.0
84.80333333333333,28.54416666666667,2323.0
84.80333333333333,28.54388888888889,2330.0
84.80305555555556,28.543611111111115,2327.0
84.80277777777778,28.543333333333337,2325.0
84.8025,28.543055555555558,2324.0
84.8025,28.54277777777778,2332.0
84.8025,28.542500000000004,2332.0
84.8025,28.542222222222225,2329.0
84.8025,28.541944444444447,2326.0
84.8025,28.541666666666668,2322.0
84.8025,28.541388888888893,2316.0
84.8025,28.541111111111114,2308.0
84.8025,28.540833333333335,2298.0
84.8025,28.540555555555557,2290.0
84.8025,28.54027777777778,2286.0
84.8025,28.540000000000003,2286.0
84.80277777777778,28.539722222222224,2283.0
84.80305555555556,28.53944444444445,2280.0
84.80305555555556,28.53916666666667,2271.0
84.80333333333333,28.53888888888889,2268.0
84.80333333333333,28.538611111111113,2259.0
84.80361111111111,28.538333333333338,2255.0
84.80388888888889,28.53805555555556,2247.0
84.80416666666667,28.53777777777778,2240.0
84.80444444444444,28.5375,2217.0
84.80472222222222,28.5375,2211.0
84.805,28.537222222222226,2206.0
84.805,28.536944444444448,2208.0
84.805,28.53666666666667,2208.0
84.805,28.53638888888889,2207.0
84.80527777777777,28.536111111111115,2203.0
84.80555555555556,28.535833333333336,2197.0
84.80583333333334,28.535555555555558,2189.0
84.80583333333334,28.53527777777778,2183.0
84.80583333333334,28.535000000000004,2178.0
84.80611111111111,28.534722222222225,2174.0
84.80638888888889,28.534444444444446,2167.0
84.80666666666667,28.534444444444446,2161.0
84.80694444444444,28.53416666666667,2158.0
84.80722222222222,28.53416666666667,2154.0
84.8075,28.53416666666667,2151.0
84.80777777777777,28.53416666666667,2148.0
84.80805555555555,28.53416666666667,2148.0
84.80833333333334,28.53416666666667,2150.0
84.8086111111111,28.533888888888892,2151.0
84.80888888888889,28.533888888888892,2149.0
84.80916666666667,28.533888888888892,2145.0
84.80944444444445,28.533888888888892,2146.0
84.80972222222222,28.533888888888892,2149.0
84.81,28.533888888888892,2142.0
84.81027777777778,28.533888888888892,2139.0
84.81055555555555,28.533888888888892,2137.0
84.81083333333333,28.533888888888892,2136.0
84.81111111111112,28.533888888888892,2137.0
84.81138888888889,28.533611111111114,2135.0
84.81166666666667,28.533611111111114,2132.0
84.81194444444445,28.533611111111114,2129.0
84.81222222222222,28.533333333333335,2129.0
84.8125,28.533333333333335,2129.0
84.81277777777778,28.533333333333335,2127.0
84.81305555555555,28.533333333333335,2127.0
84.81333333333333,28.533333333333335,2126.0
84.81361111111111,28.533333333333335,2128.0
84.81388888888888,28.533333333333335,2126.0
84.81416666666667,28.533333333333335,2125.0
84.81444444444445,28.533333333333335,2128.0
84.81472222222223,28.53305555555556,2127.0
84.815,28.53305555555556,2125.0
84.81527777777778,28.53305555555556,2124.0
84.81555555555556,28.53305555555556,2125.0
84.81583333333333,28.53305555555556,2123.0
84.81611111111111,28.53305555555556,2123.0
84.8163888888889,28.53305555555556,2123.0
84.81666666666666,28.53305555555556,2125.0
84.81694444444445,28.53305555555556,2126.0
84.81722222222223,28.53305555555556,2128.0
84.8175,28.53277777777778,2120.0
84.81777777777778,28.53277777777778,2129.0
84.81805555555556,28.532500000000002,2129.0
84.81833333333333,28.532500000000002,2129.0
84.81861111111111,28.532222222222224,2123.0
84.81888888888889,28.532222222222224,2117.0
84.81916666666666,28.532222222222224,2109.0
84.81944444444444,28.532222222222224,2109.0
84.81972222222223,28.53194444444445,2109.0
84.82000000000001,28.53194444444445,2107.0
84.82027777777778,28.53194444444445,2110.0
84.82055555555556,28.53194444444445,2105.0
84.82083333333334,28.53194444444445,2101.0
84.82111111111111,28.53194444444445,2097.0
84.82138888888889,28.53194444444445,2096.0
84.82166666666667,28.53194444444445,2098.0
84.82194444444444,28.53194444444445,2098.0
84.82222222222222,28.53194444444445,2094.0
84.8225,28.53194444444445,2091.0
84.82277777777777,28.53194444444445,2094.0
84.82305555555556,28.53194444444445,2092.0
84.82333333333334,28.53194444444445,2092.0
84.8236111111111,28.53194444444445,2095.0
84.82388888888889,28.53194444444445,2093.0
84.82416666666667,28.53194444444445,2094.0
84.82444444444444,28.532222222222224,2088.0
84.82472222222222,28.532222222222224,2096.0
84.825,28.532222222222224,2096.0
84.82527777777779,28.532222222222224,2093.0
84.82555555555555,28.532222222222224,2088.0
84.82583333333334,28.532222222222224,2093.0
84.82611111111112,28.53194444444445,2092.0
84.82638888888889,28.53194444444445,2096.0
84.82666666666667,28.53166666666667,2095.0
84.82694444444445,28.53138888888889,2092.0
84.82722222222222,28.531111111111112,2085.0
84.8275,28.531111111111112,2095.0
84.82777777777778,28.530833333333337,2096.0
84.82805555555555,28.53055555555556,2094.0
84.82833333333333,28.53055555555556,2097.0
84.82861111111112,28.53027777777778,2095.0
84.82888888888888,28.53,2092.0
84.82916666666667,28.53,2096.0
84.82944444444445,28.53,2096.0
84.82972222222222,28.53,2096.0
84.83,28.53,2097.0
84.83027777777778,28.529722222222226,2097.0
84.83055555555556,28.529444444444447,2087.0
84.83083333333333,28.529444444444447,2092.0
84.83111111111111,28.529444444444447,2092.0
84.8313888888889,28.529444444444447,2087.0
84.83166666666666,28.529444444444447,2087.0
84.83194444444445,28.529444444444447,2090.0
84.83222222222223,28.52916666666667,2089.0
84.8325,28.52916666666667,2095.0
84.83277777777778,28.528888888888893,2089.0
84.83305555555556,28.528888888888893,2093.0
84.83333333333333,28.528611111111115,2088.0
84.83361111111111,28.528611111111115,2094.0
84.8338888888889,28.528333333333336,2084.0
84.83416666666666,28.528333333333336,2086.0
84.83444444444444,28.528055555555557,2092.0
84.83472222222223,28.528055555555557,2097.0
84.835,28.528055555555557,2087.0
84.83527777777778,28.528055555555557,2083.0
84.83555555555556,28.528055555555557,2083.0
84.83583333333334,28.528055555555557,2074.0
84.83611111111111,28.528055555555557,2068.0
84.83638888888889,28.528055555555557,2076.0
84.83666666666667,28.528055555555557,2079.0
84.83694444444444,28.528055555555557,2076.0
84.83722222222222,28.528055555555557,2070.0
84.8375,28.528055555555557,2061.0
84.83777777777777,28.528055555555557,2056.0
84.83805555555556,28.528055555555557,2053.0
84.83833333333334,28.527777777777782,2047.0
84.8386111111111,28.527500000000003,2061.0
84.83888888888889,28.527222222222225,2079.0
84.83916666666667,28.526944444444446,2081.0
84.83944444444444,28.52666666666667,2081.0
84.83972222222222,28.526388888888892,2079.0
84.83972222222222,28.526111111111113,2076.0
84.83972222222222,28.525833333333335,2073.0
84.83972222222222,28.52555555555556,2066.0
84.84,28.52527777777778,2061.0
84.84027777777777,28.525000000000002,2062.0
84.84055555555555,28.524722222222223,2043.0
84.84055555555555,28.52444444444445,2045.0
84.84083333333334,28.52416666666667,2047.0
84.84111111111112,28.52388888888889,2064.0
84.84138888888889,28.523611111111112,2067.0
84.84166666666667,28.523611111111112,2047.0
84.84194444444445,28.523333333333337,2029.0
84.84194444444445,28.52305555555556,2026.0
84.84222222222222,28.52277777777778,2020.0
84.8425,28.522500000000004,2029.0
84.84277777777778,28.522222222222226,2032.0
84.84277777777778,28.521944444444447,2021.0
84.84277777777778,28.52166666666667,2015.0
84.84277777777778,28.521388888888893,2014.0
84.84277777777778,28.521111111111114,2015.0
84.84277777777778,28.520833333333336,2019.0
84.84277777777778,28.520555555555557,2018.0
84.84277777777778,28.520277777777782,2004.0
84.84277777777778,28.520000000000003,1987.0
84.84305555555555,28.519722222222224,1983.0
84.84333333333333,28.519444444444446,2008.0
84.84361111111112,28.51916666666667,2017.0
84.84388888888888,28.518888888888892,2011.0
84.84416666666667,28.518611111111113,2002.0
84.84444444444445,28.518333333333334,1994.0
84.84472222222222,28.518333333333334,2003.0
84.845,28.518333333333334,2017.0
84.84527777777778,28.51805555555556,2001.0
84.84555555555555,28.51777777777778,1984.0
84.84583333333333,28.51777777777778,1991.0
84.84611111111111,28.51777777777778,1996.0
84.8463888888889,28.51777777777778,2010.0
84.84666666666666,28.517500000000002,1998.0
84.84694444444445,28.517500000000002,2007.0
84.84722222222223,28.517500000000002,2011.0
84.8475,28.517222222222227,1994.0
84.84777777777778,28.516944444444448,1980.0
84.84805555555556,28.51666666666667,1972.0
84.84833333333333,28.51638888888889,1960.0
84.84861111111111,28.516111111111115,1949.0
84.8488888888889,28.515833333333337,1934.0
84.84916666666666,28.515555555555558,1953.0
84.84944444444444,28.51527777777778,1974.0
84.84972222222223,28.515000000000004,2000.0
84.85,28.514722222222225,2014.0
84.85027777777778,28.514444444444447,2017.0
84.85055555555556,28.514444444444447,2016.0
84.85083333333333,28.514444444444447,2015.0
84.85111111111111,28.514444444444447,2010.0
84.85138888888889,28.514444444444447,2008.0
84.85166666666667,28.514444444444447,2008.0
84.85194444444444,28.514166666666668,2001.0
84.85222222222222,28.513888888888893,2005.0
84.8525,28.513611111111114,1997.0
84.85277777777777,28.513333333333335,1985.0
84.85305555555556,28.513055555555557,1989.0
84.85333333333334,28.51277777777778,1989.0
84.85333333333334,28.512500000000003,2004.0
84.8536111111111,28.512222222222224,1995.0
84.85388888888889,28.511944444444445,1990.0
84.85416666666667,28.51166666666667,1990.0
84.85444444444444,28.51138888888889,1993.0
84.85444444444444,28.511111111111113,2005.0
84.85444444444444,28.510833333333338,2008.0
84.85472222222222,28.51055555555556,1986.0
84.855,28.51027777777778,1967.0
84.85527777777777,28.51,1955.0
84.85555555555555,28.509722222222226,1943.0
84.85583333333334,28.509444444444448,1932.0
84.8561111111111,28.50916666666667,1924.0
84.85638888888889,28.50888888888889,1924.0
84.85666666666667,28.508611111111115,1924.0
84.85694444444445,28.508333333333336,1933.0
84.85722222222222,28.508055555555558,1954.0
84.8575,28.50777777777778,1973.0
84.85777777777778,28.507500000000004,1979.0
84.85805555555555,28.507222222222225,1978.0
84.85833333333333,28.506944444444446,1976.0
84.85861111111112,28.506666666666668,1986.0
84.85888888888888,28.506388888888893,2002.0
84.85916666666667,28.506111111111114,2004.0
84.85916666666667,28.505833333333335,2011.0
84.85944444444445,28.50555555555556,2010.0
84.85972222222222,28.50527777777778,2005.0
84.86,28.505000000000003,2000.0
84.86027777777778,28.504722222222224,1999.0
84.86055555555555,28.50444444444445,1992.0
84.86083333333333,28.50416666666667,1992.0
84.86111111111111,28.50388888888889,1992.0
84.8613888888889,28.503611111111113,1989.0
84.86166666666666,28.503333333333337,1986.0
84.86194444444445,28.50305555555556,1991.0
84.86222222222223,28.50277777777778,1990.0
84.8625,28.5025,1992.0
84.86277777777778,28.502222222222226,1987.0
84.86277777777778,28.501944444444447,1995.0
84.86277777777778,28.50166666666667,2004.0
84.86305555555556,28.50138888888889,1999.0
84.86333333333333,28.501111111111115,2000.0
84.86361111111111,28.500833333333336,1988.0
84.86361111111111,28.500555555555557,1999.0
84.86361111111111,28.500277777777782,2010.0
84.8638888888889,28.500000000000004,1999.0
84.8638888888889,28.499722222222225,2001.0
84.8638888888889,28.499444444444446,2001.0
84.8638888888889,28.49916666666667,1997.0
84.8638888888889,28.498888888888892,1996.0
84.86416666666666,28.498611111111114,1989.0
84.86444444444444,28.498333333333335,2001.0
84.86472222222223,28.49805555555556,2003.0
84.865,28.49777777777778,1989.0
84.865,28.497500000000002,1992.0
84.865,28.497222222222224,1998.0
84.865,28.49694444444445,2001.0
84.865,28.49666666666667,2006.0
84.86527777777778,28.49638888888889,1979.0
84.86527777777778,28.496111111111112,1996.0
84.86527777777778,28.495833333333337,2001.0
84.86527777777778,28.49555555555556,1999.0
84.86527777777778,28.49527777777778,1995.0
84.86527777777778,28.495,1988.0
84.86527777777778,28.494722222222226,1975.0
84.86527777777778,28.494444444444447,1939.0
84.86527777777778,28.49416666666667,1907.0
84.86527777777778,28.493888888888893,1891.0
84.86527777777778,28.493611111111115,1876.0
84.86527777777778,28.493333333333336,1855.0
84.86527777777778,28.493055555555557,1829.0
84.86527777777778,28.492777777777782,1811.0
84.86527777777778,28.492500000000003,1795.0
84.86527777777778,28.492222222222225,1774.0
84.86527777777778,28.491944444444446,1761.0
84.86527777777778,28.49166666666667,1764.0
84.86527777777778,28.491388888888892,1779.0
84.86527777777778,28.491111111111113,1784.0
84.86527777777778,28.490833333333335,1786.0
84.86527777777778,28.49055555555556,1799.0
84.86527777777778,28.49027777777778,1800.0
84.86527777777778,28.490000000000002,1802.0
84.86527777777778,28.489722222222223,1832.0
84.86527777777778,28.489444444444448,1859.0
84.86527777777778,28.48916666666667,1863.0
84.86527777777778,28.48888888888889,1863.0
84.86527777777778,28.488611111111116,1869.0
84.86527777777778,28.488333333333337,1879.0
84.86527777777778,28.488055555555558,1889.0
84.86527777777778,28.48777777777778,1909.0
84.86527777777778,28.487500000000004,1926.0
84.86527777777778,28.487222222222226,1929.0
84.86527777777778,28.486944444444447,1924.0
84.86527777777778,28.486666666666668,1918.0
84.86527777777778,28.486388888888893,1919.0
84.86527777777778,28.486111111111114,1919.0
84.86527777777778,28.485833333333336,1919.0
84.86527777777778,28.485555555555557,1923.0
84.86527777777778,28.48527777777778,1920.0
84.86527777777778,28.485000000000003,1917.0
84.86527777777778,28.484722222222224,1914.0
84.86527777777778,28.484444444444446,1916.0
84.86527777777778,28.48416666666667,1923.0
84.86527777777778,28.48388888888889,1930.0
84.86527777777778,28.483611111111113,1934.0
84.86527777777778,28.483333333333338,1933.0
84.86527777777778,28.48305555555556,1931.0
84.86527777777778,28.48277777777778,1940.0
84.86527777777778,28.4825,1955.0
84.86527777777778,28.482222222222227,1962.0
84.86555555555556,28.481944444444448,1935.0
84.86583333333333,28.48166666666667,1926.0
84.86611111111111,28.48138888888889,1906.0
84.86638888888889,28.481111111111115,1880.0
84.86666666666667,28.480833333333337,1861.0
84.86694444444444,28.480555555555558,1850.0
84.86722222222222,28.48027777777778,1838.0
84.8675,28.480000000000004,1824.0
84.86777777777777,28.479722222222225,1813.0
84.86805555555556,28.479444444444447,1812.0
84.86833333333334,28.479166666666668,1809.0
84.86861111111111,28.478888888888893,1803.0
84.86888888888889,28.478611111111114,1801.0
84.86916666666667,28.478333333333335,1818.0
84.86944444444444,28.478055555555557,1823.0
84.86972222222222,28.47777777777778,1817.0
84.87,28.477500000000003,1805.0
84.87027777777777,28.477222222222224,1800.0
84.87055555555555,28.47694444444445,1796.0
84.87083333333334,28.47666666666667,1794.0
84.8711111111111,28.47638888888889,1790.0
84.87138888888889,28.476111111111113,1798.0
84.87166666666667,28.475833333333338,1807.0
84.87194444444445,28.47555555555556,1809.0
84.87222222222222,28.47527777777778,1805.0
84.8725,28.475,1797.0
84.87277777777778,28.474722222222226,1790.0
84.87305555555555,28.474444444444448,1784.0
84.87333333333333,28.47416666666667,1777.0
84.87361111111112,28.47388888888889,1768.0
84.87388888888889,28.473611111111115,1775.0
84.87416666666667,28.473333333333336,1781.0
84.87444444444445,28.473055555555558,1786.0
84.87472222222222,28.47277777777778,1787.0
84.875,28.472500000000004,1802.0
84.87527777777778,28.472222222222225,1822.0
84.87555555555555,28.471944444444446,1828.0
84.87583333333333,28.47166666666667,1832.0
84.87611111111111,28.471388888888892,1856.0
84.87638888888888,28.471111111111114,1874.0
84.87666666666667,28.470833333333335,1880.0
84.87694444444445,28.47055555555556,1884.0
84.87722222222223,28.47027777777778,1885.0
84.8775,28.470000000000002,1886.0
84.87777777777778,28.469722222222224,1895.0
84.87805555555556,28.46944444444445,1890.0
84.87833333333333,28.46916666666667,1887.0
84.87861111111111,28.46888888888889,1888.0
84.8788888888889,28.468611111111112,1894.0
84.87916666666666,28.468333333333337,1900.0
84.87944444444445,28.46805555555556,1912.0
84.87972222222223,28.46777777777778,1922.0
84.88,28.4675,1929.0
84.88027777777778,28.467222222222226,1933.0
84.88055555555556,28.466944444444447,1935.0
84.88083333333333,28.46666666666667,1936.0
84.88111111111111,28.466388888888893,1937.0
84.88138888888889,28.466111111111115,1936.0
84.88166666666666,28.465833333333336,1934.0
84.88194444444444,28.465555555555557,1932.0
84.88222222222223,28.465277777777782,1927.0
84.88250000000001,28.465000000000003,1921.0
84.88277777777778,28.464722222222225,1912.0
84.88305555555556,28.464444444444446,1901.0
84.88333333333334,28.46416666666667,1888.0
84.88361111111111,28.463888888888892,1881.0
84.88388888888889,28.463611111111113,1873.0
84.88416666666667,28.463333333333335,1856.0
84.88444444444444,28.46305555555556,1841.0
84.88472222222222,28.46277777777778,1823.0
84.885,28.462500000000002,1809.0
84.88527777777777,28.462222222222223,1809.0
84.88555555555556,28.46194444444445,1798.0
84.88583333333334,28.46166666666667,1783.0
84.8861111111111,28.46138888888889,1789.0
84.88638888888889,28.461111111111112,1792.0
84.88666666666667,28.460833333333337,1788.0
84.88694444444444,28.46055555555556,1790.0
84.88722222222222,28.46027777777778,1787.0
84.8875,28.460000000000004,1779.0
84.88777777777779,28.459722222222226,1775.0
84.88805555555555,28.459444444444447,1764.0
84.88833333333334,28.45916666666667,1746.0
84.88861111111112,28.458888888888893,1743.0
84.88888888888889,28.458611111111114,1744.0
84.88916666666667,28.458333333333336,1744.0
84.88944444444445,28.458055555555557,1751.0
84.88972222222222,28.457777777777782,1751.0
84.89,28.457500000000003,1746.0
84.89027777777778,28.457222222222224,1746.0
84.89055555555555,28.456944444444446,1738.0
84.89083333333333,28.45666666666667,1733.0
84.89111111111112,28.456388888888892,1748.0
84.89138888888888,28.456111111111113,1752.0
84.89166666666667,28.455833333333334,1748.0
84.89194444444445,28.45555555555556,1757.0
84.89222222222222,28.45527777777778,1763.0
84.8925,28.455000000000002,1759.0
84.89277777777778,28.454722222222227,1763.0
84.89305555555556,28.454444444444448,1759.0
84.89333333333333,28.45416666666667,1747.0
84.89361111111111,28.45388888888889,1749.0
84.8938888888889,28.453611111111115,1746.0
84.89416666666666,28.453333333333337,1738.0
84.89444444444445,28.453055555555558,1746.0
84.89472222222223,28.45277777777778,1751.0
84.895,28.452500000000004,1753.0
84.89527777777778,28.452222222222225,1766.0
84.89555555555556,28.451944444444447,1799.0
84.89583333333333,28.451666666666668,1854.0
84.89611111111111,28.451388888888893,1891.0
84.8963888888889,28.451111111111114,1924.0
84.89666666666666,28.450833333333335,1956.0
84.89694444444444,28.450555555555557,1974.0
84.89722222222223,28.45027777777778,1988.0
84.8975,28.450000000000003,1995.0
84.89777777777778,28.449722222222224,1998.0
84.89805555555556,28.449444444444445,2007.0
84.89833333333334,28.44916666666667,2011.0
84.89861111111111,28.44888888888889,2009.0
84.89888888888889,28.448611111111113,2011.0
84.89888888888889,28.448333333333338,2006.0
84.89916666666667,28.44805555555556,2003.0
84.89944444444444,28.44777777777778,1998.0
84.89972222222222,28.4475,1995.0
84.9,28.447222222222226,1985.0
84.90027777777777,28.446944444444448,1975.0
84.90027777777777,28.44666666666667,1958.0
84.90027777777777,28.44638888888889,1943.0
84.90027777777777,28.446111111111115,1930.0
84.90027777777777,28.445833333333336,1919.0
84.90027777777777,28.445555555555558,1911.0
84.90027777777777,28.44527777777778,1907.0
84.90027777777777,28.445000000000004,1904.0
84.90027777777777,28.444722222222225,1900.0
84.90027777777777,28.444444444444446,1891.0
84.90027777777777,28.444166666666668,1869.0
84.90027777777777,28.443888888888893,1841.0
84.90055555555556,28.443611111111114,1802.0
84.90055555555556,28.443333333333335,1772.0
84.90055555555556,28.44305555555556,1740.0
84.90055555555556,28.44277777777778,1711.0
84.90055555555556,28.442500000000003,1692.0
84.90055555555556,28.442222222222224,1678.0
84.90055555555556,28.44194444444445,1666.0
84.90055555555556,28.44166666666667,1661.0
84.90055555555556,28.44138888888889,1656.0
84.90055555555556,28.441111111111113,1653.0
84.90055555555556,28.440833333333337,1655.0
84.90055555555556,28.44055555555556,1657.0
84.90055555555556,28.44027777777778,1661.0
84.90055555555556,28.44,1669.0
84.90055555555556,28.439722222222226,1671.0
84.90055555555556,28.439444444444447,1675.0
84.90055555555556,28.43916666666667,1679.0
84.90055555555556,28.43888888888889,1680.0
84.90055555555556,28.438611111111115,1681.0
84.90055555555556,28.438333333333336,1682.0
84.90027777777777,28.438055555555557,1687.0
84.9,28.437777777777782,1689.0
84.89972222222222,28.437500000000004,1693.0
84.89972222222222,28.437222222222225,1690.0
84.89972222222222,28.436944444444446,1686.0
84.89972222222222,28.43666666666667,1685.0
84.89972222222222,28.436388888888892,1691.0
84.89944444444444,28.436111111111114,1673.0
84.89944444444444,28.435833333333335,1677.0
84.89944444444444,28.43555555555556,1682.0
84.89916666666667,28.43527777777778,1658.0
84.89916666666667,28.435000000000002,1661.0
84.89916666666667,28.434722222222224,1677.0
84.89888888888889,28.43444444444445,1655.0
84.89888888888889,28.43416666666667,1664.0
84.89888888888889,28.43388888888889,1670.0
84.89861111111111,28.433611111111112,1667.0
84.89833333333334,28.433333333333337,1667.0
84.89805555555556,28.43305555555556,1684.0
84.89777777777778,28.43277777777778,1691.0
84.8975,28.432500000000005,1686.0
84.8975,28.432222222222226,1675.0
84.8975,28.431944444444447,1665.0
84.89722222222223,28.43166666666667,1657.0
84.89694444444444,28.431388888888893,1652.0
84.89666666666666,28.431111111111115,1630.0
84.89666666666666,28.430833333333336,1610.0
84.89666666666666,28.430555555555557,1604.0
84.89666666666666,28.430277777777782,1611.0
84.89666666666666,28.430000000000003,1620.0
84.89666666666666,28.429722222222225,1625.0
84.89666666666666,28.429444444444446,1627.0
84.89666666666666,28.42916666666667,1631.0
84.89666666666666,28.428888888888892,1631.0
84.89666666666666,28.428611111111113,1628.0
84.89666666666666,28.428333333333335,1629.0
84.89666666666666,28.42805555555556,1630.0
84.89666666666666,28.42777777777778,1626.0
84.89666666666666,28.427500000000002,1627.0
84.89666666666666,28.427222222222223,1630.0
84.8963888888889,28.426944444444448,1622.0
84.8963888888889,28.42666666666667,1626.0
84.89611111111111,28.42638888888889,1620.0
84.89611111111111,28.426111111111116,1621.0
84.89611111111111,28.425833333333337,1618.0
84.89583333333333,28.425555555555558,1621.0
84.89555555555556,28.42527777777778,1630.0
84.89555555555556,28.425000000000004,1631.0
84.89527777777778,28.424722222222226,1629.0
84.89527777777778,28.424444444444447,1625.0
84.89527777777778,28.424166666666668,1620.0
84.89527777777778,28.423888888888893,1613.0
84.89527777777778,28.423611111111114,1603.0
84.89527777777778,28.423333333333336,1589.0
84.89527777777778,28.423055555555557,1574.0
84.89527777777778,28.42277777777778,1559.0
84.89527777777778,28.422500000000003,1548.0
84.89527777777778,28.422222222222224,1538.0
84.89527777777778,28.421944444444446,1531.0
84.89527777777778,28.42166666666667,1525.0
84.89527777777778,28.42138888888889,1524.0
84.89527777777778,28.421111111111113,1529.0
84.89527777777778,28.420833333333334,1534.0
84.89527777777778,28.42055555555556,1530.0
84.89527777777778,28.42027777777778,1529.0
84.89527777777778,28.42,1537.0
84.89527777777778,28.419722222222227,1539.0
84.89527777777778,28.419444444444448,1536.0
84.89527777777778,28.41916666666667,1539.0
84.89527777777778,28.41888888888889,1546.0
84.89527777777778,28.418611111111115,1553.0
84.89527777777778,28.418333333333337,1557.0
84.89527777777778,28.418055555555558,1557.0
84.89527777777778,28.41777777777778,1549.0
84.89527777777778,28.417500000000004,1540.0
84.89527777777778,28.417222222222225,1534.0
84.89527777777778,28.416944444444447,1533.0
84.89527777777778,28.416666666666668,1543.0
84.895,28.416388888888893,1544.0
84.89472222222223,28.416111111111114,1542.0
84.89444444444445,28.415833333333335,1548.0
84.89416666666666,28.415555555555557,1559.0
84.8938888888889,28.41527777777778,1560.0
84.89361111111111,28.415000000000003,1553.0
84.89361111111111,28.414722222222224,1558.0
84.89361111111111,28.41444444444445,1559.0
84.89333333333333,28.41416666666667,1551.0
84.89333333333333,28.41388888888889,1559.0
84.89305555555556,28.413611111111113,1552.0
84.89305555555556,28.413333333333338,1557.0
84.89277777777778,28.41305555555556,1555.0
84.89277777777778,28.41277777777778,1561.0
84.89277777777778,28.4125,1561.0
84.89277777777778,28.412222222222226,1554.0
84.89277777777778,28.411944444444448,1545.0
84.89277777777778,28.41166666666667,1538.0
84.89277777777778,28.41138888888889,1533.0
84.89277777777778,28.411111111111115,1528.0
84.89277777777778,28.410833333333336,1522.0
84.89277777777778,28.410555555555558,1518.0
84.89277777777778,28.41027777777778,1512.0
84.89277777777778,28.410000000000004,1506.0
84.89277777777778,28.409722222222225,1505.0
84.89277777777778,28.409444444444446,1503.0
84.89277777777778,28.40916666666667,1502.0
84.89277777777778,28.408888888888892,1507.0
84.89277777777778,28.408611111111114,1518.0
84.89277777777778,28.408333333333335,1529.0
84.89277777777778,28.40805555555556,1535.0
84.89277777777778,28.40777777777778,1538.0
84.89277777777778,28.407500000000002,1544.0
84.89277777777778,28.407222222222224,1548.0
84.89277777777778,28.40694444444445,1548.0
84.89277777777778,28.40666666666667,1547.0
84.89277777777778,28.40638888888889,1547.0
84.89277777777778,28.406111111111112,1547.0
84.89277777777778,28.405833333333337,1544.0
84.89277777777778,28.40555555555556,1535.0
84.89277777777778,28.40527777777778,1531.0
84.89277777777778,28.405,1533.0
84.89277777777778,28.404722222222226,1532.0
84.89277777777778,28.404444444444447,1534.0
84.89277777777778,28.40416666666667,1537.0
84.89277777777778,28.403888888888893,1541.0
84.89277777777778,28.403611111111115,1544.0
84.89277777777778,28.403333333333336,1544.0
84.89277777777778,28.403055555555557,1541.0
84.89277777777778,28.402777777777782,1536.0
84.89277777777778,28.402500000000003,1533.0
84.89277777777778,28.402222222222225,1528.0
84.89277777777778,28.401944444444446,1522.0
84.89277777777778,28.40166666666667,1513.0
84.89277777777778,28.401388888888892,1503.0
84.89277777777778,28.401111111111113,1495.0
84.89277777777778,28.400833333333335,1490.0
84.89277777777778,28.40055555555556,1492.0
84.89277777777778,28.40027777777778,1490.0
84.89277777777778,28.400000000000002,1486.0
84.89277777777778,28.399722222222223,1487.0
84.89277777777778,28.39944444444445,1486.0
84.89277777777778,28.39916666666667,1475.0
84.89277777777778,28.39888888888889,1464.0
84.89277777777778,28.398611111111112,1459.0
84.89277777777778,28.398333333333337,1455.0
84.89277777777778,28.39805555555556,1451.0
84.89277777777778,28.39777777777778,1449.0
84.89277777777778,28.397500000000004,1451.0
84.89277777777778,28.397222222222226,1454.0
84.89277777777778,28.396944444444447,1455.0
84.89277777777778,28.39666666666667,1455.0
84.89277777777778,28.396388888888893,1452.0
84.89277777777778,28.396111111111114,1447.0
84.89277777777778,28.395833333333336,1448.0
84.89277777777778,28.395555555555557,1447.0
84.89277777777778,28.395277777777782,1444.0
84.89277777777778,28.395000000000003,1439.0
84.89277777777778,28.394722222222224,1432.0
84.89277777777778,28.394444444444446,1423.0
84.89277777777778,28.39416666666667,1420.0
84.89277777777778,28.393888888888892,1423.0
84.89277777777778,28.393611111111113,1429.0
84.89277777777778,28.393333333333334,1437.0
84.89277777777778,28.39305555555556,1454.0
84.89277777777778,28.39277777777778,1466.0
84.89277777777778,28.392500000000002,1463.0
84.89277777777778,28.392222222222227,1461.0
84.89277777777778,28.391944444444448,1460.0
84.89277777777778,28.39166666666667,1456.0
84.89277777777778,28.39138888888889,1447.0
84.89277777777778,28.391111111111115,1435.0
84.89277777777778,28.390833333333337,1435.0
84.89277777777778,28.390555555555558,1441.0
84.89277777777778,28.39027777777778,1437.0
84.89277777777778,28.390000000000004,1440.0
84.89277777777778,28.389722222222225,1432.0
84.89277777777778,28.389444444444447,1420.0
84.89277777777778,28.389166666666668,1416.0
84.89277777777778,28.388888888888893,1418.0
84.89277777777778,28.388611111111114,1422.0
84.89277777777778,28.388333333333335,1423.0
84.89277777777778,28.388055555555557,1423.0
84.89277777777778,28.38777777777778,1424.0
84.89277777777778,28.387500000000003,1428.0
84.89277777777778,28.387222222222224,1430.0
84.89277777777778,28.386944444444445,1426.0
84.89277777777778,28.38666666666667,1428.0
84.89277777777778,28.38638888888889,1428.0
84.89277777777778,28.386111111111113,1427.0
84.89277777777778,28.385833333333338,1424.0
84.89277777777778,28.38555555555556,1421.0
84.89277777777778,28.38527777777778,1418.0
84.89277777777778,28.385,1415.0
84.89277777777778,28.384722222222226,1412.0
84.89277777777778,28.384444444444448,1409.0
84.89277777777778,28.38416666666667,1405.0
84.89277777777778,28.38388888888889,1405.0
84.89277777777778,28.383611111111115,1404.0
84.89277777777778,28.383333333333336,1406.0
84.89277777777778,28.383055555555558,1415.0
84.89277777777778,28.38277777777778,1426.0
84.89277777777778,28.382500000000004,1441.0
84.89277777777778,28.382222222222225,1456.0
84.89277777777778,28.381944444444446,1469.0
84.89277777777778,28.381666666666668,1484.0
84.89277777777778,28.381388888888893,1502.0
84.89277777777778,28.381111111111114,1512.0
84.89277777777778,28.380833333333335,1511.0
84.89277777777778,28.38055555555556,1510.0
84.89277777777778,28.38027777777778,1515.0
84.89277777777778,28.380000000000003,1519.0
84.89277777777778,28.379722222222224,1530.0
84.89277777777778,28.37944444444445,1539.0
84.89277777777778,28.37916666666667,1548.0
84.89277777777778,28.37888888888889,1556.0
84.8925,28.378611111111113,1556.0
84.89222222222222,28.378333333333337,1555.0
84.89194444444445,28.37805555555556,1558.0
84.89166666666667,28.37777777777778,1558.0
84.89138888888888,28.3775,1554.0
84.89138888888888,28.377222222222226,1558.0
84.89138888888888,28.376944444444447,1562.0
84.89111111111112,28.37666666666667,1551.0
84.89111111111112,28.37638888888889,1554.0
84.89111111111112,28.376111111111115,1550.0
84.89111111111112,28.375833333333336,1552.0
84.89111111111112,28.375555555555557,1561.0
84.89083333333333,28.375277777777782,1561.0
84.89055555555555,28.375000000000004,1553.0
84.89055555555555,28.374722222222225,1555.0
84.89055555555555,28.374444444444446,1562.0
84.89027777777778,28.37416666666667,1550.0
84.89027777777778,28.373888888888892,1545.0
84.89027777777778,28.373611111111114,1536.0
84.89027777777778,28.373333333333335,1529.0
84.89027777777778,28.37305555555556,1523.0
84.89027777777778,28.37277777777778,1517.0
84.89027777777778,28.372500000000002,1507.0
84.89027777777778,28.372222222222224,1500.0
84.89027777777778,28.37194444444445,1498.0
84.89027777777778,28.37166666666667,1503.0
84.89027777777778,28.37138888888889,1510.0
84.89027777777778,28.371111111111112,1515.0
84.89027777777778,28.370833333333337,1518.0
84.89027777777778,28.37055555555556,1516.0
84.89027777777778,28.37027777777778,1512.0
84.89027777777778,28.370000000000005,1510.0
84.89027777777778,28.369722222222226,1504.0
84.89027777777778,28.369444444444447,1493.0
84.89027777777778,28.36916666666667,1486.0
84.89027777777778,28.368888888888893,1494.0
84.89027777777778,28.368611111111115,1508.0
84.89027777777778,28.368333333333336,1519.0
84.89027777777778,28.368055555555557,1525.0
84.89027777777778,28.367777777777782,1526.0
84.89027777777778,28.367500000000003,1534.0
84.89027777777778,28.367222222222225,1549.0
84.89027777777778,28.366944444444446,1562.0
84.89,28.36666666666667,1545.0
84.89,28.366388888888892,1546.0
84.89,28.366111111111113,1544.0
84.89,28.365833333333335,1543.0
84.89,28.36555555555556,1546.0
84.89,28.36527777777778,1557.0
84.88972222222222,28.365000000000002,1547.0
84.88972222222222,28.364722222222223,1550.0
84.88972222222222,28.364444444444448,1552.0
84.88972222222222,28.36416666666667,1553.0
84.88972222222222,28.36388888888889,1552.0
84.88972222222222,28.363611111111116,1536.0
84.88972222222222,28.363333333333337,1501.0
84.88972222222222,28.363055555555558,1470.0
84.88972222222222,28.36277777777778,1442.0
84.88972222222222,28.362500000000004,1407.0
84.88972222222222,28.362222222222226,1379.0
84.88972222222222,28.361944444444447,1363.0
84.88972222222222,28.361666666666668,1351.0
84.88972222222222,28.361388888888893,1343.0
84.88972222222222,28.361111111111114,1339.0
84.88972222222222,28.360833333333336,1336.0
84.88972222222222,28.360555555555557,1331.0
84.88972222222222,28.36027777777778,1328.0
84.88972222222222,28.360000000000003,1327.0
84.88972222222222,28.359722222222224,1321.0
84.88972222222222,28.359444444444446,1318.0
84.88972222222222,28.35916666666667,1314.0
84.88972222222222,28.35888888888889,1308.0
84.88972222222222,28.358611111111113,1305.0
84.88972222222222,28.358333333333334,1307.0
84.88972222222222,28.35805555555556,1307.0
84.88972222222222,28.35777777777778,1309.0
84.88972222222222,28.3575,1313.0
84.88972222222222,28.357222222222227,1318.0
84.88972222222222,28.356944444444448,1326.0
84.88972222222222,28.35666666666667,1348.0
84.88972222222222,28.35638888888889,1374.0
84.88972222222222,28.356111111111115,1394.0
84.88972222222222,28.355833333333337,1419.0
84.88972222222222,28.355555555555558,1445.0
84.88972222222222,28.35527777777778,1462.0
84.88972222222222,28.355000000000004,1475.0
84.88972222222222,28.354722222222225,1486.0
84.88972222222222,28.354444444444447,1489.0
84.88972222222222,28.354166666666668,1480.0
84.88972222222222,28.353888888888893,1457.0
84.88972222222222,28.353611111111114,1433.0
84.88972222222222,28.353333333333335,1424.0
84.88972222222222,28.353055555555557,1424.0
84.88972222222222,28.35277777777778,1429.0
84.88972222222222,28.352500000000003,1450.0
84.88972222222222,28.352222222222224,1475.0
84.89,28.35194444444445,1457.0
84.89027777777778,28.35166666666667,1407.0
84.89055555555555,28.35138888888889,1388.0
84.89083333333333,28.351111111111113,1395.0
84.89111111111112,28.350833333333338,1420.0
84.89138888888888,28.35055555555556,1450.0
84.89166666666667,28.35027777777778,1477.0
84.89194444444445,28.35,1502.0
84.89222222222222,28.349722222222226,1524.0
84.8925,28.349444444444448,1546.0
84.89277777777778,28.34916666666667,1558.0
84.89305555555556,28.34888888888889,1559.0
84.89333333333333,28.348611111111115,1557.0
84.89361111111111,28.348333333333336,1545.0
84.89361111111111,28.348055555555558,1553.0
84.8938888888889,28.34777777777778,1540.0
84.89416666666666,28.347500000000004,1536.0
84.89416666666666,28.347222222222225,1553.0
84.89416666666666,28.346944444444446,1554.0
84.89444444444445,28.34666666666667,1520.0
84.89472222222223,28.346388888888892,1506.0
84.895,28.346111111111114,1509.0
84.89527777777778,28.345833333333335,1526.0
84.89555555555556,28.34555555555556,1550.0
84.89583333333333,28.34527777777778,1536.0
84.89583333333333,28.345000000000002,1553.0
84.89611111111111,28.344722222222224,1518.0
84.89611111111111,28.34444444444445,1541.0
84.8963888888889,28.34416666666667,1538.0
84.89666666666666,28.34388888888889,1544.0
84.89694444444444,28.343611111111112,1545.0
84.89722222222223,28.343333333333337,1521.0
84.89722222222223,28.34305555555556,1538.0
84.8975,28.34277777777778,1512.0
84.8975,28.3425,1537.0
84.89777777777778,28.342222222222226,1497.0
84.89805555555556,28.341944444444447,1471.0
84.89833333333334,28.34166666666667,1464.0
84.89861111111111,28.341388888888893,1468.0
84.89888888888889,28.341111111111115,1471.0
84.89916666666667,28.340833333333336,1475.0
84.89944444444444,28.340555555555557,1472.0
84.89972222222222,28.340277777777782,1448.0
84.9,28.340000000000003,1421.0
84.90027777777777,28.339722222222225,1409.0
84.90055555555556,28.339444444444446,1404.0
84.90083333333334,28.33916666666667,1409.0
84.9011111111111,28.338888888888892,1430.0
84.90138888888889,28.338611111111113,1465.0
84.90166666666667,28.338333333333335,1485.0
84.90194444444444,28.33805555555556,1482.0
84.90222222222222,28.33777777777778,1486.0
84.9025,28.337500000000002,1496.0
84.90277777777777,28.337222222222223,1521.0
84.90305555555555,28.33694444444445,1532.0
84.90333333333334,28.33666666666667,1534.0
84.90333333333334,28.33638888888889,1552.0
84.90361111111112,28.336111111111112,1551.0
84.90388888888889,28.335833333333337,1554.0
84.90416666666667,28.33555555555556,1562.0
84.90388888888889,28.33527777777778,1555.0
84.90361111111112,28.335000000000004,1520.0
84.90333333333334,28.334722222222226,1469.0
84.90333333333334,28.334444444444447,1443.0
84.90333333333334,28.33416666666667,1420.0
84.90361111111112,28.333888888888893,1399.0
84.90388888888889,28.333611111111114,1379.0
84.90416666666667,28.333333333333336,1384.0
84.90444444444445,28.333055555555557,1390.0
84.90472222222222,28.332777777777782,1403.0
84.905,28.332500000000003,1418.0
84.90527777777778,28.332222222222224,1428.0
84.90555555555555,28.331944444444446,1433.0
84.90583333333333,28.33166666666667,1416.0
84.90583333333333,28.331388888888892,1391.0
84.90611111111112,28.331111111111113,1323.0
84.90611111111112,28.330833333333334,1284.0
84.90611111111112,28.33055555555556,1276.0
84.90611111111112,28.33027777777778,1280.0
84.90611111111112,28.330000000000002,1286.0
84.90611111111112,28.329722222222227,1289.0
84.90638888888888,28.329444444444448,1280.0
84.90666666666667,28.32916666666667,1281.0
84.90694444444445,28.32888888888889,1290.0
84.90694444444445,28.328611111111115,1286.0
84.90694444444445,28.328333333333337,1283.0
84.90694444444445,28.328055555555558,1280.0
84.90694444444445,28.32777777777778,1278.0
84.90694444444445,28.327500000000004,1278.0
84.90694444444445,28.327222222222225,1277.0
84.90694444444445,28.326944444444447,1275.0
84.90694444444445,28.326666666666668,1273.0
84.90694444444445,28.326388888888893,1277.0
84.90694444444445,28.326111111111114,1285.0
84.90694444444445,28.325833333333335,1289.0
84.90722222222222,28.325555555555557,1290.0
84.90722222222222,28.32527777777778,1290.0
84.90722222222222,28.325000000000003,1288.0
84.90722222222222,28.324722222222224,1282.0
84.90722222222222,28.324444444444445,1273.0
84.90722222222222,28.32416666666667,1260.0
84.90694444444445,28.32388888888889,1242.0
84.90666666666667,28.323611111111113,1223.0
84.90638888888888,28.323333333333338,1207.0
84.90638888888888,28.32305555555556,1200.0
84.90638888888888,28.32277777777778,1199.0
84.90611111111112,28.3225,1200.0
84.90611111111112,28.322222222222226,1199.0
84.90611111111112,28.321944444444448,1193.0
84.90611111111112,28.32166666666667,1188.0
84.90583333333333,28.32138888888889,1189.0
84.90555555555555,28.321111111111115,1192.0
84.90527777777778,28.320833333333336,1189.0
84.90527777777778,28.320555555555558,1179.0
84.90527777777778,28.32027777777778,1170.0
84.905,28.320000000000004,1162.0
84.905,28.319722222222225,1162.0
84.90527777777778,28.319444444444446,1160.0
84.90527777777778,28.319166666666668,1151.0
84.90527777777778,28.318888888888893,1140.0
84.90527777777778,28.318611111111114,1132.0
84.90527777777778,28.318333333333335,1128.0
84.90555555555555,28.31805555555556,1121.0
84.90555555555555,28.31777777777778,1119.0
84.90555555555555,28.317500000000003,1121.0
84.90555555555555,28.317222222222224,1118.0
84.90555555555555,28.31694444444445,1115.0
84.90555555555555,28.31666666666667,1114.0
84.90555555555555,28.31638888888889,1113.0
84.90555555555555,28.316111111111113,1115.0
84.90555555555555,28.315833333333337,1122.0
84.90527777777778,28.31555555555556,1126.0
84.905,28.31527777777778,1126.0
84.905,28.315,1120.0
84.905,28.314722222222226,1116.0
84.90472222222222,28.314722222222226,1117.0
84.90444444444445,28.314444444444447,1112.0
84.90416666666667,28.31416666666667,1105.0
84.90388888888889,28.31388888888889,1100.0
84.90361111111112,28.313611111111115,1097.0
84.90333333333334,28.313333333333336,1094.0
84.90305555555555,28.313055555555557,1094.0
84.90305555555555,28.312777777777782,1099.0
84.90277777777777,28.312500000000004,1098.0
84.9025,28.312222222222225,1102.0
84.9025,28.311944444444446,1099.0
84.9025,28.31166666666667,1090.0
84.9025,28.311388888888892,1081.0
84.9025,28.311111111111114,1072.0
84.9025,28.310833333333335,1065.0
84.9025,28.31055555555556,1054.0
84.9025,28.31027777777778,1047.0
84.9025,28.310000000000002,1045.0
84.90277777777777,28.309722222222224,1066.0
84.90305555555555,28.30944444444445,1074.0
84.90305555555555,28.30916666666667,1067.0
84.90333333333334,28.30888888888889,1060.0
84.90333333333334,28.308611111111112,1055.0
84.90333333333334,28.308333333333337,1052.0
84.90333333333334,28.30805555555556,1053.0
84.90361111111112,28.30777777777778,1051.0
84.90388888888889,28.307500000000005,1046.0
84.90416666666667,28.307222222222226,1042.0
84.90416666666667,28.306944444444447,1041.0
84.90444444444445,28.30666666666667,1042.0
84.90444444444445,28.306388888888893,1039.0
84.90472222222222,28.306111111111115,1037.0
84.905,28.305833333333336,1029.0
84.90527777777778,28.305833333333336,1029.0
84.90555555555555,28.305555555555557,1026.0
84.90583333333333,28.305555555555557,1025.0
84.90583333333333,28.305277777777782,1024.0
84.90611111111112,28.305000000000003,1019.0
84.90611111111112,28.304722222222225,1018.0
84.90611111111112,28.304444444444446,1019.0
84.90611111111112,28.30416666666667,1021.0
84.90638888888888,28.303888888888892,1017.0
84.90666666666667,28.303611111111113,1018.0
84.90666666666667,28.303333333333335,1019.0
84.90666666666667,28.30305555555556,1022.0
84.90666666666667,28.30277777777778,1022.0
84.90666666666667,28.302500000000002,1024.0
84.90694444444445,28.302222222222223,1018.0
84.90722222222222,28.301944444444448,1008.0
84.90722222222222,28.30166666666667,1018.0
84.90722222222222,28.30138888888889,1020.0
84.90722222222222,28.301111111111116,1020.0
84.90722222222222,28.300833333333337,1020.0
84.90722222222222,28.300555555555558,1024.0
84.9075,28.30027777777778,1008.0
84.9075,28.300000000000004,1012.0
84.9075,28.299722222222226,1018.0
84.9075,28.299444444444447,1020.0
84.9075,28.299166666666668,1017.0
84.9075,28.298888888888893,1015.0
84.9075,28.298611111111114,1008.0
84.9075,28.298333333333336,1000.0
84.9075,28.298055555555557,990.0
84.90722222222222,28.29777777777778,982.0
84.90694444444445,28.297500000000003,974.0
84.90666666666667,28.297222222222224,969.0
84.90638888888888,28.296944444444446,968.0
84.90611111111112,28.29666666666667,970.0
84.90583333333333,28.29638888888889,974.0
84.90555555555555,28.296111111111113,977.0
84.90527777777778,28.295833333333334,977.0
84.905,28.29555555555556,975.0
84.90472222222222,28.29527777777778,978.0
84.90444444444445,28.295,982.0
84.90416666666667,28.294722222222227,987.0
84.90388888888889,28.294444444444448,990.0
84.90361111111112,28.29416666666667,991.0
84.90333333333334,28.29388888888889,989.0
84.90305555555555,28.293611111111115,984.0
84.90277777777777,28.293333333333337,984.0
84.9025,28.293055555555558,990.0
84.90222222222222,28.29277777777778,994.0
84.90194444444444,28.292500000000004,1005.0
84.90166666666667,28.292222222222225,1011.0
84.90138888888889,28.291944444444447,1009.0
84.9011111111111,28.291666666666668,1007.0
84.9011111111111,28.291388888888893,1022.0
84.90083333333334,28.291111111111114,1021.0
84.90055555555556,28.290833333333335,1021.0
84.90027777777777,28.290555555555557,1010.0
84.90027777777777,28.29027777777778,1008.0
84.90027777777777,28.290000000000003,999.0
84.90027777777777,28.289722222222224,988.0
84.90027777777777,28.28944444444445,983.0
84.90027777777777,28.28916666666667,978.0
84.90027777777777,28.28888888888889,974.0
84.90027777777777,28.288611111111113,972.0
84.90027777777777,28.288333333333338,970.0
84.90027777777777,28.28805555555556,970.0
84.90027777777777,28.28777777777778,971.0
84.90027777777777,28.2875,968.0
84.90027777777777,28.287222222222226,969.0
84.90027777777777,28.286944444444448,981.0
84.90027777777777,28.28666666666667,985.0
84.90027777777777,28.28638888888889,979.0
84.90027777777777,28.286111111111115,973.0
84.90027777777777,28.285833333333336,972.0
84.90027777777777,28.285555555555558,987.0
84.90027777777777,28.28527777777778,1007.0
84.90027777777777,28.285000000000004,1024.0
84.90055555555556,28.284722222222225,1019.0
84.90083333333334,28.284444444444446,1013.0
84.90083333333334,28.28416666666667,1022.0
84.9011111111111,28.283888888888892,1025.0
84.90083333333334,28.283611111111114,1023.0
84.90083333333334,28.283333333333335,1020.0
84.90083333333334,28.28305555555556,1019.0
84.90055555555556,28.28277777777778,1016.0
84.90027777777777,28.282500000000002,1001.0
84.9,28.282222222222224,986.0
84.9,28.28194444444445,977.0
84.9,28.28166666666667,967.0
84.9,28.28138888888889,966.0
84.9,28.281111111111112,969.0
84.9,28.280833333333337,969.0
84.9,28.28055555555556,967.0
84.9,28.28027777777778,970.0
84.9,28.28,971.0
84.9,28.279722222222226,970.0
84.9,28.279444444444447,971.0
84.9,28.27916666666667,984.0
84.89972222222222,28.278888888888893,972.0
84.89972222222222,28.278611111111115,980.0
84.89944444444444,28.278333333333336,978.0
84.89944444444444,28.278055555555557,981.0
84.89916666666667,28.277777777777782,981.0
84.89916666666667,28.277500000000003,975.0
84.89916666666667,28.277222222222225,962.0
84.89916666666667,28.276944444444446,955.0
84.89916666666667,28.27666666666667,947.0
84.89916666666667,28.276388888888892,941.0
84.89916666666667,28.276111111111113,939.0
84.89916666666667,28.275833333333335,939.0
84.89916666666667,28.27555555555556,938.0
84.89916666666667,28.27527777777778,934.0
84.89916666666667,28.275000000000002,935.0
84.89916666666667,28.274722222222223,938.0
84.89916666666667,28.27444444444445,943.0
84.89916666666667,28.27416666666667,947.0
84.89916666666667,28.27388888888889,949.0
84.89916666666667,28.273611111111112,954.0
84.89888888888889,28.273333333333337,948.0
84.89861111111111,28.27305555555556,945.0
84.89833333333334,28.27277777777778,942.0
84.89805555555556,28.272500000000004,947.0
84.89777777777778,28.272222222222226,963.0
84.8975,28.271944444444447,969.0
84.89722222222223,28.27166666666667,969.0
84.89694444444444,28.271388888888893,967.0
84.89666666666666,28.271111111111114,971.0
84.8963888888889,28.270833333333336,970.0
84.89611111111111,28.270555555555557,966.0
84.89583333333333,28.270277777777782,962.0
84.89555555555556,28.270000000000003,959.0
84.89527777777778,28.269722222222224,953.0
84.895,28.269444444444446,952.0
84.89472222222223,28.26916666666667,952.0
84.89444444444445,28.268888888888892,954.0
84.89416666666666,28.268611111111113,970.0
84.8938888888889,28.268333333333334,982.0
84.89361111111111,28.26805555555556,985.0
84.89333333333333,28.26777777777778,979.0
84.89305555555556,28.267500000000002,949.0
84.89305555555556,28.267222222222227,938.0
84.89277777777778,28.267222222222227,936.0
84.8925,28.267222222222227,935.0
84.89222222222222,28.266944444444448,928.0
84.89194444444445,28.266944444444448,933.0
84.89166666666667,28.26666666666667,930.0
84.89138888888888,28.26638888888889,927.0
84.89111111111112,28.266111111111115,926.0
84.89083333333333,28.265833333333337,929.0
84.89055555555555,28.265555555555558,931.0
84.89027777777778,28.26527777777778,933.0
84.89,28.265000000000004,938.0
84.88972222222222,28.264722222222225,935.0
84.88944444444445,28.264444444444447,933.0
84.88944444444445,28.264166666666668,926.0
84.88944444444445,28.263888888888893,926.0
84.88916666666667,28.263611111111114,917.0
84.88916666666667,28.263333333333335,911.0
84.88916666666667,28.263055555555557,909.0
84.88916666666667,28.26277777777778,904.0
84.88916666666667,28.262500000000003,900.0
84.88916666666667,28.262222222222224,898.0
84.88916666666667,28.261944444444445,899.0
84.88916666666667,28.26166666666667,903.0
84.88916666666667,28.26138888888889,911.0
84.88888888888889,28.261111111111113,914.0
84.88888888888889,28.260833333333338,911.0
84.88861111111112,28.26055555555556,904.0
84.88861111111112,28.26027777777778,887.0
84.88861111111112,28.26,878.0
84.88833333333334,28.259722222222226,874.0
84.88833333333334,28.259444444444448,875.0
84.88833333333334,28.25916666666667,876.0
84.88833333333334,28.25888888888889,868.0
84.88833333333334,28.258611111111115,866.0
84.88833333333334,28.258333333333336,862.0
84.88805555555555,28.258055555555558,856.0
84.88777777777779,28.25777777777778,860.0
84.8875,28.257500000000004,869.0
84.88722222222222,28.257222222222225,874.0
84.88694444444444,28.256944444444446,874.0
84.88666666666667,28.256944444444446,868.0
84.88666666666667,28.256666666666668,862.0
84.88666666666667,28.256388888888893,860.0
84.88666666666667,28.256111111111114,866.0
84.88638888888889,28.255833333333335,863.0
84.8861111111111,28.25555555555556,866.0
84.88583333333334,28.25527777777778,862.0
84.88555555555556,28.255000000000003,858.0
84.88527777777777,28.254722222222224,863.0
84.885,28.25444444444445,865.0
84.88472222222222,28.25416666666667,861.0
84.88444444444444,28.25388888888889,859.0
84.88416666666667,28.253611111111113,858.0
84.88416666666667,28.253333333333337,869.0
84.88388888888889,28.25305555555556,867.0
84.88361111111111,28.25277777777778,866.0
84.88333333333334,28.2525,862.0
84.88333333333334,28.252222222222226,864.0
84.88333333333334,28.251944444444447,865.0
84.88305555555556,28.25166666666667,857.0
84.88277777777778,28.25138888888889,853.0
84.88250000000001,28.251111111111115,858.0
84.88222222222223,28.250833333333336,863.0
84.88194444444444,28.250555555555557,866.0
84.88166666666666,28.250277777777782,869.0
84.88138888888889,28.250000000000004,869.0
84.88138888888889,28.249722222222225,864.0
84.88138888888889,28.249444444444446,858.0
84.88138888888889,28.24916666666667,851.0
84.88138888888889,28.248888888888892,848.0
84.88138888888889,28.248611111111114,850.0
84.88138888888889,28.248333333333335,853.0
84.88138888888889,28.24805555555556,861.0
84.88138888888889,28.24777777777778,869.0
84.88111111111111,28.247500000000002,860.0
84.88083333333333,28.247222222222224,857.0
84.88083333333333,28.24694444444445,867.0
84.88055555555556,28.24666666666667,868.0
84.88027777777778,28.24638888888889,867.0
84.88,28.246111111111112,863.0
84.88,28.245833333333337,862.0
84.88,28.24555555555556,864.0
84.88,28.24527777777778,864.0
84.88,28.245000000000005,856.0
84.88,28.244722222222226,847.0
84.88,28.244444444444447,838.0
84.87972222222223,28.24416666666667,836.0
84.87944444444445,28.243888888888893,843.0
84.87916666666666,28.243611111111115,851.0
84.8788888888889,28.243333333333336,861.0
84.87861111111111,28.243055555555557,858.0
84.87861111111111,28.242777777777782,864.0
84.87833333333333,28.242500000000003,862.0
84.87805555555556,28.242222222222225,863.0
84.87805555555556,28.241944444444446,869.0
84.87777777777778,28.24166666666667,868.0
84.8775,28.241388888888892,867.0
84.87722222222223,28.241111111111113,869.0
84.87722222222223,28.240833333333335,861.0
84.87722222222223,28.24055555555556,852.0
84.87722222222223,28.24027777777778,847.0
84.87722222222223,28.240000000000002,845.0
84.87722222222223,28.239722222222223,843.0
84.87722222222223,28.239444444444448,843.0
84.87722222222223,28.23916666666667,843.0
84.87722222222223,28.23888888888889,845.0
84.87722222222223,28.238611111111116,844.0
84.87722222222223,28.238333333333337,840.0
84.87722222222223,28.238055555555558,839.0
84.87722222222223,28.23777777777778,840.0
84.87722222222223,28.237500000000004,848.0
84.87722222222223,28.237222222222226,855.0
84.87722222222223,28.236944444444447,862.0
84.87694444444445,28.236666666666668,843.0
84.87694444444445,28.236388888888893,849.0
84.87694444444445,28.236111111111114,853.0
84.87694444444445,28.235833333333336,848.0
84.87694444444445,28.235555555555557,842.0
84.87694444444445,28.23527777777778,840.0
84.87694444444445,28.235000000000003,838.0
84.87694444444445,28.234722222222224,833.0
84.87694444444445,28.234444444444446,831.0
84.87694444444445,28.23416666666667,834.0
84.87694444444445,28.23388888888889,835.0
84.87694444444445,28.233611111111113,832.0
84.87694444444445,28.233333333333334,833.0
84.87694444444445,28.23305555555556,839.0
84.87694444444445,28.23277777777778,846.0
84.87694444444445,28.2325,849.0
84.87694444444445,28.232222222222227,853.0
84.87694444444445,28.231944444444448,854.0
84.87694444444445,28.23166666666667,854.0
84.87694444444445,28.23138888888889,859.0
84.87666666666667,28.231111111111115,853.0
84.87666666666667,28.230833333333337,858.0
84.87638888888888,28.230555555555558,846.0
84.87638888888888,28.23027777777778,851.0
84.87638888888888,28.230000000000004,848.0
84.87638888888888,28.229722222222225,852.0
84.87638888888888,28.229444444444447,850.0
84.87638888888888,28.229166666666668,850.0
84.87638888888888,28.228888888888893,854.0
84.87638888888888,28.228611111111114,860.0
84.87611111111111,28.228333333333335,849.0
84.87611111111111,28.228055555555557,856.0
84.87583333333333,28.22777777777778,846.0
84.87555555555555,28.227500000000003,845.0
84.87527777777778,28.227222222222224,852.0
84.87527777777778,28.22694444444445,862.0
84.87527777777778,28.22666666666667,862.0
84.87527777777778,28.22638888888889,860.0
84.87527777777778,28.226111111111113,856.0
84.87527777777778,28.225833333333338,853.0
84.87527777777778,28.22555555555556,836.0
84.87527777777778,28.22527777777778,818.0
84.87527777777778,28.225,807.0
84.87527777777778,28.224722222222226,797.0
84.87527777777778,28.224444444444448,788.0
84.87527777777778,28.22416666666667,782.0
84.87527777777778,28.22388888888889,781.0
84.87527777777778,28.223611111111115,790.0
84.87527777777778,28.223333333333336,808.0
84.87555555555555,28.223055555555558,814.0
84.87583333333333,28.22277777777778,800.0
84.87583333333333,28.222500000000004,807.0
84.87611111111111,28.222222222222225,799.0
84.87611111111111,28.221944444444446,806.0
84.87611111111111,28.22166666666667,812.0
84.87611111111111,28.221388888888892,816.0
84.87638888888888,28.221111111111114,813.0
84.87638888888888,28.220833333333335,818.0
84.87638888888888,28.22055555555556,816.0
84.87638888888888,28.22027777777778,804.0
84.87638888888888,28.220000000000002,797.0
84.87666666666667,28.219722222222224,796.0
84.87666666666667,28.21944444444445,795.0
84.87666666666667,28.21916666666667,794.0
84.87666666666667,28.21888888888889,795.0
84.87666666666667,28.218611111111112,795.0
84.87666666666667,28.218333333333337,795.0
84.87638888888888,28.21805555555556,795.0
84.87638888888888,28.21777777777778,793.0
84.87638888888888,28.2175,789.0
84.87638888888888,28.217222222222226,789.0
84.87666666666667,28.216944444444447,790.0
84.87666666666667,28.21666666666667,789.0
84.87666666666667,28.216388888888893,789.0
84.87666666666667,28.216111111111115,790.0
84.87694444444445,28.215833333333336,789.0
84.87722222222223,28.215555555555557,786.0
84.87722222222223,28.215277777777782,786.0
84.87722222222223,28.215000000000003,786.0
84.87694444444445,28.214722222222225,786.0
84.87666666666667,28.214444444444446,782.0
84.87666666666667,28.21416666666667,782.0
84.87666666666667,28.213888888888892,782.0
84.87666666666667,28.213611111111113,780.0
84.87666666666667,28.213333333333335,780.0
84.87666666666667,28.21305555555556,780.0
84.87666666666667,28.21277777777778,780.0
84.87666666666667,28.212500000000002,780.0
84.87666666666667,28.212222222222223,779.0
84.87666666666667,28.21194444444445,781.0
84.87638888888888,28.21166666666667,778.0
84.87638888888888,28.21138888888889,780.0
84.87638888888888,28.211111111111112,780.0
84.87611111111111,28.210833333333337,778.0
84.87583333333333,28.21055555555556,782.0
84.87555555555555,28.21027777777778,783.0
84.87555555555555,28.210000000000004,782.0
84.87555555555555,28.209722222222226,783.0
84.87527777777778,28.209444444444447,784.0
84.87527777777778,28.20916666666667,784.0
84.87527777777778,28.208888888888893,784.0
84.875,28.208611111111114,783.0
84.87472222222222,28.208333333333336,781.0
84.87472222222222,28.208055555555557,784.0
84.875,28.207777777777782,784.0
84.875,28.207500000000003,783.0
84.875,28.207222222222224,780.0
84.875,28.206944444444446,774.0
84.875,28.20666666666667,773.0
84.875,28.206388888888892,775.0
84.875,28.206111111111113,775.0
84.875,28.205833333333334,776.0
84.875,28.20555555555556,776.0
84.875,28.20527777777778,776.0
84.875,28.205000000000002,775.0
84.875,28.204722222222227,777.0
84.87527777777778,28.204444444444448,778.0
84.87555555555555,28.20416666666667,775.0
84.87583333333333,28.20388888888889,778.0
84.87611111111111,28.203611111111115,779.0
84.87638888888888,28.203333333333337,779.0
84.87638888888888,28.203055555555558,778.0
84.87638888888888,28.20277777777778,777.0
84.87638888888888,28.202500000000004,777.0
84.87638888888888,28.202222222222225,775.0
84.87638888888888,28.201944444444447,774.0
84.87638888888888,28.201666666666668,776.0
84.87638888888888,28.201388888888893,777.0
84.87638888888888,28.201111111111114,775.0
84.87638888888888,28.200833333333335,774.0
84.87638888888888,28.200555555555557,775.0
84.87638888888888,28.20027777777778,777.0
84.87638888888888,28.200000000000003,778.0
84.87611111111111,28.199722222222224,775.0
84.87611111111111,28.199444444444445,770.0
84.87611111111111,28.19916666666667,769.0
84.87611111111111,28.19888888888889,766.0
84.87611111111111,28.198611111111113,765.0
84.87611111111111,28.198333333333338,761.0
84.87611111111111,28.19805555555556,756.0
84.87611111111111,28.19777777777778,751.0
84.87611111111111,28.1975,746.0
84.87611111111111,28.197222222222226,748.0
84.87611111111111,28.196944444444448,749.0
84.87611111111111,28.19666666666667,751.0
84.87611111111111,28.19638888888889,755.0
84.87611111111111,28.196111111111115,761.0
84.87611111111111,28.195833333333336,769.0
84.87638888888888,28.195555555555558,767.0
84.87638888888888,28.19527777777778,768.0
84.87638888888888,28.195000000000004,764.0
84.87638888888888,28.194722222222225,760.0
84.87638888888888,28.194444444444446,762.0
84.87638888888888,28.194166666666668,764.0
84.87638888888888,28.193888888888893,758.0
84.87638888888888,28.193611111111114,757.0
84.87638888888888,28.193333333333335,761.0
84.87638888888888,28.19305555555556,769.0
84.87666666666667,28.19277777777778,772.0
84.87694444444445,28.192500000000003,773.0
84.87694444444445,28.192222222222224,771.0
84.87694444444445,28.19194444444445,768.0
84.87722222222223,28.19166666666667,764.0
84.87722222222223,28.19138888888889,761.0
84.87722222222223,28.191111111111113,758.0
84.87722222222223,28.190833333333337,754.0
84.8775,28.19055555555556,753.0
84.87777777777778,28.19027777777778,750.0
84.87805555555556,28.19,747.0
84.87833333333333,28.189722222222226,745.0
84.87833333333333,28.189444444444447,745.0
84.87861111111111,28.18916666666667,744.0
84.87861111111111,28.18888888888889,739.0
84.87861111111111,28.188611111111115,735.0
84.87861111111111,28.188333333333336,732.0
84.87861111111111,28.188055555555557,732.0
84.87861111111111,28.187777777777782,736.0
84.87861111111111,28.187500000000004,738.0
84.87861111111111,28.187222222222225,737.0
84.87861111111111,28.186944444444446,734.0
84.87861111111111,28.18666666666667,735.0
84.87861111111111,28.186388888888892,737.0
84.87861111111111,28.186111111111114,737.0
84.8788888888889,28.185833333333335,733.0
84.87916666666666,28.18555555555556,734.0
84.87944444444445,28.18527777777778,737.0
84.87972222222223,28.185000000000002,737.0
84.88,28.184722222222224,738.0
84.88027777777778,28.18444444444445,736.0
84.88027777777778,28.18416666666667,733.0
84.88027777777778,28.18388888888889,732.0
84.88055555555556,28.183611111111112,723.0
84.88055555555556,28.183333333333337,722.0
84.88055555555556,28.18305555555556,724.0
84.88055555555556,28.18277777777778,729.0
84.88055555555556,28.182500000000005,732.0
84.88027777777778,28.182222222222226,732.0
84.88,28.181944444444447,728.0
84.88,28.18166666666667,722.0
84.88,28.181388888888893,717.0
84.88,28.181111111111115,714.0
84.88,28.180833333333336,709.0
84.88,28.180555555555557,703.0
84.88,28.180277777777782,696.0
84.88027777777778,28.180000000000003,692.0
84.88055555555556,28.179722222222225,692.0
84.88083333333333,28.179444444444446,693.0
84.88111111111111,28.17916666666667,691.0
84.88138888888889,28.178888888888892,696.0
84.88166666666666,28.178611111111113,712.0
84.88194444444444,28.178333333333335,713.0
84.88194444444444,28.17805555555556,710.0
84.88194444444444,28.17777777777778,705.0
84.88194444444444,28.177500000000002,705.0
84.88194444444444,28.177222222222223,708.0
84.88222222222223,28.176944444444448,705.0
84.88222222222223,28.17666666666667,709.0
84.88222222222223,28.17638888888889,709.0
84.88222222222223,28.176111111111116,705.0
84.88222222222223,28.175833333333337,700.0
84.88222222222223,28.175555555555558,697.0
84.88222222222223,28.17527777777778,695.0
84.88222222222223,28.175000000000004,695.0
84.88222222222223,28.174722222222226,699.0
84.88250000000001,28.174444444444447,698.0
84.88250000000001,28.174166666666668,708.0
84.88277777777778,28.173888888888893,709.0
84.88277777777778,28.173611111111114,703.0
84.88277777777778,28.173333333333336,699.0
84.88277777777778,28.173055555555557,696.0
84.88277777777778,28.17277777777778,694.0
84.88250000000001,28.172500000000003,691.0
84.88250000000001,28.172222222222224,685.0
84.88250000000001,28.171944444444446,681.0
84.88250000000001,28.17166666666667,679.0
84.88222222222223,28.17138888888889,668.0
84.88194444444444,28.171111111111113,664.0
84.88166666666666,28.170833333333334,664.0
84.88138888888889,28.17055555555556,659.0
84.88111111111111,28.17027777777778,664.0
84.88083333333333,28.17,668.0
84.88055555555556,28.169722222222227,666.0
84.88027777777778,28.169444444444448,667.0
84.88,28.16916666666667,666.0
84.87972222222223,28.16888888888889,663.0
84.87944444444445,28.168611111111115,657.0
84.87916666666666,28.168333333333337,658.0
84.8788888888889,28.168055555555558,669.0
84.87861111111111,28.16777777777778,676.0
84.87833333333333,28.167500000000004,671.0
84.87805555555556,28.167222222222225,668.0
84.87777777777778,28.166944444444447,656.0
84.8775,28.166666666666668,648.0
84.87722222222223,28.166388888888893,653.0
84.87694444444445,28.166111111111114,657.0
84.87666666666667,28.165833333333335,676.0
84.87638888888888,28.165555555555557,688.0
84.87611111111111,28.16527777777778,686.0
84.87611111111111,28.165000000000003,682.0
84.87583333333333,28.164722222222224,684.0
84.87555555555555,28.16444444444445,682.0
84.87527777777778,28.16416666666667,670.0
84.875,28.16388888888889,658.0
84.87472222222222,28.163611111111113,661.0
84.87444444444445,28.163333333333338,661.0
84.87416666666667,28.16305555555556,655.0
84.87388888888889,28.16277777777778,640.0
84.87361111111112,28.1625,630.0
84.87333333333333,28.162222222222226,635.0
84.87305555555555,28.161944444444448,641.0
84.87277777777778,28.16166666666667,651.0
84.8725,28.16138888888889,654.0
84.87222222222222,28.161111111111115,655.0
84.87194444444445,28.160833333333336,659.0
84.87166666666667,28.160555555555558,661.0
84.87138888888889,28.16027777777778,669.0
84.8711111111111,28.160000000000004,670.0
84.8711111111111,28.159722222222225,676.0
84.8711111111111,28.159444444444446,682.0
84.87083333333334,28.15916666666667,665.0
84.87083333333334,28.158888888888892,674.0
84.87055555555555,28.158611111111114,665.0
84.87055555555555,28.158333333333335,676.0
84.87027777777777,28.15805555555556,660.0
84.87027777777777,28.15777777777778,667.0
84.87,28.157500000000002,641.0
84.86972222222222,28.157222222222224,637.0
84.86944444444444,28.15694444444445,656.0
84.86916666666667,28.15666666666667,674.0
84.86888888888889,28.15638888888889,678.0
84.86861111111111,28.156111111111112,676.0
84.86833333333334,28.155833333333337,679.0
84.86805555555556,28.15555555555556,679.0
84.86805555555556,28.15527777777778,683.0
84.86805555555556,28.155,683.0
84.86777777777777,28.154722222222226,675.0
84.86777777777777,28.154444444444447,677.0
84.86777777777777,28.15416666666667,679.0
84.8675,28.153888888888893,672.0
84.8675,28.153611111111115,679.0
84.8675,28.153333333333336,682.0
84.8675,28.153055555555557,683.0
84.8675,28.152777777777782,683.0
84.8675,28.152500000000003,682.0
84.86722222222222,28.152222222222225,682.0
84.86694444444444,28.151944444444446,680.0
84.86694444444444,28.15166666666667,679.0
84.86666666666667,28.151388888888892,680.0
84.86638888888889,28.151111111111113,666.0
84.86638888888889,28.150833333333335,650.0
84.86638888888889,28.15055555555556,640.0
84.86638888888889,28.15027777777778,634.0
84.86638888888889,28.150000000000002,629.0
84.86638888888889,28.149722222222223,615.0
84.86638888888889,28.14944444444445,605.0
84.86638888888889,28.14916666666667,601.0
84.86638888888889,28.14888888888889,599.0
84.86638888888889,28.148611111111116,602.0
84.86638888888889,28.148333333333337,608.0
84.86638888888889,28.14805555555556,618.0
84.86638888888889,28.14777777777778,629.0
84.86638888888889,28.147500000000004,640.0
84.86638888888889,28.147222222222226,652.0
84.86611111111111,28.146944444444447,632.0
84.86611111111111,28.14666666666667,634.0
84.86611111111111,28.146388888888893,638.0
84.86611111111111,28.146111111111114,641.0
84.86611111111111,28.145833333333336,641.0
84.86583333333333,28.145555555555557,630.0
84.86555555555556,28.145277777777782,640.0
84.86527777777778,28.145000000000003,643.0
84.865,28.144722222222224,644.0
84.86472222222223,28.144444444444446,652.0
84.86444444444444,28.14416666666667,652.0
84.86416666666666,28.143888888888892,643.0
84.86416666666666,28.143611111111113,636.0
84.8638888888889,28.143611111111113,633.0
84.86361111111111,28.143611111111113,632.0
84.86333333333333,28.143333333333334,630.0
84.86305555555556,28.14305555555556,633.0
84.86277777777778,28.14277777777778,636.0
84.8625,28.142500000000002,636.0
84.86222222222223,28.142222222222227,634.0
84.86194444444445,28.141944444444448,636.0
84.86166666666666,28.14166666666667,635.0
84.8613888888889,28.14166666666667,627.0
84.86111111111111,28.14166666666667,623.0
84.86083333333333,28.14138888888889,622.0
84.86055555555555,28.141111111111115,621.0
84.86027777777778,28.141111111111115,620.0
84.86,28.140833333333337,618.0
84.85972222222222,28.140555555555558,616.0
84.85944444444445,28.140555555555558,619.0
84.85916666666667,28.14027777777778,618.0
84.85888888888888,28.14027777777778,616.0
84.85861111111112,28.140000000000004,615.0
84.85833333333333,28.139722222222225,609.0
84.85805555555555,28.139444444444447,602.0
84.85777777777778,28.139166666666668,599.0
84.8575,28.138888888888893,601.0
84.85722222222222,28.138611111111114,602.0
84.85694444444445,28.138333333333335,601.0
84.85666666666667,28.138055555555557,600.0
84.85666666666667,28.13777777777778,599.0
84.85638888888889,28.137500000000003,598.0
84.85638888888889,28.137222222222224,598.0
84.8561111111111,28.136944444444445,598.0
84.8561111111111,28.13666666666667,595.0
84.85583333333334,28.13666666666667,594.0
84.85583333333334,28.13638888888889,592.0
84.85583333333334,28.136111111111113,594.0
84.85583333333334,28.135833333333338,592.0
84.85583333333334,28.13555555555556,591.0
84.85583333333334,28.13527777777778,591.0
84.85583333333334,28.135,589.0
84.85583333333334,28.134722222222226,591.0
84.85583333333334,28.134444444444448,593.0
84.85555555555555,28.13416666666667,590.0
84.85555555555555,28.13388888888889,591.0
84.85555555555555,28.133611111111115,592.0
84.85555555555555,28.133333333333336,592.0
84.85527777777777,28.133055555555558,587.0
84.85527777777777,28.13277777777778,588.0
84.85527777777777,28.132500000000004,590.0
84.85527777777777,28.132222222222225,592.0
84.85527777777777,28.131944444444446,593.0
84.85527777777777,28.131666666666668,594.0
84.855,28.131388888888893,586.0
84.855,28.131111111111114,586.0
84.855,28.130833333333335,588.0
84.855,28.13055555555556,587.0
84.855,28.13027777777778,587.0
84.855,28.130000000000003,586.0
84.855,28.129722222222224,586.0
84.855,28.12944444444445,587.0
84.855,28.12916666666667,590.0
84.85472222222222,28.12888888888889,586.0
84.85472222222222,28.128611111111113,591.0
84.85444444444444,28.128333333333337,584.0
84.85444444444444,28.12805555555556,591.0
84.85416666666667,28.12777777777778,584.0
84.85416666666667,28.1275,587.0
84.85416666666667,28.127222222222226,589.0
84.85416666666667,28.126944444444447,592.0
84.85416666666667,28.12666666666667,592.0
84.85416666666667,28.12638888888889,593.0
84.85416666666667,28.126111111111115,594.0
84.85416666666667,28.125833333333336,593.0
84.85388888888889,28.125555555555557,592.0
84.85388888888889,28.125277777777782,591.0
84.85388888888889,28.125000000000004,594.0
84.85388888888889,28.124722222222225,594.0
84.85416666666667,28.124444444444446,591.0
84.85416666666667,28.12416666666667,589.0
84.85416666666667,28.123888888888892,593.0
84.85416666666667,28.123611111111114,594.0
84.85416666666667,28.123333333333335,591.0
84.85416666666667,28.12305555555556,590.0
84.85416666666667,28.12277777777778,589.0
84.85416666666667,28.122500000000002,586.0
84.85388888888889,28.122222222222224,587.0
84.8536111111111,28.12194444444445,590.0
84.85333333333334,28.12166666666667,585.0
84.85305555555556,28.12166666666667,582.0
84.85305555555556,28.12138888888889,582.0
84.85277777777777,28.121111111111112,584.0
84.8525,28.121111111111112,582.0
84.85222222222222,28.120833333333337,580.0
84.85194444444444,28.12055555555556,580.0
84.85166666666667,28.12027777777778,578.0
84.85138888888889,28.120000000000005,575.0
84.85111111111111,28.120000000000005,572.0
84.85083333333333,28.119722222222226,573.0
84.85055555555556,28.119444444444447,568.0
84.85027777777778,28.11916666666667,568.0
84.85,28.118888888888893,573.0
84.84972222222223,28.118611111111115,572.0
84.84944444444444,28.118611111111115,568.0
84.84916666666666,28.118611111111115,566.0
84.8488888888889,28.118333333333336,561.0
84.84861111111111,28.118333333333336,559.0
84.84833333333333,28.118333333333336,562.0
84.84805555555556,28.118055555555557,564.0
84.84777777777778,28.118055555555557,563.0
84.8475,28.117777777777782,561.0
84.84722222222223,28.117777777777782,560.0
84.84694444444445,28.117777777777782,563.0
84.84666666666666,28.117500000000003,562.0
84.8463888888889,28.117500000000003,563.0
84.84611111111111,28.117500000000003,559.0
84.84583333333333,28.117500000000003,560.0
84.84555555555555,28.117500000000003,562.0
84.84527777777778,28.117222222222225,558.0
84.845,28.117222222222225,561.0
84.84472222222222,28.116944444444446,555.0
84.84444444444445,28.11666666666667,554.0
84.84416666666667,28.116388888888892,557.0
84.84388888888888,28.116111111111113,557.0
84.84361111111112,28.115833333333335,559.0
84.84333333333333,28.11555555555556,561.0
84.84305555555555,28.11527777777778,560.0
84.84277777777778,28.115000000000002,559.0
84.84277777777778,28.114722222222223,558.0
84.84277777777778,28.114444444444448,560.0
84.84277777777778,28.11416666666667,559.0
84.84277777777778,28.11388888888889,561.0
84.8425,28.113611111111116,563.0
84.8425,28.113333333333337,562.0
84.8425,28.113055555555558,557.0
84.8425,28.11277777777778,555.0
84.8425,28.112500000000004,555.0
84.8425,28.112222222222226,555.0
84.84222222222222,28.111944444444447,556.0
84.84194444444445,28.111666666666668,556.0
84.84194444444445,28.111388888888893,554.0
84.84194444444445,28.111111111111114,554.0
84.84166666666667,28.110833333333336,553.0
84.84166666666667,28.110555555555557,552.0
84.84138888888889,28.11027777777778,550.0
84.84138888888889,28.110000000000003,551.0
84.84111111111112,28.109722222222224,552.0
84.84083333333334,28.109444444444446,550.0
84.84055555555555,28.10916666666667,549.0
84.84027777777777,28.10888888888889,549.0
84.84027777777777,28.108611111111113,549.0
84.84,28.108333333333334,547.0
84.84,28.10805555555556,550.0
84.83972222222222,28.10777777777778,549.0
84.83944444444444,28.10777777777778,548.0
84.83916666666667,28.1075,544.0
84.83888888888889,28.107222222222227,549.0
84.8386111111111,28.106944444444448,547.0
84.83833333333334,28.10666666666667,542.0
84.83833333333334,28.10638888888889,541.0
84.83805555555556,28.106111111111115,540.0
84.83805555555556,28.105833333333337,542.0
84.83777777777777,28.105555555555558,542.0
84.8375,28.10527777777778,541.0
84.8375,28.105000000000004,541.0
84.8375,28.104722222222225,541.0
84.8375,28.104444444444447,542.0
84.83722222222222,28.104166666666668,541.0
84.83722222222222,28.103888888888893,541.0
84.83722222222222,28.103611111111114,542.0
84.83722222222222,28.103333333333335,540.0
84.83722222222222,28.103055555555557,540.0
84.83722222222222,28.10277777777778,539.0
84.83722222222222,28.102500000000003,536.0
84.83722222222222,28.102222222222224,535.0
84.83722222222222,28.10194444444445,536.0
84.83722222222222,28.10166666666667,538.0
84.83722222222222,28.10138888888889,539.0
84.83722222222222,28.101111111111113,541.0
84.83694444444444,28.100833333333338,541.0
84.83694444444444,28.10055555555556,539.0
84.83694444444444,28.10027777777778,541.0
84.83694444444444,28.1,539.0
84.83694444444444,28.099722222222226,539.0
84.83694444444444,28.099444444444448,540.0
84.83694444444444,28.09916666666667,540.0
84.83694444444444,28.09888888888889,538.0
84.83694444444444,28.098611111111115,538.0
84.83694444444444,28.098333333333336,540.0
84.83694444444444,28.098055555555558,540.0
84.83694444444444,28.09777777777778,539.0
84.83694444444444,28.097500000000004,537.0
84.83694444444444,28.097222222222225,536.0
84.83694444444444,28.096944444444446,536.0
84.83694444444444,28.09666666666667,537.0
84.83694444444444,28.096388888888892,539.0
84.83694444444444,28.096111111111114,540.0
84.83694444444444,28.095833333333335,540.0
84.83694444444444,28.09555555555556,540.0
84.83666666666667,28.09527777777778,539.0
84.83666666666667,28.095000000000002,538.0
84.83638888888889,28.094722222222224,536.0
84.83611111111111,28.09444444444445,533.0
84.83611111111111,28.09416666666667,529.0
84.83611111111111,28.09388888888889,527.0
84.83611111111111,28.093611111111112,527.0
84.83583333333334,28.093333333333337,527.0
84.83555555555556,28.09305555555556,526.0
84.83527777777778,28.09277777777778,526.0
84.835,28.0925,527.0
84.83472222222223,28.092222222222226,524.0
84.83444444444444,28.091944444444447,526.0
84.83416666666666,28.09166666666667,526.0
84.8338888888889,28.091388888888893,525.0
84.83361111111111,28.091111111111115,525.0
84.83333333333333,28.090833333333336,524.0
84.83305555555556,28.090555555555557,524.0
84.83277777777778,28.090277777777782,523.0
84.8325,28.090000000000003,525.0
84.83222222222223,28.089722222222225,524.0
84.83222222222223,28.089444444444446,527.0
84.83222222222223,28.08916666666667,528.0
84.83194444444445,28.088888888888892,526.0
84.83194444444445,28.088611111111113,523.0
84.83194444444445,28.088333333333335,522.0
84.83194444444445,28.08805555555556,521.0
84.83194444444445,28.08777777777778,520.0
84.83194444444445,28.087500000000002,520.0
84.83166666666666,28.087222222222223,519.0
84.83166666666666,28.08694444444445,518.0
84.83166666666666,28.08666666666667,518.0
84.83166666666666,28.08638888888889,517.0
84.83166666666666,28.086111111111116,517.0
84.83166666666666,28.085833333333337,518.0
84.8313888888889,28.08555555555556,518.0
84.8313888888889,28.08527777777778,518.0
84.8313888888889,28.085000000000004,518.0
84.8313888888889,28.084722222222226,517.0
84.83111111111111,28.084444444444447,519.0
84.83111111111111,28.08416666666667,519.0
84.83111111111111,28.083888888888893,514.0
84.83083333333333,28.083611111111114,513.0
84.83055555555556,28.083333333333336,513.0
84.83027777777778,28.083055555555557,513.0
84.83,28.082777777777782,512.0
84.82972222222222,28.082500000000003,512.0
84.82944444444445,28.082222222222224,512.0
84.82916666666667,28.081944444444446,512.0
84.82888888888888,28.08166666666667,511.0
84.82888888888888,28.081388888888892,511.0
84.82888888888888,28.081111111111113,511.0
84.82861111111112,28.080833333333334,511.0
84.82833333333333,28.08055555555556,510.0
84.82833333333333,28.08027777777778,510.0
84.82833333333333,28.080000000000002,510.0
84.82833333333333,28.079722222222227,510.0
84.82833333333333,28.079444444444448,510.0
84.82833333333333,28.07916666666667,509.0
84.82833333333333,28.07888888888889,509.0
84.82833333333333,28.078611111111115,509.0
84.82833333333333,28.078333333333337,509.0
84.82833333333333,28.078055555555558,509.0
84.82833333333333,28.07777777777778,508.0
84.82833333333333,28.077500000000004,508.0
84.82833333333333,28.077222222222225,508.0
84.82833333333333,28.076944444444447,508.0
84.82833333333333,28.076666666666668,508.0
84.82833333333333,28.076388888888893,507.0
84.82833333333333,28.076111111111114,507.0
84.82805555555555,28.075833333333335,507.0
84.82777777777778,28.075555555555557,507.0
84.8275,28.07527777777778,506.0
84.8275,28.075000000000003,506.0
84.82722222222222,28.074722222222224,506.0
84.82694444444445,28.074444444444445,506.0
84.82666666666667,28.07416666666667,505.0
84.82666666666667,28.07388888888889,505.0
84.82666666666667,28.073611111111113,505.0
84.82666666666667,28.073333333333338,505.0
84.82666666666667,28.07305555555556,505.0
84.82638888888889,28.07277777777778,504.0
84.82638888888889,28.0725,504.0
84.82611111111112,28.072222222222226,504.0
84.82583333333334,28.071944444444448,504.0
84.82555555555555,28.07166666666667,503.0
84.82555555555555,28.07138888888889,503.0
84.82555555555555,28.071111111111115,503.0
84.82555555555555,28.070833333333336,503.0
84.82527777777779,28.070555555555558,503.0
84.82527777777779,28.07027777777778,502.0
84.82527777777779,28.070000000000004,502.0
84.82527777777779,28.069722222222225,502.0
84.82527777777779,28.069444444444446,502.0
84.825,28.069166666666668,501.0
84.825,28.068888888888893,501.0
84.825,28.068611111111114,501.0
84.82472222222222,28.068333333333335,501.0
84.82472222222222,28.06805555555556,501.0
84.82472222222222,28.06777777777778,500.0
84.82444444444444,28.067500000000003,500.0
84.82444444444444,28.067222222222224,500.0
84.82416666666667,28.06694444444445,500.0
84.82388888888889,28.06666666666667,499.0
84.8236111111111,28.06638888888889,499.0
84.82333333333334,28.066111111111113,499.0
84.82305555555556,28.065833333333337,499.0
84.82277777777777,28.06555555555556,498.0
84.82277777777777,28.06527777777778,498.0
84.8225,28.065,498.0
84.82222222222222,28.064722222222226,498.0
84.82194444444444,28.064444444444447,497.0
84.82194444444444,28.06416666666667,497.0
84.82166666666667,28.06388888888889,497.0
84.82138888888889,28.063611111111115,497.0
84.82111111111111,28.063333333333336,496.0
84.82083333333334,28.063055555555557,496.0
84.82083333333334,28.062777777777782,496.0
84.82055555555556,28.062500000000004,495.0
84.82055555555556,28.062222222222225,495.0
84.82055555555556,28.061944444444446,495.0
84.82055555555556,28.06166666666667,495.0
84.82055555555556,28.061388888888892,495.0
84.82055555555556,28.061111111111114,494.0
84.82055555555556,28.060833333333335,494.0
84.82055555555556,28.06055555555556,494.0
84.82083333333334,28.06027777777778,494.0
84.82111111111111,28.060000000000002,493.0
84.82111111111111,28.059722222222224,493.0
84.82111111111111,28.05944444444445,493.0
84.82111111111111,28.05916666666667,493.0
84.82111111111111,28.05888888888889,493.0
84.82138888888889,28.058611111111112,492.0
84.82138888888889,28.058333333333337,492.0
84.82138888888889,28.05805555555556,492.0
84.82111111111111,28.05777777777778,492.0
84.82083333333334,28.057500000000005,491.0
84.82083333333334,28.057222222222226,491.0
84.82055555555556,28.056944444444447,491.0
84.82027777777778,28.05666666666667,491.0
84.82000000000001,28.056388888888893,490.0
84.82000000000001,28.056111111111115,490.0
84.81972222222223,28.055833333333336,490.0
84.81944444444444,28.055555555555557,490.0
84.81916666666666,28.055277777777782,489.0
84.81916666666666,28.055000000000003,489.0
84.81888888888889,28.054722222222225,489.0
84.81861111111111,28.054444444444446,488.0
84.81861111111111,28.05416666666667,488.0
84.81861111111111,28.053888888888892,488.0
84.81861111111111,28.053611111111113,488.0
84.81833333333333,28.053333333333335,488.0
84.81833333333333,28.05305555555556,487.0
84.81833333333333,28.05277777777778,487.0
84.81833333333333,28.052500000000002,487.0
84.81833333333333,28.052222222222223,487.0
84.81833333333333,28.051944444444448,487.0
84.81833333333333,28.05166666666667,486.0
84.81833333333333,28.05138888888889,486.0
84.81833333333333,28.051111111111116,486.0
84.81833333333333,28.050833333333337,486.0
84.81833333333333,28.050555555555558,486.0
84.81833333333333,28.05027777777778,485.0
84.81833333333333,28.050000000000004,485.0
84.81861111111111,28.049722222222226,484.0
84.81861111111111,28.049444444444447,483.0
84.81861111111111,28.049166666666668,482.0
84.81861111111111,28.048888888888893,482.0
84.81861111111111,28.048611111111114,481.0
84.81861111111111,28.048333333333336,480.0
84.81833333333333,28.048055555555557,483.0
84.81805555555556,28.04777777777778,483.0
84.81777777777778,28.047500000000003,483.0
84.81777777777778,28.047222222222224,483.0
84.8175,28.046944444444446,483.0
84.81722222222223,28.04666666666667,483.0
84.81694444444445,28.04638888888889,482.0
84.81666666666666,28.04638888888889,482.0
84.8163888888889,28.04638888888889,482.0
84.81611111111111,28.04638888888889,482.0
84.81583333333333,28.046111111111113,482.0
84.81555555555556,28.045833333333334,481.0
84.81527777777778,28.045833333333334,481.0
84.815,28.045833333333334,481.0
84.81472222222223,28.045833333333334,481.0
84.81444444444445,28.04555555555556,481.0
84.81416666666667,28.04527777777778,480.0
84.81388888888888,28.045,480.0
84.81361111111111,28.044722222222227,480.0
84.81333333333333,28.044444444444448,480.0
84.81305555555555,28.04416666666667,479.0
84.81305555555555,28.04388888888889,479.0
84.81277777777778,28.043611111111115,479.0
84.8125,28.043333333333337,479.0
84.81222222222222,28.043055555555558,478.0
84.81222222222222,28.04277777777778,478.0
84.81194444444445,28.042500000000004,478.0
84.81166666666667,28.042222222222225,478.0
84.81138888888889,28.041944444444447,477.0
84.81138888888889,28.041666666666668,477.0
84.81111111111112,28.041388888888893,477.0
84.81111111111112,28.041111111111114,477.0
84.81111111111112,28.040833333333335,476.0
84.81083333333333,28.040555555555557,476.0
84.81083333333333,28.04027777777778,476.0
84.81055555555555,28.040000000000003,476.0
84.81027777777778,28.039722222222224,475.0
84.81,28.03944444444445,475.0
84.80972222222222,28.03916666666667,475.0
84.80944444444445,28.03888888888889,475.0
84.80916666666667,28.038611111111113,474.0
84.80916666666667,28.038333333333338,473.0
84.80916666666667,28.03805555555556,472.0
84.80916666666667,28.03777777777778,470.0
84.80916666666667,28.0375,470.0
84.80916666666667,28.037222222222226,471.0
84.80916666666667,28.036944444444448,471.0
84.80916666666667,28.03666666666667,471.0
84.80916666666667,28.03638888888889,470.0
84.80916666666667,28.036111111111115,470.0
84.80916666666667,28.035833333333336,469.0
84.80916666666667,28.035555555555558,468.0
84.80916666666667,28.03527777777778,469.0
84.80916666666667,28.035000000000004,473.0
84.80944444444445,28.034722222222225,473.0
84.80944444444445,28.034444444444446,473.0
84.80972222222222,28.03416666666667,472.0
84.81,28.033888888888892,473.0
84.81027777777778,28.033611111111114,471.0
84.81055555555555,28.033333333333335,469.0
84.81083333333333,28.03305555555556,468.0
84.81111111111112,28.03277777777778,467.0
84.81138888888889,28.032500000000002,467.0
84.81166666666667,28.032222222222224,468.0
84.81194444444445,28.03194444444445,471.0
84.81222222222222,28.03166666666667,473.0
84.8125,28.03138888888889,472.0
84.81277777777778,28.031111111111112,471.0
84.81277777777778,28.030833333333337,470.0
84.81277777777778,28.03055555555556,470.0
84.81277777777778,28.03027777777778,469.0
84.8125,28.03,467.0
84.81277777777778,28.029722222222226,467.0
84.81305555555555,28.029444444444447,465.0
84.81305555555555,28.02916666666667,464.0
84.81305555555555,28.028888888888893,464.0
84.81305555555555,28.028611111111115,464.0
84.81305555555555,28.028333333333336,464.0
84.81277777777778,28.028055555555557,464.0
84.8125,28.027777777777782,464.0
84.81277777777778,28.027500000000003,464.0
84.81305555555555,28.027222222222225,464.0
84.81305555555555,28.026944444444446,463.0
84.81277777777778,28.02666666666667,462.0
84.81277777777778,28.026388888888892,462.0
84.81277777777778,28.026111111111113,462.0
84.81277777777778,28.025833333333335,462.0
84.81277777777778,28.02555555555556,462.0
84.8125,28.02527777777778,461.0
84.8125,28.025000000000002,461.0
84.8125,28.024722222222223,461.0
84.8125,28.02444444444445,461.0
84.8125,28.02416666666667,459.0
84.8125,28.02388888888889,459.0
84.8125,28.023611111111116,461.0
84.81277777777778,28.023333333333337,461.0
84.81277777777778,28.02305555555556,461.0
84.81277777777778,28.02277777777778,462.0
84.81305555555555,28.022500000000004,462.0
84.81305555555555,28.022222222222226,459.0
84.81305555555555,28.021944444444447,457.0
84.81277777777778,28.02166666666667,458.0
84.8125,28.021388888888893,458.0
84.81222222222222,28.021111111111114,457.0
84.81194444444445,28.020833333333336,457.0
84.81166666666667,28.020555555555557,457.0
84.81138888888889,28.020277777777782,457.0
84.81111111111112,28.020000000000003,456.0
84.81083333333333,28.019722222222224,456.0
84.81055555555555,28.019444444444446,456.0
84.81027777777778,28.01916666666667,456.0
84.81,28.018888888888892,455.0
84.81,28.018611111111113,455.0
84.81,28.018333333333334,455.0
84.81,28.01805555555556,455.0
84.81,28.01777777777778,455.0
84.81,28.017500000000002,455.0
84.80972222222222,28.017222222222227,454.0
84.80972222222222,28.016944444444448,454.0
84.80972222222222,28.01666666666667,454.0
84.80972222222222,28.01638888888889,454.0
84.80972222222222,28.016111111111115,454.0
84.80972222222222,28.015833333333337,453.0
84.80972222222222,28.015555555555558,453.0
84.80972222222222,28.01527777777778,453.0
84.80972222222222,28.015000000000004,453.0
84.80972222222222,28.014722222222225,453.0
84.81,28.014444444444447,452.0
84.81,28.014166666666668,452.0
84.81,28.013888888888893,452.0
84.81,28.013611111111114,452.0
84.81027777777778,28.013333333333335,452.0
84.81055555555555,28.013055555555557,451.0
84.81083333333333,28.01277777777778,451.0
84.81111111111112,28.012500000000003,451.0
84.81138888888889,28.012222222222224,451.0
84.81166666666667,28.011944444444445,450.0
84.81194444444445,28.01166666666667,450.0
84.81222222222222,28.01138888888889,450.0
84.8125,28.011111111111113,450.0
84.81277777777778,28.011111111111113,449.0
84.81277777777778,28.010833333333338,449.0
84.81305555555555,28.01055555555556,449.0
84.81333333333333,28.01027777777778,449.0
84.81361111111111,28.01,449.0
84.81388888888888,28.009722222222226,448.0
84.81388888888888,28.009444444444448,448.0
84.81388888888888,28.00916666666667,448.0
84.81361111111111,28.00888888888889,448.0
84.81361111111111,28.008611111111115,448.0
84.81361111111111,28.008333333333336,448.0
84.81361111111111,28.008055555555558,448.0
84.81361111111111,28.00777777777778,447.0
84.81361111111111,28.007500000000004,447.0
84.81333333333333,28.007222222222225,447.0
84.81333333333333,28.006944444444446,447.0
84.81333333333333,28.006666666666668,447.0
84.81305555555555,28.006388888888893,446.0
84.81277777777778,28.006111111111114,446.0
84.8125,28.005833333333335,446.0
84.81222222222222,28.00555555555556,446.0
84.81194444444445,28.00527777777778,445.0
84.81194444444445,28.005000000000003,445.0
84.81194444444445,28.004722222222224,445.0
84.81194444444445,28.00444444444445,445.0
84.81194444444445,28.00416666666667,445.0
84.81194444444445,28.00388888888889,445.0
84.81194444444445,28.003611111111113,444.0
84.81166666666667,28.003333333333337,444.0
84.81138888888889,28.00305555555556,444.0
84.81111111111112,28.00277777777778,444.0
84.81083333333333,28.0025,443.0
84.81055555555555,28.0025,443.0
84.81027777777778,28.0025,443.0
84.81,28.002222222222226,443.0
84.80972222222222,28.001944444444447,443.0
84.80944444444445,28.00166666666667,442.0
84.80916666666667,28.00166666666667,442.0
84.80888888888889,28.00166666666667,442.0
84.8086111111111,28.00166666666667,442.0
84.80833333333334,28.00166666666667,442.0
84.80805555555555,28.00166666666667,442.0
84.80777777777777,28.00166666666667,441.0
84.8075,28.00166666666667,441.0
84.80722222222222,28.00166666666667,441.0
84.80694444444444,28.00166666666667,441.0
84.80666666666667,28.00138888888889,441.0
84.80638888888889,28.00138888888889,441.0
84.80611111111111,28.001111111111115,440.0
84.80583333333334,28.001111111111115,440.0
84.80555555555556,28.001111111111115,440.0
84.80527777777777,28.001111111111115,440.0
84.805,28.000833333333336,440.0
84.80472222222222,28.000555555555557,439.0
84.80444444444444,28.000555555555557,439.0
84.80416666666667,28.000555555555557,439.0
84.80388888888889,28.000555555555557,439.0
84.80361111111111,28.000555555555557,439.0
84.80333333333333,28.000555555555557,439.0
84.80305555555556,28.000555555555557,439.0
84.80277777777778,28.000555555555557,438.0
84.8025,28.000555555555557,438.0
84.80222222222223,28.000555555555557,438.0
84.80194444444444,28.000555555555557,438.0
84.80166666666666,28.000555555555557,438.0
84.8013888888889,28.000833333333336,437.0
84.80111111111111,28.000833333333336,437.0
84.80083333333333,28.000833333333336,437.0
84.80055555555556,28.000833333333336,437.0
84.80027777777778,28.000833333333336,437.0
84.8,28.000833333333336,437.0
84.79972222222223,28.000833333333336,436.0
84.79944444444445,28.000833333333336,436.0
84.79916666666666,28.001111111111115,436.0
84.7988888888889,28.001111111111115,436.0
84.79861111111111,28.00138888888889,436.0
84.79833333333333,28.00166666666667,436.0
84.79805555555555,28.00166666666667,436.0
84.79777777777778,28.001944444444447,435.0
84.7975,28.001944444444447,435.0
84.79722222222222,28.00166666666667,435.0
84.79722222222222,28.00138888888889,435.0
84.79694444444445,28.001111111111115,434.0
84.79722222222222,28.000833333333336,435.0
84.7975,28.000555555555557,435.0
84.7975,28.000277777777782,434.0
84.7975,28.000000000000004,433.0
84.7975,27.999722222222225,430.0
84.7975,27.999444444444446,432.0
84.7975,27.99916666666667,433.0
84.7975,27.998888888888892,434.0
84.79722222222222,27.998611111111114,433.0
84.79722222222222,27.998333333333335,431.0
84.79694444444445,27.99805555555556,430.0
84.79666666666667,27.99805555555556,430.0
84.79638888888888,27.99805555555556,430.0
84.79611111111112,27.99805555555556,430.0
84.79583333333333,27.99805555555556,430.0
84.79555555555555,27.99805555555556,429.0
84.79527777777778,27.99805555555556,429.0
84.795,27.99805555555556,429.0
84.79472222222222,27.99805555555556,429.0
84.79444444444445,27.99805555555556,429.0
84.79416666666667,27.99805555555556,429.0
84.79388888888889,27.99805555555556,428.0
84.7936111111111,27.99805555555556,428.0
84.79333333333334,27.99805555555556,428.0
84.79305555555555,27.99805555555556,428.0
84.79277777777777,27.99805555555556,427.0
84.7925,27.99805555555556,427.0
84.79222222222222,27.99805555555556,427.0
84.79194444444444,27.99805555555556,427.0
84.79166666666667,27.99805555555556,427.0
84.79138888888889,27.99805555555556,427.0
84.7911111111111,27.99777777777778,426.0
84.79083333333334,27.997500000000002,428.0
84.79055555555556,27.997222222222224,428.0
84.79027777777777,27.99694444444445,429.0
84.79,27.99666666666667,427.0
84.78972222222222,27.99638888888889,429.0
84.78944444444444,27.996111111111112,428.0
84.78916666666667,27.995833333333337,428.0
84.78888888888889,27.99555555555556,426.0
84.78861111111111,27.99527777777778,425.0
84.78861111111111,27.995000000000005,429.0
84.78833333333333,27.994722222222226,429.0
84.78833333333333,27.994444444444447,427.0
84.78861111111111,27.99416666666667,426.0
84.78861111111111,27.993888888888893,425.0
84.78861111111111,27.993611111111115,421.0
84.78861111111111,27.993333333333336,423.0
84.78861111111111,27.993055555555557,423.0
84.78861111111111,27.992777777777782,421.0
84.78861111111111,27.992500000000003,421.0
84.78861111111111,27.992222222222225,422.0
84.78861111111111,27.991944444444446,423.0
84.78861111111111,27.99166666666667,422.0
84.78861111111111,27.991388888888892,421.0
84.78861111111111,27.991111111111113,421.0
84.78861111111111,27.990833333333335,421.0
84.78861111111111,27.99055555555556,420.0
84.78861111111111,27.99027777777778,422.0
84.78833333333333,27.990000000000002,424.0
84.78805555555556,27.989722222222223,424.0
84.78777777777778,27.989444444444448,422.0
84.78777777777778,27.98916666666667,422.0
84.7875,27.98888888888889,421.0
84.78722222222223,27.988611111111116,421.0
84.78694444444444,27.988333333333337,420.0
84.78666666666666,27.988055555555558,421.0
84.7863888888889,27.98777777777778,421.0
84.7863888888889,27.987500000000004,420.0
84.7863888888889,27.987222222222226,420.0
84.7863888888889,27.986944444444447,419.0
84.7863888888889,27.986666666666668,419.0
84.7863888888889,27.986388888888893,420.0
84.78611111111111,27.986111111111114,420.0
84.78583333333333,27.985833333333336,420.0
84.78555555555556,27.985555555555557,419.0
84.78527777777778,27.98527777777778,419.0
84.785,27.985000000000003,421.0
84.78472222222223,27.984722222222224,420.0
84.78472222222223,27.984444444444446,419.0
84.78444444444445,27.98416666666667,417.0
84.78416666666666,27.98388888888889,419.0
84.7838888888889,27.983611111111113,419.0
84.78361111111111,27.983333333333334,418.0
84.78361111111111,27.98305555555556,416.0
84.78333333333333,27.98277777777778,415.0
84.78305555555555,27.98277777777778,415.0
84.78277777777778,27.98277777777778,415.0
84.7825,27.9825,415.0
84.78222222222222,27.9825,415.0
84.78194444444445,27.9825,415.0
84.78166666666667,27.9825,414.0
84.78138888888888,27.982222222222227,414.0
84.78111111111112,27.982222222222227,414.0
84.78083333333333,27.982222222222227,414.0
84.78055555555555,27.982222222222227,414.0
84.78027777777778,27.982222222222227,414.0
84.78,27.982222222222227,413.0
84.77972222222222,27.981944444444448,413.0
84.77944444444445,27.98166666666667,413.0
84.77916666666667,27.98138888888889,413.0
84.77888888888889,27.981111111111115,413.0
84.77861111111112,27.980833333333337,414.0
84.77833333333334,27.980555555555558,414.0
84.77805555555555,27.98027777777778,413.0
84.77777777777777,27.980000000000004,413.0
84.7775,27.979722222222225,413.0
84.77722222222222,27.979444444444447,414.0
84.77694444444444,27.979166666666668,414.0
84.77694444444444,27.978888888888893,414.0
84.77666666666667,27.978611111111114,413.0
84.77638888888889,27.978333333333335,412.0
84.77666666666667,27.978055555555557,412.0
84.77694444444444,27.97777777777778,410.0
84.77666666666667,27.977500000000003,409.0
84.77638888888889,27.977500000000003,409.0
84.7761111111111,27.977222222222224,409.0
84.77583333333334,27.977222222222224,409.0
84.77555555555556,27.977222222222224,409.0
84.77527777777777,27.977222222222224,409.0
84.775,27.977222222222224,408.0
84.77472222222222,27.977222222222224,408.0
84.77444444444444,27.977222222222224,408.0
84.77416666666667,27.977222222222224,408.0
84.77388888888889,27.977222222222224,408.0
84.77361111111111,27.977222222222224,408.0
84.77333333333334,27.977222222222224,407.0
84.77305555555556,27.977500000000003,407.0
84.77277777777778,27.977500000000003,407.0
84.7725,27.977500000000003,407.0
84.77222222222223,27.977222222222224,408.0
84.77194444444444,27.97694444444445,409.0
84.77194444444444,27.97666666666667,409.0
84.77194444444444,27.97638888888889,407.0
84.77194444444444,27.976111111111113,407.0
84.77194444444444,27.975833333333338,408.0
84.77222222222223,27.97555555555556,406.0
84.7725,27.97527777777778,404.0
84.77277777777778,27.975,407.0
84.77305555555556,27.974722222222226,405.0
84.77333333333334,27.974444444444448,405.0
84.77361111111111,27.97416666666667,406.0
84.77388888888889,27.97388888888889,401.0
84.77416666666667,27.973611111111115,404.0
84.77444444444444,27.973333333333336,404.0
84.77444444444444,27.973055555555558,406.0
84.77472222222222,27.97277777777778,406.0
84.77472222222222,27.972500000000004,406.0
84.77472222222222,27.972222222222225,404.0
84.77472222222222,27.971944444444446,405.0
84.77472222222222,27.97166666666667,401.0
84.77444444444444,27.97166666666667,403.0
84.77416666666667,27.971388888888892,403.0
84.77388888888889,27.971111111111114,401.0
84.77361111111111,27.970833333333335,402.0
84.77361111111111,27.97055555555556,401.0
84.77333333333334,27.97055555555556,400.0
84.77305555555556,27.97027777777778,401.0
84.77277777777778,27.970000000000002,400.0
84.7725,27.969722222222224,400.0
84.77222222222223,27.969722222222224,400.0
84.77194444444444,27.96944444444445,399.0
84.77166666666666,27.96916666666667,399.0
84.7713888888889,27.96888888888889,398.0
84.77111111111111,27.968611111111112,398.0
84.77083333333333,27.968333333333337,398.0
84.77055555555556,27.96805555555556,398.0
84.77027777777778,27.96777777777778,398.0
84.77,27.9675,398.0
84.76972222222223,27.967222222222226,397.0
84.76944444444445,27.967222222222226,397.0
84.76916666666666,27.967222222222226,397.0
84.7688888888889,27.967222222222226,397.0
84.76861111111111,27.967222222222226,397.0
84.76833333333333,27.967222222222226,397.0
84.76805555555556,27.967222222222226,397.0
84.76777777777778,27.967222222222226,397.0
84.7675,27.967222222222226,397.0
84.76722222222222,27.967222222222226,397.0
84.76694444444445,27.967222222222226,397.0
84.76666666666667,27.967222222222226,396.0
84.76638888888888,27.967222222222226,396.0
84.76611111111112,27.967222222222226,396.0
84.76583333333333,27.967222222222226,396.0
84.76555555555555,27.967222222222226,396.0
84.76527777777778,27.967222222222226,396.0
84.765,27.9675,396.0
84.76472222222222,27.9675,396.0
84.76444444444445,27.9675,396.0
84.76416666666667,27.9675,396.0
84.76388888888889,27.9675,396.0
84.76361111111112,27.9675,395.0
84.76333333333334,27.9675,395.0
84.76305555555555,27.9675,395.0
84.76277777777779,27.9675,395.0
84.7625,27.9675,395.0
84.76222222222222,27.9675,395.0
84.76194444444444,27.9675,395.0
84.76166666666667,27.9675,395.0
84.76138888888889,27.9675,395.0
84.7611111111111,27.9675,394.0
84.76083333333334,27.967222222222226,394.0
84.76055555555556,27.966944444444447,394.0
84.76027777777777,27.96666666666667,394.0
84.76,27.966388888888893,394.0
84.75972222222222,27.966111111111115,394.0
84.75944444444444,27.965833333333336,393.0
84.75916666666667,27.965555555555557,393.0
84.75916666666667,27.965277777777782,393.0
84.75888888888889,27.965000000000003,393.0
84.75861111111111,27.964722222222225,393.0
84.75833333333334,27.964444444444446,393.0
84.75805555555556,27.96416666666667,392.0
84.75777777777778,27.963888888888892,392.0
84.75750000000001,27.963611111111113,392.0
84.75722222222223,27.963333333333335,392.0
84.75694444444444,27.963333333333335,392.0
84.75666666666666,27.96305555555556,392.0
84.75638888888889,27.96277777777778,391.0
84.75611111111111,27.96277777777778,391.0
84.75583333333333,27.96277777777778,391.0
84.75555555555556,27.96277777777778,391.0
84.75527777777778,27.96277777777778,391.0
84.755,27.96277777777778,391.0
84.75472222222223,27.962500000000002,391.0
84.75444444444445,27.962222222222223,391.0
84.75416666666666,27.96194444444445,390.0
84.7538888888889,27.96194444444445,390.0
84.75361111111111,27.96194444444445,390.0
84.75333333333333,27.96194444444445,390.0
84.75305555555556,27.96194444444445,390.0
84.75277777777778,27.96194444444445,390.0
84.7525,27.96194444444445,390.0
84.75222222222223,27.96194444444445,390.0
84.75194444444445,27.96194444444445,390.0
84.75166666666667,27.96166666666667,389.0
84.75138888888888,27.96166666666667,389.0
84.75111111111111,27.96166666666667,389.0
84.75083333333333,27.96166666666667,389.0
84.75055555555555,27.96166666666667,389.0
84.75027777777778,27.96138888888889,389.0
84.75,27.96138888888889,389.0
84.74972222222222,27.96138888888889,389.0
84.74944444444445,27.961111111111116,389.0
84.74916666666667,27.961111111111116,388.0
84.74888888888889,27.961111111111116,388.0
84.74861111111112,27.960833333333337,388.0
84.74833333333333,27.960833333333337,388.0
84.74805555555555,27.960833333333337,388.0
84.74777777777778,27.960833333333337,388.0
84.7475,27.960833333333337,388.0
84.74722222222222,27.960833333333337,388.0
84.74694444444445,27.96055555555556,387.0
84.74666666666667,27.96055555555556,387.0
84.74638888888889,27.96055555555556,387.0
84.7461111111111,27.96027777777778,387.0
84.74583333333334,27.960000000000004,387.0
84.74583333333334,27.959722222222226,387.0
84.74583333333334,27.959444444444447,387.0
84.74583333333334,27.95916666666667,386.0
84.74583333333334,27.958888888888893,386.0
84.74583333333334,27.958611111111114,386.0
84.74583333333334,27.958333333333336,386.0
84.74583333333334,27.958055555555557,386.0
84.74583333333334,27.957777777777782,386.0
84.74583333333334,27.957500000000003,386.0
84.74583333333334,27.957222222222224,386.0
84.74583333333334,27.956944444444446,386.0
84.74583333333334,27.95666666666667,385.0
84.74583333333334,27.956388888888892,385.0
84.74583333333334,27.956111111111113,385.0
84.7461111111111,27.955833333333334,385.0
84.7461111111111,27.95555555555556,385.0
84.7461111111111,27.95527777777778,385.0
84.7461111111111,27.955000000000002,385.0
84.7461111111111,27.954722222222227,385.0
84.7461111111111,27.954444444444448,385.0
84.7461111111111,27.95416666666667,385.0
84.74583333333334,27.95388888888889,385.0
84.74555555555555,27.953611111111115,385.0
84.74527777777777,27.953333333333337,385.0
84.745,27.953055555555558,384.0
84.745,27.95277777777778,384.0
84.74472222222222,27.952500000000004,384.0
84.74444444444444,27.952222222222225,384.0
84.74416666666667,27.951944444444447,384.0
84.74388888888889,27.951666666666668,384.0
84.74361111111111,27.951388888888893,384.0
84.74333333333334,27.951111111111114,384.0
84.74305555555556,27.950833333333335,384.0
84.74277777777777,27.950555555555557,384.0
84.7425,27.95027777777778,383.0
84.7425,27.950000000000003,383.0
84.74222222222222,27.949722222222224,383.0
84.74194444444444,27.949444444444445,383.0
84.74166666666667,27.94916666666667,383.0
84.74138888888889,27.94888888888889,383.0
84.74111111111111,27.948611111111113,382.0
84.74111111111111,27.948333333333338,382.0
84.74111111111111,27.94805555555556,382.0
84.74111111111111,27.94777777777778,382.0
84.74111111111111,27.9475,382.0
84.74111111111111,27.947222222222226,382.0
84.74111111111111,27.946944444444448,382.0
84.74111111111111,27.94666666666667,382.0
84.74111111111111,27.94638888888889,381.0
84.74111111111111,27.946111111111115,381.0
84.74111111111111,27.945833333333336,381.0
84.74111111111111,27.945555555555558,381.0
84.74111111111111,27.94527777777778,381.0
84.74083333333333,27.945000000000004,381.0
84.74055555555556,27.944722222222225,381.0
84.74027777777778,27.944444444444446,380.0
84.74027777777778,27.944166666666668,380.0
84.74027777777778,27.943888888888893,380.0
84.74027777777778,27.943611111111114,380.0
84.74027777777778,27.943333333333335,380.0
84.74027777777778,27.94305555555556,380.0
84.74027777777778,27.94277777777778,380.0
84.74027777777778,27.942500000000003,380.0
84.74027777777778,27.942222222222224,380.0
84.74,27.94194444444445,380.0
84.73972222222223,27.94166666666667,380.0
84.73944444444444,27.94138888888889,379.0
84.73944444444444,27.941111111111113,379.0
84.73944444444444,27.940833333333337,379.0
84.73944444444444,27.94055555555556,379.0
84.73944444444444,27.94027777777778,379.0
84.73944444444444,27.94,379.0
84.73944444444444,27.939722222222226,379.0
84.73944444444444,27.939444444444447,379.0
84.73944444444444,27.93916666666667,379.0
84.73944444444444,27.93888888888889,379.0
84.73944444444444,27.938611111111115,378.0
84.73944444444444,27.938333333333336,378.0
84.73944444444444,27.938055555555557,378.0
84.73944444444444,27.937777777777782,378.0
84.73944444444444,27.937500000000004,378.0
84.73944444444444,27.937222222222225,378.0
84.73944444444444,27.936944444444446,378.0
84.73916666666666,27.93666666666667,377.0
84.7388888888889,27.936388888888892,377.0
84.73861111111111,27.936111111111114,377.0
84.73833333333333,27.935833333333335,377.0
84.73805555555556,27.935833333333335,377.0
84.73777777777778,27.93555555555556,377.0
84.7375,27.93527777777778,376.0
84.73722222222223,27.93527777777778,376.0
84.73694444444445,27.93527777777778,376.0
84.73666666666666,27.93527777777778,376.0
84.7363888888889,27.93527777777778,376.0
84.73611111111111,27.935000000000002,376.0
84.73583333333333,27.934722222222224,376.0
84.73555555555555,27.93444444444445,375.0
84.73527777777778,27.93444444444445,375.0
84.735,27.93444444444445,375.0
84.73472222222222,27.93416666666667,375.0
84.73444444444445,27.93388888888889,375.0
84.73416666666667,27.933611111111112,375.0
84.73388888888888,27.933333333333337,374.0
84.73388888888888,27.93305555555556,374.0
84.73388888888888,27.93277777777778,374.0
84.73388888888888,27.932500000000005,374.0
84.73361111111112,27.932222222222226,374.0
84.73361111111112,27.931944444444447,374.0
84.73388888888888,27.93166666666667,374.0
84.73416666666667,27.931388888888893,373.0
84.73444444444445,27.931111111111115,373.0
84.73472222222222,27.931111111111115,373.0
84.735,27.931111111111115,373.0
84.73527777777778,27.931111111111115,373.0
84.73555555555555,27.931111111111115,373.0
84.73583333333333,27.930833333333336,373.0
84.73611111111111,27.930555555555557,372.0
84.73611111111111,27.930277777777782,372.0
84.73611111111111,27.930000000000003,372.0
84.7363888888889,27.929722222222225,372.0
84.7363888888889,27.929444444444446,372.0
84.7363888888889,27.92916666666667,372.0
84.7363888888889,27.928888888888892,372.0
84.7363888888889,27.928611111111113,372.0
84.73611111111111,27.928333333333335,371.0
84.73583333333333,27.928333333333335,371.0
84.73555555555555,27.928333333333335,371.0
84.73527777777778,27.92805555555556,371.0
84.735,27.92805555555556,371.0
84.73472222222222,27.92805555555556,371.0
84.73444444444445,27.92805555555556,371.0
84.73416666666667,27.92805555555556,371.0
84.73388888888888,27.92805555555556,371.0
84.73361111111112,27.92777777777778,370.0
84.73333333333333,27.927500000000002,370.0
84.73305555555555,27.927222222222223,370.0
84.73277777777778,27.926944444444448,370.0
84.7325,27.92666666666667,371.0
84.73222222222222,27.92638888888889,369.0
84.73222222222222,27.926111111111116,369.0
84.73222222222222,27.925833333333337,369.0
84.73222222222222,27.925555555555558,369.0
84.73222222222222,27.92527777777778,369.0
84.7325,27.925000000000004,369.0
84.7325,27.924722222222226,369.0
84.7325,27.924444444444447,371.0
84.73277777777778,27.924166666666668,371.0
84.73305555555555,27.923888888888893,371.0
84.73305555555555,27.923611111111114,371.0
84.73305555555555,27.923333333333336,371.0
84.73333333333333,27.923055555555557,371.0
84.73333333333333,27.92277777777778,369.0
84.73333333333333,27.922500000000003,367.0
84.73333333333333,27.922222222222224,367.0
84.73333333333333,27.921944444444446,367.0
84.73333333333333,27.92166666666667,367.0
84.73333333333333,27.92138888888889,367.0
84.73333333333333,27.921111111111113,367.0
84.73333333333333,27.920833333333334,367.0
84.73333333333333,27.92055555555556,367.0
84.73333333333333,27.92027777777778,367.0
84.73361111111112,27.92,367.0
84.73361111111112,27.919722222222227,367.0
84.73361111111112,27.919444444444448,367.0
84.73361111111112,27.91916666666667,367.0
84.73361111111112,27.91888888888889,367.0
84.73388888888888,27.918611111111115,367.0
84.73388888888888,27.918333333333337,367.0
84.73388888888888,27.918055555555558,367.0
84.73416666666667,27.91777777777778,367.0
84.73416666666667,27.917500000000004,367.0
84.73416666666667,27.917222222222225,367.0
84.73444444444445,27.916944444444447,367.0
84.73444444444445,27.916666666666668,367.0
84.73444444444445,27.916388888888893,367.0
84.73444444444445,27.916111111111114,367.0
84.73444444444445,27.915833333333335,367.0
84.73472222222222,27.915555555555557,367.0
84.73472222222222,27.91527777777778,367.0
84.73472222222222,27.915000000000003,367.0
84.73472222222222,27.914722222222224,367.0
84.73472222222222,27.91444444444445,367.0
84.73472222222222,27.91416666666667,367.0
84.73472222222222,27.91388888888889,367.0
84.73472222222222,27.913611111111113,366.0
84.73472222222222,27.913333333333338,366.0
84.73472222222222,27.91305555555556,366.0
84.73472222222222,27.91277777777778,366.0
84.73472222222222,27.9125,366.0
84.73472222222222,27.912222222222226,366.0
84.73472222222222,27.911944444444448,366.0
84.73472222222222,27.91166666666667,366.0
84.73472222222222,27.91138888888889,366.0
84.73472222222222,27.911111111111115,365.0
84.73472222222222,27.910833333333336,365.0
84.73444444444445,27.910555555555558,365.0
84.73416666666667,27.91027777777778,365.0
84.73416666666667,27.910000000000004,365.0
84.73416666666667,27.909722222222225,365.0
84.73416666666667,27.909444444444446,365.0
84.73416666666667,27.90916666666667,365.0
84.73416666666667,27.908888888888892,364.0
84.73388888888888,27.908611111111114,364.0
84.73388888888888,27.908333333333335,364.0
84.73388888888888,27.90805555555556,364.0
84.73388888888888,27.90777777777778,370.0
84.73388888888888,27.907500000000002,371.0
84.73388888888888,27.907222222222224,370.0
84.73388888888888,27.90694444444445,369.0
84.73388888888888,27.90666666666667,368.0
84.73388888888888,27.90638888888889,366.0
84.73388888888888,27.906111111111112,364.0
84.73388888888888,27.905833333333337,363.0
84.73388888888888,27.90555555555556,363.0
84.73388888888888,27.90527777777778,363.0
84.73388888888888,27.905,363.0
84.73388888888888,27.904722222222226,363.0
84.73388888888888,27.904444444444447,362.0
84.73388888888888,27.90416666666667,362.0
84.73388888888888,27.903888888888893,362.0
84.73388888888888,27.903611111111115,362.0
84.73388888888888,27.903333333333336,362.0
84.73388888888888,27.903055555555557,362.0
84.73416666666667,27.902777777777782,362.0
84.73416666666667,27.902500000000003,362.0
84.73444444444445,27.902222222222225,361.0
84.73444444444445,27.901944444444446,361.0
84.73444444444445,27.90166666666667,371.0
84.73472222222222,27.901388888888892,361.0
84.73472222222222,27.901111111111113,366.0
84.735,27.900833333333335,363.0
84.735,27.90055555555556,364.0
84.735,27.90027777777778,366.0
84.73527777777778,27.900000000000002,363.0
84.73527777777778,27.899722222222223,365.0
84.73527777777778,27.89944444444445,371.0
84.73555555555555,27.89916666666667,365.0
84.73555555555555,27.89888888888889,368.0
84.73583333333333,27.898611111111116,367.0
84.73583333333333,27.898333333333337,369.0
84.73611111111111,27.89805555555556,362.0
84.73611111111111,27.89777777777778,364.0
84.73611111111111,27.897500000000004,368.0
84.7363888888889,27.897222222222226,364.0
84.7363888888889,27.896944444444447,365.0
84.7363888888889,27.89666666666667,367.0
84.7363888888889,27.896388888888893,364.0
84.7363888888889,27.896111111111114,361.0
84.7363888888889,27.895833333333336,359.0
84.7363888888889,27.895555555555557,357.0
84.7363888888889,27.895277777777782,357.0
84.7363888888889,27.895000000000003,357.0
84.7363888888889,27.894722222222224,357.0
84.7363888888889,27.894444444444446,357.0
84.7363888888889,27.89416666666667,357.0
84.7363888888889,27.893888888888892,357.0
84.7363888888889,27.893611111111113,357.0
84.7363888888889,27.893333333333334,359.0
84.7363888888889,27.89305555555556,359.0
84.73666666666666,27.89277777777778,365.0
84.73694444444445,27.892500000000002,369.0
84.73722222222223,27.892222222222227,370.0
84.7375,27.891944444444448,370.0
84.73777777777778,27.89166666666667,370.0
84.73805555555556,27.89166666666667,371.0
84.73833333333333,27.89138888888889,369.0
84.73861111111111,27.89138888888889,370.0
84.7388888888889,27.89138888888889,371.0
84.73916666666666,27.891111111111115,369.0
84.73944444444444,27.891111111111115,370.0
84.73972222222223,27.890833333333337,366.0
84.74,27.890833333333337,368.0
84.74027777777778,27.890833333333337,369.0
84.74055555555556,27.890833333333337,365.0
84.74083333333333,27.890555555555558,359.0
84.74111111111111,27.89027777777778,357.0
84.74138888888889,27.890000000000004,360.0
84.74166666666667,27.889722222222225,359.0
84.74194444444444,27.889444444444447,360.0
84.74222222222222,27.889166666666668,365.0
84.7425,27.888888888888893,371.0
84.74277777777777,27.888611111111114,369.0
84.74305555555556,27.888611111111114,365.0
84.74333333333334,27.888611111111114,362.0
84.74361111111111,27.888611111111114,362.0
84.74388888888889,27.888611111111114,366.0
84.74416666666667,27.888333333333335,354.0
84.74444444444444,27.888333333333335,356.0
84.74472222222222,27.888333333333335,359.0
84.745,27.888333333333335,363.0
84.74527777777777,27.888333333333335,365.0
84.74555555555555,27.888055555555557,357.0
84.74583333333334,27.888055555555557,356.0
84.7461111111111,27.888055555555557,359.0
84.74638888888889,27.88777777777778,354.0
84.74666666666667,27.887500000000003,353.0
84.74694444444445,27.887222222222224,356.0
84.74722222222222,27.886944444444445,356.0
84.7475,27.88666666666667,355.0
84.74777777777778,27.88638888888889,358.0
84.74805555555555,27.886111111111113,363.0
84.74833333333333,27.885833333333338,366.0
84.74861111111112,27.88555555555556,362.0
84.74861111111112,27.88527777777778,360.0
84.74861111111112,27.885,355.0
84.74861111111112,27.884722222222226,352.0
84.74861111111112,27.884444444444448,351.0
84.74861111111112,27.88416666666667,351.0
84.74861111111112,27.88388888888889,351.0
84.74861111111112,27.883611111111115,351.0
84.74861111111112,27.883333333333336,354.0
84.74861111111112,27.883055555555558,359.0
84.74861111111112,27.88277777777778,364.0
84.74833333333333,27.882500000000004,364.0
84.74833333333333,27.882222222222225,366.0
84.74805555555555,27.881944444444446,365.0
84.74805555555555,27.881666666666668,366.0
84.74805555555555,27.881388888888893,366.0
84.74777777777778,27.881111111111114,366.0
84.7475,27.880833333333335,366.0
84.7475,27.88055555555556,365.0
84.7475,27.88027777777778,364.0
84.7475,27.880000000000003,361.0
84.7475,27.879722222222224,356.0
84.7475,27.87944444444445,357.0
84.7475,27.87916666666667,357.0
84.7475,27.87888888888889,353.0
84.7475,27.878611111111113,353.0
84.74777777777778,27.878333333333337,353.0
84.74805555555555,27.87805555555556,352.0
84.74833333333333,27.87777777777778,351.0
84.74861111111112,27.8775,351.0
84.74888888888889,27.877222222222226,350.0
84.74916666666667,27.876944444444447,349.0
84.74944444444445,27.87666666666667,349.0
84.74972222222222,27.87638888888889,350.0
84.75,27.876111111111115,351.0
84.75027777777778,27.875833333333336,352.0
84.75055555555555,27.875555555555557,352.0
84.75083333333333,27.875277777777782,355.0
84.75111111111111,27.875000000000004,361.0
84.75138888888888,27.874722222222225,363.0
84.75166666666667,27.874444444444446,361.0
84.75194444444445,27.87416666666667,363.0
84.75222222222223,27.873888888888892,366.0
84.7525,27.873611111111114,363.0
84.75277777777778,27.873333333333335,364.0
84.75305555555556,27.87305555555556,363.0
84.75333333333333,27.87277777777778,362.0
84.75333333333333,27.872500000000002,363.0
84.75333333333333,27.872222222222224,366.0
84.75361111111111,27.87194444444445,360.0
84.75361111111111,27.87166666666667,362.0
84.7538888888889,27.87138888888889,356.0
84.75416666666666,27.871111111111112,357.0
84.75416666666666,27.870833333333337,366.0
84.75444444444445,27.87055555555556,355.0
84.75444444444445,27.87027777777778,361.0
84.75444444444445,27.870000000000005,360.0
84.75444444444445,27.869722222222226,363.0
84.75472222222223,27.869444444444447,366.0
84.75472222222223,27.86916666666667,366.0
84.75444444444445,27.868888888888893,364.0
84.75444444444445,27.868611111111115,361.0
84.75444444444445,27.868333333333336,357.0
84.75444444444445,27.868055555555557,356.0
84.75444444444445,27.867777777777782,355.0
84.75444444444445,27.867500000000003,355.0
84.75444444444445,27.867222222222225,357.0
84.75444444444445,27.866944444444446,354.0
84.75444444444445,27.86666666666667,351.0
84.75444444444445,27.866388888888892,350.0
84.75444444444445,27.866111111111113,347.0
84.75444444444445,27.865833333333335,344.0
84.75444444444445,27.86555555555556,343.0
84.75444444444445,27.86527777777778,342.0
84.75444444444445,27.865000000000002,341.0
84.75444444444445,27.864722222222223,341.0
84.75444444444445,27.864444444444448,343.0
84.75444444444445,27.86416666666667,344.0
84.75472222222223,27.86388888888889,342.0
84.755,27.863611111111116,342.0
84.75527777777778,27.863333333333337,341.0
84.75555555555556,27.863055555555558,342.0
84.75583333333333,27.86277777777778,343.0
84.75611111111111,27.862500000000004,342.0
84.75638888888889,27.862222222222226,343.0
84.75666666666666,27.861944444444447,343.0
84.75694444444444,27.861666666666668,343.0
84.75722222222223,27.861388888888893,343.0
84.75750000000001,27.861111111111114,343.0
84.75777777777778,27.860833333333336,352.0
84.75805555555556,27.860555555555557,357.0
84.75833333333334,27.86027777777778,352.0
84.75861111111111,27.86027777777778,356.0
84.75888888888889,27.86027777777778,359.0
84.75916666666667,27.86027777777778,362.0
84.75944444444444,27.860000000000003,349.0
84.75972222222222,27.860000000000003,347.0
84.76,27.860000000000003,346.0
84.76027777777777,27.860000000000003,343.0
84.76055555555556,27.860000000000003,342.0
84.76083333333334,27.860000000000003,341.0
84.7611111111111,27.859722222222224,340.0
84.76138888888889,27.859444444444446,338.0
84.76166666666667,27.85916666666667,340.0
84.76194444444444,27.85888888888889,341.0
84.76222222222222,27.858611111111113,342.0
84.7625,27.858333333333334,351.0
84.76277777777779,27.85805555555556,355.0
84.76305555555555,27.85777777777778,357.0
84.76333333333334,27.8575,360.0
84.76361111111112,27.857222222222227,363.0
84.76388888888889,27.856944444444448,362.0
84.76388888888889,27.85666666666667,354.0
84.76388888888889,27.85638888888889,354.0
84.76388888888889,27.856111111111115,355.0
84.76388888888889,27.855833333333337,357.0
84.76388888888889,27.855555555555558,358.0
84.76388888888889,27.85527777777778,354.0
84.76388888888889,27.855000000000004,354.0
84.76416666666667,27.854722222222225,355.0
84.76444444444445,27.854444444444447,355.0
84.76472222222222,27.854166666666668,361.0
84.765,27.853888888888893,337.0
84.765,27.853611111111114,357.0
84.76527777777778,27.853333333333335,347.0
84.76527777777778,27.853055555555557,359.0
84.76555555555555,27.85277777777778,356.0
84.76583333333333,27.852500000000003,361.0
84.76611111111112,27.852222222222224,358.0
84.76611111111112,27.85194444444445,363.0
84.76638888888888,27.85166666666667,354.0
84.76666666666667,27.85138888888889,350.0
84.76666666666667,27.851111111111113,358.0
84.76666666666667,27.850833333333338,359.0
84.76694444444445,27.85055555555556,358.0
84.76722222222222,27.85027777777778,354.0
84.76722222222222,27.85,360.0
84.7675,27.849722222222226,357.0
84.76777777777778,27.849444444444448,359.0
84.76777777777778,27.84916666666667,358.0
84.76777777777778,27.84888888888889,354.0
84.76777777777778,27.848611111111115,352.0
84.76777777777778,27.848333333333336,351.0
84.76777777777778,27.848055555555558,348.0
84.76777777777778,27.84777777777778,346.0
84.76777777777778,27.847500000000004,348.0
84.76777777777778,27.847222222222225,353.0
84.76777777777778,27.846944444444446,348.0
84.76777777777778,27.84666666666667,343.0
84.76777777777778,27.846388888888892,344.0
84.76777777777778,27.846111111111114,347.0
84.76777777777778,27.845833333333335,349.0
84.76777777777778,27.84555555555556,352.0
84.76777777777778,27.84527777777778,356.0
84.76777777777778,27.845000000000002,357.0
84.76777777777778,27.844722222222224,357.0
84.76777777777778,27.84444444444445,356.0
84.76777777777778,27.84416666666667,354.0
84.76777777777778,27.84388888888889,348.0
84.76777777777778,27.843611111111112,345.0
84.76805555555556,27.843333333333337,348.0
84.76833333333333,27.84305555555556,344.0
84.76861111111111,27.84277777777778,337.0
84.7688888888889,27.8425,342.0
84.76916666666666,27.842222222222226,343.0
84.76944444444445,27.841944444444447,345.0
84.76972222222223,27.84166666666667,346.0
84.77,27.841388888888893,354.0
84.77027777777778,27.841111111111115,362.0
84.77055555555556,27.840833333333336,357.0
84.77055555555556,27.840555555555557,352.0
84.77055555555556,27.840277777777782,348.0
84.77055555555556,27.840000000000003,342.0
84.77083333333333,27.839722222222225,338.0
84.77111111111111,27.839444444444446,343.0
84.7713888888889,27.83916666666667,351.0
84.77166666666666,27.838888888888892,347.0
84.77194444444444,27.838888888888892,363.0
84.77222222222223,27.838611111111113,344.0
84.7725,27.838333333333335,335.0
84.77277777777778,27.83805555555556,328.0
84.77305555555556,27.83777777777778,329.0
84.77333333333334,27.837500000000002,343.0
84.77361111111111,27.837222222222223,351.0
84.77388888888889,27.83694444444445,353.0
84.77416666666667,27.83666666666667,354.0
84.77444444444444,27.83638888888889,361.0
84.77472222222222,27.836111111111116,362.0
84.775,27.835833333333337,363.0
84.77527777777777,27.83555555555556,352.0
84.77527777777777,27.83527777777778,350.0
84.77527777777777,27.835000000000004,354.0
84.77527777777777,27.834722222222226,358.0
84.77527777777777,27.834444444444447,355.0
84.77527777777777,27.83416666666667,352.0
84.77527777777777,27.833888888888893,347.0
84.77527777777777,27.833611111111114,342.0
84.77527777777777,27.833333333333336,338.0
84.77527777777777,27.833055555555557,338.0
84.77527777777777,27.832777777777782,340.0
84.77527777777777,27.832500000000003,341.0
84.77527777777777,27.832222222222224,340.0
84.77527777777777,27.831944444444446,341.0
84.77527777777777,27.83166666666667,343.0
84.77527777777777,27.831388888888892,343.0
84.77527777777777,27.831111111111113,344.0
84.775,27.830833333333334,343.0
84.77472222222222,27.83055555555556,346.0
84.77444444444444,27.83027777777778,352.0
84.77416666666667,27.830000000000002,351.0
84.77416666666667,27.829722222222227,354.0
84.77416666666667,27.829444444444448,348.0
84.77416666666667,27.82916666666667,341.0
84.77416666666667,27.82888888888889,336.0
84.77416666666667,27.828611111111115,337.0
84.77416666666667,27.828333333333337,340.0
84.77416666666667,27.828055555555558,342.0
84.77416666666667,27.82777777777778,345.0
84.77388888888889,27.827500000000004,358.0
84.77361111111111,27.827222222222225,360.0
84.77361111111111,27.826944444444447,361.0
84.77388888888889,27.826666666666668,361.0
84.77388888888889,27.826388888888893,363.0
84.77388888888889,27.826111111111114,362.0
84.77388888888889,27.825833333333335,356.0
84.77416666666667,27.825555555555557,347.0
84.77416666666667,27.82527777777778,343.0
84.77416666666667,27.825000000000003,340.0
84.77444444444444,27.824722222222224,335.0
84.77444444444444,27.824444444444445,331.0
84.77416666666667,27.82416666666667,325.0
84.77416666666667,27.82388888888889,322.0
84.77416666666667,27.823611111111113,323.0
84.77444444444444,27.823333333333338,322.0
84.77472222222222,27.82305555555556,323.0
84.775,27.82277777777778,323.0
84.77527777777777,27.8225,322.0
84.77555555555556,27.822222222222226,323.0
84.77555555555556,27.821944444444448,325.0
84.77583333333334,27.82166666666667,323.0
84.77583333333334,27.82138888888889,322.0
84.7761111111111,27.821111111111115,323.0
84.7761111111111,27.820833333333336,321.0
84.77638888888889,27.820555555555558,321.0
84.77666666666667,27.82027777777778,321.0
84.77666666666667,27.820000000000004,320.0
84.77694444444444,27.819722222222225,320.0
84.77722222222222,27.819444444444446,321.0
84.7775,27.819166666666668,321.0
84.77777777777777,27.818888888888893,320.0
84.77805555555555,27.818611111111114,320.0
84.77833333333334,27.818333333333335,320.0
84.77861111111112,27.81805555555556,319.0
84.77888888888889,27.81777777777778,318.0
84.77916666666667,27.817500000000003,319.0
84.77944444444445,27.817222222222224,320.0
84.77972222222222,27.81694444444445,320.0
84.78,27.81666666666667,320.0
84.78027777777778,27.81638888888889,320.0
84.78055555555555,27.816111111111113,321.0
84.78083333333333,27.815833333333337,321.0
84.78111111111112,27.81555555555556,321.0
84.78111111111112,27.81527777777778,321.0
84.78138888888888,27.815,320.0
84.78166666666667,27.814722222222226,320.0
