longitude,latitude,elevation
83.79305555555557,28.881388888888893,2874.0
83.79277777777779,28.881388888888893,2874.0
83.7925,28.881111111111114,2874.0
83.79222222222224,28.88083333333334,2873.0
83.79222222222224,28.88055555555556,2873.0
83.79194444444445,28.88027777777778,2873.0
83.79166666666667,28.880000000000003,2872.0
83.79166666666667,28.879722222222227,2872.0
83.79166666666667,28.87944444444445,2872.0
83.79166666666667,28.87916666666667,2871.0
83.79166666666667,28.87888888888889,2871.0
83.79166666666667,28.878611111111116,2871.0
83.79166666666667,28.878333333333337,2871.0
83.79166666666667,28.87805555555556,2870.0
83.79166666666667,28.87777777777778,2870.0
83.79166666666667,28.877500000000005,2869.0
83.79194444444445,28.877222222222226,2870.0
83.79194444444445,28.876944444444447,2869.0
83.79222222222224,28.87666666666667,2868.0
83.7925,28.876388888888894,2868.0
83.7925,28.876111111111115,2868.0
83.79277777777779,28.875833333333336,2868.0
83.79277777777779,28.87555555555556,2867.0
83.79305555555557,28.875277777777782,2867.0
83.79333333333334,28.875000000000004,2867.0
83.79361111111112,28.874722222222225,2866.0
83.7938888888889,28.87444444444445,2866.0
83.7938888888889,28.87416666666667,2865.0
83.79416666666667,28.873888888888892,2865.0
83.79416666666667,28.873611111111114,2865.0
83.79416666666667,28.87333333333334,2863.0
83.79416666666667,28.87305555555556,2863.0
83.79416666666667,28.87277777777778,2864.0
83.79416666666667,28.872500000000002,2864.0
83.79416666666667,28.872222222222227,2863.0
83.79416666666667,28.87194444444445,2863.0
83.79416666666667,28.87166666666667,2863.0
83.79416666666667,28.87138888888889,2862.0
83.79416666666667,28.871111111111116,2862.0
83.79416666666667,28.870833333333337,2862.0
83.79444444444445,28.87055555555556,2861.0
83.79444444444445,28.87027777777778,2861.0
83.79472222222223,28.870000000000005,2860.0
83.79472222222223,28.869722222222226,2860.0
83.79472222222223,28.869444444444447,2860.0
83.79472222222223,28.869166666666672,2859.0
83.79444444444445,28.868888888888893,2859.0
83.79416666666667,28.868611111111115,2859.0
83.7938888888889,28.868333333333336,2858.0
83.79361111111112,28.86805555555556,2858.0
83.79333333333334,28.867777777777782,2858.0
83.79305555555557,28.867500000000003,2857.0
83.79305555555557,28.867222222222225,2857.0
83.79305555555557,28.86694444444445,2857.0
83.79305555555557,28.86666666666667,2857.0
83.79305555555557,28.866388888888892,2856.0
83.79277777777779,28.866111111111113,2856.0
83.7925,28.865833333333338,2855.0
83.79277777777779,28.86555555555556,2855.0
83.7925,28.86527777777778,2855.0
83.7925,28.865000000000002,2855.0
83.79222222222224,28.864722222222227,2854.0
83.79194444444445,28.864444444444448,2854.0
83.79194444444445,28.86416666666667,2854.0
83.79194444444445,28.863888888888894,2854.0
83.79166666666667,28.863611111111116,2853.0
83.79166666666667,28.863333333333337,2853.0
83.7913888888889,28.863055555555558,2853.0
83.79111111111112,28.862777777777783,2852.0
83.79111111111112,28.862500000000004,2852.0
83.79111111111112,28.862222222222226,2852.0
83.79083333333334,28.861944444444447,2851.0
83.79083333333334,28.86166666666667,2851.0
83.79055555555557,28.861388888888893,2850.0
83.79027777777779,28.861111111111114,2850.0
83.79,28.860833333333336,2849.0
83.79,28.86055555555556,2849.0
83.78972222222222,28.86027777777778,2848.0
83.78972222222222,28.860000000000003,2848.0
83.78972222222222,28.859722222222224,2848.0
83.78972222222222,28.85944444444445,2848.0
83.78972222222222,28.85916666666667,2847.0
83.79,28.85888888888889,2847.0
83.79027777777779,28.858611111111117,2846.0
83.79027777777779,28.858333333333338,2846.0
83.79027777777779,28.85805555555556,2846.0
83.79,28.85777777777778,2845.0
83.79,28.857500000000005,2845.0
83.78972222222222,28.857222222222227,2845.0
83.78944444444446,28.856944444444448,2844.0
83.78944444444446,28.85666666666667,2844.0
83.78944444444446,28.856388888888894,2844.0
83.78916666666667,28.856111111111115,2843.0
83.78888888888889,28.855833333333337,2843.0
83.78861111111112,28.855555555555558,2842.0
83.78833333333334,28.855277777777783,2842.0
83.78833333333334,28.855000000000004,2842.0
83.78805555555556,28.854722222222225,2841.0
83.78805555555556,28.854444444444447,2841.0
83.78777777777779,28.85416666666667,2841.0
83.78750000000001,28.853888888888893,2840.0
83.78750000000001,28.853611111111114,2840.0
83.78722222222223,28.853333333333335,2840.0
83.78694444444446,28.85305555555556,2839.0
83.78694444444446,28.85277777777778,2839.0
83.78694444444446,28.852500000000003,2839.0
83.78722222222223,28.852222222222228,2838.0
83.78722222222223,28.85194444444445,2838.0
83.78722222222223,28.85166666666667,2838.0
83.78694444444446,28.85138888888889,2837.0
83.78722222222223,28.851111111111116,2837.0
83.78750000000001,28.850833333333338,2836.0
83.78777777777779,28.85055555555556,2836.0
83.78777777777779,28.85027777777778,2836.0
83.78777777777779,28.850000000000005,2836.0
83.78750000000001,28.849722222222226,2835.0
83.78750000000001,28.849444444444448,2835.0
83.78722222222223,28.84916666666667,2834.0
83.78722222222223,28.848888888888894,2834.0
83.78722222222223,28.848611111111115,2834.0
83.78722222222223,28.848333333333336,2834.0
83.78722222222223,28.848055555555558,2833.0
83.78722222222223,28.847777777777782,2833.0
83.78722222222223,28.847500000000004,2833.0
83.78722222222223,28.847222222222225,2832.0
83.78722222222223,28.84694444444445,2832.0
83.78722222222223,28.84666666666667,2832.0
83.78694444444446,28.846388888888892,2832.0
83.78666666666668,28.846111111111114,2831.0
83.78666666666668,28.84583333333334,2831.0
83.78666666666668,28.84555555555556,2831.0
83.78666666666668,28.84527777777778,2830.0
83.78666666666668,28.845000000000002,2830.0
83.78666666666668,28.844722222222227,2830.0
83.78666666666668,28.84444444444445,2829.0
83.78666666666668,28.84416666666667,2829.0
83.78666666666668,28.84388888888889,2829.0
83.78666666666668,28.843611111111116,2828.0
83.7863888888889,28.843611111111116,2828.0
83.78611111111113,28.843333333333337,2827.0
83.78583333333334,28.84305555555556,2827.0
83.78583333333334,28.84277777777778,2827.0
83.78583333333334,28.842500000000005,2827.0
83.78583333333334,28.842222222222226,2826.0
83.78555555555556,28.841944444444447,2826.0
83.78527777777778,28.841666666666672,2826.0
83.78500000000001,28.841388888888893,2825.0
83.78500000000001,28.841111111111115,2825.0
83.78500000000001,28.840833333333336,2824.0
83.78500000000001,28.84055555555556,2824.0
83.78472222222223,28.840277777777782,2824.0
83.78444444444445,28.840277777777782,2824.0
83.78416666666668,28.840000000000003,2823.0
83.78416666666668,28.839722222222225,2823.0
83.78416666666668,28.83944444444445,2823.0
83.7838888888889,28.83916666666667,2822.0
83.78361111111111,28.838888888888892,2823.0
83.78333333333335,28.838611111111113,2823.0
83.78305555555556,28.83833333333334,2823.0
83.78277777777778,28.83805555555556,2823.0
83.78250000000001,28.83777777777778,2823.0
83.78222222222223,28.837500000000002,2823.0
83.78194444444445,28.837222222222227,2823.0
83.78166666666668,28.837222222222227,2823.0
83.7813888888889,28.83694444444445,2821.0
83.78111111111112,28.83694444444445,2821.0
83.78083333333335,28.83666666666667,2817.0
83.78055555555557,28.83638888888889,2818.0
83.78055555555557,28.836111111111116,2819.0
83.78055555555557,28.835833333333337,2819.0
83.78027777777778,28.83555555555556,2818.0
83.78027777777778,28.835277777777783,2818.0
83.78027777777778,28.835000000000004,2818.0
83.78027777777778,28.834722222222226,2817.0
83.78027777777778,28.834444444444447,2816.0
83.78,28.834166666666672,2816.0
83.78,28.833888888888893,2816.0
83.78,28.833611111111114,2816.0
83.78,28.833333333333336,2816.0
83.78,28.83305555555556,2815.0
83.78,28.832777777777782,2815.0
83.78,28.832500000000003,2815.0
83.77972222222223,28.832222222222224,2814.0
83.77944444444445,28.83194444444445,2813.0
83.77944444444445,28.83166666666667,2813.0
83.77944444444445,28.831388888888892,2813.0
83.77944444444445,28.831111111111113,2813.0
83.77944444444445,28.830833333333338,2813.0
83.77944444444445,28.83055555555556,2812.0
83.77944444444445,28.83027777777778,2812.0
83.77944444444445,28.830000000000005,2811.0
83.77916666666667,28.829722222222227,2811.0
83.77916666666667,28.829444444444448,2811.0
83.77916666666667,28.82916666666667,2811.0
83.77916666666667,28.828888888888894,2810.0
83.77916666666667,28.828611111111115,2810.0
83.77916666666667,28.828333333333337,2809.0
83.77916666666667,28.828055555555558,2809.0
83.7788888888889,28.827777777777783,2808.0
83.77916666666667,28.827500000000004,2808.0
83.77916666666667,28.827222222222225,2808.0
83.77916666666667,28.826944444444447,2807.0
83.7788888888889,28.82666666666667,2807.0
83.77861111111112,28.82666666666667,2807.0
83.77833333333334,28.82666666666667,2806.0
83.77805555555557,28.826388888888893,2806.0
83.77777777777779,28.826111111111114,2805.0
83.7775,28.826111111111114,2806.0
83.77722222222224,28.825833333333335,2805.0
83.77722222222224,28.82555555555556,2805.0
83.77722222222224,28.82527777777778,2805.0
83.77722222222224,28.825000000000003,2805.0
83.77694444444445,28.824722222222228,2804.0
83.77694444444445,28.82444444444445,2803.0
83.77694444444445,28.82416666666667,2804.0
83.77694444444445,28.82388888888889,2803.0
83.77666666666667,28.82388888888889,2803.0
83.7763888888889,28.823611111111116,2802.0
83.7763888888889,28.823333333333338,2802.0
83.77611111111112,28.82305555555556,2802.0
83.77583333333334,28.82277777777778,2802.0
83.77555555555557,28.822500000000005,2801.0
83.77555555555557,28.822222222222226,2801.0
83.77555555555557,28.821944444444448,2800.0
83.77555555555557,28.82166666666667,2800.0
83.77527777777779,28.821388888888894,2800.0
83.775,28.821111111111115,2800.0
83.77472222222222,28.820833333333336,2799.0
83.77444444444446,28.820833333333336,2799.0
83.77416666666667,28.820833333333336,2798.0
83.77416666666667,28.820555555555558,2798.0
83.77388888888889,28.820277777777783,2798.0
83.77361111111112,28.820000000000004,2797.0
83.77333333333334,28.819722222222225,2797.0
83.77305555555556,28.819444444444446,2796.0
83.77305555555556,28.81916666666667,2796.0
83.77277777777779,28.818888888888893,2796.0
83.77250000000001,28.818611111111114,2795.0
83.77222222222223,28.81833333333334,2795.0
83.77194444444446,28.81805555555556,2795.0
83.77166666666668,28.81777777777778,2794.0
83.7713888888889,28.81777777777778,2794.0
83.77111111111113,28.81777777777778,2793.0
83.77083333333334,28.81777777777778,2793.0
83.77055555555556,28.81777777777778,2793.0
83.77027777777779,28.81777777777778,2793.0
83.77000000000001,28.81777777777778,2792.0
83.76972222222223,28.817500000000003,2792.0
83.76944444444445,28.817222222222227,2793.0
83.76916666666668,28.81694444444445,2792.0
83.7688888888889,28.81694444444445,2792.0
83.76861111111111,28.81694444444445,2791.0
83.76861111111111,28.81666666666667,2791.0
83.76833333333335,28.81638888888889,2791.0
83.76833333333335,28.816111111111116,2790.0
83.76833333333335,28.815833333333337,2790.0
83.76805555555556,28.81555555555556,2790.0
83.76777777777778,28.81527777777778,2789.0
83.76777777777778,28.815000000000005,2789.0
83.76805555555556,28.814722222222226,2789.0
83.76833333333335,28.814444444444447,2788.0
83.76833333333335,28.81416666666667,2786.0
83.76833333333335,28.813888888888894,2788.0
83.76833333333335,28.813611111111115,2788.0
83.76833333333335,28.813333333333336,2788.0
83.76833333333335,28.81305555555556,2787.0
83.76833333333335,28.812777777777782,2787.0
83.76805555555556,28.812500000000004,2786.0
83.76805555555556,28.812222222222225,2786.0
83.76777777777778,28.81194444444445,2786.0
83.76750000000001,28.81166666666667,2786.0
83.76722222222223,28.811388888888892,2785.0
83.76722222222223,28.811111111111114,2785.0
83.76722222222223,28.81083333333334,2785.0
83.76694444444445,28.81055555555556,2784.0
83.76666666666668,28.81027777777778,2784.0
83.7663888888889,28.810000000000002,2783.0
83.7663888888889,28.809722222222227,2783.0
83.7663888888889,28.80944444444445,2783.0
83.7663888888889,28.80916666666667,2782.0
83.76611111111112,28.80916666666667,2782.0
83.76583333333335,28.80888888888889,2782.0
83.76555555555557,28.80888888888889,2782.0
83.76527777777778,28.80888888888889,2781.0
83.76500000000001,28.80888888888889,2781.0
83.76472222222223,28.80888888888889,2781.0
83.76444444444445,28.808611111111116,2781.0
83.76416666666667,28.808333333333337,2780.0
83.76416666666667,28.80805555555556,2780.0
83.7638888888889,28.80777777777778,2780.0
83.76361111111112,28.807500000000005,2780.0
83.76361111111112,28.807222222222226,2779.0
83.76333333333334,28.806944444444447,2779.0
83.76305555555557,28.806944444444447,2778.0
83.76277777777779,28.806944444444447,2777.0
83.7625,28.806666666666672,2778.0
83.76222222222223,28.806388888888893,2778.0
83.76194444444445,28.806111111111115,2777.0
83.76194444444445,28.805833333333336,2777.0
83.76194444444445,28.80555555555556,2777.0
83.76166666666667,28.805277777777782,2777.0
83.7613888888889,28.805000000000003,2776.0
83.7613888888889,28.804722222222225,2776.0
83.7613888888889,28.80444444444445,2775.0
83.76166666666667,28.80416666666667,2775.0
83.76194444444445,28.803888888888892,2776.0
83.76222222222223,28.803611111111113,2776.0
83.7625,28.803333333333338,2776.0
83.7625,28.80305555555556,2776.0
83.76277777777779,28.80277777777778,2774.0
83.76277777777779,28.802500000000002,2774.0
83.76305555555557,28.802222222222227,2773.0
83.76333333333334,28.801944444444448,2773.0
83.76361111111112,28.80166666666667,2773.0
83.76361111111112,28.801388888888894,2772.0
83.7638888888889,28.801111111111116,2772.0
83.7638888888889,28.800833333333337,2772.0
83.7638888888889,28.800555555555558,2772.0
83.7638888888889,28.800277777777783,2771.0
83.7638888888889,28.800000000000004,2771.0
83.7638888888889,28.799722222222226,2771.0
83.76361111111112,28.799444444444447,2770.0
83.76361111111112,28.79916666666667,2770.0
83.76361111111112,28.798888888888893,2770.0
83.76361111111112,28.798611111111114,2769.0
83.76333333333334,28.798333333333336,2769.0
83.76333333333334,28.79805555555556,2769.0
83.76305555555557,28.79777777777778,2769.0
83.76277777777779,28.797500000000003,2768.0
83.76277777777779,28.797222222222224,2768.0
83.7625,28.79694444444445,2767.0
83.7625,28.79666666666667,2767.0
83.76222222222223,28.79638888888889,2767.0
83.76222222222223,28.796111111111117,2767.0
83.76194444444445,28.795833333333338,2767.0
83.76194444444445,28.79555555555556,2766.0
83.76166666666667,28.79527777777778,2766.0
83.76166666666667,28.795000000000005,2765.0
83.7613888888889,28.795000000000005,2765.0
83.76111111111112,28.794722222222227,2765.0
83.76083333333334,28.794444444444448,2764.0
83.76083333333334,28.79416666666667,2764.0
83.76083333333334,28.793888888888894,2764.0
83.76055555555557,28.793611111111115,2764.0
83.76027777777779,28.793333333333337,2763.0
83.76,28.793333333333337,2763.0
83.75972222222224,28.793055555555558,2762.0
83.75944444444445,28.793055555555558,2762.0
83.75916666666667,28.793055555555558,2762.0
83.75888888888889,28.793055555555558,2762.0
83.75861111111112,28.792777777777783,2761.0
83.75833333333334,28.792500000000004,2761.0
83.75805555555556,28.792222222222225,2761.0
83.75777777777779,28.791944444444447,2760.0
83.75750000000001,28.791944444444447,2760.0
83.75722222222223,28.79166666666667,2760.0
83.75694444444446,28.79166666666667,2759.0
83.75666666666667,28.79166666666667,2759.0
83.75638888888889,28.79166666666667,2759.0
83.75611111111112,28.79166666666667,2759.0
83.75583333333334,28.79166666666667,2759.0
83.75555555555556,28.791388888888893,2758.0
83.75527777777779,28.791388888888893,2758.0
83.75500000000001,28.791388888888893,2758.0
83.75472222222223,28.791388888888893,2757.0
83.75444444444446,28.791388888888893,2757.0
83.75416666666668,28.791388888888893,2757.0
83.7538888888889,28.791111111111114,2756.0
83.75361111111111,28.790833333333335,2756.0
83.75333333333334,28.79055555555556,2755.0
83.75305555555556,28.79055555555556,2755.0
83.75277777777778,28.79027777777778,2755.0
83.75250000000001,28.790000000000003,2754.0
83.75222222222223,28.790000000000003,2754.0
83.75194444444445,28.789722222222228,2753.0
83.75166666666668,28.78944444444445,2753.0
83.75166666666668,28.78916666666667,2753.0
83.7513888888889,28.78888888888889,2752.0
83.75111111111111,28.78888888888889,2752.0
83.75083333333335,28.788611111111116,2752.0
83.75055555555556,28.788611111111116,2752.0
83.75027777777778,28.788611111111116,2751.0
83.75000000000001,28.788333333333338,2751.0
83.74972222222223,28.78805555555556,2751.0
83.74944444444445,28.78805555555556,2751.0
83.74916666666668,28.78805555555556,2751.0
83.7488888888889,28.78805555555556,2750.0
83.74861111111112,28.78805555555556,2750.0
83.74833333333333,28.78805555555556,2750.0
83.74805555555557,28.788333333333338,2750.0
83.74777777777778,28.788333333333338,2748.0
83.74777777777778,28.788611111111116,2748.0
83.7475,28.78888888888889,2749.0
83.74722222222223,28.78888888888889,2749.0
83.74694444444445,28.78888888888889,2749.0
83.74666666666667,28.78888888888889,2748.0
83.7463888888889,28.788611111111116,2748.0
83.74611111111112,28.788333333333338,2748.0
83.74583333333334,28.788611111111116,2747.0
83.74555555555557,28.788611111111116,2747.0
83.74527777777779,28.788611111111116,2747.0
83.745,28.788611111111116,2746.0
83.74472222222224,28.788611111111116,2746.0
83.74444444444445,28.788333333333338,2746.0
83.74416666666667,28.788333333333338,2745.0
83.7438888888889,28.788333333333338,2745.0
83.74361111111112,28.78805555555556,2745.0
83.74333333333334,28.78805555555556,2745.0
83.74305555555556,28.788333333333338,2743.0
83.74277777777779,28.788333333333338,2744.0
83.7425,28.788333333333338,2743.0
83.7425,28.78805555555556,2743.0
83.74222222222222,28.78777777777778,2743.0
83.74194444444446,28.787500000000005,2743.0
83.74166666666667,28.787222222222226,2742.0
83.74138888888889,28.787500000000005,2742.0
83.74111111111112,28.787500000000005,2742.0
83.74083333333334,28.787500000000005,2742.0
83.74055555555556,28.787222222222226,2740.0
83.74027777777779,28.787222222222226,2740.0
83.74000000000001,28.787222222222226,2740.0
83.73972222222223,28.787222222222226,2740.0
83.73944444444446,28.787222222222226,2739.0
83.73916666666668,28.787222222222226,2739.0
83.7388888888889,28.786944444444448,2738.0
83.73861111111113,28.78666666666667,2739.0
83.73833333333334,28.786388888888894,2738.0
83.73805555555556,28.786111111111115,2738.0
83.73777777777778,28.786111111111115,2737.0
83.73750000000001,28.786111111111115,2737.0
83.73722222222223,28.786111111111115,2738.0
83.73694444444445,28.786111111111115,2737.0
83.73666666666668,28.786111111111115,2737.0
83.7363888888889,28.786111111111115,2737.0
83.73611111111111,28.786111111111115,2737.0
83.73583333333335,28.785833333333336,2736.0
83.73555555555556,28.785833333333336,2737.0
83.73527777777778,28.785555555555558,2736.0
83.73500000000001,28.785555555555558,2736.0
83.73472222222223,28.785277777777782,2737.0
83.73444444444445,28.785000000000004,2736.0
83.73416666666668,28.784722222222225,2737.0
83.7338888888889,28.784722222222225,2734.0
83.73361111111112,28.784722222222225,2732.0
83.73333333333335,28.785000000000004,2733.0
83.73305555555557,28.785277777777782,2733.0
83.73277777777778,28.785277777777782,2733.0
83.7325,28.785000000000004,2734.0
83.73222222222223,28.784722222222225,2731.0
83.73194444444445,28.78444444444445,2730.0
83.73166666666667,28.78416666666667,2730.0
83.7313888888889,28.78416666666667,2729.0
83.73111111111112,28.78416666666667,2728.0
83.73083333333334,28.78416666666667,2732.0
83.73055555555557,28.78444444444445,2731.0
83.73027777777779,28.78444444444445,2733.0
83.73,28.78444444444445,2732.0
83.72972222222224,28.78444444444445,2730.0
83.72944444444445,28.78416666666667,2728.0
83.72916666666667,28.783888888888892,2729.0
83.7288888888889,28.783888888888892,2728.0
83.72861111111112,28.783611111111114,2726.0
83.72833333333334,28.783611111111114,2726.0
83.72805555555557,28.78333333333334,2728.0
83.72777777777779,28.78333333333334,2726.0
83.7275,28.78333333333334,2727.0
83.72722222222222,28.78305555555556,2725.0
83.72694444444446,28.78277777777778,2726.0
83.72694444444446,28.782500000000002,2727.0
83.72694444444446,28.782222222222227,2726.0
83.72694444444446,28.78194444444445,2724.0
83.72666666666667,28.78166666666667,2724.0
83.72666666666667,28.78138888888889,2726.0
83.72638888888889,28.781111111111116,2724.0
83.72611111111112,28.780833333333337,2722.0
83.72611111111112,28.78055555555556,2723.0
83.72583333333334,28.78027777777778,2722.0
83.72555555555556,28.78027777777778,2722.0
83.72527777777779,28.780000000000005,2720.0
83.72500000000001,28.779722222222226,2719.0
83.72472222222223,28.779444444444447,2721.0
83.72444444444446,28.779166666666672,2720.0
83.72416666666668,28.779166666666672,2720.0
83.7238888888889,28.778888888888893,2721.0
83.72361111111113,28.778888888888893,2719.0
83.72333333333334,28.778888888888893,2718.0
83.72305555555556,28.778611111111115,2716.0
83.72305555555556,28.778333333333336,2718.0
83.72277777777778,28.77805555555556,2718.0
83.72250000000001,28.777777777777782,2718.0
83.72222222222223,28.777777777777782,2715.0
83.72194444444445,28.777500000000003,2716.0
83.72166666666668,28.777500000000003,2716.0
83.7213888888889,28.777222222222225,2713.0
83.72111111111111,28.777222222222225,2716.0
83.72083333333335,28.77694444444445,2714.0
83.72055555555556,28.77694444444445,2712.0
83.72027777777778,28.77694444444445,2713.0
83.72000000000001,28.77694444444445,2715.0
83.71972222222223,28.77694444444445,2713.0
83.71944444444445,28.77694444444445,2714.0
83.71916666666668,28.77694444444445,2715.0
83.7188888888889,28.77694444444445,2715.0
83.71861111111112,28.77666666666667,2712.0
83.71833333333335,28.77666666666667,2711.0
83.71805555555557,28.776388888888892,2712.0
83.71777777777778,28.776388888888892,2713.0
83.7175,28.776111111111113,2713.0
83.71722222222223,28.776111111111113,2710.0
83.71694444444445,28.776111111111113,2711.0
83.71666666666667,28.776388888888892,2711.0
83.7163888888889,28.776388888888892,2711.0
83.71611111111112,28.776388888888892,2708.0
83.71583333333334,28.776388888888892,2708.0
83.71555555555557,28.776111111111113,2708.0
83.71527777777779,28.77583333333334,2709.0
83.715,28.77555555555556,2707.0
83.71472222222224,28.77555555555556,2707.0
83.71444444444445,28.77527777777778,2707.0
83.71416666666667,28.775000000000002,2707.0
83.7138888888889,28.774722222222227,2704.0
83.71361111111112,28.77444444444445,2706.0
83.71333333333334,28.77416666666667,2707.0
83.71333333333334,28.77388888888889,2706.0
83.71333333333334,28.773611111111116,2702.0
83.71333333333334,28.773333333333337,2706.0
83.71361111111112,28.77305555555556,2704.0
83.7138888888889,28.772777777777783,2701.0
83.7138888888889,28.772500000000004,2702.0
83.7138888888889,28.772222222222226,2701.0
83.7138888888889,28.771944444444447,2702.0
83.71361111111112,28.771666666666672,2700.0
83.71333333333334,28.771388888888893,2700.0
83.71305555555557,28.771111111111114,2699.0
83.71277777777779,28.771111111111114,2698.0
83.71277777777779,28.770833333333336,2698.0
83.7125,28.77055555555556,2698.0
83.71222222222222,28.770277777777782,2698.0
83.71194444444446,28.770000000000003,2696.0
83.71166666666667,28.770000000000003,2697.0
83.71138888888889,28.769722222222224,2697.0
83.71111111111112,28.76944444444445,2696.0
83.71083333333334,28.76916666666667,2695.0
83.71055555555556,28.768888888888892,2696.0
83.71027777777779,28.768611111111113,2695.0
83.71000000000001,28.768611111111113,2695.0
83.70972222222223,28.768611111111113,2694.0
83.70944444444446,28.768611111111113,2694.0
83.70916666666668,28.768611111111113,2693.0
83.7088888888889,28.768888888888892,2692.0
83.70861111111113,28.768611111111113,2692.0
83.70833333333334,28.768888888888892,2692.0
83.70805555555556,28.768888888888892,2691.0
83.70777777777779,28.768888888888892,2692.0
83.70750000000001,28.768611111111113,2692.0
83.70722222222223,28.768333333333338,2692.0
83.70694444444445,28.768333333333338,2692.0
83.70666666666668,28.76805555555556,2691.0
83.7063888888889,28.76805555555556,2691.0
83.70611111111111,28.76805555555556,2690.0
83.70583333333335,28.76805555555556,2690.0
83.70555555555556,28.76777777777778,2689.0
83.70527777777778,28.76777777777778,2689.0
83.70500000000001,28.76777777777778,2689.0
83.70472222222223,28.767500000000005,2688.0
83.70444444444445,28.767500000000005,2688.0
83.70416666666668,28.767222222222227,2687.0
83.7038888888889,28.767222222222227,2687.0
83.70361111111112,28.766944444444448,2686.0
83.70333333333335,28.76666666666667,2686.0
83.70305555555557,28.766388888888894,2685.0
83.70277777777778,28.766388888888894,2685.0
83.70250000000001,28.766111111111115,2684.0
83.70222222222223,28.766111111111115,2684.0
83.70194444444445,28.766111111111115,2684.0
83.70166666666667,28.766111111111115,2683.0
83.7013888888889,28.765833333333337,2683.0
83.70111111111112,28.765833333333337,2683.0
83.70083333333334,28.765833333333337,2682.0
83.70055555555557,28.765833333333337,2683.0
83.70027777777779,28.765555555555558,2681.0
83.7,28.765277777777783,2681.0
83.69972222222223,28.765000000000004,2680.0
83.69944444444445,28.765000000000004,2681.0
83.69916666666667,28.764722222222225,2679.0
83.6988888888889,28.764722222222225,2679.0
83.69861111111112,28.764722222222225,2681.0
83.69833333333334,28.764444444444447,2678.0
83.69805555555557,28.764444444444447,2678.0
83.69777777777779,28.764444444444447,2680.0
83.6975,28.76416666666667,2679.0
83.69722222222224,28.763888888888893,2676.0
83.69694444444445,28.763611111111114,2676.0
83.69694444444445,28.763333333333335,2679.0
83.69666666666667,28.76305555555556,2675.0
83.69638888888889,28.76277777777778,2674.0
83.69611111111112,28.762500000000003,2674.0
83.69611111111112,28.762222222222228,2680.0
83.69611111111112,28.76194444444445,2679.0
83.69611111111112,28.76166666666667,2679.0
83.69611111111112,28.76138888888889,2679.0
83.69611111111112,28.761111111111116,2678.0
83.69611111111112,28.760833333333338,2678.0
83.69611111111112,28.76055555555556,2677.0
83.69611111111112,28.76027777777778,2677.0
83.69583333333334,28.760000000000005,2676.0
83.69555555555556,28.759722222222226,2676.0
83.69555555555556,28.759444444444448,2677.0
83.69583333333334,28.75916666666667,2676.0
83.69611111111112,28.758888888888894,2674.0
83.69611111111112,28.758611111111115,2676.0
83.69611111111112,28.758333333333336,2676.0
83.69638888888889,28.758055555555558,2676.0
83.69638888888889,28.757777777777783,2674.0
83.69638888888889,28.757500000000004,2674.0
83.69638888888889,28.757222222222225,2672.0
83.69638888888889,28.756944444444446,2673.0
83.69638888888889,28.75666666666667,2674.0
83.69638888888889,28.756388888888893,2675.0
83.69638888888889,28.756111111111114,2676.0
83.69638888888889,28.75583333333334,2674.0
83.69638888888889,28.75555555555556,2675.0
83.69638888888889,28.75527777777778,2674.0
83.69638888888889,28.755000000000003,2673.0
83.69638888888889,28.754722222222227,2671.0
83.69611111111112,28.75444444444445,2674.0
83.69583333333334,28.75416666666667,2674.0
83.69555555555556,28.75388888888889,2674.0
83.69527777777779,28.753611111111116,2676.0
83.69500000000001,28.753333333333337,2676.0
83.69472222222223,28.75305555555556,2675.0
83.69472222222223,28.75277777777778,2673.0
83.69444444444446,28.752500000000005,2672.0
83.69444444444446,28.752222222222226,2668.0
83.69416666666667,28.751944444444447,2668.0
83.69388888888889,28.751944444444447,2669.0
83.69361111111112,28.75166666666667,2668.0
83.69333333333334,28.751388888888894,2664.0
83.69305555555556,28.751388888888894,2666.0
83.69277777777779,28.751388888888894,2669.0
83.69250000000001,28.751388888888894,2666.0
83.69222222222223,28.751388888888894,2667.0
83.69194444444446,28.751111111111115,2663.0
83.69166666666668,28.751111111111115,2662.0
83.6913888888889,28.751111111111115,2661.0
83.69111111111111,28.750833333333336,2663.0
83.69083333333334,28.75055555555556,2662.0
83.69055555555556,28.75055555555556,2656.0
83.69055555555556,28.750277777777782,2659.0
83.69027777777778,28.750000000000004,2659.0
83.69000000000001,28.749722222222225,2659.0
83.68972222222223,28.74944444444445,2658.0
83.68944444444445,28.74944444444445,2661.0
83.68916666666668,28.74916666666667,2660.0
83.6888888888889,28.748888888888892,2659.0
83.68861111111111,28.748611111111114,2660.0
83.68833333333335,28.74833333333334,2660.0
83.68805555555556,28.74805555555556,2661.0
83.68805555555556,28.74777777777778,2660.0
83.68805555555556,28.747500000000002,2661.0
83.68805555555556,28.747222222222227,2660.0
83.68805555555556,28.74694444444445,2661.0
83.68805555555556,28.74666666666667,2660.0
83.68805555555556,28.74638888888889,2660.0
83.68805555555556,28.746111111111116,2661.0
83.68805555555556,28.745833333333337,2661.0
83.68805555555556,28.74555555555556,2661.0
83.68805555555556,28.74527777777778,2661.0
83.68777777777778,28.745000000000005,2661.0
83.68777777777778,28.744722222222226,2661.0
83.68777777777778,28.744444444444447,2661.0
83.68777777777778,28.744166666666672,2659.0
83.68750000000001,28.743888888888893,2660.0
83.68722222222223,28.743611111111115,2660.0
83.68694444444445,28.743333333333336,2659.0
83.68666666666668,28.74305555555556,2660.0
83.6863888888889,28.742777777777782,2661.0
83.68611111111112,28.742500000000003,2661.0
83.68583333333333,28.742500000000003,2657.0
83.68583333333333,28.742222222222225,2657.0
83.68583333333333,28.74194444444445,2656.0
83.68555555555557,28.74166666666667,2656.0
83.68555555555557,28.741388888888892,2653.0
83.68527777777778,28.741111111111113,2654.0
83.685,28.740833333333338,2652.0
83.68472222222223,28.74055555555556,2652.0
83.68444444444445,28.74027777777778,2654.0
83.68416666666667,28.740000000000002,2653.0
83.6838888888889,28.740000000000002,2654.0
83.68361111111112,28.739722222222227,2655.0
83.68333333333334,28.739722222222227,2654.0
83.68305555555557,28.739722222222227,2653.0
83.68277777777779,28.739722222222227,2653.0
83.6825,28.739722222222227,2653.0
83.68222222222224,28.739722222222227,2653.0
83.68194444444445,28.739444444444448,2653.0
83.68166666666667,28.73916666666667,2652.0
83.6813888888889,28.738888888888894,2651.0
83.68111111111112,28.738888888888894,2651.0
83.68083333333334,28.738611111111116,2650.0
83.68055555555556,28.738888888888894,2650.0
83.68027777777779,28.738888888888894,2645.0
83.68,28.738611111111116,2639.0
83.68,28.738333333333337,2640.0
83.68,28.738055555555558,2642.0
83.68,28.737777777777783,2644.0
83.68,28.737500000000004,2641.0
83.68,28.737222222222226,2641.0
83.68,28.736944444444447,2641.0
83.68,28.73666666666667,2643.0
83.68,28.736388888888893,2643.0
83.68,28.736111111111114,2642.0
83.68,28.735833333333336,2641.0
83.67972222222222,28.73555555555556,2638.0
83.67944444444446,28.73527777777778,2638.0
83.67916666666667,28.735000000000003,2640.0
83.67888888888889,28.734722222222224,2641.0
83.67861111111112,28.73444444444445,2643.0
83.67833333333334,28.73416666666667,2643.0
83.67805555555556,28.73388888888889,2642.0
83.67777777777779,28.733611111111117,2644.0
83.67750000000001,28.733333333333338,2645.0
83.67722222222223,28.73305555555556,2640.0
83.67722222222223,28.73277777777778,2635.0
83.67722222222223,28.732500000000005,2632.0
83.67722222222223,28.732222222222227,2630.0
83.67722222222223,28.731944444444448,2625.0
83.67722222222223,28.73166666666667,2628.0
83.67750000000001,28.731388888888894,2630.0
83.67777777777779,28.731111111111115,2630.0
83.67777777777779,28.730833333333337,2629.0
83.67777777777779,28.730555555555558,2629.0
83.67777777777779,28.730277777777783,2631.0
83.67777777777779,28.730000000000004,2631.0
83.67777777777779,28.729722222222225,2627.0
83.67777777777779,28.729444444444447,2625.0
83.67777777777779,28.72916666666667,2625.0
83.67777777777779,28.728888888888893,2631.0
83.67750000000001,28.728611111111114,2627.0
83.67750000000001,28.728333333333335,2630.0
83.67722222222223,28.72805555555556,2624.0
83.67694444444446,28.72777777777778,2627.0
83.67666666666668,28.727500000000003,2631.0
83.67666666666668,28.727222222222228,2630.0
83.67666666666668,28.72694444444445,2626.0
83.67666666666668,28.72666666666667,2622.0
83.67666666666668,28.72638888888889,2621.0
83.6763888888889,28.72638888888889,2620.0
83.67611111111113,28.726111111111116,2619.0
83.67583333333334,28.725833333333338,2619.0
83.67555555555556,28.725833333333338,2620.0
83.67527777777778,28.72555555555556,2615.0
83.67500000000001,28.72555555555556,2619.0
83.67472222222223,28.72527777777778,2621.0
83.67444444444445,28.72527777777778,2620.0
83.67416666666668,28.72527777777778,2615.0
83.6738888888889,28.72527777777778,2614.0
83.67361111111111,28.72527777777778,2616.0
83.67333333333335,28.725000000000005,2612.0
83.67305555555556,28.725000000000005,2612.0
83.67277777777778,28.724722222222226,2614.0
83.67250000000001,28.724444444444448,2617.0
83.67250000000001,28.72416666666667,2617.0
83.67222222222223,28.723888888888894,2613.0
83.67194444444445,28.723611111111115,2608.0
83.67166666666668,28.723333333333336,2605.0
83.6713888888889,28.723055555555558,2613.0
83.67111111111112,28.722777777777782,2616.0
83.67083333333335,28.722500000000004,2611.0
83.67083333333335,28.722222222222225,2616.0
83.67055555555557,28.72194444444445,2617.0
83.67027777777778,28.72166666666667,2614.0
83.67027777777778,28.721388888888892,2611.0
83.67,28.721388888888892,2611.0
83.66972222222223,28.721388888888892,2607.0
83.66944444444445,28.721111111111114,2606.0
83.66916666666667,28.72083333333334,2606.0
83.6688888888889,28.72055555555556,2606.0
83.66861111111112,28.72027777777778,2605.0
83.66833333333334,28.720000000000002,2604.0
83.66805555555557,28.719722222222227,2609.0
83.66777777777779,28.71944444444445,2611.0
83.6675,28.71916666666667,2607.0
83.66722222222224,28.71916666666667,2608.0
83.66694444444445,28.71888888888889,2607.0
83.66666666666667,28.71888888888889,2608.0
83.6663888888889,28.718611111111116,2605.0
83.66611111111112,28.718611111111116,2602.0
83.66583333333334,28.718611111111116,2601.0
83.66555555555557,28.718611111111116,2602.0
83.66527777777779,28.718333333333337,2602.0
83.665,28.71805555555556,2599.0
83.66472222222222,28.71777777777778,2599.0
83.66444444444446,28.717500000000005,2602.0
83.66416666666667,28.717500000000005,2603.0
83.66388888888889,28.717222222222226,2602.0
83.66361111111112,28.717222222222226,2601.0
83.66333333333334,28.716944444444447,2598.0
83.66305555555556,28.716944444444447,2592.0
83.66277777777779,28.716944444444447,2590.0
83.66250000000001,28.716666666666672,2588.0
83.66222222222223,28.716388888888893,2596.0
83.66194444444446,28.716111111111115,2596.0
83.66166666666668,28.715833333333336,2596.0
83.6613888888889,28.71555555555556,2597.0
83.66111111111113,28.715277777777782,2597.0
83.66083333333334,28.715000000000003,2596.0
83.66055555555556,28.714722222222225,2597.0
83.66027777777778,28.71444444444445,2597.0
83.66000000000001,28.71444444444445,2596.0
83.65972222222223,28.71416666666667,2596.0
83.65944444444445,28.71416666666667,2596.0
83.65916666666668,28.713888888888892,2596.0
83.6588888888889,28.713611111111113,2595.0
83.65861111111111,28.713611111111113,2595.0
83.65833333333335,28.713611111111113,2594.0
83.65833333333335,28.71333333333334,2594.0
83.65833333333335,28.71305555555556,2593.0
83.65805555555556,28.71305555555556,2593.0
83.65777777777778,28.71277777777778,2593.0
83.65750000000001,28.71277777777778,2593.0
83.65722222222223,28.71277777777778,2593.0
83.65694444444445,28.71277777777778,2592.0
83.65666666666668,28.71277777777778,2592.0
83.6563888888889,28.712500000000002,2592.0
83.6563888888889,28.712222222222227,2591.0
83.65666666666668,28.71194444444445,2591.0
83.6563888888889,28.71166666666667,2591.0
83.65611111111112,28.71166666666667,2591.0
83.65583333333335,28.71166666666667,2591.0
83.65555555555557,28.71138888888889,2590.0
83.65527777777778,28.71138888888889,2590.0
83.655,28.71138888888889,2589.0
83.65472222222223,28.71138888888889,2588.0
83.65444444444445,28.71138888888889,2588.0
83.65416666666667,28.71138888888889,2589.0
83.6538888888889,28.71138888888889,2589.0
83.65361111111112,28.71138888888889,2587.0
83.65333333333334,28.711111111111116,2585.0
83.65305555555557,28.710833333333337,2588.0
83.65277777777779,28.71055555555556,2589.0
83.6525,28.710277777777783,2589.0
83.65222222222224,28.710000000000004,2588.0
83.65194444444445,28.709722222222226,2585.0
83.65166666666667,28.709722222222226,2585.0
83.6513888888889,28.709722222222226,2584.0
83.6513888888889,28.710000000000004,2584.0
83.65111111111112,28.710277777777783,2583.0
83.65083333333334,28.710277777777783,2583.0
83.65055555555557,28.710277777777783,2582.0
83.65027777777779,28.710277777777783,2583.0
83.65,28.710000000000004,2582.0
83.65,28.709722222222226,2581.0
83.64972222222222,28.709722222222226,2580.0
83.64944444444446,28.709722222222226,2581.0
83.64916666666667,28.709722222222226,2581.0
83.64888888888889,28.709722222222226,2580.0
83.64861111111112,28.709722222222226,2578.0
83.64833333333334,28.709722222222226,2577.0
83.64805555555556,28.709722222222226,2578.0
83.64777777777779,28.709722222222226,2581.0
83.64750000000001,28.709444444444447,2580.0
83.64722222222223,28.709166666666672,2581.0
83.64694444444446,28.709166666666672,2581.0
83.64666666666668,28.708888888888893,2581.0
83.6463888888889,28.708888888888893,2580.0
83.64611111111113,28.708888888888893,2578.0
83.64611111111113,28.708611111111114,2578.0
83.64611111111113,28.708333333333336,2578.0
83.64611111111113,28.70805555555556,2578.0
83.64583333333334,28.707777777777782,2578.0
83.64555555555556,28.707500000000003,2577.0
83.64527777777779,28.707222222222224,2576.0
83.64500000000001,28.70694444444445,2577.0
83.64472222222223,28.70666666666667,2577.0
83.64444444444445,28.706388888888892,2576.0
83.64416666666668,28.706111111111113,2575.0
83.6438888888889,28.705833333333338,2575.0
83.64361111111111,28.70555555555556,2576.0
83.64333333333335,28.70527777777778,2576.0
83.64305555555556,28.705000000000005,2577.0
83.64277777777778,28.704722222222227,2576.0
83.64250000000001,28.704444444444448,2573.0
83.64222222222223,28.704444444444448,2572.0
83.64194444444445,28.704444444444448,2570.0
83.64166666666668,28.704444444444448,2568.0
83.6413888888889,28.704444444444448,2566.0
83.64111111111112,28.704444444444448,2567.0
83.64083333333335,28.70416666666667,2567.0
83.64055555555557,28.703888888888894,2570.0
83.64027777777778,28.703611111111115,2572.0
83.64000000000001,28.703888888888894,2572.0
83.63972222222223,28.703888888888894,2570.0
83.63944444444445,28.703888888888894,2569.0
83.63916666666667,28.703888888888894,2569.0
83.6388888888889,28.703888888888894,2569.0
83.63861111111112,28.703888888888894,2569.0
83.63833333333334,28.703888888888894,2570.0
83.63805555555557,28.70416666666667,2569.0
83.63777777777779,28.70416666666667,2569.0
83.6375,28.70416666666667,2570.0
83.63722222222223,28.70416666666667,2570.0
83.63694444444445,28.70416666666667,2570.0
83.63666666666667,28.704444444444448,2568.0
83.6363888888889,28.704444444444448,2568.0
83.63611111111112,28.70416666666667,2567.0
83.63583333333334,28.703888888888894,2566.0
83.63555555555557,28.703611111111115,2568.0
83.63527777777779,28.703611111111115,2568.0
83.635,28.703611111111115,2568.0
83.63472222222224,28.703333333333337,2568.0
83.63444444444445,28.703055555555558,2567.0
83.63416666666667,28.702777777777783,2562.0
83.63388888888889,28.702777777777783,2559.0
83.63361111111112,28.702777777777783,2559.0
83.63333333333334,28.702777777777783,2561.0
83.63305555555556,28.702777777777783,2562.0
83.63277777777779,28.702777777777783,2560.0
83.63250000000001,28.702500000000004,2564.0
83.63222222222223,28.702222222222225,2565.0
83.63194444444446,28.701944444444447,2563.0
83.63166666666667,28.70166666666667,2559.0
83.63138888888889,28.701388888888893,2562.0
83.63111111111112,28.701111111111114,2565.0
83.63083333333334,28.700833333333335,2561.0
83.63055555555556,28.70055555555556,2565.0
83.63027777777779,28.70027777777778,2565.0
83.63027777777779,28.700000000000003,2559.0
83.63000000000001,28.700000000000003,2555.0
83.62972222222223,28.700000000000003,2553.0
83.62944444444446,28.700000000000003,2549.0
83.62916666666668,28.700000000000003,2545.0
83.6288888888889,28.700000000000003,2546.0
83.62861111111111,28.699722222222228,2545.0
83.62833333333334,28.69944444444445,2546.0
83.62805555555556,28.69916666666667,2554.0
83.62777777777778,28.69888888888889,2558.0
83.62777777777778,28.698611111111116,2559.0
83.62777777777778,28.698333333333338,2557.0
83.62777777777778,28.69805555555556,2558.0
83.62805555555556,28.69777777777778,2559.0
83.62805555555556,28.697500000000005,2559.0
83.62805555555556,28.697222222222226,2559.0
83.62805555555556,28.696944444444448,2560.0
83.62805555555556,28.69666666666667,2560.0
83.62805555555556,28.696388888888894,2558.0
83.62777777777778,28.696388888888894,2555.0
83.62750000000001,28.696388888888894,2557.0
83.62722222222223,28.696388888888894,2558.0
83.62694444444445,28.696388888888894,2558.0
83.62666666666668,28.696388888888894,2558.0
83.6263888888889,28.696388888888894,2558.0
83.62611111111111,28.696388888888894,2555.0
83.62583333333335,28.696111111111115,2556.0
83.62555555555556,28.695833333333336,2557.0
83.62527777777778,28.695555555555558,2556.0
83.62527777777778,28.695277777777783,2556.0
83.62500000000001,28.695000000000004,2555.0
83.62500000000001,28.694722222222225,2555.0
83.62500000000001,28.694444444444446,2555.0
83.62472222222223,28.69416666666667,2555.0
83.62472222222223,28.693888888888893,2555.0
83.62472222222223,28.693611111111114,2552.0
83.62444444444445,28.69333333333334,2552.0
83.62416666666668,28.69305555555556,2555.0
83.6238888888889,28.69277777777778,2554.0
83.6238888888889,28.692500000000003,2554.0
83.6238888888889,28.692222222222227,2554.0
83.6238888888889,28.69194444444445,2551.0
83.6238888888889,28.69166666666667,2546.0
83.6238888888889,28.69138888888889,2547.0
83.6238888888889,28.691111111111116,2553.0
83.62416666666668,28.690833333333337,2551.0
83.62416666666668,28.69055555555556,2551.0
83.62416666666668,28.69027777777778,2553.0
83.6238888888889,28.690000000000005,2553.0
83.62361111111112,28.690000000000005,2552.0
83.62361111111112,28.689722222222226,2550.0
83.62333333333333,28.689444444444447,2550.0
83.62305555555557,28.68916666666667,2550.0
83.62277777777778,28.688888888888894,2552.0
83.6225,28.688611111111115,2551.0
83.62222222222223,28.688611111111115,2551.0
83.62194444444445,28.688333333333336,2549.0
83.62166666666667,28.688333333333336,2551.0
83.6213888888889,28.68805555555556,2551.0
83.62111111111112,28.68805555555556,2550.0
83.62083333333334,28.68805555555556,2551.0
83.62055555555557,28.688333333333336,2551.0
83.62027777777779,28.688611111111115,2551.0
83.62,28.688333333333336,2551.0
83.61972222222224,28.688333333333336,2548.0
83.61944444444445,28.688333333333336,2544.0
83.61916666666667,28.688333333333336,2545.0
83.6188888888889,28.688333333333336,2542.0
83.61861111111112,28.68805555555556,2535.0
83.61833333333334,28.687777777777782,2539.0
83.61805555555556,28.687500000000004,2545.0
83.61777777777779,28.687222222222225,2546.0
83.6175,28.68694444444445,2544.0
83.61722222222222,28.68666666666667,2547.0
83.61694444444446,28.686388888888892,2546.0
83.61694444444446,28.686111111111114,2546.0
83.61722222222222,28.68583333333334,2547.0
83.6175,28.68555555555556,2547.0
83.6175,28.68527777777778,2547.0
83.6175,28.685000000000002,2547.0
83.6175,28.684722222222227,2546.0
83.6175,28.68444444444445,2545.0
83.6175,28.68416666666667,2546.0
83.61777777777779,28.68388888888889,2546.0
83.61777777777779,28.683611111111116,2547.0
83.61777777777779,28.683333333333337,2547.0
83.6175,28.68305555555556,2545.0
83.61722222222222,28.68277777777778,2545.0
83.61694444444446,28.682500000000005,2546.0
83.61666666666667,28.682222222222226,2545.0
83.61666666666667,28.681944444444447,2547.0
83.61666666666667,28.681666666666672,2547.0
83.61666666666667,28.681388888888893,2545.0
83.61638888888889,28.681388888888893,2545.0
83.61611111111112,28.681111111111115,2545.0
83.61583333333334,28.680833333333336,2546.0
83.61555555555556,28.680833333333336,2545.0
83.61527777777779,28.680833333333336,2544.0
83.61500000000001,28.68055555555556,2544.0
83.61472222222223,28.680277777777782,2546.0
83.61444444444446,28.680000000000003,2545.0
83.61444444444446,28.679722222222225,2543.0
83.61416666666668,28.679722222222225,2541.0
83.6138888888889,28.679722222222225,2542.0
83.61361111111113,28.67944444444445,2544.0
83.61333333333334,28.67916666666667,2544.0
83.61305555555556,28.67916666666667,2543.0
83.61277777777778,28.67916666666667,2544.0
83.61250000000001,28.67916666666667,2544.0
83.61222222222223,28.67916666666667,2542.0
83.61194444444445,28.67916666666667,2541.0
83.61166666666668,28.678888888888892,2542.0
83.6113888888889,28.678611111111113,2541.0
83.61111111111111,28.678611111111113,2541.0
83.61083333333335,28.678611111111113,2541.0
83.61055555555556,28.678611111111113,2542.0
83.61027777777778,28.678888888888892,2540.0
83.61000000000001,28.678888888888892,2539.0
83.60972222222223,28.678888888888892,2539.0
83.60944444444445,28.678888888888892,2540.0
83.60916666666668,28.678888888888892,2542.0
83.6088888888889,28.678888888888892,2542.0
83.60861111111112,28.678888888888892,2542.0
83.60833333333335,28.678888888888892,2541.0
83.60805555555557,28.678611111111113,2537.0
83.60777777777778,28.678333333333338,2531.0
83.60777777777778,28.67805555555556,2528.0
83.60777777777778,28.67777777777778,2528.0
83.6075,28.677500000000002,2529.0
83.60722222222223,28.677222222222227,2532.0
83.60694444444445,28.676944444444448,2532.0
83.60666666666667,28.676944444444448,2532.0
83.6063888888889,28.67666666666667,2531.0
83.60611111111112,28.67666666666667,2531.0
83.60583333333334,28.67666666666667,2530.0
83.60555555555557,28.67666666666667,2530.0
83.60527777777779,28.67666666666667,2529.0
83.605,28.67666666666667,2528.0
83.60472222222224,28.67666666666667,2526.0
83.60444444444445,28.67666666666667,2526.0
83.60416666666667,28.67666666666667,2528.0
83.6038888888889,28.67666666666667,2529.0
83.60361111111112,28.676388888888894,2528.0
83.60333333333334,28.676111111111116,2524.0
83.60305555555557,28.675833333333337,2526.0
83.60277777777779,28.675555555555558,2532.0
83.6025,28.675277777777783,2527.0
83.60222222222222,28.675000000000004,2523.0
83.60194444444446,28.674722222222226,2524.0
83.60166666666667,28.674444444444447,2529.0
83.60138888888889,28.67416666666667,2531.0
83.60111111111112,28.67416666666667,2532.0
83.60083333333334,28.673888888888893,2530.0
83.60055555555556,28.673888888888893,2531.0
83.60027777777779,28.673611111111114,2529.0
83.60000000000001,28.673333333333336,2532.0
83.59972222222223,28.67305555555556,2530.0
83.59944444444446,28.67277777777778,2526.0
83.59916666666668,28.67277777777778,2529.0
83.5988888888889,28.672500000000003,2526.0
83.59861111111113,28.672500000000003,2532.0
83.59833333333334,28.672222222222224,2531.0
83.59805555555556,28.67194444444445,2532.0
83.59777777777778,28.67194444444445,2531.0
83.59750000000001,28.67194444444445,2530.0
83.59722222222223,28.67194444444445,2530.0
83.59694444444445,28.67166666666667,2530.0
83.59666666666668,28.67138888888889,2527.0
83.5963888888889,28.67138888888889,2523.0
83.59611111111111,28.671111111111117,2520.0
83.59583333333335,28.670833333333338,2519.0
83.59583333333335,28.67055555555556,2520.0
83.59555555555556,28.67027777777778,2519.0
83.59527777777778,28.670000000000005,2519.0
83.59500000000001,28.669722222222227,2519.0
83.59472222222223,28.669444444444448,2519.0
83.59472222222223,28.66916666666667,2518.0
83.59444444444445,28.66916666666667,2518.0
83.59416666666668,28.668888888888894,2518.0
83.59416666666668,28.668611111111115,2518.0
83.59444444444445,28.668333333333337,2518.0
83.59472222222223,28.668055555555558,2517.0
83.59472222222223,28.667777777777783,2517.0
83.59444444444445,28.667500000000004,2517.0
83.59416666666668,28.667222222222225,2517.0
83.5938888888889,28.666944444444447,2516.0
83.59361111111112,28.666944444444447,2515.0
83.59333333333335,28.666944444444447,2515.0
83.59305555555557,28.66666666666667,2513.0
83.59277777777778,28.666388888888893,2513.0
83.5925,28.666111111111114,2515.0
83.59277777777778,28.66583333333334,2515.0
83.59305555555557,28.66555555555556,2513.0
83.59333333333335,28.66527777777778,2511.0
83.59361111111112,28.665000000000003,2512.0
83.5938888888889,28.664722222222228,2515.0
83.59416666666668,28.66444444444445,2515.0
83.5938888888889,28.66416666666667,2514.0
83.5938888888889,28.66388888888889,2513.0
83.5938888888889,28.663611111111116,2514.0
83.5938888888889,28.663333333333338,2514.0
83.5938888888889,28.66305555555556,2513.0
83.5938888888889,28.66277777777778,2514.0
83.59361111111112,28.662500000000005,2514.0
83.59361111111112,28.662222222222226,2512.0
83.59361111111112,28.661944444444448,2507.0
83.59361111111112,28.66166666666667,2506.0
83.59361111111112,28.661388888888894,2509.0
83.59333333333335,28.661111111111115,2511.0
83.59305555555557,28.660833333333336,2513.0
83.59305555555557,28.660555555555558,2513.0
83.59277777777778,28.660277777777782,2511.0
83.59277777777778,28.660000000000004,2510.0
83.59277777777778,28.659722222222225,2508.0
83.59277777777778,28.65944444444445,2505.0
83.59305555555557,28.65916666666667,2507.0
83.59333333333335,28.658888888888892,2508.0
83.59361111111112,28.658611111111114,2509.0
83.5938888888889,28.65833333333334,2510.0
83.59416666666668,28.65805555555556,2510.0
83.59444444444445,28.65777777777778,2508.0
83.59444444444445,28.657500000000002,2510.0
83.59472222222223,28.657222222222227,2510.0
83.59500000000001,28.657222222222227,2508.0
83.59500000000001,28.65694444444445,2505.0
83.59527777777778,28.65666666666667,2508.0
83.59555555555556,28.65638888888889,2507.0
83.59583333333335,28.65638888888889,2504.0
83.59583333333335,28.656111111111116,2502.0
83.59611111111111,28.655833333333337,2506.0
83.5963888888889,28.65555555555556,2504.0
83.5963888888889,28.65527777777778,2505.0
83.5963888888889,28.655000000000005,2503.0
83.5963888888889,28.654722222222226,2499.0
83.59611111111111,28.654444444444447,2500.0
83.59583333333335,28.65416666666667,2505.0
83.59555555555556,28.653888888888893,2505.0
83.59555555555556,28.653611111111115,2501.0
83.59555555555556,28.653333333333336,2504.0
83.59583333333335,28.65305555555556,2505.0
83.59611111111111,28.65305555555556,2504.0
83.59611111111111,28.652777777777782,2504.0
83.59611111111111,28.652500000000003,2504.0
83.5963888888889,28.652222222222225,2504.0
83.5963888888889,28.65194444444445,2502.0
83.5963888888889,28.65166666666667,2502.0
83.59611111111111,28.651388888888892,2502.0
83.59611111111111,28.651111111111113,2503.0
83.59611111111111,28.65083333333334,2503.0
83.5963888888889,28.65055555555556,2503.0
83.59666666666668,28.65055555555556,2500.0
83.59666666666668,28.65027777777778,2500.0
83.59666666666668,28.650000000000002,2498.0
83.59666666666668,28.649722222222227,2494.0
83.5963888888889,28.64944444444445,2490.0
83.59611111111111,28.64916666666667,2496.0
83.59583333333335,28.64888888888889,2500.0
83.59555555555556,28.648611111111116,2499.0
83.59527777777778,28.648333333333337,2499.0
83.59500000000001,28.64805555555556,2500.0
83.59472222222223,28.647777777777783,2498.0
83.59472222222223,28.647500000000004,2501.0
83.59500000000001,28.647222222222226,2499.0
83.59500000000001,28.646944444444447,2493.0
83.59527777777778,28.646666666666672,2497.0
83.59555555555556,28.646388888888893,2497.0
83.59583333333335,28.646111111111114,2490.0
83.59611111111111,28.646111111111114,2489.0
83.5963888888889,28.646111111111114,2490.0
83.59666666666668,28.646111111111114,2490.0
83.59694444444445,28.646111111111114,2488.0
83.59722222222223,28.646111111111114,2487.0
83.59750000000001,28.646111111111114,2489.0
83.59777777777778,28.646111111111114,2492.0
83.59805555555556,28.645833333333336,2486.0
83.59833333333334,28.645833333333336,2489.0
83.59861111111113,28.64555555555556,2489.0
83.5988888888889,28.645277777777782,2489.0
83.59916666666668,28.645277777777782,2491.0
83.59944444444446,28.645277777777782,2492.0
83.59972222222223,28.645000000000003,2489.0
83.60000000000001,28.645000000000003,2486.0
83.60027777777779,28.644722222222224,2485.0
83.60055555555556,28.64444444444445,2486.0
83.60083333333334,28.64444444444445,2486.0
83.60111111111112,28.64444444444445,2485.0
83.60138888888889,28.64416666666667,2482.0
83.60166666666667,28.643888888888892,2482.0
83.60194444444446,28.643611111111113,2479.0
83.60222222222222,28.643611111111113,2479.0
83.6025,28.643333333333338,2479.0
83.60277777777779,28.643333333333338,2476.0
83.60305555555557,28.643333333333338,2474.0
83.60333333333334,28.643333333333338,2476.0
83.60361111111112,28.643333333333338,2476.0
83.6038888888889,28.643333333333338,2475.0
83.60416666666667,28.643333333333338,2474.0
83.60444444444445,28.64305555555556,2471.0
83.60472222222224,28.64277777777778,2467.0
83.605,28.642500000000005,2466.0
83.60527777777779,28.642222222222227,2466.0
83.60555555555557,28.642222222222227,2465.0
83.60583333333334,28.641944444444448,2464.0
83.60583333333334,28.64166666666667,2464.0
83.60583333333334,28.641388888888894,2461.0
83.60611111111112,28.641388888888894,2457.0
83.6063888888889,28.641111111111115,2452.0
83.60666666666667,28.640833333333337,2460.0
83.60694444444445,28.640555555555558,2462.0
83.60722222222223,28.640555555555558,2459.0
83.60722222222223,28.640277777777783,2458.0
83.6075,28.640277777777783,2457.0
83.60777777777778,28.640000000000004,2458.0
83.60805555555557,28.640000000000004,2458.0
83.60833333333335,28.640000000000004,2457.0
83.60861111111112,28.639722222222225,2456.0
83.6088888888889,28.639444444444447,2452.0
83.60916666666668,28.639444444444447,2450.0
83.60944444444445,28.639444444444447,2448.0
83.60944444444445,28.63916666666667,2448.0
83.60972222222223,28.638888888888893,2447.0
83.60972222222223,28.638611111111114,2449.0
83.61000000000001,28.638333333333335,2444.0
83.61027777777778,28.63805555555556,2435.0
83.61055555555556,28.63777777777778,2429.0
83.61083333333335,28.637500000000003,2423.0
83.61111111111111,28.637500000000003,2422.0
83.6113888888889,28.637500000000003,2419.0
83.61166666666668,28.637500000000003,2416.0
83.61194444444445,28.63777777777778,2415.0
83.61222222222223,28.63777777777778,2413.0
83.61250000000001,28.637500000000003,2410.0
83.61277777777778,28.637500000000003,2408.0
83.61305555555556,28.637222222222228,2407.0
83.61333333333334,28.63694444444445,2405.0
83.61361111111113,28.63694444444445,2405.0
83.6138888888889,28.63694444444445,2404.0
83.61416666666668,28.63694444444445,2404.0
83.61444444444446,28.63666666666667,2403.0
83.61444444444446,28.63638888888889,2400.0
83.61472222222223,28.636111111111116,2399.0
83.61500000000001,28.635833333333338,2400.0
83.61500000000001,28.63555555555556,2399.0
83.61527777777779,28.63527777777778,2397.0
83.61555555555556,28.635000000000005,2393.0
83.61555555555556,28.634722222222226,2394.0
83.61583333333334,28.634444444444448,2393.0
83.61583333333334,28.63416666666667,2391.0
83.61611111111112,28.63416666666667,2391.0
83.61638888888889,28.633888888888894,2390.0
83.61666666666667,28.633888888888894,2389.0
83.61694444444446,28.633611111111115,2386.0
83.61722222222222,28.633333333333336,2384.0
83.6175,28.633055555555558,2378.0
83.61777777777779,28.633055555555558,2376.0
83.61805555555556,28.632777777777783,2372.0
83.61833333333334,28.632500000000004,2369.0
83.61861111111112,28.632222222222225,2365.0
83.6188888888889,28.631944444444446,2355.0
83.6188888888889,28.63166666666667,2347.0
83.6188888888889,28.631388888888893,2341.0
83.6188888888889,28.631111111111114,2338.0
83.6188888888889,28.63083333333334,2335.0
83.6188888888889,28.63055555555556,2333.0
83.6188888888889,28.63027777777778,2331.0
83.6188888888889,28.630000000000003,2330.0
83.6188888888889,28.629722222222227,2328.0
83.6188888888889,28.62944444444445,2319.0
83.6188888888889,28.62916666666667,2312.0
83.6188888888889,28.62888888888889,2309.0
83.61916666666667,28.628611111111116,2306.0
83.61944444444445,28.628333333333337,2302.0
83.61972222222224,28.628333333333337,2298.0
83.62,28.628333333333337,2296.0
83.62027777777779,28.62805555555556,2295.0
83.62055555555557,28.62777777777778,2291.0
83.62083333333334,28.62777777777778,2287.0
83.62111111111112,28.62777777777778,2290.0
83.6213888888889,28.627500000000005,2292.0
83.62166666666667,28.627222222222226,2289.0
83.62194444444445,28.626944444444447,2286.0
83.62222222222223,28.626944444444447,2285.0
83.6225,28.626944444444447,2284.0
83.62277777777778,28.626944444444447,2283.0
83.62305555555557,28.62666666666667,2279.0
83.62333333333333,28.62666666666667,2271.0
83.62361111111112,28.62666666666667,2267.0
83.6238888888889,28.62666666666667,2266.0
83.62416666666668,28.62666666666667,2263.0
83.62444444444445,28.62666666666667,2259.0
83.62472222222223,28.62666666666667,2256.0
83.62500000000001,28.626388888888894,2254.0
83.62527777777778,28.626388888888894,2249.0
83.62555555555556,28.626388888888894,2243.0
83.62583333333335,28.626388888888894,2237.0
83.62611111111111,28.626388888888894,2236.0
83.6263888888889,28.626111111111115,2236.0
83.62666666666668,28.626111111111115,2232.0
83.62694444444445,28.625833333333336,2223.0
83.62722222222223,28.625833333333336,2215.0
83.62750000000001,28.625833333333336,2210.0
83.62777777777778,28.62555555555556,2202.0
83.62805555555556,28.625277777777782,2196.0
83.62833333333334,28.625277777777782,2192.0
83.62861111111111,28.625000000000004,2190.0
83.6288888888889,28.624722222222225,2189.0
83.62916666666668,28.62444444444445,2182.0
83.62944444444446,28.62416666666667,2173.0
83.62944444444446,28.623888888888892,2170.0
83.62972222222223,28.623888888888892,2166.0
83.63000000000001,28.623888888888892,2168.0
83.63027777777779,28.623611111111114,2169.0
83.63055555555556,28.623611111111114,2169.0
83.63083333333334,28.62333333333334,2169.0
83.63111111111112,28.62305555555556,2168.0
83.63138888888889,28.62277777777778,2152.0
83.63166666666667,28.622500000000002,2133.0
83.63194444444446,28.622500000000002,2127.0
83.63222222222223,28.622222222222227,2121.0
83.63250000000001,28.622222222222227,2118.0
83.63277777777779,28.622222222222227,2116.0
83.63305555555556,28.622222222222227,2112.0
83.63333333333334,28.622222222222227,2106.0
83.63361111111112,28.622222222222227,2106.0
83.63388888888889,28.622222222222227,2107.0
83.63416666666667,28.622222222222227,2104.0
83.63444444444445,28.622222222222227,2101.0
83.63472222222224,28.62194444444445,2093.0
83.635,28.62194444444445,2096.0
83.63527777777779,28.62166666666667,2092.0
83.63555555555557,28.62166666666667,2084.0
83.63583333333334,28.62166666666667,2079.0
83.63611111111112,28.62166666666667,2077.0
83.6363888888889,28.62166666666667,2079.0
83.63666666666667,28.62138888888889,2078.0
83.63694444444445,28.621111111111116,2073.0
83.63722222222223,28.621111111111116,2072.0
83.6375,28.620833333333337,2069.0
83.63777777777779,28.620833333333337,2066.0
83.63805555555557,28.62055555555556,2064.0
83.63833333333334,28.62027777777778,2061.0
83.63861111111112,28.62027777777778,2059.0
83.6388888888889,28.620000000000005,2058.0
83.63916666666667,28.619722222222226,2059.0
83.63944444444445,28.619444444444447,2059.0
83.63972222222223,28.619166666666672,2059.0
83.64000000000001,28.619166666666672,2060.0
83.64027777777778,28.618888888888893,2056.0
83.64055555555557,28.618611111111115,2053.0
83.64083333333335,28.618333333333336,2053.0
83.64111111111112,28.61805555555556,2048.0
83.6413888888889,28.617777777777782,2044.0
83.6413888888889,28.617500000000003,2044.0
83.6413888888889,28.617222222222225,2045.0
83.64166666666668,28.61694444444445,2044.0
83.64166666666668,28.61666666666667,2041.0
83.64194444444445,28.616388888888892,2038.0
83.64194444444445,28.616111111111113,2038.0
83.64222222222223,28.615833333333338,2037.0
83.64250000000001,28.61555555555556,2034.0
83.64277777777778,28.61555555555556,2031.0
83.64305555555556,28.61527777777778,2031.0
83.64333333333335,28.615000000000002,2028.0
83.64361111111111,28.614722222222227,2026.0
83.64361111111111,28.614444444444448,2028.0
83.6438888888889,28.61416666666667,2025.0
83.6438888888889,28.613888888888894,2021.0
83.6438888888889,28.613611111111116,2018.0
83.6438888888889,28.613333333333337,2019.0
83.64416666666668,28.613055555555558,2020.0
83.64444444444445,28.612777777777783,2019.0
83.64472222222223,28.612500000000004,2020.0
83.64500000000001,28.612222222222226,2018.0
83.64500000000001,28.611944444444447,2023.0
83.64527777777779,28.61166666666667,2022.0
83.64555555555556,28.611388888888893,2020.0
83.64555555555556,28.611111111111114,2024.0
83.64583333333334,28.610833333333336,2018.0
83.64583333333334,28.61055555555556,2021.0
83.64583333333334,28.61027777777778,2022.0
83.64583333333334,28.610000000000003,2018.0
83.64583333333334,28.609722222222224,2011.0
83.64583333333334,28.60944444444445,2007.0
83.64583333333334,28.60916666666667,2008.0
83.64583333333334,28.60888888888889,2012.0
83.64583333333334,28.608611111111117,2023.0
83.64611111111113,28.608333333333338,2018.0
83.6463888888889,28.60805555555556,2008.0
83.64666666666668,28.60777777777778,2006.0
83.64694444444446,28.607500000000005,2006.0
83.64722222222223,28.607222222222227,2003.0
83.64750000000001,28.606944444444448,2005.0
83.64777777777779,28.60666666666667,2011.0
83.64805555555556,28.606388888888894,2008.0
83.64833333333334,28.606111111111115,2016.0
83.64861111111112,28.605833333333337,2023.0
83.64861111111112,28.605555555555558,2025.0
83.64861111111112,28.605277777777783,2024.0
83.64861111111112,28.605000000000004,2022.0
83.64861111111112,28.604722222222225,2023.0
83.64861111111112,28.604444444444447,2023.0
83.64861111111112,28.60416666666667,2019.0
83.64861111111112,28.603888888888893,2015.0
83.64861111111112,28.603611111111114,2010.0
83.64861111111112,28.60333333333334,1999.0
83.64861111111112,28.60305555555556,1990.0
83.64861111111112,28.60277777777778,1986.0
83.64861111111112,28.602500000000003,1984.0
83.64861111111112,28.602222222222228,1988.0
83.64861111111112,28.60194444444445,1997.0
83.64861111111112,28.60166666666667,2006.0
83.64861111111112,28.60138888888889,2014.0
83.64861111111112,28.601111111111116,2019.0
83.64861111111112,28.600833333333338,2022.0
83.64861111111112,28.60055555555556,2022.0
83.64833333333334,28.60027777777778,2023.0
83.64805555555556,28.600000000000005,2025.0
83.64777777777779,28.599722222222226,2024.0
83.64750000000001,28.599444444444448,2008.0
83.64722222222223,28.599444444444448,1999.0
83.64694444444446,28.59916666666667,1996.0
83.64666666666668,28.598888888888894,1985.0
83.6463888888889,28.598611111111115,1977.0
83.64611111111113,28.598333333333336,1961.0
83.64583333333334,28.598055555555558,1947.0
83.64555555555556,28.598055555555558,1934.0
83.64527777777779,28.597777777777782,1920.0
83.64500000000001,28.597777777777782,1910.0
83.64472222222223,28.597500000000004,1908.0
83.64444444444445,28.597222222222225,1909.0
83.64444444444445,28.59694444444445,1906.0
83.64444444444445,28.59666666666667,1901.0
83.64444444444445,28.596388888888892,1900.0
83.64472222222223,28.596111111111114,1903.0
83.64472222222223,28.59583333333334,1901.0
83.64472222222223,28.59555555555556,1897.0
83.64472222222223,28.59527777777778,1893.0
83.64472222222223,28.595000000000002,1890.0
83.64472222222223,28.594722222222227,1891.0
83.64472222222223,28.59444444444445,1896.0
83.64500000000001,28.59416666666667,1894.0
83.64527777777779,28.59388888888889,1892.0
83.64527777777779,28.593611111111116,1893.0
83.64555555555556,28.593333333333337,1893.0
83.64583333333334,28.59305555555556,1892.0
83.64611111111113,28.59277777777778,1892.0
83.6463888888889,28.592500000000005,1891.0
83.6463888888889,28.592222222222226,1892.0
83.6463888888889,28.591944444444447,1896.0
83.64666666666668,28.59166666666667,1892.0
83.64694444444446,28.591388888888893,1889.0
83.64722222222223,28.591111111111115,1887.0
83.64750000000001,28.590833333333336,1885.0
83.64750000000001,28.59055555555556,1882.0
83.64750000000001,28.590277777777782,1879.0
83.64750000000001,28.590000000000003,1876.0
83.64750000000001,28.589722222222225,1873.0
83.64750000000001,28.58944444444445,1869.0
83.64750000000001,28.58916666666667,1865.0
83.64750000000001,28.588888888888892,1865.0
83.64750000000001,28.588611111111113,1870.0
83.64750000000001,28.58833333333334,1879.0
83.64722222222223,28.58805555555556,1882.0
83.64722222222223,28.58777777777778,1886.0
83.64694444444446,28.587500000000002,1872.0
83.64694444444446,28.587222222222227,1869.0
83.64694444444446,28.58694444444445,1875.0
83.64694444444446,28.58666666666667,1881.0
83.64694444444446,28.58638888888889,1874.0
83.64694444444446,28.586111111111116,1871.0
83.64694444444446,28.585833333333337,1865.0
83.64694444444446,28.58555555555556,1863.0
83.64694444444446,28.585277777777783,1865.0
83.64694444444446,28.585000000000004,1862.0
83.64694444444446,28.584722222222226,1857.0
83.64694444444446,28.584444444444447,1864.0
83.64694444444446,28.584166666666672,1872.0
83.64694444444446,28.583888888888893,1868.0
83.64694444444446,28.583611111111114,1857.0
83.64694444444446,28.583333333333336,1853.0
83.64694444444446,28.58305555555556,1854.0
83.64694444444446,28.582777777777782,1855.0
83.64694444444446,28.582500000000003,1854.0
83.64694444444446,28.582222222222224,1851.0
83.64694444444446,28.58194444444445,1848.0
83.64694444444446,28.58166666666667,1855.0
83.64694444444446,28.581388888888892,1873.0
83.64694444444446,28.581111111111113,1886.0
83.64666666666668,28.580833333333338,1868.0
83.64666666666668,28.58055555555556,1866.0
83.64666666666668,28.58027777777778,1852.0
83.64666666666668,28.580000000000005,1841.0
83.64666666666668,28.579722222222227,1842.0
83.64666666666668,28.579444444444448,1848.0
83.64666666666668,28.57916666666667,1853.0
83.64666666666668,28.578888888888894,1855.0
83.64666666666668,28.578611111111115,1863.0
83.64666666666668,28.578333333333337,1876.0
83.64666666666668,28.578055555555558,1886.0
83.6463888888889,28.577777777777783,1880.0
83.6463888888889,28.577500000000004,1882.0
83.64611111111113,28.577222222222225,1882.0
83.64583333333334,28.576944444444447,1884.0
83.64555555555556,28.57666666666667,1882.0
83.64527777777779,28.576388888888893,1887.0
83.64500000000001,28.576111111111114,1887.0
83.64472222222223,28.575833333333335,1879.0
83.64472222222223,28.57555555555556,1875.0
83.64472222222223,28.57527777777778,1873.0
83.64444444444445,28.575000000000003,1871.0
83.64416666666668,28.574722222222228,1872.0
83.64416666666668,28.57444444444445,1873.0
83.6438888888889,28.57416666666667,1874.0
83.6438888888889,28.57388888888889,1874.0
83.64361111111111,28.573611111111116,1873.0
83.64361111111111,28.573333333333338,1868.0
83.64333333333335,28.57305555555556,1860.0
83.64305555555556,28.57277777777778,1835.0
83.64277777777778,28.572500000000005,1810.0
83.64250000000001,28.572222222222226,1784.0
83.64222222222223,28.571944444444448,1761.0
83.64194444444445,28.57166666666667,1745.0
83.64166666666668,28.57166666666667,1743.0
83.6413888888889,28.57166666666667,1742.0
83.6413888888889,28.571388888888894,1742.0
83.64111111111112,28.571111111111115,1741.0
83.64083333333335,28.570833333333336,1733.0
83.64055555555557,28.570555555555558,1715.0
83.64027777777778,28.570277777777783,1688.0
83.64000000000001,28.570277777777783,1679.0
83.63972222222223,28.570000000000004,1675.0
83.63944444444445,28.569722222222225,1675.0
83.63916666666667,28.569444444444446,1682.0
83.6388888888889,28.56916666666667,1688.0
83.6388888888889,28.568888888888893,1687.0
83.6388888888889,28.568611111111114,1682.0
83.6388888888889,28.56833333333334,1677.0
83.63861111111112,28.56805555555556,1668.0
83.63833333333334,28.56777777777778,1651.0
83.63833333333334,28.567500000000003,1645.0
83.63833333333334,28.567222222222227,1633.0
83.63833333333334,28.56694444444445,1619.0
83.63833333333334,28.56666666666667,1622.0
83.63833333333334,28.56638888888889,1628.0
83.63805555555557,28.566111111111116,1626.0
83.63777777777779,28.565833333333337,1618.0
83.63777777777779,28.56555555555556,1615.0
83.63777777777779,28.56527777777778,1612.0
83.63777777777779,28.565000000000005,1611.0
83.63777777777779,28.564722222222226,1614.0
83.63777777777779,28.564444444444447,1614.0
83.63805555555557,28.56416666666667,1609.0
83.63805555555557,28.563888888888894,1609.0
83.63805555555557,28.563611111111115,1609.0
83.63805555555557,28.563333333333336,1609.0
83.63777777777779,28.56305555555556,1606.0
83.63777777777779,28.562777777777782,1604.0
83.63777777777779,28.562500000000004,1604.0
83.63777777777779,28.562222222222225,1602.0
83.63777777777779,28.56194444444445,1599.0
83.63777777777779,28.56166666666667,1598.0
83.63777777777779,28.561388888888892,1597.0
83.63777777777779,28.561111111111114,1596.0
83.63777777777779,28.56083333333334,1596.0
83.6375,28.56055555555556,1595.0
83.6375,28.56027777777778,1589.0
83.6375,28.560000000000002,1583.0
83.63722222222223,28.559722222222227,1590.0
83.63694444444445,28.55944444444445,1595.0
83.63694444444445,28.55916666666667,1595.0
83.63666666666667,28.55888888888889,1586.0
83.63666666666667,28.558611111111116,1585.0
83.6363888888889,28.558333333333337,1591.0
83.63611111111112,28.55805555555556,1597.0
83.63611111111112,28.55777777777778,1598.0
83.6363888888889,28.557500000000005,1590.0
83.63666666666667,28.557222222222226,1578.0
83.63694444444445,28.556944444444447,1566.0
83.63722222222223,28.556666666666672,1552.0
83.6375,28.556666666666672,1544.0
83.63777777777779,28.556666666666672,1539.0
83.63805555555557,28.556666666666672,1536.0
83.63833333333334,28.556666666666672,1535.0
83.63861111111112,28.556666666666672,1540.0
83.6388888888889,28.556388888888893,1541.0
83.63916666666667,28.556388888888893,1539.0
83.63944444444445,28.556388888888893,1533.0
83.63972222222223,28.556111111111115,1518.0
83.64000000000001,28.556111111111115,1509.0
83.64027777777778,28.556111111111115,1509.0
83.64055555555557,28.555833333333336,1508.0
83.64083333333335,28.55555555555556,1507.0
83.64111111111112,28.555277777777782,1508.0
83.6413888888889,28.555277777777782,1506.0
83.64166666666668,28.555000000000003,1501.0
83.64194444444445,28.554722222222225,1494.0
83.64194444444445,28.55444444444445,1492.0
83.64194444444445,28.55416666666667,1496.0
83.64222222222223,28.553888888888892,1495.0
83.64250000000001,28.553611111111113,1496.0
83.64277777777778,28.553333333333338,1493.0
83.64305555555556,28.55305555555556,1492.0
83.64333333333335,28.55277777777778,1494.0
83.64361111111111,28.552500000000002,1499.0
83.64361111111111,28.552222222222227,1498.0
83.6438888888889,28.551944444444448,1496.0
83.64416666666668,28.55166666666667,1489.0
83.64416666666668,28.551388888888894,1488.0
83.64444444444445,28.551111111111116,1488.0
83.64472222222223,28.550833333333337,1481.0
83.64500000000001,28.550555555555558,1474.0
83.64527777777779,28.550277777777783,1474.0
83.64527777777779,28.550000000000004,1472.0
83.64527777777779,28.549722222222226,1469.0
83.64527777777779,28.549444444444447,1468.0
83.64555555555556,28.54916666666667,1466.0
83.64527777777779,28.548888888888893,1467.0
83.64527777777779,28.548611111111114,1464.0
83.64527777777779,28.548333333333336,1462.0
83.64555555555556,28.54805555555556,1461.0
83.64555555555556,28.54777777777778,1462.0
83.64583333333334,28.547500000000003,1461.0
83.64583333333334,28.547222222222224,1463.0
83.64583333333334,28.54694444444445,1461.0
83.64583333333334,28.54666666666667,1458.0
83.64583333333334,28.54638888888889,1457.0
83.64583333333334,28.546111111111117,1455.0
83.64611111111113,28.545833333333338,1454.0
83.64611111111113,28.54555555555556,1450.0
83.64611111111113,28.54527777777778,1449.0
83.64611111111113,28.545000000000005,1450.0
83.64611111111113,28.544722222222227,1451.0
83.6463888888889,28.544444444444448,1447.0
83.6463888888889,28.54416666666667,1446.0
83.64666666666668,28.543888888888894,1438.0
83.64694444444446,28.543611111111115,1431.0
83.64722222222223,28.543611111111115,1430.0
83.64750000000001,28.543333333333337,1425.0
83.64777777777779,28.543333333333337,1425.0
83.64805555555556,28.543055555555558,1425.0
83.64833333333334,28.542777777777783,1425.0
83.64861111111112,28.542777777777783,1425.0
83.64888888888889,28.542777777777783,1426.0
83.64916666666667,28.542777777777783,1424.0
83.64944444444446,28.542500000000004,1422.0
83.64972222222222,28.542500000000004,1421.0
83.65,28.542500000000004,1419.0
83.65,28.542222222222225,1419.0
83.65027777777779,28.541944444444447,1418.0
83.65055555555557,28.54166666666667,1417.0
83.65055555555557,28.541388888888893,1414.0
83.65055555555557,28.541111111111114,1413.0
83.65055555555557,28.54083333333334,1412.0
83.65055555555557,28.54055555555556,1411.0
83.65055555555557,28.54027777777778,1412.0
83.65083333333334,28.540000000000003,1411.0
83.65083333333334,28.539722222222228,1410.0
83.65111111111112,28.53944444444445,1406.0
83.6513888888889,28.53916666666667,1406.0
83.65166666666667,28.53888888888889,1412.0
83.65194444444445,28.538611111111116,1412.0
83.65222222222224,28.538333333333338,1409.0
83.6525,28.53805555555556,1402.0
83.65277777777779,28.53777777777778,1396.0
83.65305555555557,28.537500000000005,1395.0
83.65305555555557,28.537222222222226,1396.0
83.65277777777779,28.536944444444448,1394.0
83.6525,28.53666666666667,1391.0
83.6525,28.536388888888894,1389.0
83.6525,28.536111111111115,1389.0
83.65222222222224,28.535833333333336,1388.0
83.65194444444445,28.535555555555558,1386.0
83.65166666666667,28.535277777777782,1384.0
83.65166666666667,28.535000000000004,1381.0
83.6513888888889,28.534722222222225,1378.0
83.65166666666667,28.53444444444445,1377.0
83.65166666666667,28.53416666666667,1375.0
83.65166666666667,28.533888888888892,1374.0
83.65166666666667,28.533611111111114,1375.0
83.65166666666667,28.53333333333334,1376.0
83.65194444444445,28.53305555555556,1375.0
83.65194444444445,28.53277777777778,1373.0
83.65194444444445,28.532500000000002,1372.0
83.65222222222224,28.532222222222227,1371.0
83.65222222222224,28.53194444444445,1372.0
83.6525,28.53166666666667,1371.0
83.65277777777779,28.53138888888889,1367.0
83.65277777777779,28.531111111111116,1364.0
83.65277777777779,28.530833333333337,1363.0
83.65277777777779,28.53055555555556,1362.0
83.65277777777779,28.53027777777778,1363.0
83.65277777777779,28.530000000000005,1361.0
83.65305555555557,28.529722222222226,1358.0
83.65305555555557,28.529444444444447,1357.0
83.65305555555557,28.52916666666667,1356.0
83.65333333333334,28.528888888888893,1354.0
83.65361111111112,28.528888888888893,1354.0
83.6538888888889,28.528611111111115,1352.0
83.65416666666667,28.528888888888893,1352.0
83.65444444444445,28.52916666666667,1352.0
83.65472222222223,28.528888888888893,1351.0
83.655,28.528888888888893,1351.0
83.65527777777778,28.528888888888893,1350.0
83.65555555555557,28.528611111111115,1349.0
83.65583333333335,28.528333333333336,1347.0
83.65611111111112,28.52805555555556,1346.0
83.65611111111112,28.527777777777782,1344.0
83.65611111111112,28.527500000000003,1341.0
83.6563888888889,28.527500000000003,1342.0
83.65666666666668,28.527222222222225,1343.0
83.65694444444445,28.52694444444445,1342.0
83.65722222222223,28.52666666666667,1340.0
83.65750000000001,28.526388888888892,1339.0
83.65750000000001,28.526111111111113,1337.0
83.65750000000001,28.52583333333334,1335.0
83.65750000000001,28.52555555555556,1337.0
83.65777777777778,28.52527777777778,1338.0
83.65805555555556,28.525000000000002,1335.0
83.65805555555556,28.524722222222227,1333.0
83.65833333333335,28.52444444444445,1329.0
83.65861111111111,28.52416666666667,1329.0
83.6588888888889,28.52388888888889,1332.0
83.65916666666668,28.52388888888889,1331.0
83.65944444444445,28.523611111111116,1330.0
83.65972222222223,28.523611111111116,1329.0
83.66000000000001,28.523611111111116,1328.0
83.66000000000001,28.523333333333337,1327.0
83.66000000000001,28.52305555555556,1328.0
83.66000000000001,28.522777777777783,1328.0
83.66000000000001,28.522500000000004,1325.0
83.66000000000001,28.522222222222226,1321.0
83.66000000000001,28.521944444444447,1321.0
83.66027777777778,28.521666666666672,1320.0
83.66027777777778,28.521388888888893,1320.0
83.66000000000001,28.521111111111114,1320.0
83.65972222222223,28.520833333333336,1317.0
83.65972222222223,28.52055555555556,1314.0
83.65972222222223,28.520277777777782,1311.0
83.65972222222223,28.520000000000003,1310.0
83.65972222222223,28.519722222222224,1310.0
83.65972222222223,28.51944444444445,1311.0
83.65972222222223,28.51916666666667,1310.0
83.65972222222223,28.518888888888892,1310.0
83.65972222222223,28.518611111111113,1308.0
83.65972222222223,28.518333333333338,1307.0
83.65972222222223,28.51805555555556,1308.0
83.65972222222223,28.51777777777778,1311.0
83.65972222222223,28.517500000000005,1311.0
83.65972222222223,28.517222222222227,1314.0
83.65944444444445,28.516944444444448,1308.0
83.65944444444445,28.51666666666667,1313.0
83.65916666666668,28.516388888888894,1312.0
83.6588888888889,28.516111111111115,1308.0
83.6588888888889,28.515833333333337,1316.0
83.65861111111111,28.515555555555558,1308.0
83.65833333333335,28.515277777777783,1302.0
83.65833333333335,28.515000000000004,1314.0
83.65805555555556,28.514722222222225,1315.0
83.65777777777778,28.514444444444447,1311.0
83.65777777777778,28.51416666666667,1315.0
83.65777777777778,28.513888888888893,1316.0
83.65777777777778,28.513611111111114,1315.0
83.65777777777778,28.513333333333335,1311.0
83.65777777777778,28.51305555555556,1307.0
83.65750000000001,28.51277777777778,1307.0
83.65750000000001,28.512500000000003,1306.0
83.65750000000001,28.512222222222228,1302.0
83.65750000000001,28.51194444444445,1296.0
83.65777777777778,28.51194444444445,1301.0
83.65805555555556,28.51194444444445,1298.0
83.65833333333335,28.51194444444445,1295.0
83.65833333333335,28.51166666666667,1296.0
83.65833333333335,28.51138888888889,1293.0
83.65861111111111,28.511111111111116,1290.0
83.65861111111111,28.510833333333338,1288.0
83.65833333333335,28.51055555555556,1284.0
83.65833333333335,28.51027777777778,1281.0
83.65833333333335,28.510000000000005,1285.0
83.65833333333335,28.509722222222226,1285.0
83.65833333333335,28.509444444444448,1280.0
83.65833333333335,28.50916666666667,1271.0
83.65833333333335,28.508888888888894,1266.0
83.65833333333335,28.508611111111115,1270.0
83.65833333333335,28.508333333333336,1276.0
83.65833333333335,28.508055555555558,1279.0
83.65833333333335,28.507777777777783,1282.0
83.65833333333335,28.507500000000004,1282.0
83.65833333333335,28.507222222222225,1279.0
83.65833333333335,28.506944444444446,1275.0
83.65833333333335,28.50666666666667,1275.0
83.65833333333335,28.506388888888893,1272.0
83.65833333333335,28.506111111111114,1267.0
83.65833333333335,28.50583333333334,1262.0
83.65833333333335,28.50555555555556,1258.0
83.65833333333335,28.50527777777778,1259.0
83.65833333333335,28.505000000000003,1265.0
83.65833333333335,28.504722222222227,1268.0
83.65833333333335,28.50444444444445,1269.0
83.65833333333335,28.50416666666667,1268.0
83.65833333333335,28.50388888888889,1270.0
83.65833333333335,28.503611111111116,1276.0
83.65833333333335,28.503333333333337,1282.0
83.65805555555556,28.50305555555556,1276.0
83.65777777777778,28.50277777777778,1275.0
83.65750000000001,28.502500000000005,1271.0
83.65722222222223,28.502222222222226,1272.0
83.65694444444445,28.501944444444447,1269.0
83.65694444444445,28.50166666666667,1281.0
83.65666666666668,28.501388888888894,1276.0
83.6563888888889,28.501111111111115,1277.0
83.65611111111112,28.500833333333336,1272.0
83.65611111111112,28.50055555555556,1279.0
83.65611111111112,28.500277777777782,1287.0
83.65583333333335,28.500000000000004,1265.0
83.65583333333335,28.499722222222225,1263.0
83.65583333333335,28.49944444444445,1264.0
83.65583333333335,28.49916666666667,1269.0
83.65583333333335,28.498888888888892,1272.0
83.65583333333335,28.498611111111114,1275.0
83.65583333333335,28.49833333333334,1280.0
83.65555555555557,28.49805555555556,1260.0
83.65555555555557,28.49777777777778,1266.0
83.65555555555557,28.497500000000002,1272.0
83.65555555555557,28.497222222222227,1275.0
83.65555555555557,28.49694444444445,1270.0
83.65555555555557,28.49666666666667,1265.0
83.65555555555557,28.49638888888889,1264.0
83.65555555555557,28.496111111111116,1270.0
83.65555555555557,28.495833333333337,1281.0
83.65527777777778,28.49555555555556,1280.0
83.655,28.49527777777778,1277.0
83.65472222222223,28.495000000000005,1272.0
83.65472222222223,28.494722222222226,1283.0
83.65444444444445,28.494444444444447,1272.0
83.65416666666667,28.494166666666672,1270.0
83.6538888888889,28.493888888888893,1269.0
83.65361111111112,28.493611111111115,1260.0
83.65361111111112,28.493333333333336,1279.0
83.65333333333334,28.49305555555556,1265.0
83.65305555555557,28.492777777777782,1263.0
83.65277777777779,28.492500000000003,1261.0
83.65277777777779,28.492222222222225,1282.0
83.6525,28.49194444444445,1268.0
83.65222222222224,28.49166666666667,1247.0
83.65222222222224,28.491388888888892,1256.0
83.65222222222224,28.491111111111113,1262.0
83.65222222222224,28.490833333333338,1270.0
83.65222222222224,28.49055555555556,1283.0
83.65194444444445,28.49027777777778,1278.0
83.65166666666667,28.490000000000002,1273.0
83.65166666666667,28.489722222222227,1282.0
83.6513888888889,28.489444444444448,1274.0
83.6513888888889,28.48916666666667,1286.0
83.65111111111112,28.488888888888894,1283.0
83.65083333333334,28.488611111111116,1282.0
83.65055555555557,28.488333333333337,1276.0
83.65027777777779,28.488055555555558,1265.0
83.65027777777779,28.487777777777783,1273.0
83.65,28.487500000000004,1252.0
83.64972222222222,28.487222222222226,1241.0
83.64944444444446,28.486944444444447,1232.0
83.64916666666667,28.48666666666667,1219.0
83.64888888888889,28.486388888888893,1212.0
83.64861111111112,28.486111111111114,1209.0
83.64833333333334,28.485833333333336,1206.0
83.64805555555556,28.48555555555556,1216.0
83.64777777777779,28.48527777777778,1223.0
83.64750000000001,28.485000000000003,1212.0
83.64722222222223,28.484722222222224,1198.0
83.64694444444446,28.48444444444445,1183.0
83.64666666666668,28.48416666666667,1175.0
83.6463888888889,28.48388888888889,1177.0
83.64611111111113,28.483611111111117,1176.0
83.64583333333334,28.483333333333338,1176.0
83.64555555555556,28.48305555555556,1182.0
83.64527777777779,28.48277777777778,1192.0
83.64500000000001,28.482500000000005,1193.0
83.64472222222223,28.482222222222227,1190.0
83.64444444444445,28.481944444444448,1189.0
83.64416666666668,28.48166666666667,1189.0
83.6438888888889,28.481388888888894,1189.0
83.64361111111111,28.481111111111115,1188.0
83.64333333333335,28.480833333333337,1187.0
83.64305555555556,28.480555555555558,1184.0
83.64277777777778,28.480277777777783,1178.0
83.64250000000001,28.480000000000004,1163.0
83.64222222222223,28.479722222222225,1162.0
83.64194444444445,28.479444444444447,1164.0
83.64166666666668,28.47916666666667,1168.0
83.6413888888889,28.478888888888893,1168.0
83.64111111111112,28.478611111111114,1167.0
83.64083333333335,28.47833333333334,1157.0
83.64055555555557,28.47805555555556,1151.0
83.64027777777778,28.47777777777778,1152.0
83.64000000000001,28.477500000000003,1163.0
83.63972222222223,28.477222222222228,1164.0
83.63944444444445,28.47694444444445,1163.0
83.63916666666667,28.47666666666667,1162.0
83.6388888888889,28.47638888888889,1163.0
83.63861111111112,28.476111111111116,1153.0
83.63833333333334,28.475833333333338,1148.0
83.63805555555557,28.47555555555556,1146.0
83.63777777777779,28.47527777777778,1148.0
83.6375,28.475000000000005,1157.0
83.63722222222223,28.474722222222226,1159.0
83.63694444444445,28.474444444444448,1159.0
83.63666666666667,28.47416666666667,1160.0
83.6363888888889,28.473888888888894,1159.0
83.63611111111112,28.473611111111115,1156.0
83.63583333333334,28.473333333333336,1152.0
83.63555555555557,28.473055555555558,1148.0
83.63527777777779,28.472777777777782,1146.0
83.635,28.472500000000004,1146.0
83.63472222222224,28.472222222222225,1140.0
83.63444444444445,28.47194444444445,1141.0
83.63416666666667,28.47166666666667,1173.0
83.63388888888889,28.471388888888892,1193.0
83.63361111111112,28.471111111111114,1201.0
83.63333333333334,28.47083333333334,1208.0
83.63305555555556,28.47055555555556,1215.0
83.63277777777779,28.47027777777778,1221.0
83.63250000000001,28.470000000000002,1207.0
83.63222222222223,28.469722222222227,1212.0
83.63194444444446,28.46944444444445,1238.0
83.63166666666667,28.46916666666667,1271.0
83.63138888888889,28.46888888888889,1282.0
83.63111111111112,28.468611111111116,1285.0
83.63111111111112,28.468333333333337,1287.0
83.63111111111112,28.46805555555556,1278.0
83.63111111111112,28.46777777777778,1261.0
83.63111111111112,28.467500000000005,1246.0
83.63111111111112,28.467222222222226,1236.0
83.63111111111112,28.466944444444447,1229.0
83.63111111111112,28.46666666666667,1224.0
83.63111111111112,28.466388888888893,1217.0
83.63111111111112,28.466111111111115,1210.0
83.63111111111112,28.465833333333336,1205.0
83.63111111111112,28.46555555555556,1201.0
83.63111111111112,28.465277777777782,1201.0
83.63111111111112,28.465000000000003,1212.0
83.63111111111112,28.464722222222225,1233.0
83.63083333333334,28.46444444444445,1235.0
83.63055555555556,28.46416666666667,1241.0
83.63027777777779,28.463888888888892,1240.0
83.63027777777779,28.463611111111113,1245.0
83.63000000000001,28.46333333333334,1245.0
83.62972222222223,28.46305555555556,1239.0
83.62972222222223,28.46277777777778,1231.0
83.62972222222223,28.462500000000002,1223.0
83.62944444444446,28.462222222222227,1219.0
83.62944444444446,28.46194444444445,1207.0
83.62916666666668,28.46166666666667,1190.0
83.62916666666668,28.46138888888889,1177.0
83.62916666666668,28.461111111111116,1168.0
83.62916666666668,28.460833333333337,1168.0
83.6288888888889,28.46055555555556,1168.0
83.6288888888889,28.460277777777783,1172.0
83.62861111111111,28.460000000000004,1171.0
83.62833333333334,28.459722222222226,1168.0
83.62805555555556,28.459444444444447,1163.0
83.62777777777778,28.459166666666672,1162.0
83.62750000000001,28.458888888888893,1163.0
83.62722222222223,28.458611111111114,1171.0
83.62694444444445,28.458333333333336,1171.0
83.62666666666668,28.45805555555556,1159.0
83.6263888888889,28.457777777777782,1141.0
83.6263888888889,28.457500000000003,1132.0
83.62611111111111,28.457222222222224,1117.0
83.62611111111111,28.45694444444445,1103.0
83.62611111111111,28.45666666666667,1095.0
83.62583333333335,28.456388888888892,1095.0
83.62583333333335,28.456111111111113,1097.0
83.62555555555556,28.455833333333338,1099.0
83.62527777777778,28.45555555555556,1098.0
83.62500000000001,28.45555555555556,1096.0
83.62472222222223,28.45527777777778,1094.0
83.62444444444445,28.45527777777778,1090.0
83.62416666666668,28.455000000000005,1088.0
83.62416666666668,28.454722222222227,1086.0
83.62416666666668,28.454444444444448,1091.0
83.6238888888889,28.45416666666667,1090.0
83.6238888888889,28.453888888888894,1093.0
83.62361111111112,28.453611111111115,1089.0
83.62361111111112,28.453333333333337,1092.0
83.62333333333333,28.453055555555558,1091.0
83.62305555555557,28.452777777777783,1091.0
83.62277777777778,28.452500000000004,1090.0
83.6225,28.452222222222225,1087.0
83.62222222222223,28.451944444444447,1084.0
83.62194444444445,28.45166666666667,1083.0
83.62166666666667,28.451388888888893,1083.0
83.6213888888889,28.451111111111114,1083.0
83.62111111111112,28.450833333333335,1090.0
83.62083333333334,28.45055555555556,1092.0
83.62055555555557,28.45027777777778,1088.0
83.62027777777779,28.450000000000003,1084.0
83.62,28.449722222222228,1088.0
83.61972222222224,28.44944444444445,1081.0
83.61944444444445,28.44944444444445,1083.0
83.61916666666667,28.44916666666667,1075.0
83.6188888888889,28.44888888888889,1071.0
83.61861111111112,28.448611111111116,1069.0
83.61833333333334,28.448333333333338,1079.0
83.61805555555556,28.44805555555556,1076.0
83.61777777777779,28.44777777777778,1074.0
83.6175,28.447500000000005,1069.0
83.61722222222222,28.447222222222226,1073.0
83.61694444444446,28.446944444444448,1076.0
83.61666666666667,28.44666666666667,1079.0
83.61638888888889,28.446388888888894,1080.0
83.61611111111112,28.446111111111115,1081.0
83.61583333333334,28.445833333333336,1081.0
83.61555555555556,28.445555555555558,1079.0
83.61527777777779,28.445555555555558,1086.0
83.61500000000001,28.445277777777783,1077.0
83.61472222222223,28.445277777777783,1091.0
83.61444444444446,28.445000000000004,1084.0
83.61416666666668,28.444722222222225,1083.0
83.6138888888889,28.444444444444446,1077.0
83.61361111111113,28.44416666666667,1074.0
83.61333333333334,28.443888888888893,1079.0
83.61305555555556,28.443611111111114,1080.0
83.61277777777778,28.44333333333334,1075.0
83.61250000000001,28.44305555555556,1066.0
83.61222222222223,28.44277777777778,1063.0
83.61194444444445,28.442500000000003,1068.0
83.61166666666668,28.442222222222227,1072.0
83.6113888888889,28.44194444444445,1079.0
83.61111111111111,28.44166666666667,1086.0
83.61083333333335,28.44138888888889,1074.0
83.61055555555556,28.44138888888889,1083.0
83.61027777777778,28.441111111111116,1066.0
83.61000000000001,28.441111111111116,1086.0
83.60972222222223,28.440833333333337,1081.0
83.60944444444445,28.440833333333337,1093.0
83.60916666666668,28.44055555555556,1085.0
83.6088888888889,28.44055555555556,1090.0
83.60861111111112,28.44027777777778,1081.0
83.60833333333335,28.440000000000005,1083.0
83.60805555555557,28.439722222222226,1078.0
83.60777777777778,28.439444444444447,1068.0
83.6075,28.43916666666667,1072.0
83.60722222222223,28.438888888888894,1079.0
83.60694444444445,28.438611111111115,1084.0
83.60666666666667,28.438333333333336,1081.0
83.6063888888889,28.43805555555556,1072.0
83.60611111111112,28.437777777777782,1071.0
83.60583333333334,28.437500000000004,1064.0
83.60555555555557,28.437222222222225,1070.0
83.60527777777779,28.43694444444445,1077.0
83.605,28.43666666666667,1081.0
83.60472222222224,28.436388888888892,1084.0
83.60444444444445,28.436111111111114,1073.0
83.60416666666667,28.43583333333334,1066.0
83.6038888888889,28.43555555555556,1067.0
83.60361111111112,28.43527777777778,1074.0
83.60333333333334,28.435000000000002,1087.0
83.60305555555557,28.434722222222227,1093.0
83.60277777777779,28.43444444444445,1093.0
83.6025,28.43416666666667,1092.0
83.6025,28.43388888888889,1088.0
83.60222222222222,28.433611111111116,1085.0
83.60194444444446,28.433333333333337,1085.0
83.60166666666667,28.43305555555556,1078.0
83.60166666666667,28.43277777777778,1073.0
83.60138888888889,28.43277777777778,1068.0
83.60138888888889,28.432500000000005,1066.0
83.60111111111112,28.432222222222226,1069.0
83.60083333333334,28.431944444444447,1066.0
83.60055555555556,28.431666666666672,1058.0
83.60027777777779,28.431388888888893,1049.0
83.60027777777779,28.431111111111115,1064.0
83.60000000000001,28.430833333333336,1047.0
83.60000000000001,28.43055555555556,1050.0
83.60000000000001,28.430277777777782,1055.0
83.60000000000001,28.430000000000003,1061.0
83.59972222222223,28.429722222222225,1052.0
83.59972222222223,28.42944444444445,1071.0
83.59944444444446,28.42916666666667,1065.0
83.59944444444446,28.428888888888892,1069.0
83.59944444444446,28.428611111111113,1068.0
83.59944444444446,28.428333333333338,1060.0
83.59944444444446,28.42805555555556,1047.0
83.59944444444446,28.42777777777778,1038.0
83.59944444444446,28.427500000000002,1037.0
83.59944444444446,28.427222222222227,1042.0
83.59944444444446,28.426944444444448,1050.0
83.59944444444446,28.42666666666667,1055.0
83.59944444444446,28.426388888888894,1057.0
83.59944444444446,28.426111111111116,1060.0
83.59944444444446,28.425833333333337,1062.0
83.59944444444446,28.425555555555558,1065.0
83.59944444444446,28.425277777777783,1064.0
83.59944444444446,28.425000000000004,1063.0
83.59944444444446,28.424722222222226,1065.0
83.59944444444446,28.424444444444447,1067.0
83.59944444444446,28.42416666666667,1068.0
83.59944444444446,28.423888888888893,1069.0
83.59944444444446,28.423611111111114,1068.0
83.59944444444446,28.423333333333336,1059.0
83.59944444444446,28.42305555555556,1052.0
83.59944444444446,28.42277777777778,1043.0
83.59944444444446,28.422500000000003,1031.0
83.59944444444446,28.422222222222224,1025.0
83.59944444444446,28.42194444444445,1027.0
83.59944444444446,28.42166666666667,1035.0
83.59944444444446,28.42138888888889,1041.0
83.59944444444446,28.421111111111117,1047.0
83.59944444444446,28.420833333333338,1049.0
83.59944444444446,28.42055555555556,1051.0
83.59944444444446,28.42027777777778,1046.0
83.59944444444446,28.420000000000005,1040.0
83.59944444444446,28.419722222222227,1037.0
83.59944444444446,28.419444444444448,1035.0
83.59944444444446,28.41916666666667,1040.0
83.59944444444446,28.418888888888894,1047.0
83.59944444444446,28.418611111111115,1051.0
83.59944444444446,28.418333333333337,1067.0
83.59916666666668,28.418055555555558,1070.0
83.5988888888889,28.417777777777783,1063.0
83.5988888888889,28.417500000000004,1070.0
83.59861111111113,28.417222222222225,1067.0
83.59861111111113,28.416944444444447,1072.0
83.5988888888889,28.41666666666667,1067.0
83.5988888888889,28.416388888888893,1051.0
83.5988888888889,28.416111111111114,1034.0
83.5988888888889,28.41583333333334,1021.0
83.5988888888889,28.41555555555556,1015.0
83.5988888888889,28.41527777777778,1019.0
83.59916666666668,28.415000000000003,1021.0
83.59944444444446,28.414722222222228,1024.0
83.59944444444446,28.41444444444445,1034.0
83.59972222222223,28.41416666666667,1019.0
83.59972222222223,28.41388888888889,1026.0
83.59972222222223,28.413611111111116,1034.0
83.60000000000001,28.413333333333338,1036.0
83.59972222222223,28.41305555555556,1037.0
83.59944444444446,28.41277777777778,1027.0
83.59944444444446,28.412500000000005,1017.0
83.59944444444446,28.412222222222226,1011.0
83.59944444444446,28.411944444444448,1006.0
83.59944444444446,28.41166666666667,992.0
83.59944444444446,28.411388888888894,980.0
83.59944444444446,28.411111111111115,980.0
83.59944444444446,28.410833333333336,978.0
83.59944444444446,28.410555555555558,982.0
83.59944444444446,28.410277777777782,990.0
83.59944444444446,28.410000000000004,999.0
83.59944444444446,28.409722222222225,1006.0
83.59944444444446,28.40944444444445,1014.0
83.59972222222223,28.40916666666667,1010.0
83.60000000000001,28.408888888888892,1012.0
83.60000000000001,28.408611111111114,1015.0
83.60000000000001,28.40833333333334,1015.0
83.59972222222223,28.40805555555556,1016.0
83.59972222222223,28.40777777777778,1015.0
83.59972222222223,28.407500000000002,1011.0
83.59972222222223,28.407222222222227,1005.0
83.59972222222223,28.40694444444445,995.0
83.59972222222223,28.40666666666667,984.0
83.59972222222223,28.40638888888889,980.0
83.59972222222223,28.406111111111116,981.0
83.59972222222223,28.405833333333337,977.0
83.59972222222223,28.40555555555556,970.0
83.59972222222223,28.40527777777778,969.0
83.59972222222223,28.405000000000005,977.0
83.59972222222223,28.404722222222226,987.0
83.59972222222223,28.404444444444447,988.0
83.59972222222223,28.40416666666667,979.0
83.59972222222223,28.403888888888893,968.0
83.59972222222223,28.403611111111115,964.0
83.59972222222223,28.403333333333336,966.0
83.59972222222223,28.40305555555556,969.0
83.59972222222223,28.402777777777782,969.0
83.59972222222223,28.402500000000003,970.0
83.59972222222223,28.402222222222225,972.0
83.59972222222223,28.40194444444445,975.0
83.59972222222223,28.40166666666667,981.0
83.59972222222223,28.401388888888892,989.0
83.59972222222223,28.401111111111113,995.0
83.59972222222223,28.40083333333334,998.0
83.59944444444446,28.40055555555556,999.0
83.59916666666668,28.40027777777778,995.0
83.5988888888889,28.400000000000002,999.0
83.59861111111113,28.399722222222227,1001.0
83.59861111111113,28.39944444444445,1003.0
83.59833333333334,28.39916666666667,1000.0
83.59833333333334,28.39888888888889,996.0
83.59805555555556,28.398611111111116,992.0
83.59777777777778,28.398333333333337,979.0
83.59777777777778,28.39805555555556,973.0
83.59750000000001,28.397777777777783,963.0
83.59722222222223,28.397500000000004,950.0
83.59722222222223,28.397222222222226,942.0
83.59694444444445,28.396944444444447,942.0
83.59666666666668,28.396666666666672,939.0
83.5963888888889,28.396388888888893,942.0
83.59611111111111,28.396111111111114,948.0
83.59583333333335,28.395833333333336,947.0
83.59555555555556,28.39555555555556,947.0
83.59527777777778,28.395277777777782,940.0
83.59500000000001,28.395000000000003,936.0
83.59472222222223,28.394722222222224,930.0
83.59444444444445,28.39444444444445,935.0
83.59416666666668,28.39416666666667,940.0
83.5938888888889,28.393888888888892,951.0
83.59361111111112,28.393611111111113,949.0
83.59333333333335,28.393333333333338,937.0
83.59333333333335,28.39305555555556,947.0
83.59305555555557,28.39277777777778,937.0
83.59305555555557,28.392500000000005,936.0
83.59305555555557,28.392222222222227,937.0
83.59305555555557,28.391944444444448,943.0
83.59305555555557,28.39166666666667,951.0
83.59277777777778,28.391388888888894,947.0
83.59277777777778,28.391111111111115,944.0
83.5925,28.390833333333337,941.0
83.5925,28.390555555555558,941.0
83.59222222222223,28.390277777777783,940.0
83.59194444444445,28.390000000000004,934.0
83.59166666666667,28.389722222222225,917.0
83.5913888888889,28.389722222222225,918.0
83.59111111111112,28.389444444444447,918.0
83.59083333333334,28.38916666666667,918.0
83.59055555555557,28.38916666666667,915.0
83.59027777777779,28.388888888888893,912.0
83.59,28.388611111111114,911.0
83.58972222222224,28.388333333333335,910.0
83.58944444444445,28.38805555555556,913.0
83.58916666666667,28.38777777777778,914.0
83.5888888888889,28.387500000000003,911.0
83.58861111111112,28.387222222222228,907.0
83.58861111111112,28.38694444444445,911.0
83.58861111111112,28.38666666666667,915.0
83.58833333333334,28.38638888888889,905.0
83.58805555555557,28.386111111111116,905.0
83.58777777777779,28.385833333333338,904.0
83.5875,28.38555555555556,904.0
83.58722222222222,28.38527777777778,908.0
83.58694444444446,28.385000000000005,915.0
83.58666666666667,28.384722222222226,915.0
83.58666666666667,28.384444444444448,911.0
83.58638888888889,28.38416666666667,909.0
83.58611111111112,28.383888888888894,908.0
83.58583333333334,28.383888888888894,908.0
83.58555555555556,28.383611111111115,909.0
83.58527777777779,28.383611111111115,908.0
83.58527777777779,28.383333333333336,903.0
83.58527777777779,28.383055555555558,908.0
83.58500000000001,28.382777777777783,905.0
83.58500000000001,28.382500000000004,904.0
83.58472222222223,28.382222222222225,903.0
83.58472222222223,28.38194444444445,901.0
83.58472222222223,28.38166666666667,905.0
83.58444444444446,28.381388888888893,900.0
83.58416666666668,28.381111111111114,898.0
83.5838888888889,28.38083333333334,897.0
83.58361111111113,28.38055555555556,896.0
83.58333333333334,28.38055555555556,891.0
83.58305555555556,28.38055555555556,893.0
83.58277777777779,28.38055555555556,893.0
83.58250000000001,28.38055555555556,894.0
83.58222222222223,28.38027777777778,894.0
83.58194444444445,28.38027777777778,893.0
83.58166666666668,28.38027777777778,890.0
83.5813888888889,28.38027777777778,888.0
83.58111111111111,28.38027777777778,889.0
83.58083333333335,28.380000000000003,887.0
83.58055555555556,28.380000000000003,887.0
83.58027777777778,28.380000000000003,890.0
83.58000000000001,28.379722222222227,888.0
83.57972222222223,28.379722222222227,887.0
83.57944444444445,28.37944444444445,888.0
83.57916666666668,28.37944444444445,884.0
83.5788888888889,28.37944444444445,887.0
83.57861111111112,28.37916666666667,888.0
83.57833333333335,28.37888888888889,885.0
83.57805555555557,28.378611111111116,883.0
83.57777777777778,28.378611111111116,886.0
83.57750000000001,28.378333333333337,885.0
83.57722222222223,28.37805555555556,883.0
83.57694444444445,28.37805555555556,883.0
83.57666666666667,28.37777777777778,880.0
83.5763888888889,28.377500000000005,882.0
83.57611111111112,28.377222222222226,883.0
83.57611111111112,28.376944444444447,884.0
83.57611111111112,28.37666666666667,883.0
83.57583333333334,28.376388888888894,879.0
83.57555555555557,28.376111111111115,880.0
83.57527777777779,28.375833333333336,884.0
83.575,28.37555555555556,884.0
83.57472222222223,28.37555555555556,881.0
83.57444444444445,28.37555555555556,878.0
83.57416666666667,28.37555555555556,878.0
83.5738888888889,28.37555555555556,875.0
83.57361111111112,28.375833333333336,874.0
83.57333333333334,28.375833333333336,873.0
83.57305555555557,28.375833333333336,872.0
83.57277777777779,28.375833333333336,873.0
83.5725,28.375833333333336,872.0
83.57222222222224,28.375833333333336,875.0
83.57194444444445,28.37555555555556,872.0
83.57166666666667,28.37555555555556,875.0
83.57138888888889,28.375277777777782,872.0
83.57111111111112,28.375277777777782,871.0
83.57083333333334,28.375000000000004,870.0
83.57055555555556,28.375000000000004,871.0
83.57027777777779,28.375000000000004,872.0
83.57000000000001,28.375000000000004,867.0
83.57000000000001,28.374722222222225,867.0
83.56972222222223,28.37444444444445,868.0
83.56972222222223,28.37416666666667,869.0
83.56972222222223,28.373888888888892,869.0
83.57000000000001,28.373611111111114,870.0
83.57000000000001,28.37333333333334,869.0
83.56972222222223,28.37305555555556,867.0
83.56972222222223,28.37277777777778,870.0
83.56944444444446,28.372500000000002,867.0
83.56944444444446,28.372222222222227,866.0
83.56944444444446,28.37194444444445,864.0
83.56944444444446,28.37166666666667,865.0
83.56944444444446,28.37138888888889,865.0
83.56944444444446,28.371111111111116,868.0
83.56916666666667,28.370833333333337,864.0
83.56916666666667,28.37055555555556,869.0
83.56916666666667,28.37027777777778,871.0
83.56888888888889,28.370000000000005,866.0
83.56861111111112,28.369722222222226,859.0
83.56861111111112,28.369444444444447,859.0
83.56833333333334,28.369166666666672,858.0
83.56805555555556,28.368888888888893,856.0
83.56777777777779,28.368611111111115,852.0
83.56750000000001,28.368333333333336,853.0
83.56722222222223,28.36805555555556,853.0
83.56722222222223,28.367777777777782,852.0
83.56694444444446,28.367500000000003,854.0
83.56694444444446,28.367222222222225,854.0
83.56666666666668,28.36694444444445,854.0
83.56666666666668,28.36666666666667,853.0
83.56666666666668,28.366388888888892,849.0
83.56666666666668,28.366111111111113,853.0
83.56666666666668,28.365833333333338,854.0
83.56666666666668,28.36555555555556,850.0
83.56666666666668,28.36527777777778,851.0
83.56666666666668,28.365000000000002,852.0
83.56666666666668,28.364722222222227,854.0
83.56666666666668,28.364444444444448,852.0
83.56666666666668,28.36416666666667,852.0
83.56666666666668,28.363888888888894,850.0
83.56666666666668,28.363611111111116,846.0
83.56666666666668,28.363333333333337,846.0
83.56666666666668,28.363055555555558,846.0
83.56666666666668,28.362777777777783,848.0
83.56666666666668,28.362500000000004,849.0
83.5663888888889,28.362222222222226,847.0
83.5663888888889,28.361944444444447,845.0
83.5663888888889,28.36166666666667,847.0
83.56611111111111,28.361388888888893,846.0
83.56611111111111,28.361111111111114,848.0
83.56611111111111,28.360833333333336,847.0
83.56611111111111,28.36055555555556,847.0
83.56611111111111,28.36027777777778,849.0
83.56611111111111,28.360000000000003,848.0
83.56611111111111,28.359722222222224,847.0
83.56583333333334,28.35944444444445,845.0
83.56583333333334,28.35916666666667,842.0
83.56583333333334,28.35888888888889,844.0
83.56583333333334,28.358611111111117,844.0
83.56583333333334,28.358333333333338,846.0
83.56583333333334,28.35805555555556,846.0
83.56583333333334,28.35777777777778,846.0
83.56583333333334,28.357500000000005,845.0
83.56583333333334,28.357222222222227,845.0
83.56555555555556,28.356944444444448,842.0
83.56555555555556,28.35666666666667,841.0
83.56555555555556,28.356388888888894,840.0
83.56555555555556,28.356111111111115,842.0
83.56555555555556,28.355833333333337,841.0
83.56555555555556,28.355555555555558,840.0
83.56555555555556,28.355277777777783,840.0
83.56555555555556,28.355000000000004,842.0
83.56583333333334,28.354722222222225,841.0
83.56583333333334,28.354444444444447,842.0
83.56611111111111,28.35416666666667,839.0
83.56611111111111,28.353888888888893,838.0
83.56611111111111,28.353611111111114,836.0
83.56611111111111,28.35333333333334,838.0
83.5663888888889,28.35305555555556,835.0
83.5663888888889,28.35277777777778,837.0
83.5663888888889,28.352500000000003,840.0
83.56666666666668,28.352222222222228,836.0
83.56694444444446,28.35194444444445,837.0
83.56694444444446,28.35166666666667,839.0
83.56722222222223,28.35138888888889,837.0
83.56722222222223,28.351111111111116,837.0
83.56750000000001,28.350833333333338,837.0
83.56777777777779,28.35055555555556,839.0
83.56805555555556,28.35027777777778,839.0
83.56833333333334,28.350000000000005,840.0
83.56833333333334,28.349722222222226,839.0
83.56833333333334,28.349444444444448,837.0
83.56833333333334,28.34916666666667,837.0
83.56805555555556,28.348888888888894,838.0
83.56805555555556,28.348611111111115,838.0
83.56805555555556,28.348333333333336,838.0
83.56833333333334,28.348055555555558,837.0
83.56805555555556,28.347777777777782,835.0
83.56833333333334,28.347500000000004,833.0
83.56833333333334,28.347222222222225,831.0
83.56833333333334,28.34694444444445,832.0
83.56833333333334,28.34666666666667,832.0
83.56833333333334,28.346388888888892,831.0
83.56833333333334,28.346111111111114,831.0
83.56805555555556,28.34583333333334,831.0
83.56805555555556,28.34555555555556,829.0
83.56805555555556,28.34527777777778,828.0
83.56805555555556,28.345000000000002,829.0
83.56805555555556,28.344722222222227,828.0
83.56805555555556,28.34444444444445,826.0
83.56805555555556,28.34416666666667,828.0
83.56805555555556,28.34388888888889,828.0
83.56805555555556,28.343611111111116,827.0
83.56805555555556,28.343333333333337,826.0
83.56805555555556,28.34305555555556,826.0
83.56805555555556,28.34277777777778,825.0
83.56805555555556,28.342500000000005,825.0
83.56805555555556,28.342222222222226,824.0
83.56805555555556,28.341944444444447,823.0
83.56805555555556,28.34166666666667,824.0
83.56805555555556,28.341388888888893,823.0
83.56805555555556,28.341111111111115,824.0
83.56833333333334,28.340833333333336,824.0
83.56861111111112,28.34055555555556,822.0
83.56888888888889,28.340277777777782,824.0
83.56916666666667,28.340277777777782,822.0
83.56944444444446,28.340277777777782,820.0
83.56972222222223,28.340277777777782,819.0
83.57000000000001,28.340277777777782,819.0
83.57027777777779,28.340277777777782,818.0
83.57055555555556,28.340277777777782,818.0
83.57083333333334,28.340277777777782,817.0
83.57111111111112,28.340277777777782,817.0
83.57138888888889,28.340277777777782,816.0
83.57166666666667,28.340277777777782,816.0
83.57194444444445,28.340277777777782,815.0
83.57222222222224,28.340277777777782,814.0
83.5725,28.340277777777782,814.0
83.57277777777779,28.340277777777782,815.0
83.57305555555557,28.340277777777782,816.0
83.57333333333334,28.340000000000003,815.0
83.57333333333334,28.339722222222225,815.0
83.57361111111112,28.33944444444445,814.0
83.57361111111112,28.33916666666667,813.0
83.57361111111112,28.338888888888892,813.0
83.57361111111112,28.338611111111113,813.0
83.57361111111112,28.33833333333334,811.0
83.57361111111112,28.33805555555556,811.0
83.57361111111112,28.33777777777778,813.0
83.5738888888889,28.337500000000002,813.0
83.57416666666667,28.337222222222227,811.0
83.57416666666667,28.33694444444445,813.0
83.57444444444445,28.33666666666667,812.0
83.57444444444445,28.33638888888889,810.0
83.57444444444445,28.336111111111116,810.0
83.57444444444445,28.335833333333337,810.0
83.57444444444445,28.33555555555556,810.0
83.57444444444445,28.335277777777783,812.0
83.57472222222223,28.335000000000004,812.0
83.57472222222223,28.334722222222226,812.0
83.575,28.334444444444447,811.0
83.57527777777779,28.334166666666672,809.0
83.57555555555557,28.333888888888893,809.0
83.57583333333334,28.333888888888893,808.0
83.57611111111112,28.333611111111114,806.0
83.5763888888889,28.333333333333336,803.0
83.57666666666667,28.333333333333336,803.0
83.57694444444445,28.33305555555556,803.0
83.57722222222223,28.33305555555556,803.0
83.57750000000001,28.332777777777782,803.0
83.57777777777778,28.332777777777782,803.0
83.57805555555557,28.332500000000003,803.0
83.57833333333335,28.332500000000003,803.0
83.57861111111112,28.332222222222224,803.0
83.5788888888889,28.33194444444445,803.0
83.57916666666668,28.33194444444445,803.0
83.57944444444445,28.33166666666667,803.0
83.57972222222223,28.331388888888892,803.0
83.58000000000001,28.331111111111113,803.0
83.58027777777778,28.330833333333338,803.0
83.58055555555556,28.330833333333338,803.0
83.58083333333335,28.33055555555556,803.0
83.58111111111111,28.33027777777778,802.0
83.5813888888889,28.33027777777778,802.0
83.58166666666668,28.33027777777778,803.0
83.58194444444445,28.330000000000005,802.0
83.58222222222223,28.329722222222227,802.0
83.58250000000001,28.329444444444448,802.0
83.58277777777779,28.32916666666667,802.0
83.58305555555556,28.328888888888894,802.0
83.58333333333334,28.328611111111115,802.0
83.58361111111113,28.328333333333337,803.0
83.5838888888889,28.328055555555558,802.0
83.58416666666668,28.327777777777783,802.0
83.58444444444446,28.327500000000004,801.0
83.58472222222223,28.327222222222225,801.0
83.58500000000001,28.326944444444447,801.0
83.58527777777779,28.32666666666667,802.0
83.58555555555556,28.326388888888893,804.0
83.58583333333334,28.326388888888893,804.0
83.58611111111112,28.326111111111114,803.0
83.58638888888889,28.325833333333335,803.0
83.58666666666667,28.32555555555556,803.0
83.58666666666667,28.32527777777778,803.0
83.58694444444446,28.325000000000003,800.0
83.58722222222222,28.325000000000003,799.0
83.5875,28.324722222222228,799.0
83.58777777777779,28.32444444444445,798.0
83.58805555555557,28.32416666666667,797.0
83.58805555555557,28.32388888888889,796.0
83.58833333333334,28.32388888888889,796.0
83.58861111111112,28.323611111111116,796.0
83.5888888888889,28.323611111111116,796.0
83.58916666666667,28.323333333333338,796.0
83.58944444444445,28.32305555555556,796.0
83.58972222222224,28.32277777777778,796.0
83.59,28.322500000000005,796.0
83.59027777777779,28.322222222222226,796.0
83.59055555555557,28.321944444444448,796.0
83.59083333333334,28.32166666666667,796.0
83.59083333333334,28.321388888888894,796.0
83.59111111111112,28.321111111111115,795.0
83.5913888888889,28.320833333333336,794.0
83.5913888888889,28.320555555555558,795.0
83.5913888888889,28.320277777777783,795.0
83.5913888888889,28.320000000000004,795.0
83.5913888888889,28.319722222222225,794.0
83.59166666666667,28.31944444444445,793.0
83.59166666666667,28.31916666666667,793.0
83.59166666666667,28.318888888888893,792.0
83.59194444444445,28.318611111111114,793.0
83.59222222222223,28.31833333333334,793.0
83.5925,28.31805555555556,792.0
83.59277777777778,28.31805555555556,791.0
83.59305555555557,28.31777777777778,790.0
83.59333333333335,28.31777777777778,790.0
83.59361111111112,28.31777777777778,790.0
83.5938888888889,28.31777777777778,790.0
83.59416666666668,28.317500000000003,790.0
83.59444444444445,28.317222222222227,789.0
83.59472222222223,28.317222222222227,789.0
83.59500000000001,28.31694444444445,789.0
83.59527777777778,28.31694444444445,789.0
83.59555555555556,28.31666666666667,788.0
83.59583333333335,28.31638888888889,788.0
83.59611111111111,28.316111111111116,788.0
83.5963888888889,28.315833333333337,787.0
83.59666666666668,28.31555555555556,789.0
83.59694444444445,28.31527777777778,789.0
83.59694444444445,28.315000000000005,789.0
83.59694444444445,28.314722222222226,788.0
83.59694444444445,28.314444444444447,788.0
83.59694444444445,28.31416666666667,788.0
83.59722222222223,28.313888888888894,788.0
83.59722222222223,28.313611111111115,787.0
83.59722222222223,28.313333333333336,786.0
83.59722222222223,28.31305555555556,787.0
83.59722222222223,28.312777777777782,788.0
83.59750000000001,28.312500000000004,788.0
83.59777777777778,28.312222222222225,789.0
83.59805555555556,28.31194444444445,790.0
83.59833333333334,28.31194444444445,790.0
83.59861111111113,28.31166666666667,789.0
83.5988888888889,28.31166666666667,787.0
83.5988888888889,28.311388888888892,786.0
83.5988888888889,28.311111111111114,788.0
83.59916666666668,28.31083333333334,787.0
83.59944444444446,28.31055555555556,788.0
83.59972222222223,28.31027777777778,783.0
83.59972222222223,28.310000000000002,786.0
83.60000000000001,28.309722222222227,785.0
83.60027777777779,28.30944444444445,781.0
83.60027777777779,28.30916666666667,783.0
83.60027777777779,28.30888888888889,787.0
83.60055555555556,28.308611111111116,787.0
83.60055555555556,28.308333333333337,788.0
83.60083333333334,28.30805555555556,784.0
83.60083333333334,28.30777777777778,784.0
83.60111111111112,28.307500000000005,785.0
83.60138888888889,28.307222222222226,782.0
83.60138888888889,28.306944444444447,781.0
83.60138888888889,28.306666666666672,782.0
83.60138888888889,28.306388888888893,782.0
83.60166666666667,28.306111111111115,782.0
83.60166666666667,28.305833333333336,781.0
83.60166666666667,28.30555555555556,780.0
83.60166666666667,28.305277777777782,781.0
83.60138888888889,28.305000000000003,781.0
83.60138888888889,28.304722222222225,781.0
83.60111111111112,28.30444444444445,780.0
83.60083333333334,28.30416666666667,779.0
83.60083333333334,28.303888888888892,780.0
83.60083333333334,28.303611111111113,781.0
83.60083333333334,28.303333333333338,781.0
83.60083333333334,28.30305555555556,779.0
83.60083333333334,28.30277777777778,780.0
83.60083333333334,28.302500000000002,778.0
83.60111111111112,28.302222222222227,777.0
83.60111111111112,28.301944444444448,778.0
83.60138888888889,28.30166666666667,777.0
83.60138888888889,28.301388888888894,778.0
83.60138888888889,28.301111111111116,776.0
83.60138888888889,28.300833333333337,775.0
83.60138888888889,28.300555555555558,775.0
83.60138888888889,28.300277777777783,775.0
83.60138888888889,28.300000000000004,774.0
83.60138888888889,28.299722222222226,774.0
83.60138888888889,28.299444444444447,775.0
83.60166666666667,28.29916666666667,775.0
83.60166666666667,28.298888888888893,774.0
83.60166666666667,28.298611111111114,774.0
83.60166666666667,28.298333333333336,773.0
83.60194444444446,28.29805555555556,772.0
83.60194444444446,28.29777777777778,772.0
83.60222222222222,28.297500000000003,772.0
83.60222222222222,28.297222222222224,772.0
83.60222222222222,28.29694444444445,772.0
83.60222222222222,28.29666666666667,772.0
83.60194444444446,28.29638888888889,771.0
83.60194444444446,28.296111111111117,770.0
83.60194444444446,28.295833333333338,771.0
83.60166666666667,28.29555555555556,772.0
83.60138888888889,28.29527777777778,769.0
83.60138888888889,28.295000000000005,770.0
83.60138888888889,28.294722222222227,771.0
83.60111111111112,28.294444444444448,771.0
83.60111111111112,28.29416666666667,769.0
83.60083333333334,28.293888888888894,769.0
83.60083333333334,28.293611111111115,769.0
83.60055555555556,28.293333333333337,767.0
83.60055555555556,28.293055555555558,766.0
83.60055555555556,28.292777777777783,767.0
83.60027777777779,28.292500000000004,767.0
83.60027777777779,28.292222222222225,766.0
83.60027777777779,28.291944444444447,765.0
83.60027777777779,28.29166666666667,766.0
83.60027777777779,28.291388888888893,765.0
83.60027777777779,28.291111111111114,765.0
83.60027777777779,28.29083333333334,765.0
83.60027777777779,28.29055555555556,765.0
83.60027777777779,28.29027777777778,765.0
83.60027777777779,28.290000000000003,765.0
83.60027777777779,28.289722222222228,765.0
83.60027777777779,28.28944444444445,765.0
83.60055555555556,28.28916666666667,765.0
83.60055555555556,28.28888888888889,765.0
83.60083333333334,28.288611111111116,765.0
83.60111111111112,28.288333333333338,765.0
83.60138888888889,28.28805555555556,765.0
83.60166666666667,28.28777777777778,764.0
83.60194444444446,28.287500000000005,764.0
83.60222222222222,28.287222222222226,764.0
83.6025,28.286944444444448,763.0
83.60277777777779,28.28666666666667,763.0
83.60305555555557,28.28666666666667,763.0
83.60333333333334,28.28666666666667,764.0
83.60361111111112,28.286388888888894,762.0
83.6038888888889,28.286388888888894,762.0
83.60416666666667,28.286388888888894,762.0
83.60444444444445,28.286388888888894,762.0
83.60472222222224,28.286388888888894,762.0
83.605,28.286388888888894,762.0
83.60527777777779,28.286388888888894,762.0
83.60555555555557,28.286388888888894,762.0
83.60583333333334,28.286388888888894,763.0
83.60611111111112,28.286388888888894,763.0
83.6063888888889,28.286111111111115,762.0
83.60666666666667,28.285833333333336,762.0
83.60694444444445,28.285555555555558,762.0
83.60722222222223,28.285277777777782,762.0
83.6075,28.285000000000004,764.0
83.6075,28.284722222222225,764.0
83.6075,28.28444444444445,764.0
83.6075,28.28416666666667,762.0
83.6075,28.283888888888892,761.0
83.6075,28.283611111111114,759.0
83.6075,28.28333333333334,759.0
83.6075,28.28305555555556,759.0
83.6075,28.28277777777778,760.0
83.6075,28.282500000000002,761.0
83.6075,28.282222222222227,761.0
83.60722222222223,28.28194444444445,759.0
83.60694444444445,28.28166666666667,759.0
83.60666666666667,28.28138888888889,760.0
83.6063888888889,28.281111111111116,759.0
83.60611111111112,28.280833333333337,758.0
83.60583333333334,28.28055555555556,760.0
83.60555555555557,28.28027777777778,762.0
83.60527777777779,28.280000000000005,764.0
83.60527777777779,28.279722222222226,764.0
83.60527777777779,28.279444444444447,762.0
83.60527777777779,28.27916666666667,760.0
83.605,28.278888888888893,759.0
83.605,28.278611111111115,759.0
83.605,28.278333333333336,756.0
83.605,28.27805555555556,754.0
83.605,28.277777777777782,752.0
83.605,28.277500000000003,750.0
83.605,28.277222222222225,748.0
83.605,28.27694444444445,753.0
83.605,28.27666666666667,755.0
83.605,28.276388888888892,756.0
83.605,28.276111111111113,758.0
83.60527777777779,28.27583333333334,756.0
83.60527777777779,28.27555555555556,759.0
83.60555555555557,28.27527777777778,756.0
83.60555555555557,28.275000000000002,758.0
83.60555555555557,28.274722222222227,759.0
83.60555555555557,28.27444444444445,754.0
83.60555555555557,28.27416666666667,752.0
83.60555555555557,28.27388888888889,754.0
83.60555555555557,28.273611111111116,754.0
83.60527777777779,28.273333333333337,753.0
83.60527777777779,28.27305555555556,753.0
83.60527777777779,28.272777777777783,753.0
83.60527777777779,28.272500000000004,753.0
83.60527777777779,28.272222222222226,753.0
83.60527777777779,28.271944444444447,753.0
83.60527777777779,28.271666666666672,751.0
83.60527777777779,28.271388888888893,751.0
83.60527777777779,28.271111111111114,751.0
83.60527777777779,28.270833333333336,753.0
83.60527777777779,28.27055555555556,750.0
83.60527777777779,28.270277777777782,749.0
83.60527777777779,28.270000000000003,748.0
83.60527777777779,28.269722222222224,749.0
83.60527777777779,28.26944444444445,750.0
83.60555555555557,28.26916666666667,749.0
83.60583333333334,28.268888888888892,749.0
83.60611111111112,28.268611111111113,749.0
83.6063888888889,28.268333333333338,748.0
83.60666666666667,28.268333333333338,748.0
83.60694444444445,28.268333333333338,748.0
83.60722222222223,28.268333333333338,748.0
83.6075,28.26805555555556,747.0
83.60777777777778,28.26805555555556,747.0
83.60805555555557,28.26805555555556,747.0
83.60833333333335,28.26805555555556,747.0
83.60861111111112,28.26777777777778,746.0
83.6088888888889,28.26777777777778,746.0
83.60916666666668,28.26777777777778,746.0
83.60944444444445,28.26777777777778,746.0
83.60972222222223,28.267500000000005,745.0
83.60972222222223,28.267222222222227,745.0
83.61000000000001,28.266944444444448,745.0
83.61027777777778,28.26666666666667,745.0
83.61027777777778,28.266388888888894,744.0
83.61055555555556,28.266111111111115,744.0
83.61083333333335,28.265833333333337,744.0
83.61083333333335,28.265555555555558,744.0
83.61083333333335,28.265277777777783,743.0
83.61083333333335,28.265000000000004,744.0
83.61083333333335,28.264722222222225,744.0
83.61083333333335,28.264444444444447,743.0
83.61055555555556,28.26416666666667,742.0
83.61083333333335,28.263888888888893,742.0
83.61083333333335,28.263611111111114,742.0
83.61055555555556,28.263333333333335,742.0
83.61027777777778,28.26305555555556,742.0
83.61027777777778,28.26277777777778,742.0
83.61000000000001,28.262500000000003,741.0
83.61000000000001,28.262222222222228,740.0
83.61000000000001,28.26194444444445,741.0
83.61000000000001,28.26166666666667,741.0
83.61000000000001,28.26138888888889,742.0
83.60972222222223,28.261111111111116,740.0
83.60972222222223,28.260833333333338,740.0
83.60972222222223,28.26055555555556,740.0
83.60972222222223,28.26027777777778,741.0
83.60972222222223,28.260000000000005,740.0
83.60972222222223,28.259722222222226,739.0
83.61000000000001,28.259444444444448,739.0
83.61027777777778,28.25916666666667,740.0
83.61055555555556,28.258888888888894,740.0
83.61083333333335,28.258888888888894,741.0
83.61111111111111,28.258888888888894,742.0
83.6113888888889,28.258888888888894,741.0
83.61166666666668,28.258888888888894,740.0
83.61194444444445,28.258888888888894,740.0
83.61222222222223,28.25916666666667,740.0
83.61250000000001,28.25916666666667,739.0
83.61277777777778,28.25916666666667,738.0
83.61305555555556,28.25916666666667,737.0
83.61333333333334,28.258888888888894,735.0
83.61361111111113,28.258888888888894,733.0
83.6138888888889,28.258888888888894,733.0
83.61416666666668,28.258888888888894,734.0
83.61444444444446,28.258888888888894,735.0
83.61472222222223,28.258611111111115,735.0
83.61500000000001,28.258333333333336,736.0
83.61527777777779,28.258055555555558,734.0
83.61555555555556,28.258055555555558,736.0
83.61583333333334,28.258055555555558,736.0
83.61611111111112,28.257777777777783,734.0
83.61638888888889,28.257500000000004,734.0
83.61638888888889,28.257222222222225,734.0
83.61638888888889,28.25694444444445,736.0
83.61666666666667,28.25666666666667,734.0
83.61694444444446,28.256388888888893,733.0
83.61694444444446,28.256111111111114,736.0
83.61666666666667,28.25583333333334,735.0
83.61666666666667,28.25555555555556,733.0
83.61694444444446,28.25527777777778,732.0
83.61722222222222,28.255000000000003,731.0
83.61722222222222,28.254722222222227,730.0
83.61722222222222,28.25444444444445,730.0
83.6175,28.25416666666667,730.0
83.61777777777779,28.25388888888889,730.0
83.61805555555556,28.253611111111116,730.0
83.61833333333334,28.253333333333337,729.0
83.61861111111112,28.253333333333337,729.0
83.6188888888889,28.25305555555556,729.0
83.61916666666667,28.25277777777778,729.0
83.61944444444445,28.252500000000005,729.0
83.61972222222224,28.252500000000005,730.0
83.62,28.252222222222226,728.0
83.62027777777779,28.252222222222226,730.0
83.62055555555557,28.251944444444447,728.0
83.62083333333334,28.251944444444447,728.0
83.62111111111112,28.251944444444447,730.0
83.6213888888889,28.25166666666667,728.0
83.62166666666667,28.251388888888894,727.0
83.62194444444445,28.251388888888894,727.0
83.62222222222223,28.251111111111115,727.0
83.6225,28.251111111111115,727.0
83.62277777777778,28.250833333333336,727.0
83.62305555555557,28.250833333333336,727.0
83.62333333333333,28.250833333333336,726.0
83.62361111111112,28.250833333333336,729.0
83.6238888888889,28.25055555555556,726.0
83.62416666666668,28.25055555555556,726.0
83.62444444444445,28.25055555555556,726.0
83.62472222222223,28.25055555555556,726.0
83.62500000000001,28.25055555555556,726.0
83.62527777777778,28.25055555555556,725.0
83.62555555555556,28.25055555555556,725.0
83.62583333333335,28.25055555555556,725.0
83.62611111111111,28.25055555555556,725.0
83.6263888888889,28.25055555555556,725.0
83.62666666666668,28.25055555555556,725.0
83.62694444444445,28.25055555555556,725.0
83.62722222222223,28.25055555555556,725.0
83.62750000000001,28.25055555555556,725.0
83.62777777777778,28.25055555555556,725.0
83.62805555555556,28.25055555555556,725.0
83.62833333333334,28.25055555555556,726.0
83.62861111111111,28.25055555555556,728.0
83.6288888888889,28.25055555555556,729.0
83.62916666666668,28.25055555555556,730.0
83.62944444444446,28.25055555555556,730.0
83.62972222222223,28.250277777777782,730.0
83.62972222222223,28.250000000000004,728.0
83.62972222222223,28.249722222222225,725.0
83.62972222222223,28.24944444444445,724.0
83.63000000000001,28.24916666666667,723.0
83.63000000000001,28.248888888888892,723.0
83.63000000000001,28.248611111111114,723.0
83.63000000000001,28.24833333333334,723.0
83.63000000000001,28.24805555555556,723.0
83.63000000000001,28.24777777777778,723.0
83.63027777777779,28.247500000000002,723.0
83.63055555555556,28.247222222222227,722.0
83.63055555555556,28.24694444444445,720.0
83.63083333333334,28.24694444444445,720.0
83.63111111111112,28.24666666666667,719.0
83.63138888888889,28.24666666666667,719.0
83.63166666666667,28.24638888888889,719.0
83.63194444444446,28.24638888888889,719.0
83.63222222222223,28.24638888888889,720.0
83.63250000000001,28.24638888888889,720.0
83.63277777777779,28.24638888888889,717.0
83.63305555555556,28.24638888888889,717.0
83.63333333333334,28.24638888888889,717.0
83.63361111111112,28.24638888888889,717.0
83.63388888888889,28.24638888888889,717.0
83.63416666666667,28.24638888888889,717.0
83.63444444444445,28.24638888888889,716.0
83.63472222222224,28.24638888888889,716.0
83.635,28.24638888888889,716.0
83.63527777777779,28.24638888888889,718.0
83.63555555555557,28.24638888888889,719.0
83.63583333333334,28.246111111111116,717.0
83.63611111111112,28.245833333333337,715.0
83.6363888888889,28.245833333333337,715.0
83.63666666666667,28.24555555555556,715.0
83.63694444444445,28.24555555555556,717.0
83.63722222222223,28.24527777777778,715.0
83.6375,28.24527777777778,718.0
83.63777777777779,28.245000000000005,714.0
83.63805555555557,28.245000000000005,719.0
83.63833333333334,28.244722222222226,714.0
83.63861111111112,28.244722222222226,720.0
83.6388888888889,28.244444444444447,716.0
83.63916666666667,28.244444444444447,719.0
83.63944444444445,28.244166666666672,716.0
83.63972222222223,28.244166666666672,719.0
83.64000000000001,28.243888888888893,717.0
83.64027777777778,28.243888888888893,719.0
83.64055555555557,28.243611111111115,718.0
83.64083333333335,28.243333333333336,718.0
83.64111111111112,28.24305555555556,716.0
83.6413888888889,28.242777777777782,716.0
83.64166666666668,28.242777777777782,719.0
83.64194444444445,28.242777777777782,719.0
83.64222222222223,28.242777777777782,718.0
83.64250000000001,28.242777777777782,719.0
83.64277777777778,28.242500000000003,720.0
83.64305555555556,28.242500000000003,720.0
83.64333333333335,28.242222222222225,720.0
83.64361111111111,28.242222222222225,720.0
83.6438888888889,28.24194444444445,719.0
83.64416666666668,28.24166666666667,718.0
83.64444444444445,28.241388888888892,720.0
83.64472222222223,28.241111111111113,717.0
83.64500000000001,28.241111111111113,717.0
83.64527777777779,28.240833333333338,718.0
83.64555555555556,28.24055555555556,718.0
83.64583333333334,28.24027777777778,717.0
83.64611111111113,28.240000000000002,717.0
83.6463888888889,28.239722222222227,719.0
83.64666666666668,28.239444444444448,716.0
83.64694444444446,28.239444444444448,720.0
83.64722222222223,28.23916666666667,715.0
83.64750000000001,28.238888888888894,709.0
83.64777777777779,28.238611111111116,709.0
83.64805555555556,28.238611111111116,717.0
83.64833333333334,28.238333333333337,714.0
83.64861111111112,28.238055555555558,709.0
83.64888888888889,28.238055555555558,718.0
83.64916666666667,28.237777777777783,720.0
83.64944444444446,28.237500000000004,709.0
83.64972222222222,28.237500000000004,719.0
83.65,28.237222222222226,709.0
83.65027777777779,28.237222222222226,709.0
83.65055555555557,28.237222222222226,709.0
83.65083333333334,28.237222222222226,709.0
83.65111111111112,28.237222222222226,709.0
83.6513888888889,28.237222222222226,716.0
83.65166666666667,28.237500000000004,709.0
83.65194444444445,28.237500000000004,709.0
83.65222222222224,28.237500000000004,709.0
83.6525,28.237500000000004,710.0
83.65277777777779,28.237500000000004,706.0
83.65305555555557,28.237500000000004,705.0
83.65333333333334,28.237500000000004,706.0
83.65361111111112,28.237500000000004,711.0
83.6538888888889,28.237500000000004,714.0
83.65416666666667,28.237500000000004,716.0
83.65444444444445,28.237500000000004,715.0
83.65472222222223,28.237500000000004,715.0
83.655,28.237500000000004,718.0
83.65527777777778,28.237777777777783,718.0
83.65555555555557,28.238055555555558,720.0
83.65583333333335,28.238055555555558,718.0
83.65611111111112,28.238055555555558,716.0
83.6563888888889,28.237777777777783,714.0
83.65666666666668,28.237777777777783,709.0
83.65694444444445,28.237777777777783,708.0
83.65722222222223,28.237500000000004,711.0
83.65750000000001,28.237222222222226,709.0
83.65777777777778,28.236944444444447,706.0
83.65805555555556,28.23666666666667,704.0
83.65805555555556,28.236388888888893,707.0
83.65833333333335,28.236111111111114,704.0
83.65861111111111,28.235833333333336,705.0
83.6588888888889,28.23555555555556,709.0
83.65916666666668,28.23527777777778,709.0
83.65916666666668,28.235000000000003,708.0
83.65916666666668,28.234722222222224,711.0
83.65944444444445,28.23444444444445,711.0
83.65916666666668,28.23416666666667,713.0
83.65916666666668,28.23388888888889,710.0
83.65916666666668,28.233611111111117,707.0
83.65916666666668,28.233333333333338,706.0
83.65944444444445,28.23305555555556,705.0
83.65944444444445,28.23277777777778,705.0
83.65944444444445,28.232500000000005,703.0
83.65944444444445,28.232222222222227,700.0
83.65944444444445,28.231944444444448,699.0
83.65944444444445,28.23166666666667,703.0
83.65972222222223,28.231388888888894,706.0
83.66000000000001,28.231111111111115,707.0
83.66027777777778,28.230833333333337,703.0
83.66055555555556,28.230555555555558,701.0
83.66083333333334,28.230277777777783,693.0
83.66111111111113,28.230277777777783,693.0
83.6613888888889,28.230277777777783,692.0
83.66166666666668,28.230277777777783,692.0
83.66194444444446,28.230277777777783,692.0
83.66222222222223,28.230277777777783,692.0
83.66250000000001,28.230277777777783,692.0
83.66277777777779,28.230277777777783,692.0
83.66305555555556,28.230277777777783,692.0
83.66333333333334,28.230277777777783,691.0
83.66361111111112,28.230277777777783,691.0
83.66388888888889,28.230555555555558,691.0
83.66416666666667,28.230555555555558,691.0
83.66444444444446,28.230833333333337,693.0
83.66472222222222,28.231111111111115,691.0
83.665,28.231111111111115,693.0
83.66527777777779,28.231388888888894,690.0
83.66555555555557,28.231388888888894,690.0
83.66583333333334,28.231388888888894,690.0
83.66611111111112,28.231388888888894,690.0
83.6663888888889,28.231388888888894,693.0
83.66666666666667,28.231111111111115,689.0
83.66694444444445,28.230833333333337,689.0
83.66722222222224,28.230555555555558,689.0
83.6675,28.230277777777783,692.0
83.66777777777779,28.230000000000004,691.0
83.66777777777779,28.229722222222225,693.0
83.66777777777779,28.229444444444447,695.0
83.66805555555557,28.22916666666667,689.0
83.66805555555557,28.228888888888893,690.0
83.66805555555557,28.228611111111114,693.0
83.66805555555557,28.22833333333334,694.0
83.66805555555557,28.22805555555556,692.0
83.66805555555557,28.22777777777778,693.0
83.66833333333334,28.227500000000003,688.0
83.66861111111112,28.227222222222228,688.0
83.6688888888889,28.22694444444445,688.0
83.66916666666667,28.22666666666667,687.0
83.66944444444445,28.22638888888889,686.0
83.66972222222223,28.226111111111116,685.0
83.67,28.225833333333338,687.0
83.67027777777778,28.22555555555556,689.0
83.67055555555557,28.22527777777778,692.0
83.67083333333335,28.225000000000005,687.0
83.67111111111112,28.224722222222226,690.0
83.6713888888889,28.224444444444448,693.0
83.67166666666668,28.22416666666667,688.0
83.67166666666668,28.223888888888894,690.0
83.67166666666668,28.223611111111115,694.0
83.67194444444445,28.223333333333336,689.0
83.67194444444445,28.223055555555558,692.0
83.67222222222223,28.222777777777782,689.0
83.67222222222223,28.222500000000004,691.0
83.67222222222223,28.222222222222225,691.0
83.67222222222223,28.22194444444445,690.0
83.67222222222223,28.22166666666667,690.0
83.67222222222223,28.221388888888892,689.0
83.67222222222223,28.221111111111114,688.0
83.67222222222223,28.22083333333334,687.0
83.67250000000001,28.22055555555556,685.0
83.67250000000001,28.22027777777778,689.0
83.67277777777778,28.220000000000002,687.0
83.67305555555556,28.219722222222227,691.0
83.67333333333335,28.21944444444445,689.0
83.67333333333335,28.21916666666667,690.0
83.67333333333335,28.21888888888889,695.0
83.67361111111111,28.218611111111116,695.0
83.6738888888889,28.218333333333337,693.0
83.6738888888889,28.21805555555556,693.0
83.6738888888889,28.21777777777778,694.0
83.6738888888889,28.217500000000005,692.0
83.6738888888889,28.217222222222226,689.0
83.6738888888889,28.216944444444447,688.0
83.6738888888889,28.21666666666667,692.0
83.67416666666668,28.216388888888893,691.0
83.67416666666668,28.216111111111115,690.0
83.67416666666668,28.215833333333336,691.0
83.67416666666668,28.21555555555556,690.0
83.67416666666668,28.215277777777782,690.0
83.67416666666668,28.215000000000003,688.0
83.67416666666668,28.214722222222225,689.0
83.67416666666668,28.21444444444445,686.0
83.67416666666668,28.21416666666667,685.0
83.67416666666668,28.213888888888892,685.0
83.6738888888889,28.213611111111113,685.0
83.67361111111111,28.21333333333334,684.0
83.67333333333335,28.21305555555556,683.0
83.67305555555556,28.21277777777778,683.0
83.67277777777778,28.212500000000002,682.0
83.67250000000001,28.212222222222227,682.0
83.67222222222223,28.21194444444445,681.0
83.67194444444445,28.21166666666667,680.0
83.67166666666668,28.21138888888889,680.0
83.6713888888889,28.211111111111116,679.0
83.67111111111112,28.210833333333337,679.0
83.67083333333335,28.21055555555556,678.0
83.67055555555557,28.210277777777783,689.0
83.67027777777778,28.210000000000004,688.0
83.67,28.209722222222226,688.0
83.67,28.209444444444447,692.0
83.67,28.209166666666672,691.0
83.67,28.208888888888893,687.0
83.67,28.208611111111114,686.0
83.67,28.208333333333336,685.0
83.67,28.20805555555556,683.0
83.67,28.207777777777782,680.0
83.67,28.207500000000003,681.0
83.67,28.207222222222224,686.0
83.67,28.20694444444445,689.0
83.67,28.20666666666667,693.0
83.67027777777778,28.206388888888892,687.0
83.67027777777778,28.206111111111113,692.0
83.67055555555557,28.205833333333338,690.0
83.67055555555557,28.20555555555556,691.0
83.67055555555557,28.20527777777778,693.0
83.67055555555557,28.205000000000005,692.0
83.67055555555557,28.204722222222227,692.0
83.67055555555557,28.204444444444448,694.0
83.67027777777778,28.20416666666667,691.0
83.67027777777778,28.203888888888894,689.0
83.67055555555557,28.203611111111115,689.0
83.67055555555557,28.203333333333337,682.0
83.67027777777778,28.203055555555558,678.0
83.67,28.202777777777783,671.0
83.66972222222223,28.202500000000004,667.0
83.66944444444445,28.202500000000004,665.0
83.66916666666667,28.202222222222225,664.0
83.6688888888889,28.202222222222225,664.0
83.66861111111112,28.202222222222225,664.0
83.66833333333334,28.201944444444447,664.0
83.66805555555557,28.201944444444447,664.0
83.66777777777779,28.20166666666667,664.0
83.6675,28.20166666666667,663.0
83.66722222222224,28.201388888888893,663.0
83.66694444444445,28.201388888888893,663.0
83.66666666666667,28.201111111111114,663.0
83.6663888888889,28.200833333333335,663.0
83.66611111111112,28.20055555555556,662.0
83.66583333333334,28.20027777777778,662.0
83.66555555555557,28.20027777777778,662.0
83.66527777777779,28.200000000000003,662.0
83.665,28.199722222222228,661.0
83.66472222222222,28.19944444444445,661.0
83.66444444444446,28.19944444444445,663.0
83.66416666666667,28.19916666666667,661.0
83.66388888888889,28.19888888888889,661.0
83.66361111111112,28.19888888888889,661.0
83.66333333333334,28.19888888888889,660.0
83.66305555555556,28.19888888888889,660.0
83.66277777777779,28.19888888888889,660.0
83.66250000000001,28.19888888888889,660.0
83.66222222222223,28.19888888888889,660.0
83.66194444444446,28.19888888888889,660.0
83.66166666666668,28.19888888888889,659.0
83.6613888888889,28.19888888888889,659.0
83.66111111111113,28.19888888888889,661.0
83.66083333333334,28.19888888888889,661.0
83.66055555555556,28.19888888888889,661.0
83.66027777777778,28.19888888888889,663.0
83.66000000000001,28.19888888888889,662.0
83.65972222222223,28.19888888888889,658.0
83.65944444444445,28.198611111111116,658.0
83.65944444444445,28.198333333333338,660.0
83.65916666666668,28.19805555555556,657.0
83.65916666666668,28.19777777777778,657.0
83.65916666666668,28.197500000000005,657.0
83.65916666666668,28.197222222222226,657.0
83.65916666666668,28.196944444444448,663.0
83.6588888888889,28.19666666666667,657.0
83.6588888888889,28.196388888888894,660.0
83.6588888888889,28.196111111111115,663.0
83.6588888888889,28.195833333333336,663.0
83.6588888888889,28.195555555555558,663.0
83.6588888888889,28.195277777777783,663.0
83.65861111111111,28.195000000000004,660.0
83.65833333333335,28.194722222222225,657.0
83.65805555555556,28.19444444444445,652.0
83.65777777777778,28.19416666666667,660.0
83.65750000000001,28.193888888888893,661.0
83.65722222222223,28.193888888888893,659.0
83.65694444444445,28.193888888888893,661.0
83.65666666666668,28.19416666666667,658.0
83.6563888888889,28.19416666666667,658.0
83.65611111111112,28.19416666666667,660.0
83.65583333333335,28.19416666666667,663.0
83.65555555555557,28.193888888888893,661.0
83.65527777777778,28.193888888888893,662.0
83.655,28.193888888888893,663.0
83.65472222222223,28.193611111111114,662.0
83.65472222222223,28.19333333333334,663.0
83.65444444444445,28.19305555555556,662.0
83.65444444444445,28.19277777777778,662.0
83.65444444444445,28.192500000000003,661.0
83.65416666666667,28.192222222222227,660.0
83.65416666666667,28.19194444444445,659.0
83.65416666666667,28.19166666666667,659.0
83.6538888888889,28.19138888888889,658.0
83.6538888888889,28.191111111111116,657.0
83.6538888888889,28.190833333333337,657.0
83.6538888888889,28.19055555555556,656.0
83.6538888888889,28.19027777777778,655.0
83.6538888888889,28.190000000000005,654.0
83.65361111111112,28.189722222222226,654.0
83.65361111111112,28.189444444444447,653.0
83.65333333333334,28.189444444444447,653.0
83.65305555555557,28.18916666666667,652.0
83.65305555555557,28.188888888888894,651.0
83.65277777777779,28.188888888888894,651.0
83.6525,28.188611111111115,650.0
83.65222222222224,28.188333333333336,650.0
83.65222222222224,28.18805555555556,650.0
83.65222222222224,28.187777777777782,650.0
83.65194444444445,28.187500000000004,650.0
83.65194444444445,28.187222222222225,650.0
83.65166666666667,28.18694444444445,649.0
83.6513888888889,28.18694444444445,648.0
83.65111111111112,28.18666666666667,648.0
83.65083333333334,28.186388888888892,648.0
83.65055555555557,28.186388888888892,648.0
83.65027777777779,28.186388888888892,648.0
83.65,28.186388888888892,648.0
83.64972222222222,28.18666666666667,648.0
83.64944444444446,28.18666666666667,648.0
83.64916666666667,28.18666666666667,648.0
83.64888888888889,28.18694444444445,648.0
83.64861111111112,28.18694444444445,648.0
83.64833333333334,28.18666666666667,648.0
83.64805555555556,28.186388888888892,648.0
83.64777777777779,28.186111111111114,648.0
83.64777777777779,28.18583333333334,648.0
83.64777777777779,28.18555555555556,648.0
83.64750000000001,28.18527777777778,648.0
83.64750000000001,28.185000000000002,648.0
83.64750000000001,28.184722222222227,648.0
83.64722222222223,28.18444444444445,647.0
83.64722222222223,28.18416666666667,647.0
83.64722222222223,28.18388888888889,647.0
83.64722222222223,28.183611111111116,647.0
83.64722222222223,28.183333333333337,647.0
83.64722222222223,28.18305555555556,647.0
83.64722222222223,28.18277777777778,647.0
83.64722222222223,28.182500000000005,647.0
83.64722222222223,28.182222222222226,647.0
83.64722222222223,28.181944444444447,647.0
83.64722222222223,28.181666666666672,647.0
83.64722222222223,28.181388888888893,647.0
83.64694444444446,28.181111111111115,647.0
83.64694444444446,28.180833333333336,647.0
83.64666666666668,28.18055555555556,647.0
83.6463888888889,28.180277777777782,647.0
83.64611111111113,28.180000000000003,646.0
83.64611111111113,28.179722222222225,646.0
83.64611111111113,28.17944444444445,646.0
83.64583333333334,28.17916666666667,646.0
83.64555555555556,28.178888888888892,645.0
83.64527777777779,28.178611111111113,645.0
83.64500000000001,28.178333333333338,645.0
83.64472222222223,28.17805555555556,644.0
83.64444444444445,28.17777777777778,644.0
83.64416666666668,28.177500000000002,644.0
83.6438888888889,28.177222222222227,644.0
83.64361111111111,28.176944444444448,643.0
83.64333333333335,28.176944444444448,643.0
83.64305555555556,28.176944444444448,643.0
83.64277777777778,28.17666666666667,643.0
83.64250000000001,28.17666666666667,642.0
83.64222222222223,28.176388888888894,642.0
83.64194444444445,28.176388888888894,642.0
83.64166666666668,28.176111111111116,642.0
83.6413888888889,28.176111111111116,641.0
83.64111111111112,28.176111111111116,645.0
83.64083333333335,28.175833333333337,641.0
83.64055555555557,28.175555555555558,641.0
83.64027777777778,28.175277777777783,640.0
83.64000000000001,28.175000000000004,645.0
83.63972222222223,28.174722222222226,641.0
83.63972222222223,28.174444444444447,640.0
83.63972222222223,28.17416666666667,640.0
83.63972222222223,28.173888888888893,640.0
83.63972222222223,28.173611111111114,640.0
83.63972222222223,28.173333333333336,640.0
83.63972222222223,28.17305555555556,640.0
83.63972222222223,28.17277777777778,641.0
83.63972222222223,28.172500000000003,643.0
83.64000000000001,28.172222222222224,642.0
83.64000000000001,28.17194444444445,645.0
83.64027777777778,28.17166666666667,642.0
83.64055555555557,28.17138888888889,640.0
83.64083333333335,28.171111111111117,640.0
83.64083333333335,28.170833333333338,640.0
83.64111111111112,28.17055555555556,640.0
83.6413888888889,28.17027777777778,640.0
83.64166666666668,28.170000000000005,640.0
83.64194444444445,28.169722222222227,640.0
83.64222222222223,28.169444444444448,640.0
83.64250000000001,28.16916666666667,640.0
83.64277777777778,28.168888888888894,643.0
83.64305555555556,28.168611111111115,645.0
83.64333333333335,28.168333333333337,642.0
83.64333333333335,28.168055555555558,642.0
83.64361111111111,28.167777777777783,642.0
83.64361111111111,28.167500000000004,644.0
83.6438888888889,28.167222222222225,642.0
83.6438888888889,28.166944444444447,641.0
83.64361111111111,28.16666666666667,642.0
83.64333333333335,28.166388888888893,636.0
83.64333333333335,28.166111111111114,636.0
83.64305555555556,28.16583333333334,636.0
83.64277777777778,28.16555555555556,636.0
83.64250000000001,28.16527777777778,635.0
83.64222222222223,28.165000000000003,635.0
83.64194444444445,28.164722222222228,635.0
83.64166666666668,28.16444444444445,635.0
83.6413888888889,28.16416666666667,634.0
83.64111111111112,28.16388888888889,634.0
83.64083333333335,28.163611111111116,637.0
83.64055555555557,28.163333333333338,639.0
83.64027777777778,28.16305555555556,641.0
83.64000000000001,28.16277777777778,642.0
83.63972222222223,28.162500000000005,642.0
83.63944444444445,28.162222222222226,642.0
83.63916666666667,28.161944444444448,642.0
83.6388888888889,28.16166666666667,641.0
83.63861111111112,28.161388888888894,642.0
83.63833333333334,28.161111111111115,642.0
83.63805555555557,28.160833333333336,642.0
83.63777777777779,28.160555555555558,641.0
83.6375,28.160277777777782,642.0
83.63722222222223,28.160000000000004,638.0
83.63722222222223,28.159722222222225,641.0
83.63694444444445,28.15944444444445,636.0
83.63694444444445,28.15916666666667,637.0
83.63694444444445,28.158888888888892,638.0
83.63694444444445,28.158611111111114,638.0
83.63694444444445,28.15833333333334,634.0
83.63694444444445,28.15805555555556,632.0
83.63694444444445,28.15777777777778,632.0
83.63694444444445,28.157500000000002,632.0
83.63694444444445,28.157222222222227,633.0
83.63694444444445,28.15694444444445,636.0
83.63694444444445,28.15666666666667,639.0
83.63694444444445,28.15638888888889,642.0
83.63722222222223,28.156111111111116,634.0
83.63722222222223,28.155833333333337,642.0
83.6375,28.15555555555556,634.0
83.6375,28.15527777777778,637.0
83.6375,28.155000000000005,636.0
83.6375,28.154722222222226,636.0
83.6375,28.154444444444447,635.0
83.6375,28.15416666666667,631.0
83.6375,28.153888888888893,627.0
83.63722222222223,28.153611111111115,625.0
83.63694444444445,28.153333333333336,625.0
83.63666666666667,28.15305555555556,625.0
83.6363888888889,28.152777777777782,625.0
83.63611111111112,28.152500000000003,629.0
83.63583333333334,28.152222222222225,630.0
83.63555555555557,28.15194444444445,633.0
83.63527777777779,28.15166666666667,635.0
83.635,28.151388888888892,640.0
83.63472222222224,28.151111111111113,641.0
83.63444444444445,28.15083333333334,634.0
83.63444444444445,28.15055555555556,630.0
83.63444444444445,28.15027777777778,627.0
83.63444444444445,28.150000000000002,632.0
83.63472222222224,28.149722222222227,641.0
83.635,28.14944444444445,639.0
83.635,28.14916666666667,635.0
83.63527777777779,28.14888888888889,628.0
83.63555555555557,28.148611111111116,627.0
83.63583333333334,28.148333333333337,631.0
83.63611111111112,28.14805555555556,637.0
83.6363888888889,28.147777777777783,636.0
83.63666666666667,28.147500000000004,641.0
83.63694444444445,28.147222222222226,637.0
83.63722222222223,28.146944444444447,635.0
83.63722222222223,28.146666666666672,635.0
83.63722222222223,28.146388888888893,635.0
83.63722222222223,28.146111111111114,636.0
83.63722222222223,28.145833333333336,636.0
83.63722222222223,28.14555555555556,637.0
83.63722222222223,28.145277777777782,637.0
83.63722222222223,28.145000000000003,635.0
83.63722222222223,28.144722222222224,632.0
83.63722222222223,28.14444444444445,629.0
83.63722222222223,28.14416666666667,624.0
83.63722222222223,28.143888888888892,619.0
83.63722222222223,28.143611111111113,621.0
83.63722222222223,28.143333333333338,625.0
83.63722222222223,28.14305555555556,626.0
83.63722222222223,28.14277777777778,627.0
83.63722222222223,28.142500000000005,627.0
83.63722222222223,28.142222222222227,626.0
83.63722222222223,28.141944444444448,627.0
83.63722222222223,28.14166666666667,629.0
83.63722222222223,28.141388888888894,629.0
83.63722222222223,28.141111111111115,630.0
83.63722222222223,28.140833333333337,632.0
83.63722222222223,28.140555555555558,636.0
83.63722222222223,28.140277777777783,632.0
83.63722222222223,28.140000000000004,633.0
83.63722222222223,28.139722222222225,619.0
83.63722222222223,28.139444444444447,618.0
83.63722222222223,28.13916666666667,618.0
83.63722222222223,28.138888888888893,618.0
83.63722222222223,28.138611111111114,627.0
83.6375,28.138333333333335,633.0
83.63777777777779,28.13805555555556,637.0
83.63805555555557,28.13777777777778,632.0
83.63805555555557,28.137500000000003,641.0
83.63833333333334,28.137222222222228,629.0
83.63833333333334,28.13694444444445,635.0
83.63833333333334,28.13666666666667,638.0
83.63833333333334,28.13638888888889,623.0
83.63833333333334,28.136111111111116,616.0
83.63833333333334,28.135833333333338,617.0
83.63805555555557,28.13555555555556,618.0
83.63777777777779,28.13527777777778,622.0
83.6375,28.135000000000005,624.0
83.63722222222223,28.134722222222226,621.0
83.63694444444445,28.134444444444448,617.0
83.63666666666667,28.13416666666667,619.0
83.6363888888889,28.133888888888894,623.0
83.63611111111112,28.133611111111115,625.0
83.63583333333334,28.133333333333336,628.0
83.63555555555557,28.133055555555558,637.0
83.63527777777779,28.132777777777783,636.0
83.635,28.132500000000004,636.0
83.63472222222224,28.132222222222225,638.0
83.63444444444445,28.13194444444445,640.0
83.63416666666667,28.13166666666667,634.0
83.63416666666667,28.131388888888893,642.0
83.63388888888889,28.131111111111114,637.0
83.63388888888889,28.13083333333334,641.0
83.63388888888889,28.13055555555556,637.0
83.63388888888889,28.13027777777778,634.0
83.63388888888889,28.130000000000003,633.0
83.63388888888889,28.129722222222227,629.0
83.63388888888889,28.12944444444445,624.0
83.63388888888889,28.12916666666667,621.0
83.63388888888889,28.12888888888889,626.0
83.63361111111112,28.128611111111116,623.0
83.63333333333334,28.128333333333337,618.0
83.63333333333334,28.12805555555556,622.0
83.63333333333334,28.12777777777778,623.0
83.63333333333334,28.127500000000005,635.0
83.63305555555556,28.127222222222226,617.0
83.63305555555556,28.126944444444447,621.0
83.63305555555556,28.12666666666667,639.0
83.63277777777779,28.126388888888894,642.0
83.63250000000001,28.126111111111115,638.0
83.63222222222223,28.125833333333336,640.0
83.63194444444446,28.12555555555556,633.0
83.63194444444446,28.125277777777782,642.0
83.63166666666667,28.125000000000004,632.0
83.63138888888889,28.124722222222225,622.0
83.63111111111112,28.12444444444445,618.0
83.63083333333334,28.12416666666667,610.0
83.63055555555556,28.123888888888892,612.0
83.63027777777779,28.123611111111114,611.0
83.63000000000001,28.12333333333334,611.0
83.62972222222223,28.12305555555556,624.0
83.62944444444446,28.12277777777778,635.0
83.62916666666668,28.122500000000002,623.0
83.6288888888889,28.122500000000002,620.0
83.62861111111111,28.122500000000002,623.0
83.62833333333334,28.122500000000002,622.0
83.62805555555556,28.122500000000002,621.0
83.62777777777778,28.122500000000002,626.0
83.62750000000001,28.122500000000002,627.0
83.62722222222223,28.122500000000002,622.0
83.62694444444445,28.122500000000002,616.0
83.62666666666668,28.122500000000002,617.0
83.6263888888889,28.122500000000002,620.0
83.62611111111111,28.122500000000002,623.0
83.62583333333335,28.122500000000002,631.0
83.62555555555556,28.122500000000002,640.0
83.62527777777778,28.122222222222227,605.0
83.62500000000001,28.122222222222227,605.0
83.62472222222223,28.122222222222227,604.0
83.62444444444445,28.122222222222227,615.0
83.62416666666668,28.122222222222227,614.0
83.6238888888889,28.122222222222227,619.0
83.62361111111112,28.122222222222227,623.0
83.62333333333333,28.122222222222227,633.0
83.62305555555557,28.122222222222227,636.0
83.62277777777778,28.122222222222227,639.0
83.6225,28.12194444444445,613.0
83.62222222222223,28.12194444444445,627.0
83.62194444444445,28.12194444444445,640.0
83.62166666666667,28.12166666666667,626.0
83.6213888888889,28.12138888888889,621.0
83.62111111111112,28.12138888888889,642.0
83.62083333333334,28.121111111111116,635.0
83.62055555555557,28.120833333333337,624.0
83.62027777777779,28.120833333333337,630.0
83.62,28.12055555555556,625.0
83.61972222222224,28.12027777777778,621.0
83.61944444444445,28.120000000000005,617.0
83.61916666666667,28.119722222222226,620.0
83.6188888888889,28.119444444444447,621.0
83.61861111111112,28.119166666666672,633.0
83.61833333333334,28.118888888888893,640.0
83.61805555555556,28.118611111111115,637.0
83.61777777777779,28.118333333333336,638.0
83.6175,28.11805555555556,614.0
83.61722222222222,28.11805555555556,613.0
83.61694444444446,28.11805555555556,613.0
83.61666666666667,28.11805555555556,616.0
83.61638888888889,28.11805555555556,628.0
83.61611111111112,28.11805555555556,635.0
83.61583333333334,28.11805555555556,640.0
83.61555555555556,28.117777777777782,628.0
83.61527777777779,28.117500000000003,633.0
83.61500000000001,28.117222222222225,634.0
83.61472222222223,28.11694444444445,635.0
83.61444444444446,28.11694444444445,642.0
83.61416666666668,28.11666666666667,633.0
83.6138888888889,28.11666666666667,639.0
83.61361111111113,28.116388888888892,629.0
83.61333333333334,28.116111111111113,613.0
83.61305555555556,28.116111111111113,621.0
83.61277777777778,28.116111111111113,637.0
83.61250000000001,28.115833333333338,618.0
83.61222222222223,28.115833333333338,634.0
83.61194444444445,28.11555555555556,611.0
83.61166666666668,28.11555555555556,637.0
83.6113888888889,28.11527777777778,618.0
83.61111111111111,28.11527777777778,628.0
83.61083333333335,28.115000000000002,620.0
83.61055555555556,28.114722222222227,609.0
83.61027777777778,28.114444444444448,613.0
83.61000000000001,28.11416666666667,616.0
83.60972222222223,28.113888888888894,611.0
83.60944444444445,28.113611111111116,609.0
83.60916666666668,28.113333333333337,609.0
83.6088888888889,28.113055555555558,609.0
83.60861111111112,28.112777777777783,607.0
83.60833333333335,28.112500000000004,599.0
83.60805555555557,28.112222222222226,593.0
83.60777777777778,28.111944444444447,593.0
83.6075,28.11166666666667,611.0
83.60722222222223,28.111388888888893,632.0
83.60694444444445,28.111111111111114,642.0
83.60666666666667,28.110833333333336,639.0
83.6063888888889,28.11055555555556,630.0
83.6063888888889,28.11027777777778,640.0
83.60611111111112,28.110000000000003,637.0
83.60583333333334,28.109722222222224,628.0
83.60583333333334,28.10944444444445,636.0
83.60555555555557,28.10916666666667,624.0
83.60555555555557,28.10888888888889,628.0
83.60555555555557,28.108611111111117,640.0
83.60527777777779,28.108333333333338,628.0
83.605,28.10805555555556,610.0
83.605,28.10777777777778,628.0
83.60472222222224,28.107500000000005,605.0
83.60472222222224,28.107222222222227,610.0
83.60472222222224,28.106944444444448,618.0
83.60472222222224,28.10666666666667,614.0
83.60472222222224,28.106388888888894,616.0
83.60472222222224,28.106111111111115,616.0
83.60444444444445,28.105833333333337,592.0
83.60416666666667,28.105555555555558,621.0
83.6038888888889,28.105277777777783,641.0
83.60361111111112,28.105000000000004,642.0
83.60333333333334,28.104722222222225,641.0
83.60305555555557,28.104444444444447,629.0
83.60277777777779,28.10416666666667,623.0
83.6025,28.103888888888893,616.0
83.6025,28.103611111111114,633.0
83.60222222222222,28.10333333333334,624.0
83.60222222222222,28.10305555555556,641.0
83.60194444444446,28.10277777777778,614.0
83.60194444444446,28.102500000000003,623.0
83.60194444444446,28.102222222222228,631.0
83.60194444444446,28.10194444444445,633.0
83.60194444444446,28.10166666666667,630.0
83.60194444444446,28.10138888888889,629.0
83.60194444444446,28.101111111111116,630.0
83.60194444444446,28.100833333333338,632.0
83.60194444444446,28.10055555555556,634.0
83.60194444444446,28.10027777777778,634.0
83.60194444444446,28.100000000000005,638.0
83.60194444444446,28.099722222222226,642.0
83.60166666666667,28.099444444444448,623.0
83.60166666666667,28.09916666666667,626.0
83.60166666666667,28.098888888888894,630.0
83.60166666666667,28.098611111111115,632.0
83.60166666666667,28.098333333333336,633.0
83.60166666666667,28.098055555555558,639.0
83.60138888888889,28.097777777777782,641.0
83.60138888888889,28.097500000000004,642.0
83.60138888888889,28.097222222222225,642.0
83.60138888888889,28.09694444444445,639.0
83.60138888888889,28.09666666666667,633.0
83.60138888888889,28.096388888888892,623.0
83.60138888888889,28.096111111111114,614.0
83.60138888888889,28.09583333333334,599.0
83.60111111111112,28.09583333333334,594.0
83.60083333333334,28.09555555555556,590.0
83.60055555555556,28.09527777777778,592.0
83.60027777777779,28.095000000000002,598.0
83.60000000000001,28.095000000000002,598.0
83.59972222222223,28.094722222222227,592.0
83.59944444444446,28.094722222222227,590.0
83.59916666666668,28.09444444444445,587.0
83.5988888888889,28.09416666666667,586.0
83.59861111111113,28.09388888888889,584.0
83.59833333333334,28.093611111111116,586.0
83.59805555555556,28.093333333333337,588.0
83.59777777777778,28.09305555555556,592.0
83.59750000000001,28.09277777777778,596.0
83.59722222222223,28.092500000000005,599.0
83.59694444444445,28.092222222222226,598.0
83.59666666666668,28.091944444444447,598.0
83.5963888888889,28.09166666666667,594.0
83.59611111111111,28.091388888888893,591.0
83.59611111111111,28.091111111111115,598.0
83.59583333333335,28.090833333333336,592.0
83.59555555555556,28.09055555555556,588.0
83.59527777777778,28.090277777777782,586.0
83.59500000000001,28.090000000000003,584.0
83.59472222222223,28.089722222222225,584.0
83.59444444444445,28.08944444444445,583.0
83.59416666666668,28.08916666666667,583.0
83.5938888888889,28.088888888888892,582.0
83.59361111111112,28.088611111111113,582.0
83.59361111111112,28.08833333333334,599.0
83.59333333333335,28.08805555555556,587.0
83.59333333333335,28.08777777777778,593.0
83.59333333333335,28.087500000000002,599.0
83.59305555555557,28.087222222222227,596.0
83.59277777777778,28.08694444444445,591.0
83.5925,28.08666666666667,586.0
83.59222222222223,28.08638888888889,583.0
83.59194444444445,28.086111111111116,581.0
83.59166666666667,28.085833333333337,579.0
83.5913888888889,28.08555555555556,587.0
83.59111111111112,28.085277777777783,595.0
83.59083333333334,28.085000000000004,591.0
83.59055555555557,28.084722222222226,592.0
83.59055555555557,28.084444444444447,594.0
83.59055555555557,28.084166666666672,591.0
83.59055555555557,28.083888888888893,594.0
83.59055555555557,28.083611111111114,597.0
83.59027777777779,28.083333333333336,599.0
83.59027777777779,28.08305555555556,595.0
83.59027777777779,28.082777777777782,591.0
83.59027777777779,28.082500000000003,590.0
83.59,28.082222222222224,591.0
83.58972222222224,28.08194444444445,590.0
83.58944444444445,28.08166666666667,590.0
83.58916666666667,28.081388888888892,592.0
83.5888888888889,28.081111111111113,585.0
83.58861111111112,28.080833333333338,582.0
83.58833333333334,28.080833333333338,592.0
83.58805555555557,28.080833333333338,595.0
83.58777777777779,28.08055555555556,579.0
83.5875,28.08055555555556,579.0
83.58722222222222,28.08055555555556,579.0
83.58694444444446,28.08055555555556,579.0
83.58666666666667,28.08055555555556,580.0
83.58638888888889,28.08055555555556,578.0
83.58611111111112,28.08055555555556,578.0
83.58583333333334,28.08055555555556,578.0
83.58555555555556,28.08055555555556,579.0
83.58527777777779,28.08055555555556,578.0
83.58500000000001,28.08055555555556,577.0
83.58472222222223,28.08055555555556,577.0
83.58444444444446,28.08055555555556,577.0
83.58416666666668,28.08055555555556,578.0
83.5838888888889,28.08055555555556,582.0
83.58361111111113,28.08055555555556,591.0
83.58333333333334,28.080833333333338,582.0
83.58305555555556,28.080833333333338,590.0
83.58277777777779,28.081111111111113,583.0
83.58250000000001,28.081111111111113,591.0
83.58222222222223,28.081388888888892,581.0
83.58194444444445,28.081388888888892,581.0
83.58166666666668,28.081111111111113,587.0
83.5813888888889,28.080833333333338,591.0
83.58111111111111,28.08055555555556,595.0
83.58083333333335,28.08027777777778,588.0
83.58083333333335,28.080000000000005,581.0
83.58083333333335,28.079722222222227,579.0
83.58083333333335,28.079444444444448,579.0
83.58083333333335,28.07916666666667,581.0
83.58083333333335,28.078888888888894,579.0
83.58083333333335,28.078611111111115,576.0
83.58083333333335,28.078333333333337,581.0
83.58055555555556,28.078055555555558,583.0
83.58055555555556,28.077777777777783,576.0
83.58027777777778,28.077500000000004,580.0
83.58000000000001,28.077222222222225,581.0
83.57972222222223,28.076944444444447,577.0
83.57944444444445,28.076944444444447,581.0
83.57916666666668,28.07666666666667,572.0
83.5788888888889,28.07666666666667,578.0
83.57861111111112,28.07666666666667,585.0
83.57833333333335,28.076388888888893,571.0
83.57805555555557,28.076388888888893,571.0
83.57777777777778,28.076388888888893,576.0
83.57750000000001,28.076388888888893,582.0
83.57722222222223,28.076111111111114,571.0
83.57694444444445,28.076111111111114,574.0
83.57666666666667,28.076111111111114,580.0
83.5763888888889,28.075833333333335,570.0
83.57611111111112,28.075833333333335,576.0
83.57583333333334,28.075833333333335,581.0
83.57555555555557,28.07555555555556,570.0
83.57527777777779,28.07555555555556,576.0
83.575,28.07555555555556,579.0
83.57472222222223,28.07527777777778,572.0
83.57444444444445,28.075000000000003,569.0
83.57416666666667,28.074722222222228,569.0
83.5738888888889,28.07444444444445,569.0
83.57361111111112,28.07416666666667,573.0
83.57333333333334,28.07388888888889,577.0
83.57305555555557,28.073611111111116,580.0
83.57277777777779,28.073333333333338,582.0
83.5725,28.07305555555556,576.0
83.5725,28.07277777777778,582.0
83.57222222222224,28.072500000000005,574.0
83.57222222222224,28.072222222222226,578.0
83.57194444444445,28.071944444444448,575.0
83.57166666666667,28.07166666666667,574.0
83.57138888888889,28.071388888888894,576.0
83.57111111111112,28.071111111111115,580.0
83.57083333333334,28.070833333333336,581.0
83.57055555555556,28.070555555555558,575.0
83.57055555555556,28.070277777777783,582.0
83.57027777777779,28.070000000000004,573.0
83.57027777777779,28.069722222222225,576.0
83.57000000000001,28.06944444444445,572.0
83.57000000000001,28.06916666666667,576.0
83.57000000000001,28.068888888888893,581.0
83.56972222222223,28.068611111111114,568.0
83.56972222222223,28.06833333333334,568.0
83.56972222222223,28.06805555555556,575.0
83.56944444444446,28.06777777777778,573.0
83.56916666666667,28.067500000000003,580.0
83.56888888888889,28.067222222222227,578.0
83.56861111111112,28.06694444444445,581.0
83.56833333333334,28.06666666666667,582.0
83.56805555555556,28.06638888888889,581.0
83.56777777777779,28.066111111111116,578.0
83.56750000000001,28.065833333333337,575.0
83.56722222222223,28.06555555555556,581.0
83.56694444444446,28.06527777777778,577.0
83.56666666666668,28.065000000000005,572.0
83.5663888888889,28.065000000000005,574.0
83.56611111111111,28.065000000000005,573.0
83.56583333333334,28.065000000000005,569.0
83.56555555555556,28.065000000000005,566.0
83.56527777777778,28.065000000000005,565.0
83.56500000000001,28.065000000000005,563.0
83.56472222222223,28.065000000000005,563.0
83.56444444444445,28.065000000000005,563.0
83.56416666666668,28.065000000000005,563.0
83.5638888888889,28.065000000000005,562.0
83.56361111111111,28.065000000000005,562.0
83.56333333333335,28.065000000000005,562.0
83.56305555555556,28.065000000000005,561.0
83.56277777777778,28.064722222222226,561.0
83.56250000000001,28.064444444444447,566.0
83.56222222222223,28.06416666666667,581.0
83.56194444444445,28.063888888888894,580.0
83.56194444444445,28.063611111111115,581.0
83.56194444444445,28.063333333333336,579.0
83.56194444444445,28.06305555555556,575.0
83.56194444444445,28.062777777777782,583.0
83.56194444444445,28.062500000000004,584.0
83.56194444444445,28.062222222222225,575.0
83.56194444444445,28.06194444444445,566.0
83.56194444444445,28.06166666666667,562.0
83.56194444444445,28.061388888888892,562.0
83.56194444444445,28.061111111111114,561.0
83.56194444444445,28.06083333333334,564.0
83.56194444444445,28.06055555555556,572.0
83.56194444444445,28.06027777777778,578.0
83.56222222222223,28.060000000000002,574.0
83.56250000000001,28.059722222222227,573.0
83.56250000000001,28.05944444444445,584.0
83.56277777777778,28.05916666666667,575.0
83.56277777777778,28.05888888888889,581.0
83.56277777777778,28.058611111111116,585.0
83.56305555555556,28.058333333333337,578.0
83.56305555555556,28.05805555555556,582.0
83.56305555555556,28.05777777777778,577.0
83.56305555555556,28.057500000000005,570.0
83.56305555555556,28.057222222222226,562.0
83.56305555555556,28.056944444444447,560.0
83.56305555555556,28.056666666666672,559.0
83.56305555555556,28.056388888888893,563.0
83.56305555555556,28.056111111111115,567.0
83.56305555555556,28.055833333333336,574.0
83.56277777777778,28.05555555555556,565.0
83.56277777777778,28.055277777777782,570.0
83.56277777777778,28.055000000000003,575.0
83.56277777777778,28.054722222222225,577.0
83.56277777777778,28.05444444444445,571.0
83.56277777777778,28.05416666666667,577.0
83.56277777777778,28.053888888888892,575.0
83.56250000000001,28.053611111111113,566.0
83.56250000000001,28.053333333333338,575.0
83.56250000000001,28.05305555555556,584.0
83.56222222222223,28.05277777777778,569.0
83.56222222222223,28.052500000000002,566.0
83.56222222222223,28.052222222222227,575.0
83.56194444444445,28.051944444444448,577.0
83.56194444444445,28.05166666666667,576.0
83.56194444444445,28.051388888888894,569.0
83.56194444444445,28.051111111111116,558.0
83.56194444444445,28.050833333333337,559.0
83.56194444444445,28.050555555555558,569.0
83.56194444444445,28.050277777777783,574.0
83.56166666666668,28.050000000000004,572.0
83.56166666666668,28.049722222222226,584.0
83.5613888888889,28.049444444444447,583.0
83.5613888888889,28.04916666666667,577.0
83.5613888888889,28.048888888888893,576.0
83.56111111111112,28.048611111111114,580.0
83.56083333333333,28.048333333333336,585.0
83.56055555555557,28.04805555555556,583.0
83.56055555555557,28.04777777777778,578.0
83.56055555555557,28.047500000000003,575.0
83.56055555555557,28.047222222222224,574.0
83.56055555555557,28.04694444444445,575.0
83.56027777777778,28.04666666666667,572.0
83.56027777777778,28.04638888888889,576.0
83.56027777777778,28.046111111111117,577.0
83.56027777777778,28.045833333333338,574.0
83.56027777777778,28.04555555555556,571.0
83.56027777777778,28.04527777777778,572.0
83.56027777777778,28.045000000000005,574.0
83.56027777777778,28.044722222222227,573.0
83.56027777777778,28.044444444444448,576.0
83.56,28.04416666666667,573.0
83.56,28.043888888888894,573.0
83.56,28.043611111111115,571.0
83.56,28.043333333333337,575.0
83.55972222222223,28.043055555555558,565.0
83.55972222222223,28.042777777777783,558.0
83.55972222222223,28.042500000000004,553.0
83.55972222222223,28.042222222222225,553.0
83.56,28.041944444444447,553.0
83.56027777777778,28.04166666666667,552.0
83.56055555555557,28.041388888888893,553.0
83.56083333333333,28.041111111111114,557.0
83.56111111111112,28.04083333333334,565.0
83.5613888888889,28.04055555555556,570.0
83.56166666666668,28.04027777777778,577.0
83.56194444444445,28.040000000000003,579.0
83.56222222222223,28.039722222222228,579.0
83.56250000000001,28.03944444444445,578.0
83.56277777777778,28.03916666666667,578.0
83.56277777777778,28.03888888888889,578.0
83.56277777777778,28.038611111111116,570.0
83.56277777777778,28.038333333333338,557.0
83.56277777777778,28.03805555555556,547.0
83.56277777777778,28.03777777777778,547.0
83.56277777777778,28.037500000000005,548.0
83.56277777777778,28.037222222222226,550.0
83.56305555555556,28.036944444444448,551.0
83.56333333333335,28.03666666666667,550.0
83.56361111111111,28.036388888888894,555.0
83.5638888888889,28.036111111111115,559.0
83.56416666666668,28.035833333333336,569.0
83.56444444444445,28.035555555555558,571.0
83.56472222222223,28.035555555555558,576.0
83.56500000000001,28.035277777777782,576.0
83.56527777777778,28.035000000000004,577.0
83.56555555555556,28.034722222222225,575.0
83.56583333333334,28.034722222222225,577.0
83.56611111111111,28.03444444444445,559.0
83.5663888888889,28.03444444444445,560.0
83.56666666666668,28.03444444444445,563.0
83.56694444444446,28.03444444444445,570.0
83.56722222222223,28.03416666666667,561.0
83.56750000000001,28.03416666666667,576.0
83.56777777777779,28.033888888888892,565.0
83.56805555555556,28.033611111111114,542.0
83.56833333333334,28.033611111111114,563.0
83.56861111111112,28.033611111111114,572.0
83.56888888888889,28.033611111111114,577.0
83.56916666666667,28.03333333333334,556.0
83.56944444444446,28.03333333333334,560.0
83.56972222222223,28.03333333333334,562.0
83.57000000000001,28.03333333333334,565.0
83.57027777777779,28.03333333333334,567.0
83.57055555555556,28.03333333333334,567.0
83.57083333333334,28.03333333333334,563.0
83.57111111111112,28.03333333333334,563.0
83.57138888888889,28.03333333333334,563.0
83.57166666666667,28.03333333333334,560.0
83.57194444444445,28.03333333333334,559.0
83.57222222222224,28.03333333333334,558.0
83.5725,28.03333333333334,556.0
83.57277777777779,28.03333333333334,558.0
83.57305555555557,28.03333333333334,555.0
83.57333333333334,28.03333333333334,555.0
83.57361111111112,28.03333333333334,557.0
83.5738888888889,28.03333333333334,557.0
83.57416666666667,28.03333333333334,554.0
83.57444444444445,28.03333333333334,551.0
83.57472222222223,28.03333333333334,549.0
83.575,28.03333333333334,548.0
83.57527777777779,28.03333333333334,546.0
83.57555555555557,28.03333333333334,543.0
83.57583333333334,28.03333333333334,540.0
83.57611111111112,28.03333333333334,539.0
83.5763888888889,28.03333333333334,539.0
83.57666666666667,28.03333333333334,544.0
83.57694444444445,28.03333333333334,556.0
83.57722222222223,28.03333333333334,560.0
83.57750000000001,28.03333333333334,560.0
83.57777777777778,28.03333333333334,559.0
83.57805555555557,28.03333333333334,560.0
83.57833333333335,28.03333333333334,559.0
83.57861111111112,28.03333333333334,552.0
83.5788888888889,28.03305555555556,543.0
83.57916666666668,28.03277777777778,538.0
83.57944444444445,28.032500000000002,537.0
83.57972222222223,28.032222222222227,537.0
83.58000000000001,28.03194444444445,537.0
83.58027777777778,28.03166666666667,540.0
83.58055555555556,28.03138888888889,544.0
83.58083333333335,28.031111111111116,549.0
83.58111111111111,28.030833333333337,551.0
83.5813888888889,28.03055555555556,556.0
83.58166666666668,28.03027777777778,559.0
83.58194444444445,28.030000000000005,563.0
83.58222222222223,28.029722222222226,565.0
83.58250000000001,28.029444444444447,567.0
83.58277777777779,28.02916666666667,571.0
83.58305555555556,28.028888888888893,572.0
83.58333333333334,28.028611111111115,570.0
83.58361111111113,28.028611111111115,578.0
83.5838888888889,28.028611111111115,573.0
83.58416666666668,28.028611111111115,558.0
83.58444444444446,28.028611111111115,565.0
83.58472222222223,28.028611111111115,574.0
83.58500000000001,28.028333333333336,579.0
83.58527777777779,28.02805555555556,575.0
83.58555555555556,28.02805555555556,574.0
83.58583333333334,28.02805555555556,572.0
83.58611111111112,28.02805555555556,573.0
83.58638888888889,28.02805555555556,577.0
83.58666666666667,28.027777777777782,577.0
83.58694444444446,28.027777777777782,576.0
83.58722222222222,28.027500000000003,569.0
83.5875,28.027222222222225,557.0
83.58777777777779,28.02694444444445,551.0
83.58805555555557,28.02666666666667,536.0
83.58833333333334,28.026388888888892,533.0
83.58861111111112,28.026111111111113,533.0
83.5888888888889,28.02583333333334,542.0
83.58916666666667,28.02555555555556,553.0
83.58944444444445,28.02527777777778,556.0
83.58972222222224,28.025000000000002,552.0
83.59,28.024722222222227,556.0
83.59027777777779,28.02444444444445,548.0
83.59055555555557,28.02416666666667,539.0
83.59083333333334,28.02388888888889,531.0
83.59111111111112,28.023611111111116,531.0
83.5913888888889,28.023333333333337,531.0
83.59166666666667,28.02305555555556,549.0
83.59194444444445,28.022777777777783,567.0
83.59222222222223,28.022500000000004,571.0
83.5925,28.022500000000004,577.0
83.59277777777778,28.022222222222226,567.0
83.59305555555557,28.022222222222226,568.0
83.59333333333335,28.022222222222226,558.0
83.59361111111112,28.022222222222226,540.0
83.5938888888889,28.022222222222226,536.0
83.59416666666668,28.021944444444447,529.0
83.59444444444445,28.021666666666672,531.0
83.59472222222223,28.021388888888893,535.0
83.59500000000001,28.021111111111114,535.0
83.59527777777778,28.020833333333336,537.0
83.59555555555556,28.02055555555556,539.0
83.59583333333335,28.020277777777782,552.0
83.59611111111111,28.020000000000003,557.0
83.5963888888889,28.019722222222224,561.0
83.59666666666668,28.01944444444445,557.0
83.59694444444445,28.01916666666667,550.0
83.59722222222223,28.018888888888892,537.0
83.59750000000001,28.018611111111113,532.0
83.59777777777778,28.018333333333338,527.0
83.59805555555556,28.01805555555556,526.0
83.59833333333334,28.01777777777778,526.0
83.59861111111113,28.017500000000005,526.0
83.5988888888889,28.017222222222227,526.0
83.59916666666668,28.016944444444448,561.0
83.59944444444446,28.01666666666667,565.0
83.59972222222223,28.016388888888894,567.0
83.60000000000001,28.016111111111115,567.0
83.60027777777779,28.015833333333337,565.0
83.60055555555556,28.015555555555558,564.0
83.60083333333334,28.015277777777783,563.0
83.60111111111112,28.015000000000004,547.0
83.60138888888889,28.014722222222225,539.0
83.60166666666667,28.014444444444447,532.0
83.60194444444446,28.01416666666667,526.0
83.60222222222222,28.013888888888893,526.0
83.6025,28.013611111111114,529.0
83.60277777777779,28.013333333333335,545.0
83.60305555555557,28.01305555555556,558.0
83.60333333333334,28.01277777777778,563.0
83.60361111111112,28.012500000000003,564.0
83.60361111111112,28.012222222222228,574.0
83.60361111111112,28.01194444444445,578.0
83.6038888888889,28.01166666666667,566.0
83.6038888888889,28.01138888888889,574.0
83.60416666666667,28.011111111111116,563.0
83.60416666666667,28.010833333333338,568.0
83.60416666666667,28.01055555555556,571.0
83.60416666666667,28.01027777777778,577.0
83.60444444444445,28.010000000000005,556.0
83.60444444444445,28.009722222222226,543.0
83.60444444444445,28.009444444444448,554.0
83.60444444444445,28.00916666666667,554.0
83.60444444444445,28.008888888888894,546.0
83.60444444444445,28.008611111111115,543.0
83.60444444444445,28.008333333333336,540.0
83.60444444444445,28.008055555555558,551.0
83.60444444444445,28.007777777777783,543.0
83.60444444444445,28.007500000000004,543.0
83.60444444444445,28.007222222222225,545.0
83.60444444444445,28.00694444444445,540.0
83.60444444444445,28.00666666666667,549.0
83.60444444444445,28.006388888888893,559.0
83.60444444444445,28.006111111111114,560.0
83.60444444444445,28.00583333333334,552.0
83.60444444444445,28.00555555555556,553.0
83.60444444444445,28.00527777777778,558.0
83.60444444444445,28.005000000000003,559.0
83.60444444444445,28.004722222222227,561.0
83.60444444444445,28.00444444444445,564.0
83.60444444444445,28.00416666666667,568.0
83.60444444444445,28.00388888888889,573.0
83.60416666666667,28.003611111111116,573.0
83.6038888888889,28.003333333333337,572.0
83.6038888888889,28.00305555555556,578.0
83.6038888888889,28.00277777777778,576.0
83.6038888888889,28.002500000000005,570.0
83.6038888888889,28.002222222222226,558.0
83.6038888888889,28.001944444444447,550.0
83.6038888888889,28.00166666666667,539.0
83.6038888888889,28.001388888888894,535.0
83.6038888888889,28.001111111111115,527.0
83.6038888888889,28.000833333333336,524.0
83.6038888888889,28.00055555555556,530.0
83.6038888888889,28.000277777777782,539.0
83.6038888888889,28.000000000000004,549.0
83.6038888888889,27.999722222222225,558.0
83.6038888888889,27.99944444444445,574.0
83.60361111111112,27.99916666666667,578.0
83.60333333333334,27.998888888888892,577.0
83.60333333333334,27.998611111111114,579.0
83.60333333333334,27.99833333333334,576.0
83.60333333333334,27.99805555555556,568.0
83.60333333333334,27.99777777777778,561.0
83.60333333333334,27.997500000000002,558.0
83.60305555555557,27.997222222222227,555.0
83.60277777777779,27.997222222222227,553.0
83.6025,27.99694444444445,553.0
83.6025,27.99666666666667,552.0
83.60222222222222,27.99638888888889,547.0
83.60194444444446,27.996111111111116,540.0
83.60166666666667,27.995833333333337,538.0
83.60138888888889,27.99555555555556,539.0
83.60111111111112,27.99527777777778,548.0
83.60083333333334,27.995000000000005,544.0
83.60055555555556,27.995000000000005,541.0
83.60027777777779,27.995000000000005,544.0
83.60000000000001,27.994722222222226,532.0
83.59972222222223,27.994722222222226,547.0
83.59944444444446,27.994444444444447,544.0
83.59916666666668,27.994166666666672,539.0
83.5988888888889,27.993888888888893,527.0
83.59861111111113,27.993611111111115,527.0
83.59833333333334,27.993333333333336,540.0
83.59805555555556,27.99305555555556,539.0
83.59777777777778,27.992777777777782,533.0
83.59750000000001,27.992777777777782,540.0
83.59722222222223,27.992500000000003,527.0
83.59694444444445,27.992222222222225,527.0
83.59666666666668,27.992222222222225,547.0
83.5963888888889,27.99194444444445,527.0
83.59611111111111,27.99166666666667,527.0
83.59583333333335,27.99166666666667,537.0
83.59555555555556,27.991388888888892,536.0
83.59527777777778,27.991111111111113,537.0
83.59500000000001,27.990833333333338,527.0
83.59472222222223,27.99055555555556,527.0
83.59444444444445,27.99055555555556,527.0
83.59416666666668,27.99027777777778,527.0
83.5938888888889,27.99027777777778,541.0
83.59361111111112,27.990000000000002,527.0
83.59333333333335,27.989722222222227,527.0
83.59305555555557,27.989444444444448,535.0
83.59277777777778,27.98916666666667,527.0
83.5925,27.98916666666667,527.0
83.59222222222223,27.98916666666667,542.0
83.59194444444445,27.988888888888894,527.0
83.59166666666667,27.988888888888894,527.0
83.5913888888889,27.988888888888894,535.0
83.59111111111112,27.988888888888894,535.0
83.59083333333334,27.988888888888894,534.0
83.59055555555557,27.988888888888894,534.0
83.59027777777779,27.988888888888894,535.0
83.59,27.988888888888894,527.0
83.58972222222224,27.988888888888894,527.0
83.58944444444445,27.988888888888894,527.0
83.58916666666667,27.988888888888894,534.0
83.5888888888889,27.988888888888894,543.0
83.58861111111112,27.988888888888894,543.0
83.58833333333334,27.988888888888894,545.0
83.58805555555557,27.988611111111116,527.0
83.58777777777779,27.988611111111116,527.0
83.5875,27.988611111111116,527.0
83.58722222222222,27.988611111111116,527.0
83.58694444444446,27.988611111111116,527.0
83.58666666666667,27.988611111111116,527.0
83.58638888888889,27.988611111111116,533.0
83.58611111111112,27.988333333333337,527.0
83.58583333333334,27.988055555555558,527.0
83.58555555555556,27.987777777777783,527.0
83.58527777777779,27.987500000000004,536.0
83.58500000000001,27.987222222222226,539.0
83.58500000000001,27.986944444444447,549.0
83.58472222222223,27.98666666666667,527.0
83.58472222222223,27.986388888888893,527.0
83.58472222222223,27.986111111111114,527.0
83.58472222222223,27.985833333333336,527.0
83.58472222222223,27.98555555555556,527.0
83.58472222222223,27.98527777777778,527.0
83.58472222222223,27.985000000000003,527.0
83.58472222222223,27.984722222222224,527.0
83.58472222222223,27.98444444444445,527.0
83.58472222222223,27.98416666666667,527.0
83.58472222222223,27.98388888888889,527.0
83.58472222222223,27.983611111111117,527.0
83.58472222222223,27.983333333333338,527.0
83.58472222222223,27.98305555555556,527.0
83.58472222222223,27.98277777777778,527.0
83.58472222222223,27.982500000000005,527.0
83.58472222222223,27.982222222222227,527.0
83.58472222222223,27.981944444444448,527.0
83.58472222222223,27.98166666666667,527.0
83.58472222222223,27.981388888888894,527.0
83.58472222222223,27.981111111111115,527.0
83.58472222222223,27.980833333333337,527.0
83.58472222222223,27.980555555555558,527.0
83.58444444444446,27.980277777777783,537.0
83.58416666666668,27.980000000000004,547.0
83.5838888888889,27.980000000000004,549.0
83.58361111111113,27.980000000000004,546.0
83.58333333333334,27.980000000000004,541.0
83.58305555555556,27.980000000000004,539.0
83.58277777777779,27.980000000000004,536.0
83.58250000000001,27.980000000000004,534.0
83.58222222222223,27.980000000000004,532.0
83.58194444444445,27.980000000000004,529.0
83.58166666666668,27.980000000000004,527.0
83.5813888888889,27.980000000000004,527.0
83.58111111111111,27.980000000000004,527.0
83.58083333333335,27.979722222222225,525.0
83.58055555555556,27.979444444444447,524.0
83.58027777777778,27.97916666666667,524.0
83.58000000000001,27.978888888888893,532.0
83.57972222222223,27.978611111111114,527.0
83.57944444444445,27.97833333333334,520.0
83.57916666666668,27.97805555555556,516.0
83.5788888888889,27.97777777777778,509.0
83.57861111111112,27.977500000000003,503.0
83.57833333333335,27.977222222222228,505.0
83.57805555555557,27.97694444444445,519.0
83.57777777777778,27.97666666666667,528.0
83.57750000000001,27.97638888888889,539.0
83.57722222222223,27.976111111111116,546.0
83.57694444444445,27.975833333333338,548.0
83.57666666666667,27.975833333333338,548.0
83.5763888888889,27.975833333333338,546.0
83.57611111111112,27.975833333333338,542.0
83.57583333333334,27.975833333333338,538.0
83.57555555555557,27.975833333333338,537.0
83.57527777777779,27.975833333333338,530.0
83.575,27.975833333333338,520.0
83.57472222222223,27.975833333333338,511.0
83.57444444444445,27.975833333333338,505.0
83.57416666666667,27.975833333333338,501.0
83.5738888888889,27.975833333333338,499.0
83.57361111111112,27.975833333333338,498.0
83.57333333333334,27.975833333333338,497.0
83.57305555555557,27.975833333333338,497.0
83.57277777777779,27.975833333333338,497.0
83.5725,27.975833333333338,497.0
83.57222222222224,27.975833333333338,497.0
83.57194444444445,27.975833333333338,496.0
83.57166666666667,27.975833333333338,496.0
83.57138888888889,27.975833333333338,496.0
83.57111111111112,27.975833333333338,496.0
83.57083333333334,27.975833333333338,496.0
83.57055555555556,27.975833333333338,496.0
83.57027777777779,27.975833333333338,496.0
83.57000000000001,27.975833333333338,496.0
83.56972222222223,27.975833333333338,496.0
83.56944444444446,27.975833333333338,496.0
83.56916666666667,27.975833333333338,496.0
83.56888888888889,27.975833333333338,496.0
83.56861111111112,27.975833333333338,496.0
83.56833333333334,27.975833333333338,496.0
83.56805555555556,27.975833333333338,496.0
83.56777777777779,27.975833333333338,495.0
83.56750000000001,27.975833333333338,495.0
83.56722222222223,27.975833333333338,495.0
83.56694444444446,27.975833333333338,495.0
83.56666666666668,27.975833333333338,495.0
83.5663888888889,27.975833333333338,500.0
83.56611111111111,27.975833333333338,503.0
83.56583333333334,27.975833333333338,506.0
83.56555555555556,27.975833333333338,506.0
83.56527777777778,27.975833333333338,510.0
83.56500000000001,27.975833333333338,518.0
83.56472222222223,27.975833333333338,524.0
83.56444444444445,27.975833333333338,533.0
83.56416666666668,27.975833333333338,540.0
83.5638888888889,27.975833333333338,542.0
83.56361111111111,27.975833333333338,541.0
83.56333333333335,27.975833333333338,540.0
83.56305555555556,27.975833333333338,548.0
83.56277777777778,27.97555555555556,543.0
83.56250000000001,27.97555555555556,547.0
83.56222222222223,27.97527777777778,539.0
83.56194444444445,27.97527777777778,547.0
83.56166666666668,27.975000000000005,530.0
83.5613888888889,27.975000000000005,540.0
83.56111111111112,27.975000000000005,548.0
83.56083333333333,27.974722222222226,532.0
83.56055555555557,27.974722222222226,537.0
83.56027777777778,27.974722222222226,542.0
83.56,27.974722222222226,546.0
83.55972222222223,27.974722222222226,547.0
83.55944444444445,27.974722222222226,546.0
83.55916666666667,27.974722222222226,544.0
83.5588888888889,27.974722222222226,543.0
83.55861111111112,27.974722222222226,544.0
83.55833333333334,27.974722222222226,540.0
83.55805555555557,27.974722222222226,534.0
83.55777777777779,27.974722222222226,527.0
83.5575,27.974722222222226,520.0
83.55722222222224,27.974722222222226,512.0
83.55694444444445,27.974722222222226,506.0
83.55666666666667,27.974722222222226,502.0
83.5563888888889,27.974722222222226,499.0
83.55611111111112,27.974722222222226,492.0
83.55583333333334,27.974722222222226,492.0
83.55555555555556,27.974722222222226,503.0
83.55527777777779,27.974722222222226,524.0
83.555,27.975000000000005,537.0
83.55472222222222,27.97527777777778,538.0
83.55444444444446,27.97555555555556,530.0
83.55416666666667,27.97555555555556,546.0
83.55388888888889,27.975833333333338,521.0
83.55361111111112,27.975833333333338,533.0
83.55333333333334,27.975833333333338,541.0
83.55305555555556,27.975833333333338,546.0
83.55277777777779,27.976111111111116,538.0
83.55250000000001,27.976111111111116,537.0
83.55222222222223,27.976111111111116,533.0
83.55194444444446,27.976111111111116,529.0
83.55166666666668,27.976111111111116,531.0
83.5513888888889,27.976111111111116,536.0
83.55111111111113,27.976111111111116,540.0
83.55083333333334,27.976111111111116,542.0
83.55055555555556,27.976111111111116,543.0
83.55027777777778,27.976111111111116,544.0
83.55000000000001,27.976111111111116,544.0
83.54972222222223,27.976111111111116,543.0
83.54944444444445,27.976111111111116,532.0
83.54916666666668,27.975833333333338,545.0
83.5488888888889,27.97555555555556,547.0
83.54861111111111,27.97527777777778,546.0
83.54833333333335,27.975000000000005,545.0
83.54805555555556,27.974722222222226,549.0
83.54777777777778,27.974444444444448,546.0
83.54777777777778,27.97416666666667,543.0
83.54777777777778,27.973888888888894,540.0
83.54777777777778,27.973611111111115,540.0
83.54777777777778,27.973333333333336,539.0
83.54750000000001,27.973055555555558,533.0
83.54722222222223,27.972777777777782,533.0
83.54694444444445,27.972500000000004,538.0
83.54666666666668,27.972222222222225,540.0
83.5463888888889,27.97194444444445,535.0
83.54611111111112,27.97166666666667,521.0
83.54583333333335,27.97166666666667,531.0
83.54555555555557,27.97166666666667,531.0
83.54527777777778,27.97166666666667,529.0
83.545,27.97166666666667,525.0
83.54472222222223,27.97166666666667,522.0
83.54444444444445,27.97166666666667,518.0
83.54416666666667,27.97166666666667,509.0
83.5438888888889,27.97166666666667,500.0
83.54361111111112,27.97166666666667,493.0
83.54333333333334,27.97166666666667,489.0
83.54305555555557,27.97166666666667,487.0
83.54277777777779,27.97166666666667,487.0
83.5425,27.97166666666667,486.0
83.54222222222224,27.97166666666667,485.0
83.54194444444445,27.97166666666667,485.0
83.54166666666667,27.97166666666667,485.0
83.5413888888889,27.97166666666667,486.0
83.54111111111112,27.97166666666667,490.0
83.54083333333334,27.97166666666667,491.0
83.54055555555557,27.97166666666667,494.0
83.54027777777779,27.97166666666667,499.0
83.54,27.97166666666667,504.0
83.53972222222222,27.97166666666667,515.0
83.53944444444446,27.97166666666667,527.0
83.53916666666667,27.97166666666667,528.0
83.53888888888889,27.97166666666667,529.0
83.53861111111112,27.97166666666667,532.0
83.53833333333334,27.97166666666667,535.0
83.53805555555556,27.97166666666667,535.0
83.53777777777779,27.97166666666667,535.0
83.53750000000001,27.97166666666667,537.0
83.53722222222223,27.97166666666667,539.0
83.53694444444446,27.97166666666667,541.0
83.53666666666668,27.97166666666667,542.0
83.5363888888889,27.97166666666667,545.0
83.53611111111113,27.971388888888892,545.0
83.53583333333334,27.971111111111114,545.0
83.53555555555556,27.97083333333334,544.0
83.53527777777778,27.97055555555556,543.0
83.53500000000001,27.97027777777778,541.0
83.53472222222223,27.970000000000002,537.0
83.53444444444445,27.969722222222227,535.0
83.53416666666668,27.96944444444445,534.0
83.5338888888889,27.96916666666667,537.0
83.53361111111111,27.96888888888889,535.0
83.53333333333335,27.968611111111116,524.0
83.53305555555556,27.968333333333337,509.0
83.53277777777778,27.96805555555556,517.0
83.53250000000001,27.96777777777778,531.0
83.53222222222223,27.967500000000005,536.0
83.53194444444445,27.967222222222226,534.0
83.53166666666668,27.966944444444447,538.0
83.5313888888889,27.966944444444447,541.0
83.53111111111112,27.966944444444447,541.0
83.53083333333335,27.966944444444447,538.0
83.53055555555557,27.966944444444447,537.0
83.53027777777778,27.966944444444447,532.0
83.53,27.966944444444447,531.0
83.52972222222223,27.966944444444447,531.0
83.52944444444445,27.966944444444447,528.0
83.52916666666667,27.966944444444447,524.0
83.5288888888889,27.966944444444447,514.0
83.52861111111112,27.966944444444447,496.0
83.52833333333334,27.966944444444447,482.0
83.52805555555557,27.966944444444447,482.0
83.52777777777779,27.966944444444447,482.0
83.5275,27.966944444444447,482.0
83.52722222222224,27.966944444444447,482.0
83.52694444444445,27.966944444444447,482.0
83.52666666666667,27.966944444444447,482.0
83.5263888888889,27.966944444444447,487.0
83.52611111111112,27.966944444444447,491.0
83.52583333333334,27.966944444444447,494.0
83.52555555555557,27.966944444444447,495.0
83.52527777777779,27.966944444444447,499.0
83.525,27.966944444444447,504.0
83.52472222222222,27.966944444444447,507.0
83.52444444444446,27.966944444444447,513.0
83.52416666666667,27.966944444444447,526.0
83.52388888888889,27.96666666666667,521.0
83.52361111111112,27.966388888888893,533.0
83.52333333333334,27.966111111111115,539.0
83.52305555555556,27.965833333333336,537.0
83.52277777777779,27.96555555555556,534.0
83.52250000000001,27.96555555555556,544.0
83.52222222222223,27.965277777777782,537.0
83.52194444444446,27.965277777777782,535.0
83.52166666666668,27.965277777777782,530.0
83.5213888888889,27.965277777777782,522.0
83.52111111111113,27.965277777777782,517.0
83.52083333333334,27.965277777777782,511.0
83.52055555555556,27.965277777777782,498.0
83.52027777777779,27.965277777777782,486.0
83.52000000000001,27.965277777777782,481.0
83.51972222222223,27.965277777777782,480.0
83.51944444444445,27.965277777777782,480.0
83.51916666666668,27.965277777777782,480.0
83.5188888888889,27.965277777777782,480.0
83.51861111111111,27.965277777777782,494.0
83.51833333333335,27.965277777777782,507.0
83.51805555555556,27.965277777777782,516.0
83.51777777777778,27.965277777777782,522.0
83.51750000000001,27.965277777777782,524.0
83.51722222222223,27.965277777777782,527.0
83.51694444444445,27.965277777777782,533.0
83.51666666666668,27.965277777777782,537.0
83.5163888888889,27.965277777777782,535.0
83.51611111111112,27.965277777777782,538.0
83.51583333333335,27.96555555555556,539.0
83.51555555555557,27.96555555555556,543.0
83.51527777777778,27.965833333333336,538.0
83.51500000000001,27.965833333333336,541.0
83.51472222222223,27.965833333333336,542.0
83.51444444444445,27.965833333333336,542.0
83.51416666666667,27.965833333333336,542.0
83.5138888888889,27.966111111111115,539.0
83.51361111111112,27.966111111111115,543.0
83.51333333333334,27.966111111111115,545.0
83.51305555555557,27.966388888888893,539.0
83.51277777777779,27.966388888888893,544.0
83.5125,27.966388888888893,542.0
83.51222222222223,27.966388888888893,541.0
83.51194444444445,27.966388888888893,542.0
83.51166666666667,27.966388888888893,543.0
83.5113888888889,27.96666666666667,526.0
83.51111111111112,27.96666666666667,533.0
83.51083333333334,27.966944444444447,534.0
83.51055555555557,27.966944444444447,543.0
83.51027777777779,27.967222222222226,527.0
83.51,27.967222222222226,535.0
83.50972222222224,27.967500000000005,517.0
83.50944444444445,27.96777777777778,512.0
83.50916666666667,27.96805555555556,515.0
83.50888888888889,27.968333333333337,526.0
83.50861111111112,27.968611111111116,534.0
83.50833333333334,27.96888888888889,536.0
83.50805555555556,27.96916666666667,538.0
83.50777777777779,27.96944444444445,535.0
83.50750000000001,27.969722222222227,533.0
83.50722222222223,27.970000000000002,542.0
83.50694444444446,27.97027777777778,543.0
83.50666666666667,27.97055555555556,538.0
83.50638888888889,27.97083333333334,537.0
83.50611111111112,27.971111111111114,536.0
83.50583333333334,27.971111111111114,540.0
83.50555555555556,27.971111111111114,545.0
83.50527777777779,27.971388888888892,540.0
83.50500000000001,27.97166666666667,531.0
83.50472222222223,27.97194444444445,520.0
83.50444444444446,27.972222222222225,514.0
83.50416666666668,27.972500000000004,512.0
83.5038888888889,27.972777777777782,507.0
83.50361111111111,27.973055555555558,503.0
83.50333333333334,27.973333333333336,509.0
83.50305555555556,27.973611111111115,516.0
83.50277777777778,27.973888888888894,523.0
83.50250000000001,27.97416666666667,525.0
83.50222222222223,27.974444444444448,522.0
83.50194444444445,27.974444444444448,544.0
83.50166666666668,27.974722222222226,530.0
83.5013888888889,27.974722222222226,533.0
83.50111111111111,27.974722222222226,535.0
83.50083333333335,27.974722222222226,536.0
83.50055555555556,27.974722222222226,534.0
83.50027777777778,27.974722222222226,538.0
83.50000000000001,27.974722222222226,543.0
83.49972222222223,27.974722222222226,543.0
83.49944444444445,27.974722222222226,541.0
83.49916666666668,27.974722222222226,539.0
83.4988888888889,27.974722222222226,538.0
83.49861111111112,27.974722222222226,536.0
83.49833333333333,27.974722222222226,533.0
83.49805555555557,27.974722222222226,532.0
83.49777777777778,27.974722222222226,532.0
83.4975,27.974722222222226,529.0
83.49722222222223,27.974722222222226,529.0
83.49694444444445,27.974722222222226,529.0
83.49666666666667,27.974722222222226,529.0
83.4963888888889,27.974722222222226,533.0
83.49611111111112,27.974722222222226,532.0
83.49583333333334,27.974722222222226,530.0
83.49555555555557,27.974722222222226,523.0
83.49527777777779,27.974722222222226,523.0
83.495,27.974722222222226,525.0
83.49472222222224,27.974722222222226,525.0
83.49444444444445,27.974722222222226,535.0
83.49416666666667,27.975000000000005,543.0
83.4938888888889,27.975000000000005,536.0
83.49361111111112,27.975000000000005,525.0
83.49333333333334,27.975000000000005,513.0
83.49305555555556,27.975000000000005,506.0
83.49277777777779,27.97527777777778,508.0
83.4925,27.97555555555556,525.0
83.49222222222222,27.975833333333338,524.0
83.49194444444446,27.976111111111116,525.0
83.49166666666667,27.97638888888889,531.0
83.49138888888889,27.97666666666667,534.0
83.49111111111112,27.97694444444445,536.0
83.49083333333334,27.977222222222228,523.0
83.49055555555556,27.977222222222228,535.0
83.49027777777779,27.977500000000003,536.0
83.49000000000001,27.97777777777778,534.0
83.48972222222223,27.97805555555556,531.0
83.48944444444446,27.97805555555556,538.0
83.48916666666668,27.97833333333334,539.0
83.4888888888889,27.978611111111114,537.0
83.48861111111113,27.978611111111114,541.0
83.48833333333334,27.978611111111114,544.0
83.48805555555556,27.978611111111114,545.0
83.48777777777778,27.978611111111114,544.0
83.48750000000001,27.978611111111114,544.0
83.48722222222223,27.978611111111114,544.0
83.48694444444445,27.978611111111114,543.0
83.48666666666668,27.978611111111114,545.0
83.4863888888889,27.978611111111114,544.0
83.48611111111111,27.978611111111114,540.0
83.48583333333335,27.978611111111114,536.0
83.48555555555556,27.978611111111114,535.0
83.48527777777778,27.978611111111114,534.0
83.48500000000001,27.978611111111114,531.0
83.48472222222223,27.978611111111114,527.0
83.48444444444445,27.978611111111114,521.0
83.48416666666668,27.978611111111114,519.0
83.4838888888889,27.978611111111114,520.0
83.48361111111112,27.978611111111114,518.0
83.48333333333335,27.978611111111114,509.0
83.48305555555557,27.978611111111114,501.0
83.48277777777778,27.978611111111114,497.0
83.4825,27.97833333333334,493.0
83.48222222222223,27.97805555555556,489.0
83.48194444444445,27.97777777777778,486.0
83.48166666666667,27.977500000000003,486.0
83.4813888888889,27.977222222222228,486.0
83.48111111111112,27.97694444444445,486.0
83.48083333333334,27.97666666666667,487.0
83.48055555555557,27.97638888888889,482.0
83.48027777777779,27.976111111111116,479.0
83.48,27.975833333333338,473.0
83.47972222222224,27.97555555555556,472.0
83.47944444444445,27.97527777777778,472.0
83.47916666666667,27.975000000000005,470.0
83.4788888888889,27.974722222222226,471.0
83.47861111111112,27.974444444444448,485.0
83.47833333333334,27.97416666666667,521.0
83.47805555555557,27.973888888888894,536.0
83.47777777777779,27.973611111111115,532.0
83.4775,27.973333333333336,528.0
83.47722222222222,27.973055555555558,513.0
83.47694444444446,27.972777777777782,510.0
83.47666666666667,27.972500000000004,511.0
83.47638888888889,27.972222222222225,498.0
83.47611111111112,27.97194444444445,519.0
83.47583333333334,27.97166666666667,528.0
83.47555555555556,27.971388888888892,533.0
83.47527777777779,27.971111111111114,533.0
83.47500000000001,27.97083333333334,534.0
83.47472222222223,27.97055555555556,533.0
83.47444444444446,27.97027777777778,525.0
83.47416666666668,27.970000000000002,509.0
83.4738888888889,27.969722222222227,498.0
83.47361111111113,27.96944444444445,493.0
83.47333333333334,27.96916666666667,482.0
83.47305555555556,27.96888888888889,478.0
83.47277777777778,27.968611111111116,487.0
