longitude,latitude,elevation
85.985,28.160000000000004,3687.0
85.985,28.159722222222225,3686.0
85.985,28.159444444444446,3683.0
85.985,28.159166666666668,3680.0
85.985,28.158888888888892,3680.0
85.985,28.158611111111114,3678.0
85.985,28.158333333333335,3677.0
85.985,28.158055555555556,3678.0
85.985,28.15777777777778,3680.0
85.985,28.157500000000002,3681.0
85.985,28.157222222222224,3686.0
85.985,28.156944444444445,3683.0
85.985,28.15666666666667,3676.0
85.985,28.15638888888889,3675.0
85.985,28.156111111111112,3677.0
85.985,28.155833333333334,3679.0
85.985,28.15555555555556,3688.0
85.985,28.15527777777778,3693.0
85.985,28.155,3685.0
85.985,28.154722222222226,3686.0
85.985,28.154444444444447,3672.0
85.985,28.15416666666667,3670.0
85.985,28.15388888888889,3676.0
85.985,28.153611111111115,3673.0
85.985,28.153333333333336,3668.0
85.985,28.153055555555557,3668.0
85.985,28.15277777777778,3669.0
85.985,28.152500000000003,3673.0
85.985,28.152222222222225,3674.0
85.985,28.151944444444446,3673.0
85.985,28.151666666666667,3671.0
85.985,28.151388888888892,3669.0
85.985,28.151111111111113,3670.0
85.985,28.150833333333335,3672.0
85.985,28.150555555555556,3666.0
85.985,28.15027777777778,3662.0
85.985,28.150000000000002,3665.0
85.985,28.149722222222223,3673.0
85.985,28.149444444444445,3674.0
85.985,28.14916666666667,3671.0
85.985,28.14888888888889,3666.0
85.985,28.148611111111112,3662.0
85.985,28.148333333333337,3652.0
85.98472222222223,28.14805555555556,3648.0
85.98444444444445,28.14777777777778,3648.0
85.98416666666667,28.1475,3657.0
85.9838888888889,28.147222222222226,3679.0
85.98361111111112,28.146944444444447,3702.0
85.98333333333333,28.14666666666667,3713.0
85.98305555555557,28.14638888888889,3710.0
85.98277777777778,28.146111111111114,3711.0
85.9825,28.145833333333336,3718.0
85.98222222222223,28.145555555555557,3717.0
85.98194444444445,28.14527777777778,3715.0
85.98166666666667,28.145000000000003,3731.0
85.9813888888889,28.144722222222224,3743.0
85.98111111111112,28.144444444444446,3741.0
85.98083333333334,28.144166666666667,3708.0
85.98055555555555,28.144166666666667,3692.0
85.98027777777779,28.144166666666667,3691.0
85.98,28.143888888888892,3658.0
85.97972222222222,28.143888888888892,3674.0
85.97944444444445,28.143611111111113,3672.0
85.97916666666667,28.143333333333334,3679.0
85.97888888888889,28.14305555555556,3678.0
85.97861111111112,28.14277777777778,3693.0
85.97833333333334,28.142500000000002,3681.0
85.97805555555556,28.142500000000002,3654.0
85.97777777777779,28.142500000000002,3643.0
85.9775,28.142500000000002,3649.0
85.97722222222222,28.142500000000002,3655.0
85.97694444444446,28.142500000000002,3662.0
85.97666666666667,28.142500000000002,3668.0
85.97638888888889,28.142500000000002,3666.0
85.97611111111112,28.142500000000002,3660.0
85.97583333333334,28.142500000000002,3654.0
85.97555555555556,28.142500000000002,3653.0
85.97527777777778,28.142500000000002,3653.0
85.97500000000001,28.142500000000002,3642.0
85.97472222222223,28.142500000000002,3628.0
85.97444444444444,28.142222222222223,3658.0
85.97416666666668,28.141944444444448,3676.0
85.9738888888889,28.14166666666667,3667.0
85.97361111111111,28.14138888888889,3658.0
85.97333333333334,28.141111111111112,3643.0
85.97333333333334,28.140833333333337,3627.0
85.97333333333334,28.140555555555558,3630.0
85.97305555555556,28.14027777777778,3626.0
85.97305555555556,28.14,3632.0
85.97305555555556,28.139722222222225,3627.0
85.97305555555556,28.139444444444447,3635.0
85.97333333333334,28.139166666666668,3625.0
85.97333333333334,28.13888888888889,3615.0
85.97361111111111,28.138611111111114,3605.0
85.9738888888889,28.138333333333335,3601.0
85.97416666666668,28.138055555555557,3608.0
85.97444444444444,28.13777777777778,3623.0
85.97472222222223,28.137500000000003,3624.0
85.97500000000001,28.137222222222224,3625.0
85.97527777777778,28.136944444444445,3622.0
85.97555555555556,28.13666666666667,3616.0
85.97583333333334,28.13638888888889,3612.0
85.97611111111112,28.136111111111113,3611.0
85.97638888888889,28.136111111111113,3610.0
85.97666666666667,28.135833333333334,3607.0
85.97694444444446,28.13555555555556,3604.0
85.97694444444446,28.13527777777778,3594.0
85.97722222222222,28.135,3585.0
85.9775,28.134722222222223,3576.0
85.97777777777779,28.134444444444448,3572.0
85.97805555555556,28.13416666666667,3568.0
85.97805555555556,28.13388888888889,3570.0
85.97833333333334,28.13361111111111,3571.0
85.97833333333334,28.133333333333336,3566.0
85.97861111111112,28.133055555555558,3564.0
85.97861111111112,28.13277777777778,3561.0
85.97888888888889,28.1325,3555.0
85.97916666666667,28.132222222222225,3554.0
85.97944444444445,28.132222222222225,3552.0
85.97972222222222,28.131944444444446,3551.0
85.98,28.131666666666668,3548.0
85.98027777777779,28.131388888888893,3546.0
85.98055555555555,28.131111111111114,3545.0
85.98083333333334,28.131111111111114,3549.0
85.98111111111112,28.130833333333335,3544.0
85.9813888888889,28.130833333333335,3546.0
85.98166666666667,28.130555555555556,3540.0
85.98194444444445,28.130555555555556,3541.0
85.98222222222223,28.130555555555556,3548.0
85.9825,28.13027777777778,3537.0
85.98277777777778,28.13027777777778,3538.0
85.98305555555557,28.13027777777778,3539.0
85.98333333333333,28.13027777777778,3540.0
85.98361111111112,28.13027777777778,3541.0
85.9838888888889,28.13027777777778,3543.0
85.98416666666667,28.13027777777778,3549.0
85.98444444444445,28.130000000000003,3535.0
85.98472222222223,28.130000000000003,3542.0
85.985,28.129722222222224,3527.0
85.98527777777778,28.129722222222224,3532.0
85.98555555555556,28.129722222222224,3537.0
85.98583333333333,28.129722222222224,3541.0
85.98611111111111,28.129722222222224,3542.0
85.9863888888889,28.129722222222224,3541.0
85.98666666666668,28.129722222222224,3539.0
85.98694444444445,28.129722222222224,3538.0
85.98722222222223,28.129722222222224,3535.0
85.98750000000001,28.129722222222224,3541.0
85.98777777777778,28.129444444444445,3518.0
85.98805555555556,28.129444444444445,3516.0
85.98833333333334,28.12916666666667,3513.0
85.98861111111111,28.12888888888889,3520.0
85.9888888888889,28.128611111111113,3536.0
85.98916666666668,28.128333333333334,3536.0
85.98916666666668,28.12805555555556,3534.0
85.98916666666668,28.12777777777778,3528.0
85.98916666666668,28.1275,3528.0
85.98916666666668,28.127222222222223,3534.0
85.98916666666668,28.126944444444447,3541.0
85.98916666666668,28.12666666666667,3541.0
85.98916666666668,28.12638888888889,3532.0
85.98916666666668,28.126111111111115,3529.0
85.98916666666668,28.125833333333336,3538.0
85.98944444444444,28.125555555555557,3534.0
85.98944444444444,28.12527777777778,3542.0
85.98944444444444,28.125000000000004,3549.0
85.98944444444444,28.124722222222225,3546.0
85.98944444444444,28.124444444444446,3541.0
85.98944444444444,28.124166666666667,3534.0
85.98944444444444,28.123888888888892,3525.0
85.98944444444444,28.123611111111114,3519.0
85.98944444444444,28.123333333333335,3513.0
85.98972222222223,28.123055555555556,3496.0
85.98972222222223,28.12277777777778,3477.0
85.98972222222223,28.122500000000002,3471.0
85.99000000000001,28.122222222222224,3472.0
85.99027777777778,28.122222222222224,3471.0
85.99055555555556,28.121944444444445,3473.0
85.99083333333334,28.12166666666667,3475.0
85.99111111111111,28.12138888888889,3468.0
85.99138888888889,28.12138888888889,3468.0
85.99166666666667,28.121111111111112,3462.0
85.99194444444446,28.120833333333337,3459.0
85.99222222222222,28.12055555555556,3464.0
85.9925,28.12027777777778,3471.0
85.99277777777779,28.12,3471.0
85.99305555555556,28.119722222222226,3460.0
85.99305555555556,28.119444444444447,3464.0
85.99333333333334,28.11916666666667,3454.0
85.99333333333334,28.11888888888889,3455.0
85.99361111111112,28.118611111111115,3445.0
85.99388888888889,28.118333333333336,3446.0
85.99416666666667,28.118055555555557,3445.0
85.99444444444445,28.11777777777778,3446.0
85.99472222222222,28.117500000000003,3442.0
85.995,28.117222222222225,3445.0
85.99527777777779,28.116944444444446,3451.0
85.99555555555555,28.116666666666667,3459.0
85.99583333333334,28.116388888888892,3467.0
85.99583333333334,28.116111111111113,3465.0
85.99583333333334,28.115833333333335,3471.0
85.99611111111112,28.115555555555556,3468.0
85.99611111111112,28.11527777777778,3471.0
85.99638888888889,28.115000000000002,3472.0
85.99638888888889,28.114722222222223,3472.0
85.99666666666667,28.114444444444448,3471.0
85.99694444444445,28.11416666666667,3468.0
85.99666666666667,28.11388888888889,3466.0
85.99666666666667,28.113611111111112,3457.0
85.99666666666667,28.113333333333337,3447.0
85.99666666666667,28.113055555555558,3445.0
85.99666666666667,28.11277777777778,3442.0
85.99694444444445,28.1125,3439.0
85.99694444444445,28.112222222222226,3431.0
85.99694444444445,28.111944444444447,3418.0
85.99694444444445,28.111666666666668,3412.0
85.99694444444445,28.11138888888889,3409.0
85.99694444444445,28.111111111111114,3409.0
85.99694444444445,28.110833333333336,3404.0
85.99694444444445,28.110555555555557,3403.0
85.99694444444445,28.110277777777778,3402.0
85.99694444444445,28.110000000000003,3396.0
85.99694444444445,28.109722222222224,3394.0
85.99694444444445,28.109444444444446,3400.0
85.99694444444445,28.10916666666667,3414.0
85.99694444444445,28.10888888888889,3421.0
85.99694444444445,28.108611111111113,3423.0
85.99694444444445,28.108333333333334,3428.0
85.99722222222223,28.10805555555556,3409.0
85.99722222222223,28.10777777777778,3414.0
85.99722222222223,28.1075,3419.0
85.99722222222223,28.107222222222223,3417.0
85.99722222222223,28.106944444444448,3407.0
85.99722222222223,28.10666666666667,3397.0
85.99722222222223,28.10638888888889,3392.0
85.99722222222223,28.10611111111111,3390.0
85.99722222222223,28.105833333333337,3395.0
85.99722222222223,28.105555555555558,3410.0
85.99694444444445,28.10527777777778,3431.0
85.99666666666667,28.105,3427.0
85.99666666666667,28.104722222222225,3423.0
85.99638888888889,28.104444444444447,3416.0
85.99611111111112,28.104166666666668,3420.0
85.99611111111112,28.103888888888893,3420.0
85.99583333333334,28.103611111111114,3427.0
85.99555555555555,28.103333333333335,3426.0
85.99527777777779,28.103055555555557,3397.0
85.99527777777779,28.10277777777778,3376.0
85.99527777777779,28.102500000000003,3360.0
85.99527777777779,28.102222222222224,3347.0
85.99527777777779,28.101944444444445,3338.0
85.99527777777779,28.10166666666667,3333.0
85.99527777777779,28.10138888888889,3333.0
85.99527777777779,28.101111111111113,3335.0
85.99527777777779,28.100833333333334,3338.0
85.99527777777779,28.10055555555556,3339.0
85.99527777777779,28.10027777777778,3341.0
85.99527777777779,28.1,3341.0
85.99527777777779,28.099722222222223,3335.0
85.99527777777779,28.099444444444448,3324.0
85.99527777777779,28.09916666666667,3321.0
85.99555555555555,28.09888888888889,3330.0
85.99583333333334,28.09861111111111,3338.0
85.99611111111112,28.098333333333336,3340.0
85.99638888888889,28.098055555555558,3339.0
85.99666666666667,28.09777777777778,3339.0
85.99638888888889,28.097500000000004,3338.0
85.99638888888889,28.097222222222225,3338.0
85.99611111111112,28.096944444444446,3337.0
85.99583333333334,28.096666666666668,3335.0
85.99583333333334,28.096388888888892,3336.0
85.99583333333334,28.096111111111114,3335.0
85.99583333333334,28.095833333333335,3334.0
85.99611111111112,28.095555555555556,3334.0
85.99611111111112,28.09527777777778,3332.0
85.99611111111112,28.095000000000002,3331.0
85.99611111111112,28.094722222222224,3330.0
85.99611111111112,28.094444444444445,3332.0
85.99611111111112,28.09416666666667,3331.0
85.99611111111112,28.09388888888889,3330.0
85.99638888888889,28.093611111111112,3330.0
85.99666666666667,28.093333333333334,3329.0
85.99694444444445,28.09305555555556,3332.0
85.99722222222223,28.09277777777778,3332.0
85.9975,28.0925,3328.0
85.99777777777778,28.092222222222226,3326.0
85.99805555555557,28.091944444444447,3325.0
85.99805555555557,28.09166666666667,3325.0
85.99805555555557,28.09138888888889,3323.0
85.99805555555557,28.091111111111115,3317.0
85.99805555555557,28.090833333333336,3316.0
85.99833333333333,28.090555555555557,3315.0
85.99833333333333,28.09027777777778,3315.0
85.99833333333333,28.090000000000003,3314.0
85.99861111111112,28.089722222222225,3314.0
85.9988888888889,28.089444444444446,3314.0
85.99916666666667,28.089166666666667,3311.0
85.99916666666667,28.088888888888892,3311.0
85.99916666666667,28.088611111111113,3307.0
85.99916666666667,28.088333333333335,3304.0
85.99916666666667,28.088055555555556,3294.0
85.9988888888889,28.08777777777778,3284.0
85.9988888888889,28.087500000000002,3283.0
85.99861111111112,28.087222222222223,3271.0
85.99861111111112,28.08694444444445,3269.0
85.99833333333333,28.08666666666667,3265.0
85.99805555555557,28.08638888888889,3253.0
85.99805555555557,28.086111111111112,3243.0
85.99777777777778,28.085833333333337,3238.0
85.99777777777778,28.08555555555556,3231.0
85.99777777777778,28.08527777777778,3225.0
85.99777777777778,28.085,3219.0
85.99777777777778,28.084722222222226,3213.0
85.99777777777778,28.084444444444447,3210.0
85.99805555555557,28.08416666666667,3205.0
85.99805555555557,28.08388888888889,3201.0
85.99833333333333,28.083611111111114,3196.0
85.99833333333333,28.083333333333336,3197.0
85.99861111111112,28.083055555555557,3194.0
85.99861111111112,28.08277777777778,3193.0
85.99861111111112,28.082500000000003,3193.0
85.99861111111112,28.082222222222224,3193.0
85.99861111111112,28.081944444444446,3192.0
85.99861111111112,28.081666666666667,3189.0
85.99861111111112,28.081388888888892,3176.0
85.99861111111112,28.081111111111113,3169.0
85.99861111111112,28.080833333333334,3169.0
85.99861111111112,28.08055555555556,3163.0
85.99861111111112,28.08027777777778,3158.0
85.99861111111112,28.080000000000002,3153.0
85.99861111111112,28.079722222222223,3147.0
85.99861111111112,28.079444444444448,3149.0
85.99861111111112,28.07916666666667,3152.0
85.99861111111112,28.07888888888889,3153.0
85.99861111111112,28.078611111111112,3150.0
85.99861111111112,28.078333333333337,3146.0
85.99861111111112,28.078055555555558,3143.0
85.99861111111112,28.07777777777778,3139.0
85.99861111111112,28.0775,3134.0
85.99861111111112,28.077222222222225,3127.0
85.99861111111112,28.076944444444447,3127.0
85.99861111111112,28.076666666666668,3125.0
85.99861111111112,28.07638888888889,3124.0
85.99861111111112,28.076111111111114,3126.0
85.99861111111112,28.075833333333335,3125.0
85.99861111111112,28.075555555555557,3124.0
85.99861111111112,28.07527777777778,3131.0
85.99861111111112,28.075000000000003,3140.0
85.9988888888889,28.074722222222224,3145.0
85.99916666666667,28.074444444444445,3146.0
85.99916666666667,28.07416666666667,3141.0
85.99916666666667,28.07388888888889,3135.0
85.9988888888889,28.073611111111113,3127.0
85.9988888888889,28.073333333333334,3115.0
85.9988888888889,28.07305555555556,3097.0
85.9988888888889,28.07277777777778,3085.0
85.9988888888889,28.0725,3078.0
85.9988888888889,28.072222222222223,3073.0
85.9988888888889,28.071944444444448,3069.0
85.9988888888889,28.07166666666667,3073.0
85.9988888888889,28.07138888888889,3077.0
85.9988888888889,28.07111111111111,3085.0
85.9988888888889,28.070833333333336,3089.0
85.9988888888889,28.070555555555558,3092.0
85.99861111111112,28.07027777777778,3096.0
85.99833333333333,28.07,3103.0
85.99805555555557,28.069722222222225,3115.0
85.99777777777778,28.069444444444446,3116.0
85.99777777777778,28.069166666666668,3113.0
85.99777777777778,28.068888888888893,3108.0
85.9975,28.068611111111114,3100.0
85.9975,28.068333333333335,3093.0
85.9975,28.068055555555556,3074.0
85.9975,28.06777777777778,3066.0
85.9975,28.067500000000003,3065.0
85.9975,28.067222222222224,3070.0
85.9975,28.066944444444445,3082.0
85.99722222222223,28.06666666666667,3077.0
85.99722222222223,28.06638888888889,3078.0
85.99722222222223,28.066111111111113,3072.0
85.99694444444445,28.065833333333334,3063.0
85.99666666666667,28.06555555555556,3052.0
85.99638888888889,28.06527777777778,3048.0
85.99611111111112,28.065,3054.0
85.99583333333334,28.064722222222223,3059.0
85.99555555555555,28.064444444444447,3056.0
85.99555555555555,28.06416666666667,3076.0
85.99527777777779,28.06388888888889,3060.0
85.99527777777779,28.063611111111115,3079.0
85.995,28.063333333333336,3070.0
85.99472222222222,28.063055555555557,3072.0
85.99444444444445,28.06277777777778,3066.0
85.99444444444445,28.062500000000004,3076.0
85.99416666666667,28.062222222222225,3067.0
85.99416666666667,28.061944444444446,3075.0
85.99388888888889,28.061666666666667,3078.0
85.99361111111112,28.061388888888892,3077.0
85.99333333333334,28.061111111111114,3075.0
85.99305555555556,28.060833333333335,3073.0
85.99277777777779,28.060555555555556,3078.0
85.99277777777779,28.06027777777778,3081.0
85.99277777777779,28.060000000000002,3082.0
85.9925,28.059722222222224,3076.0
85.99222222222222,28.059444444444445,3065.0
85.99194444444446,28.05916666666667,3027.0
85.99166666666667,28.05888888888889,2987.0
85.99138888888889,28.058611111111112,2951.0
85.99138888888889,28.058333333333337,2943.0
85.99111111111111,28.05805555555556,2944.0
85.99083333333334,28.05777777777778,2938.0
85.99055555555556,28.05777777777778,2927.0
85.99027777777778,28.0575,2918.0
85.99000000000001,28.057222222222226,2913.0
85.99000000000001,28.056944444444447,2906.0
85.99000000000001,28.05666666666667,2904.0
85.98972222222223,28.05638888888889,2902.0
85.98944444444444,28.056111111111115,2899.0
85.98944444444444,28.055833333333336,2906.0
85.98916666666668,28.055555555555557,2899.0
85.9888888888889,28.05527777777778,2898.0
85.9888888888889,28.055000000000003,2904.0
85.9888888888889,28.054722222222225,2907.0
85.9888888888889,28.054444444444446,2910.0
85.98861111111111,28.054166666666667,2911.0
85.98861111111111,28.053888888888892,2910.0
85.98833333333334,28.053611111111113,2908.0
85.98833333333334,28.053333333333335,2908.0
85.98805555555556,28.053055555555556,2902.0
85.98777777777778,28.05277777777778,2892.0
85.98777777777778,28.052500000000002,2887.0
85.98777777777778,28.052222222222223,2878.0
85.98777777777778,28.051944444444448,2873.0
85.98777777777778,28.05166666666667,2877.0
85.98777777777778,28.05138888888889,2878.0
85.98777777777778,28.051111111111112,2875.0
85.98777777777778,28.050833333333337,2875.0
85.98777777777778,28.050555555555558,2875.0
85.98777777777778,28.05027777777778,2875.0
85.98777777777778,28.05,2874.0
85.98777777777778,28.049722222222226,2872.0
85.98777777777778,28.049444444444447,2873.0
85.98750000000001,28.049166666666668,2870.0
85.98722222222223,28.04888888888889,2866.0
85.98694444444445,28.048611111111114,2868.0
85.98666666666668,28.048333333333336,2875.0
85.9863888888889,28.048055555555557,2884.0
85.98611111111111,28.047777777777778,2880.0
85.98583333333333,28.047500000000003,2876.0
85.98555555555556,28.047222222222224,2871.0
85.98555555555556,28.046944444444446,2849.0
85.98555555555556,28.04666666666667,2829.0
85.98555555555556,28.04638888888889,2823.0
85.98527777777778,28.046111111111113,2817.0
85.98527777777778,28.045833333333334,2813.0
85.98527777777778,28.04555555555556,2809.0
85.98527777777778,28.04527777777778,2806.0
85.98527777777778,28.045,2807.0
85.98527777777778,28.044722222222223,2813.0
85.985,28.044444444444448,2810.0
85.98472222222223,28.04416666666667,2808.0
85.98444444444445,28.04388888888889,2814.0
85.98444444444445,28.04361111111111,2814.0
85.98416666666667,28.043333333333337,2797.0
85.98416666666667,28.043055555555558,2783.0
85.98416666666667,28.04277777777778,2774.0
85.98416666666667,28.0425,2767.0
85.98416666666667,28.042222222222225,2758.0
85.98416666666667,28.041944444444447,2748.0
85.98416666666667,28.041666666666668,2745.0
85.9838888888889,28.041666666666668,2741.0
85.9838888888889,28.04138888888889,2740.0
85.98361111111112,28.041111111111114,2744.0
85.98361111111112,28.040833333333335,2738.0
85.98361111111112,28.040555555555557,2721.0
85.98361111111112,28.04027777777778,2700.0
85.98361111111112,28.040000000000003,2687.0
85.98361111111112,28.039722222222224,2672.0
85.98361111111112,28.039444444444445,2671.0
85.98361111111112,28.03916666666667,2678.0
85.98361111111112,28.03888888888889,2687.0
85.98361111111112,28.038611111111113,2686.0
85.9838888888889,28.038333333333334,2670.0
85.98416666666667,28.03805555555556,2663.0
85.98444444444445,28.03777777777778,2669.0
85.98472222222223,28.0375,2673.0
85.985,28.037222222222223,2684.0
85.98527777777778,28.036944444444448,2694.0
85.98527777777778,28.03666666666667,2692.0
85.98527777777778,28.03638888888889,2690.0
85.98527777777778,28.03611111111111,2694.0
85.98555555555556,28.035833333333336,2690.0
85.98555555555556,28.035555555555558,2686.0
85.98555555555556,28.03527777777778,2686.0
85.98555555555556,28.035000000000004,2682.0
85.98555555555556,28.034722222222225,2679.0
85.98583333333333,28.034444444444446,2683.0
85.98611111111111,28.034166666666668,2679.0
85.98611111111111,28.033888888888892,2657.0
85.98611111111111,28.033611111111114,2642.0
85.98611111111111,28.033333333333335,2636.0
85.98611111111111,28.033055555555556,2641.0
85.98611111111111,28.03277777777778,2650.0
85.98611111111111,28.032500000000002,2651.0
85.98611111111111,28.032222222222224,2661.0
85.98583333333333,28.031944444444445,2673.0
85.98555555555556,28.03166666666667,2675.0
85.98527777777778,28.03138888888889,2670.0
85.98527777777778,28.031111111111112,2659.0
85.98527777777778,28.030833333333334,2645.0
85.98527777777778,28.03055555555556,2633.0
85.98527777777778,28.03027777777778,2636.0
85.98527777777778,28.03,2648.0
85.985,28.029722222222226,2652.0
85.98472222222223,28.029444444444447,2652.0
85.98444444444445,28.02916666666667,2653.0
85.98416666666667,28.02888888888889,2653.0
85.9838888888889,28.028611111111115,2652.0
85.9838888888889,28.028333333333336,2657.0
85.98361111111112,28.028055555555557,2651.0
85.98333333333333,28.02777777777778,2656.0
85.98305555555557,28.027500000000003,2655.0
85.98277777777778,28.027222222222225,2658.0
85.9825,28.026944444444446,2656.0
85.9825,28.026666666666667,2649.0
85.9825,28.026388888888892,2644.0
85.9825,28.026111111111113,2637.0
85.9825,28.025833333333335,2632.0
85.9825,28.025555555555556,2625.0
85.98277777777778,28.02527777777778,2616.0
85.98277777777778,28.025000000000002,2609.0
85.98277777777778,28.024722222222223,2595.0
85.98277777777778,28.02444444444445,2573.0
85.98277777777778,28.02416666666667,2555.0
85.98277777777778,28.02388888888889,2547.0
85.98277777777778,28.023611111111112,2541.0
85.98277777777778,28.023333333333337,2532.0
85.98277777777778,28.02305555555556,2523.0
85.98277777777778,28.02277777777778,2525.0
85.98277777777778,28.0225,2534.0
85.98277777777778,28.022222222222226,2550.0
85.98277777777778,28.021944444444447,2567.0
85.98277777777778,28.02166666666667,2586.0
85.9825,28.02138888888889,2588.0
85.98222222222223,28.021111111111114,2580.0
85.98194444444445,28.020833333333336,2563.0
85.98166666666667,28.020555555555557,2564.0
85.9813888888889,28.02027777777778,2575.0
85.98111111111112,28.020000000000003,2579.0
85.98083333333334,28.019722222222224,2577.0
85.98055555555555,28.019444444444446,2573.0
85.98027777777779,28.019166666666667,2569.0
85.98,28.018888888888892,2556.0
85.97972222222222,28.018611111111113,2534.0
85.97944444444445,28.018333333333334,2526.0
85.97916666666667,28.01805555555556,2522.0
85.97888888888889,28.01777777777778,2532.0
85.97861111111112,28.017500000000002,2550.0
85.97833333333334,28.017222222222223,2578.0
85.97805555555556,28.016944444444448,2601.0
85.97777777777779,28.01666666666667,2608.0
85.9775,28.01638888888889,2585.0
85.9775,28.016111111111112,2544.0
85.97722222222222,28.015833333333337,2485.0
85.97694444444446,28.015555555555558,2428.0
85.97666666666667,28.01527777777778,2390.0
85.97666666666667,28.015,2389.0
85.97638888888889,28.014722222222225,2384.0
85.97638888888889,28.014444444444447,2376.0
85.97638888888889,28.014166666666668,2364.0
85.97638888888889,28.01388888888889,2362.0
85.97638888888889,28.013611111111114,2369.0
85.97638888888889,28.013333333333335,2369.0
85.97638888888889,28.013055555555557,2374.0
85.97638888888889,28.01277777777778,2388.0
85.97611111111112,28.012500000000003,2376.0
85.97611111111112,28.012222222222224,2388.0
85.97583333333334,28.011944444444445,2378.0
85.97555555555556,28.01166666666667,2372.0
85.97527777777778,28.01138888888889,2364.0
85.97500000000001,28.011111111111113,2362.0
85.97472222222223,28.010833333333334,2372.0
85.97444444444444,28.01055555555556,2387.0
85.97416666666668,28.01027777777778,2391.0
85.9738888888889,28.01,2391.0
85.97361111111111,28.009722222222223,2383.0
85.97361111111111,28.009444444444448,2374.0
85.97333333333334,28.00916666666667,2369.0
85.97333333333334,28.00888888888889,2362.0
85.97333333333334,28.00861111111111,2353.0
85.97333333333334,28.008333333333336,2338.0
85.97333333333334,28.008055555555558,2319.0
85.97333333333334,28.00777777777778,2307.0
85.97333333333334,28.0075,2289.0
85.97333333333334,28.007222222222225,2276.0
85.97333333333334,28.006944444444446,2267.0
85.97333333333334,28.006666666666668,2260.0
85.97333333333334,28.006388888888893,2258.0
85.97333333333334,28.006111111111114,2263.0
85.97361111111111,28.005833333333335,2267.0
85.97361111111111,28.005555555555556,2265.0
85.97361111111111,28.00527777777778,2260.0
85.97361111111111,28.005000000000003,2251.0
85.97361111111111,28.004722222222224,2245.0
85.97333333333334,28.004444444444445,2246.0
85.97305555555556,28.00416666666667,2246.0
85.97305555555556,28.00388888888889,2240.0
85.97305555555556,28.003611111111113,2232.0
85.97333333333334,28.003333333333334,2222.0
85.97333333333334,28.00305555555556,2217.0
85.97333333333334,28.00277777777778,2208.0
85.97333333333334,28.0025,2202.0
85.97333333333334,28.002222222222223,2197.0
85.97333333333334,28.001944444444447,2193.0
85.97333333333334,28.00166666666667,2189.0
85.97361111111111,28.00166666666667,2189.0
85.9738888888889,28.00138888888889,2186.0
85.9738888888889,28.001111111111115,2180.0
85.9738888888889,28.000833333333336,2163.0
85.9738888888889,28.000555555555557,2150.0
85.9738888888889,28.00027777777778,2149.0
85.97416666666668,28.000000000000004,2153.0
85.97416666666668,27.999722222222225,2153.0
85.97444444444444,27.999444444444446,2128.0
85.97472222222223,27.999166666666667,2120.0
85.97500000000001,27.998888888888892,2125.0
85.97527777777778,27.998611111111114,2132.0
85.97555555555556,27.998333333333335,2133.0
85.97583333333334,27.998055555555556,2139.0
85.97611111111112,27.99777777777778,2138.0
85.97638888888889,27.997500000000002,2140.0
85.97666666666667,27.997222222222224,2155.0
85.97694444444446,27.996944444444445,2138.0
85.97694444444446,27.99666666666667,2122.0
85.97694444444446,27.99638888888889,2123.0
85.97694444444446,27.996111111111112,2132.0
85.97694444444446,27.995833333333337,2132.0
85.97694444444446,27.99555555555556,2121.0
85.97694444444446,27.99527777777778,2112.0
85.97694444444446,27.995,2106.0
85.97694444444446,27.994722222222226,2102.0
85.97722222222222,27.994444444444447,2099.0
85.97722222222222,27.99416666666667,2102.0
85.97722222222222,27.99388888888889,2097.0
85.9775,27.993611111111115,2079.0
85.9775,27.993333333333336,2055.0
85.9775,27.993055555555557,2037.0
85.9775,27.99277777777778,2036.0
85.9775,27.992500000000003,2041.0
85.9775,27.992222222222225,2050.0
85.97777777777779,27.991944444444446,2042.0
85.97777777777779,27.991666666666667,2046.0
85.97777777777779,27.991388888888892,2051.0
85.97777777777779,27.991111111111113,2056.0
85.97805555555556,27.990833333333335,2056.0
85.97833333333334,27.990555555555556,2058.0
85.97833333333334,27.99027777777778,2055.0
85.97833333333334,27.990000000000002,2051.0
85.97833333333334,27.989722222222223,2048.0
85.97833333333334,27.989444444444448,2044.0
85.97833333333334,27.98916666666667,2038.0
85.97833333333334,27.98888888888889,2033.0
85.97833333333334,27.988611111111112,2025.0
85.97833333333334,27.988333333333337,2014.0
85.97833333333334,27.988055555555558,2003.0
85.97833333333334,27.98777777777778,1991.0
85.97805555555556,27.9875,1991.0
85.97777777777779,27.9875,1986.0
85.9775,27.987222222222226,1987.0
85.97722222222222,27.986944444444447,1985.0
85.97694444444446,27.986666666666668,1984.0
85.97666666666667,27.98638888888889,1979.0
85.97638888888889,27.986111111111114,1973.0
85.97611111111112,27.985833333333336,1962.0
85.97611111111112,27.985555555555557,1957.0
85.97583333333334,27.985277777777778,1950.0
85.97555555555556,27.985000000000003,1943.0
85.97527777777778,27.985000000000003,1939.0
85.97527777777778,27.984722222222224,1937.0
85.97500000000001,27.984444444444446,1935.0
85.97472222222223,27.98416666666667,1924.0
85.97444444444444,27.98388888888889,1928.0
85.97416666666668,27.983611111111113,1941.0
85.9738888888889,27.983333333333334,1942.0
85.97361111111111,27.98305555555556,1926.0
85.97333333333334,27.98277777777778,1908.0
85.97305555555556,27.98277777777778,1893.0
85.97277777777778,27.98277777777778,1885.0
85.97250000000001,27.9825,1882.0
85.97222222222223,27.982222222222223,1887.0
85.97194444444445,27.981944444444448,1899.0
85.97166666666668,27.98166666666667,1904.0
85.9713888888889,27.98138888888889,1904.0
85.97111111111111,27.98111111111111,1901.0
85.97111111111111,27.980833333333337,1889.0
85.97083333333335,27.980555555555558,1887.0
85.97055555555556,27.98027777777778,1881.0
85.97027777777778,27.98,1873.0
85.97,27.979722222222225,1854.0
85.96972222222223,27.979444444444447,1829.0
85.96944444444445,27.979166666666668,1826.0
85.96916666666667,27.97888888888889,1819.0
85.96916666666667,27.978611111111114,1822.0
85.9688888888889,27.978333333333335,1823.0
85.96861111111112,27.978055555555557,1823.0
85.96833333333333,27.97777777777778,1820.0
85.96805555555557,27.977500000000003,1804.0
85.96777777777778,27.977500000000003,1801.0
85.9675,27.977222222222224,1794.0
85.96722222222223,27.976944444444445,1772.0
85.96694444444445,27.976944444444445,1766.0
85.96666666666667,27.976944444444445,1772.0
85.9663888888889,27.97666666666667,1778.0
85.96611111111112,27.97638888888889,1775.0
85.96611111111112,27.976111111111113,1770.0
85.96583333333334,27.975833333333334,1763.0
85.96555555555557,27.97555555555556,1755.0
85.96527777777779,27.97527777777778,1750.0
85.96527777777779,27.975,1742.0
85.965,27.974722222222223,1740.0
85.965,27.974444444444448,1734.0
85.96472222222222,27.97416666666667,1727.0
85.96444444444445,27.97388888888889,1723.0
85.96416666666667,27.97361111111111,1725.0
85.96388888888889,27.973333333333336,1727.0
85.96361111111112,27.973055555555558,1718.0
85.96361111111112,27.97277777777778,1710.0
85.96361111111112,27.972500000000004,1703.0
85.96333333333334,27.972222222222225,1699.0
85.96305555555556,27.971944444444446,1695.0
85.96277777777779,27.971666666666668,1710.0
85.9625,27.971388888888892,1718.0
85.96222222222222,27.971111111111114,1706.0
85.96194444444446,27.970833333333335,1690.0
85.96166666666667,27.970833333333335,1685.0
85.96138888888889,27.970555555555556,1672.0
85.96111111111112,27.97027777777778,1686.0
85.96083333333334,27.970000000000002,1693.0
85.96083333333334,27.969722222222224,1693.0
85.96083333333334,27.969444444444445,1694.0
85.96083333333334,27.96916666666667,1693.0
85.96055555555556,27.96888888888889,1685.0
85.96027777777778,27.968611111111112,1686.0
85.96000000000001,27.968333333333334,1687.0
85.95972222222223,27.96805555555556,1691.0
85.95944444444444,27.96777777777778,1694.0
85.95916666666668,27.9675,1695.0
85.95916666666668,27.967222222222226,1691.0
85.95916666666668,27.966944444444447,1678.0
85.95916666666668,27.96666666666667,1672.0
85.95916666666668,27.96638888888889,1673.0
85.9588888888889,27.966111111111115,1671.0
85.95861111111111,27.965833333333336,1666.0
85.95861111111111,27.965555555555557,1660.0
85.95861111111111,27.96527777777778,1659.0
85.95861111111111,27.965000000000003,1653.0
85.95861111111111,27.964722222222225,1645.0
85.95861111111111,27.964444444444446,1642.0
85.95833333333334,27.964166666666667,1643.0
85.95833333333334,27.963888888888892,1642.0
85.95805555555556,27.963611111111113,1642.0
85.95805555555556,27.963333333333335,1639.0
85.95805555555556,27.963055555555556,1637.0
85.95805555555556,27.96277777777778,1635.0
85.95777777777778,27.962500000000002,1632.0
85.95750000000001,27.962222222222223,1631.0
85.95722222222223,27.96194444444445,1628.0
85.95722222222223,27.96166666666667,1625.0
85.95722222222223,27.96138888888889,1624.0
85.95722222222223,27.961111111111112,1620.0
85.95722222222223,27.960833333333337,1618.0
85.95722222222223,27.96055555555556,1615.0
85.95750000000001,27.96027777777778,1606.0
85.95750000000001,27.96,1596.0
85.95750000000001,27.959722222222226,1591.0
85.95750000000001,27.959444444444447,1587.0
85.95750000000001,27.95916666666667,1588.0
85.95750000000001,27.95888888888889,1585.0
85.95750000000001,27.958611111111114,1581.0
85.95750000000001,27.958333333333336,1582.0
85.95750000000001,27.958055555555557,1581.0
85.95750000000001,27.95777777777778,1582.0
85.95750000000001,27.957500000000003,1580.0
85.95750000000001,27.957222222222224,1577.0
85.95722222222223,27.956944444444446,1570.0
85.95694444444445,27.956666666666667,1570.0
85.95666666666668,27.956388888888892,1561.0
85.95666666666668,27.956111111111113,1555.0
85.9563888888889,27.956111111111113,1549.0
85.95611111111111,27.955833333333334,1544.0
85.95583333333335,27.95555555555556,1542.0
85.95555555555556,27.95527777777778,1543.0
85.95527777777778,27.955000000000002,1545.0
85.955,27.954722222222223,1551.0
85.95472222222223,27.954444444444448,1551.0
85.95472222222223,27.95416666666667,1557.0
85.95472222222223,27.95388888888889,1554.0
85.95472222222223,27.953611111111112,1551.0
85.95444444444445,27.953333333333337,1547.0
85.95444444444445,27.953055555555558,1543.0
85.95444444444445,27.95277777777778,1542.0
85.95416666666667,27.9525,1543.0
85.95416666666667,27.952222222222225,1543.0
85.9538888888889,27.951944444444447,1543.0
85.9538888888889,27.951666666666668,1541.0
85.95361111111112,27.95138888888889,1539.0
85.95361111111112,27.951111111111114,1539.0
85.95333333333333,27.950833333333335,1537.0
85.95305555555557,27.950555555555557,1527.0
85.95305555555557,27.95027777777778,1519.0
85.95305555555557,27.950000000000003,1511.0
85.95305555555557,27.949722222222224,1505.0
85.95305555555557,27.949444444444445,1503.0
85.95305555555557,27.94916666666667,1500.0
85.95305555555557,27.94888888888889,1502.0
85.95305555555557,27.948611111111113,1509.0
85.95305555555557,27.948333333333334,1516.0
85.95277777777778,27.94805555555556,1518.0
85.9525,27.94777777777778,1516.0
85.95222222222223,27.9475,1509.0
85.95194444444445,27.947222222222223,1496.0
85.95194444444445,27.946944444444448,1489.0
85.95166666666667,27.94666666666667,1488.0
85.9513888888889,27.94638888888889,1480.0
85.9513888888889,27.94611111111111,1470.0
85.9513888888889,27.945833333333336,1476.0
85.95111111111112,27.945555555555558,1474.0
85.95083333333334,27.94527777777778,1474.0
85.95055555555557,27.945,1470.0
85.95027777777779,27.944722222222225,1461.0
85.95,27.944444444444446,1462.0
85.94972222222222,27.944166666666668,1458.0
85.94944444444445,27.943888888888893,1457.0
85.94916666666667,27.943611111111114,1459.0
85.94888888888889,27.943333333333335,1456.0
85.94861111111112,27.943055555555556,1450.0
85.94833333333334,27.94277777777778,1449.0
85.94805555555556,27.942500000000003,1444.0
85.94777777777779,27.942222222222224,1448.0
85.9475,27.941944444444445,1446.0
85.94722222222222,27.94166666666667,1446.0
85.94694444444445,27.94138888888889,1447.0
85.94666666666667,27.941111111111113,1446.0
85.94638888888889,27.940833333333334,1445.0
85.94611111111112,27.94055555555556,1456.0
85.94583333333334,27.94027777777778,1453.0
85.94555555555556,27.94,1456.0
85.94527777777779,27.939722222222223,1453.0
85.94500000000001,27.939444444444447,1449.0
85.94472222222223,27.93916666666667,1448.0
85.94444444444444,27.93888888888889,1440.0
85.94416666666667,27.938611111111115,1438.0
85.94388888888889,27.938333333333336,1436.0
85.94361111111111,27.938055555555557,1432.0
85.94333333333334,27.93777777777778,1424.0
85.94305555555556,27.937500000000004,1420.0
85.94277777777778,27.937222222222225,1417.0
85.94250000000001,27.936944444444446,1415.0
85.94222222222223,27.936666666666667,1412.0
85.94194444444445,27.936388888888892,1408.0
85.94166666666668,27.936111111111114,1405.0
85.9413888888889,27.935833333333335,1416.0
85.94111111111111,27.935555555555556,1425.0
85.94083333333334,27.93527777777778,1424.0
85.94055555555556,27.935000000000002,1426.0
85.94027777777778,27.934722222222224,1423.0
85.94000000000001,27.934444444444445,1417.0
85.93972222222223,27.93416666666667,1421.0
85.93944444444445,27.93388888888889,1437.0
85.93916666666667,27.933611111111112,1453.0
85.9388888888889,27.933333333333337,1469.0
85.93861111111111,27.93305555555556,1479.0
85.93833333333333,27.93277777777778,1477.0
85.93805555555556,27.9325,1465.0
85.93805555555556,27.932222222222226,1473.0
85.93777777777778,27.931944444444447,1466.0
85.9375,27.93166666666667,1463.0
85.9375,27.93138888888889,1470.0
85.93722222222223,27.931111111111115,1465.0
85.93722222222223,27.930833333333336,1479.0
85.93694444444445,27.930555555555557,1472.0
85.93666666666667,27.93027777777778,1455.0
85.93666666666667,27.930000000000003,1465.0
85.9363888888889,27.929722222222225,1456.0
85.9363888888889,27.929444444444446,1468.0
85.93611111111112,27.929166666666667,1458.0
85.93583333333333,27.928888888888892,1462.0
85.93555555555557,27.928611111111113,1472.0
85.93527777777778,27.928333333333335,1480.0
85.935,27.928055555555556,1480.0
85.93472222222223,27.92777777777778,1477.0
85.93444444444445,27.927500000000002,1468.0
85.93416666666667,27.927222222222223,1449.0
85.93388888888889,27.926944444444448,1417.0
85.93388888888889,27.92666666666667,1398.0
85.93388888888889,27.92638888888889,1388.0
85.93388888888889,27.926111111111112,1386.0
85.93416666666667,27.925833333333337,1384.0
85.93416666666667,27.925555555555558,1380.0
85.93416666666667,27.92527777777778,1377.0
85.93416666666667,27.925,1378.0
85.93388888888889,27.924722222222226,1378.0
85.93361111111112,27.924444444444447,1365.0
85.93361111111112,27.924166666666668,1356.0
85.93361111111112,27.92388888888889,1350.0
85.93361111111112,27.923611111111114,1347.0
85.93361111111112,27.923333333333336,1349.0
85.93333333333334,27.923055555555557,1346.0
85.93305555555555,27.922777777777778,1345.0
85.93277777777779,27.922500000000003,1354.0
85.9325,27.922222222222224,1354.0
85.9325,27.921944444444446,1353.0
85.93222222222222,27.92166666666667,1344.0
85.93194444444445,27.92138888888889,1342.0
85.93166666666667,27.921111111111113,1340.0
85.93138888888889,27.920833333333334,1344.0
85.93111111111112,27.92055555555556,1356.0
85.93083333333334,27.92027777777778,1352.0
85.93083333333334,27.92,1346.0
85.93055555555556,27.919722222222223,1341.0
85.93055555555556,27.919444444444448,1338.0
85.93055555555556,27.91916666666667,1340.0
85.93027777777779,27.91888888888889,1332.0
85.93,27.91861111111111,1323.0
85.92972222222222,27.918333333333337,1318.0
85.92944444444446,27.918055555555558,1314.0
85.92916666666667,27.91777777777778,1313.0
85.92888888888889,27.9175,1319.0
85.92861111111111,27.917222222222225,1320.0
85.92833333333334,27.916944444444447,1319.0
85.92805555555556,27.916666666666668,1327.0
85.92777777777778,27.91638888888889,1333.0
85.92750000000001,27.916111111111114,1334.0
85.92722222222223,27.915833333333335,1336.0
85.92694444444444,27.915555555555557,1334.0
85.92666666666668,27.91527777777778,1326.0
85.9263888888889,27.915000000000003,1308.0
85.92611111111111,27.914722222222224,1295.0
85.92583333333334,27.914444444444445,1293.0
85.92555555555556,27.91416666666667,1305.0
85.92527777777778,27.91388888888889,1320.0
85.92500000000001,27.913611111111113,1321.0
85.92472222222223,27.913333333333334,1318.0
85.92444444444445,27.91305555555556,1311.0
85.92416666666668,27.91277777777778,1303.0
85.9238888888889,27.9125,1295.0
85.92361111111111,27.912222222222223,1299.0
85.92333333333333,27.911944444444448,1317.0
85.92305555555556,27.91166666666667,1331.0
85.92277777777778,27.91138888888889,1340.0
85.9225,27.91111111111111,1340.0
85.92222222222223,27.910833333333336,1320.0
85.92222222222223,27.910555555555558,1321.0
85.92194444444445,27.91027777777778,1312.0
85.92194444444445,27.910000000000004,1315.0
85.92194444444445,27.909722222222225,1319.0
85.92194444444445,27.909444444444446,1320.0
85.92194444444445,27.909166666666668,1322.0
85.92194444444445,27.908888888888892,1323.0
85.92194444444445,27.908611111111114,1322.0
85.92194444444445,27.908333333333335,1324.0
85.92194444444445,27.908055555555556,1324.0
85.92166666666667,27.90777777777778,1308.0
85.92166666666667,27.907500000000002,1323.0
85.9213888888889,27.907222222222224,1307.0
85.9213888888889,27.906944444444445,1312.0
85.9213888888889,27.90666666666667,1313.0
85.92111111111112,27.90638888888889,1310.0
85.92083333333333,27.906111111111112,1312.0
85.92055555555557,27.905833333333334,1313.0
85.92027777777778,27.90555555555556,1319.0
85.92,27.90527777777778,1314.0
85.92,27.905,1317.0
85.91972222222223,27.904722222222226,1313.0
85.91944444444445,27.904444444444447,1308.0
85.91916666666667,27.90416666666667,1308.0
85.9188888888889,27.90388888888889,1317.0
85.91861111111112,27.903611111111115,1314.0
85.91861111111112,27.903333333333336,1314.0
85.91861111111112,27.903055555555557,1322.0
85.91833333333334,27.90277777777778,1312.0
85.91833333333334,27.902500000000003,1318.0
85.91833333333334,27.902222222222225,1322.0
85.91833333333334,27.901944444444446,1324.0
85.91833333333334,27.901666666666667,1321.0
85.91833333333334,27.901388888888892,1320.0
85.91833333333334,27.901111111111113,1321.0
85.91805555555555,27.900833333333335,1314.0
85.91777777777779,27.900555555555556,1316.0
85.9175,27.90027777777778,1320.0
85.91722222222222,27.900000000000002,1324.0
85.91694444444445,27.899722222222223,1317.0
85.91694444444445,27.89944444444445,1324.0
85.91666666666667,27.89916666666667,1324.0
85.91638888888889,27.89888888888889,1320.0
85.91611111111112,27.898611111111112,1321.0
85.91583333333334,27.898333333333337,1319.0
85.91555555555556,27.89805555555556,1310.0
85.91555555555556,27.89777777777778,1318.0
85.91555555555556,27.8975,1324.0
85.91527777777779,27.897222222222226,1312.0
85.91527777777779,27.896944444444447,1310.0
85.91527777777779,27.89666666666667,1298.0
85.91527777777779,27.89638888888889,1282.0
85.91527777777779,27.896111111111114,1276.0
85.91527777777779,27.895833333333336,1283.0
85.91527777777779,27.895555555555557,1288.0
85.91527777777779,27.89527777777778,1294.0
85.91527777777779,27.895000000000003,1304.0
85.91527777777779,27.894722222222224,1321.0
85.915,27.894444444444446,1316.0
85.915,27.894166666666667,1313.0
85.915,27.893888888888892,1310.0
85.915,27.893611111111113,1304.0
85.915,27.893333333333334,1293.0
85.915,27.89305555555556,1282.0
85.915,27.89277777777778,1274.0
85.915,27.892500000000002,1266.0
85.915,27.892222222222223,1264.0
85.915,27.891944444444448,1270.0
85.915,27.89166666666667,1286.0
85.915,27.89138888888889,1296.0
85.915,27.891111111111112,1307.0
85.91472222222222,27.890833333333337,1307.0
85.91472222222222,27.890555555555558,1317.0
85.91472222222222,27.89027777777778,1318.0
85.91472222222222,27.89,1318.0
85.91472222222222,27.889722222222225,1313.0
85.91444444444446,27.889444444444447,1287.0
85.91416666666667,27.889166666666668,1281.0
85.91388888888889,27.88888888888889,1304.0
85.91361111111112,27.888611111111114,1307.0
85.91361111111112,27.888333333333335,1312.0
85.91361111111112,27.888055555555557,1321.0
85.91333333333334,27.88777777777778,1304.0
85.91333333333334,27.887500000000003,1324.0
85.91305555555556,27.887222222222224,1320.0
85.91277777777778,27.886944444444445,1322.0
85.91250000000001,27.88666666666667,1324.0
85.91222222222223,27.88638888888889,1318.0
85.91222222222223,27.886111111111113,1309.0
85.91222222222223,27.885833333333334,1295.0
85.91194444444444,27.88555555555556,1272.0
85.91166666666668,27.88527777777778,1239.0
85.9113888888889,27.885,1201.0
85.9113888888889,27.884722222222223,1176.0
85.91111111111111,27.884722222222223,1171.0
85.91083333333334,27.884722222222223,1166.0
85.91055555555556,27.884444444444448,1158.0
85.91027777777778,27.88416666666667,1155.0
85.91000000000001,27.88388888888889,1154.0
85.90972222222223,27.88361111111111,1156.0
85.90944444444445,27.883333333333336,1157.0
85.90916666666668,27.883055555555558,1152.0
85.9088888888889,27.88277777777778,1153.0
85.90861111111111,27.8825,1157.0
85.90833333333335,27.882222222222225,1164.0
85.90805555555556,27.881944444444446,1176.0
85.90777777777778,27.881666666666668,1183.0
85.9075,27.881388888888893,1184.0
85.90722222222223,27.881111111111114,1168.0
85.90694444444445,27.881111111111114,1174.0
85.90666666666667,27.881111111111114,1180.0
85.9063888888889,27.881111111111114,1180.0
85.90611111111112,27.880833333333335,1170.0
85.90583333333333,27.880555555555556,1172.0
85.90555555555557,27.88027777777778,1162.0
85.90527777777778,27.88027777777778,1176.0
85.905,27.880000000000003,1158.0
85.90472222222223,27.880000000000003,1168.0
85.90444444444445,27.880000000000003,1178.0
85.90416666666667,27.879722222222224,1155.0
85.9038888888889,27.879722222222224,1172.0
85.90361111111112,27.879444444444445,1151.0
85.90333333333334,27.879444444444445,1166.0
85.90305555555557,27.87916666666667,1152.0
85.90277777777779,27.87916666666667,1179.0
85.9025,27.87888888888889,1164.0
85.90222222222222,27.87888888888889,1174.0
85.90194444444445,27.87888888888889,1176.0
85.90166666666667,27.87888888888889,1183.0
85.90138888888889,27.87888888888889,1183.0
85.90111111111112,27.87888888888889,1179.0
85.90083333333334,27.87888888888889,1182.0
85.90055555555556,27.878611111111113,1165.0
85.90027777777779,27.878611111111113,1163.0
85.9,27.878611111111113,1158.0
85.89972222222222,27.878611111111113,1156.0
85.89944444444446,27.878611111111113,1162.0
85.89916666666667,27.878611111111113,1174.0
85.89888888888889,27.878333333333334,1173.0
85.89861111111112,27.87805555555556,1166.0
85.89833333333334,27.87805555555556,1177.0
85.89805555555556,27.87805555555556,1183.0
85.89777777777778,27.87777777777778,1169.0
85.89750000000001,27.87777777777778,1175.0
85.89722222222223,27.87777777777778,1183.0
85.89694444444444,27.8775,1167.0
85.89666666666668,27.8775,1180.0
85.8963888888889,27.877222222222223,1168.0
85.89611111111111,27.877222222222223,1183.0
85.89583333333334,27.876944444444447,1176.0
85.89555555555556,27.876944444444447,1183.0
85.89527777777778,27.87666666666667,1176.0
85.89500000000001,27.87666666666667,1180.0
85.89472222222223,27.87666666666667,1183.0
85.89444444444445,27.87638888888889,1180.0
85.89416666666668,27.87638888888889,1179.0
85.8938888888889,27.87638888888889,1174.0
85.89361111111111,27.87638888888889,1172.0
85.89333333333335,27.87638888888889,1175.0
85.89305555555556,27.87638888888889,1184.0
85.89277777777778,27.876111111111115,1182.0
85.8925,27.876111111111115,1185.0
85.89222222222223,27.875833333333336,1181.0
85.89194444444445,27.875833333333336,1174.0
85.89166666666667,27.875833333333336,1163.0
85.8913888888889,27.875833333333336,1148.0
85.89111111111112,27.875833333333336,1130.0
85.89083333333333,27.875833333333336,1108.0
85.89055555555557,27.875833333333336,1095.0
85.89027777777778,27.875833333333336,1088.0
85.89,27.875833333333336,1087.0
85.88972222222223,27.875833333333336,1090.0
85.88944444444445,27.875833333333336,1100.0
85.88916666666667,27.875833333333336,1121.0
85.8888888888889,27.875555555555557,1121.0
85.88861111111112,27.87527777777778,1123.0
85.88833333333334,27.875000000000004,1125.0
85.88805555555557,27.875000000000004,1117.0
85.88777777777779,27.875000000000004,1109.0
85.8875,27.875000000000004,1103.0
85.88722222222222,27.875000000000004,1101.0
85.88694444444445,27.875000000000004,1102.0
85.88666666666667,27.875000000000004,1102.0
85.88638888888889,27.875000000000004,1102.0
85.88611111111112,27.875000000000004,1100.0
85.88583333333334,27.875000000000004,1099.0
85.88555555555556,27.875000000000004,1102.0
85.88527777777779,27.875000000000004,1105.0
85.885,27.875000000000004,1100.0
85.88472222222222,27.875000000000004,1094.0
85.88444444444445,27.875000000000004,1089.0
85.88416666666667,27.875000000000004,1089.0
85.88388888888889,27.874722222222225,1082.0
85.88361111111112,27.874444444444446,1085.0
85.88333333333334,27.874166666666667,1088.0
85.88305555555556,27.873888888888892,1087.0
85.88277777777779,27.873611111111114,1089.0
85.88250000000001,27.873333333333335,1087.0
85.88250000000001,27.873055555555556,1091.0
85.88222222222223,27.87277777777778,1079.0
85.88222222222223,27.872500000000002,1088.0
85.88194444444444,27.872222222222224,1090.0
85.88166666666667,27.871944444444445,1091.0
85.88166666666667,27.87166666666667,1082.0
85.88166666666667,27.87138888888889,1063.0
85.88166666666667,27.871111111111112,1066.0
85.88166666666667,27.870833333333337,1072.0
85.88138888888889,27.87055555555556,1076.0
85.88111111111111,27.87027777777778,1081.0
85.88111111111111,27.87,1083.0
85.88083333333334,27.869722222222226,1085.0
85.88083333333334,27.869444444444447,1082.0
85.88083333333334,27.86916666666667,1076.0
85.88083333333334,27.86888888888889,1075.0
85.88083333333334,27.868611111111115,1072.0
85.88083333333334,27.868333333333336,1066.0
85.88055555555556,27.868055555555557,1058.0
85.88027777777778,27.86777777777778,1055.0
85.88000000000001,27.867500000000003,1046.0
85.87972222222223,27.867222222222225,1047.0
85.87944444444445,27.866944444444446,1041.0
85.87916666666668,27.866666666666667,1047.0
85.8788888888889,27.866388888888892,1047.0
85.8788888888889,27.866111111111113,1045.0
85.87861111111111,27.865833333333335,1045.0
85.87861111111111,27.865555555555556,1042.0
85.87833333333334,27.865555555555556,1037.0
85.87833333333334,27.86527777777778,1034.0
85.87805555555556,27.865000000000002,1041.0
85.87777777777778,27.864722222222223,1040.0
85.87777777777778,27.864444444444448,1033.0
85.87777777777778,27.86416666666667,1035.0
85.87777777777778,27.86388888888889,1036.0
85.87777777777778,27.863611111111112,1035.0
85.87777777777778,27.863333333333337,1035.0
85.87750000000001,27.863055555555558,1037.0
85.87750000000001,27.86277777777778,1031.0
85.87750000000001,27.8625,1028.0
85.87750000000001,27.862222222222226,1031.0
85.87750000000001,27.861944444444447,1030.0
85.87750000000001,27.861666666666668,1029.0
85.87750000000001,27.86138888888889,1027.0
85.87750000000001,27.861111111111114,1025.0
85.87750000000001,27.860833333333336,1032.0
85.87750000000001,27.860555555555557,1032.0
85.87750000000001,27.860277777777778,1028.0
85.87750000000001,27.860000000000003,1029.0
85.87750000000001,27.859722222222224,1025.0
85.87750000000001,27.859444444444446,1027.0
85.87750000000001,27.85916666666667,1027.0
85.87750000000001,27.85888888888889,1023.0
85.87750000000001,27.858611111111113,1020.0
85.87750000000001,27.858333333333334,1019.0
85.87750000000001,27.85805555555556,1021.0
85.87750000000001,27.85777777777778,1022.0
85.87750000000001,27.8575,1023.0
85.87750000000001,27.857222222222223,1022.0
85.87750000000001,27.856944444444448,1025.0
85.87722222222223,27.85666666666667,1029.0
85.87722222222223,27.85638888888889,1029.0
85.87722222222223,27.85611111111111,1024.0
85.87722222222223,27.855833333333337,1020.0
85.87722222222223,27.855555555555558,1020.0
85.87722222222223,27.85527777777778,1017.0
85.87722222222223,27.855,1014.0
85.87722222222223,27.854722222222225,1014.0
85.87722222222223,27.854444444444447,1014.0
85.87722222222223,27.854166666666668,1015.0
85.87750000000001,27.85388888888889,1009.0
85.87777777777778,27.853611111111114,1015.0
85.87805555555556,27.853333333333335,1019.0
85.87833333333334,27.853055555555557,1019.0
85.87833333333334,27.85277777777778,1017.0
85.87861111111111,27.852500000000003,1012.0
85.8788888888889,27.852222222222224,1014.0
85.87916666666668,27.851944444444445,1018.0
85.87944444444445,27.85166666666667,1014.0
85.87944444444445,27.85138888888889,1016.0
85.87972222222223,27.851111111111113,1000.0
85.87972222222223,27.850833333333334,1006.0
85.87972222222223,27.85055555555556,1010.0
85.87972222222223,27.85027777777778,1012.0
85.87972222222223,27.85,1013.0
85.87972222222223,27.849722222222223,1012.0
85.87972222222223,27.849444444444448,1015.0
85.87972222222223,27.84916666666667,1011.0
85.87972222222223,27.84888888888889,1017.0
85.87972222222223,27.84861111111111,1017.0
85.87972222222223,27.848333333333336,1013.0
85.87972222222223,27.848055555555558,1012.0
85.87972222222223,27.84777777777778,1014.0
85.88000000000001,27.847500000000004,1004.0
85.88000000000001,27.847222222222225,1010.0
85.88000000000001,27.846944444444446,1009.0
85.88000000000001,27.846666666666668,1010.0
85.88000000000001,27.846388888888892,1005.0
85.88000000000001,27.846111111111114,1009.0
85.88000000000001,27.845833333333335,1012.0
85.88000000000001,27.845555555555556,1005.0
85.88000000000001,27.84527777777778,1008.0
85.88000000000001,27.845000000000002,1008.0
85.88000000000001,27.844722222222224,1005.0
85.88000000000001,27.844444444444445,1005.0
85.88000000000001,27.84416666666667,1010.0
85.88000000000001,27.84388888888889,1012.0
85.88000000000001,27.843611111111112,1015.0
85.88027777777778,27.843333333333334,1006.0
85.88027777777778,27.84305555555556,1009.0
85.88027777777778,27.84277777777778,1008.0
85.88027777777778,27.8425,1013.0
85.88027777777778,27.842222222222226,1018.0
85.88027777777778,27.841944444444447,1017.0
85.88000000000001,27.84166666666667,1002.0
85.87972222222223,27.84138888888889,988.0
85.87944444444445,27.841111111111115,986.0
85.87916666666668,27.840833333333336,986.0
85.8788888888889,27.840833333333336,986.0
85.87861111111111,27.840555555555557,983.0
85.87833333333334,27.84027777777778,982.0
85.87805555555556,27.84027777777778,983.0
85.87777777777778,27.840000000000003,983.0
85.87750000000001,27.840000000000003,981.0
85.87722222222223,27.839722222222225,977.0
85.87722222222223,27.839444444444446,979.0
85.87694444444445,27.839166666666667,978.0
85.87666666666667,27.838888888888892,978.0
85.8763888888889,27.838888888888892,982.0
85.87611111111111,27.838611111111113,979.0
85.87583333333333,27.838611111111113,979.0
85.87555555555556,27.838333333333335,975.0
85.87527777777778,27.838055555555556,975.0
85.875,27.83777777777778,978.0
85.87472222222223,27.837500000000002,978.0
85.87444444444445,27.837222222222223,976.0
85.87416666666667,27.83694444444445,978.0
85.87416666666667,27.83666666666667,982.0
85.8738888888889,27.83638888888889,982.0
85.87361111111112,27.836111111111112,981.0
85.87333333333333,27.835833333333337,978.0
85.87305555555557,27.835833333333337,977.0
85.87277777777778,27.835833333333337,976.0
85.8725,27.835833333333337,976.0
85.87222222222223,27.835833333333337,977.0
85.87194444444445,27.83555555555556,974.0
85.87166666666667,27.83555555555556,976.0
85.87138888888889,27.83527777777778,969.0
85.87111111111112,27.83527777777778,973.0
85.87083333333334,27.835,971.0
85.87055555555555,27.834722222222226,969.0
85.87027777777779,27.834444444444447,969.0
85.87,27.83416666666667,972.0
85.86972222222222,27.83388888888889,972.0
85.86944444444445,27.833611111111114,974.0
85.86916666666667,27.833333333333336,977.0
85.86888888888889,27.833055555555557,975.0
85.86888888888889,27.83277777777778,970.0
85.86861111111112,27.832500000000003,966.0
85.86861111111112,27.832222222222224,965.0
85.86833333333334,27.831944444444446,962.0
85.86833333333334,27.831666666666667,964.0
85.86833333333334,27.831388888888892,962.0
85.86833333333334,27.831111111111113,958.0
85.86833333333334,27.830833333333334,957.0
85.86805555555556,27.83055555555556,957.0
85.86805555555556,27.83027777777778,956.0
85.86805555555556,27.830000000000002,957.0
85.86833333333334,27.829722222222223,955.0
85.86833333333334,27.829444444444448,957.0
85.86861111111112,27.82916666666667,950.0
85.86861111111112,27.82888888888889,949.0
85.86888888888889,27.828611111111112,947.0
85.86888888888889,27.828333333333337,947.0
85.86916666666667,27.828055555555558,949.0
85.86944444444445,27.82777777777778,946.0
85.86972222222222,27.82777777777778,945.0
85.87,27.8275,944.0
85.87027777777779,27.8275,944.0
85.87055555555555,27.827222222222225,943.0
85.87083333333334,27.8275,942.0
85.87111111111112,27.827222222222225,941.0
85.87138888888889,27.827222222222225,939.0
85.87166666666667,27.827222222222225,940.0
85.87194444444445,27.826944444444447,937.0
85.87222222222223,27.826666666666668,937.0
85.8725,27.82638888888889,937.0
85.87277777777778,27.826111111111114,935.0
85.87305555555557,27.825833333333335,934.0
85.87333333333333,27.825555555555557,932.0
85.87361111111112,27.825555555555557,934.0
85.8738888888889,27.82527777777778,931.0
85.87416666666667,27.82527777777778,933.0
85.87444444444445,27.82527777777778,934.0
85.87472222222223,27.825000000000003,933.0
85.875,27.825000000000003,932.0
85.87527777777778,27.824722222222224,933.0
85.87555555555556,27.824444444444445,931.0
85.87555555555556,27.82416666666667,931.0
85.87555555555556,27.82388888888889,932.0
85.87583333333333,27.823611111111113,927.0
85.87583333333333,27.823333333333334,929.0
85.87611111111111,27.82305555555556,925.0
85.87611111111111,27.82277777777778,925.0
85.8763888888889,27.8225,923.0
85.87666666666667,27.822222222222223,923.0
85.87694444444445,27.821944444444448,920.0
85.87722222222223,27.82166666666667,912.0
85.87722222222223,27.82138888888889,917.0
85.87750000000001,27.82111111111111,922.0
85.87750000000001,27.820833333333336,920.0
85.87777777777778,27.820555555555558,919.0
85.87805555555556,27.82027777777778,921.0
85.87833333333334,27.82,915.0
85.87861111111111,27.819722222222225,920.0
85.8788888888889,27.819444444444446,919.0
85.87916666666668,27.819166666666668,918.0
85.87944444444445,27.818888888888893,917.0
85.87972222222223,27.818611111111114,912.0
85.88000000000001,27.818333333333335,914.0
85.88027777777778,27.818055555555556,915.0
85.88055555555556,27.81777777777778,917.0
85.88083333333334,27.817500000000003,917.0
85.88111111111111,27.817222222222224,917.0
85.88111111111111,27.816944444444445,921.0
85.88138888888889,27.81666666666667,921.0
85.88138888888889,27.81638888888889,920.0
85.88138888888889,27.816111111111113,914.0
85.88138888888889,27.815833333333334,909.0
85.88138888888889,27.81555555555556,910.0
85.88166666666667,27.81527777777778,910.0
85.88166666666667,27.815,908.0
85.88194444444444,27.814722222222223,910.0
85.88222222222223,27.814722222222223,911.0
85.88250000000001,27.814444444444447,910.0
85.88277777777779,27.814444444444447,911.0
85.88305555555556,27.81416666666667,903.0
85.88333333333334,27.81388888888889,905.0
85.88361111111112,27.813611111111115,909.0
85.88388888888889,27.813333333333336,907.0
85.88388888888889,27.813055555555557,907.0
85.88416666666667,27.81277777777778,901.0
85.88416666666667,27.812500000000004,901.0
85.88416666666667,27.812222222222225,900.0
85.88416666666667,27.811944444444446,899.0
85.88444444444445,27.811666666666667,898.0
85.88472222222222,27.811388888888892,898.0
85.885,27.811111111111114,900.0
85.88527777777779,27.810833333333335,904.0
85.88555555555556,27.810555555555556,904.0
85.88583333333334,27.81027777777778,903.0
85.88611111111112,27.81027777777778,910.0
85.88638888888889,27.810000000000002,901.0
85.88666666666667,27.810000000000002,905.0
85.88694444444445,27.809722222222224,893.0
85.88722222222222,27.809444444444445,894.0
85.8875,27.80916666666667,906.0
85.88777777777779,27.80888888888889,904.0
85.88777777777779,27.808611111111112,903.0
85.88805555555557,27.808333333333337,902.0
85.88833333333334,27.80805555555556,902.0
85.88861111111112,27.80777777777778,892.0
85.8888888888889,27.8075,894.0
85.88916666666667,27.807222222222226,892.0
85.88944444444445,27.806944444444447,889.0
85.88972222222223,27.80666666666667,893.0
85.89,27.80638888888889,894.0
85.89027777777778,27.806111111111115,896.0
85.89055555555557,27.805833333333336,894.0
85.89083333333333,27.805555555555557,891.0
85.89111111111112,27.80527777777778,892.0
85.8913888888889,27.805000000000003,892.0
85.89166666666667,27.804722222222225,889.0
85.89194444444445,27.804444444444446,894.0
85.89222222222223,27.804166666666667,899.0
85.8925,27.803888888888892,891.0
85.8925,27.803611111111113,896.0
85.8925,27.803333333333335,899.0
85.8925,27.803055555555556,893.0
85.8925,27.80277777777778,887.0
85.8925,27.802500000000002,884.0
85.8925,27.802222222222223,881.0
85.8925,27.801944444444448,883.0
85.8925,27.80166666666667,881.0
85.8925,27.80138888888889,885.0
85.89277777777778,27.801111111111112,895.0
85.89305555555556,27.800833333333337,911.0
85.89333333333335,27.800555555555558,905.0
85.89333333333335,27.80027777777778,891.0
85.89361111111111,27.8,872.0
85.8938888888889,27.799722222222226,870.0
85.89416666666668,27.799722222222226,869.0
85.89444444444445,27.799722222222226,869.0
85.89472222222223,27.799444444444447,865.0
85.89472222222223,27.799166666666668,865.0
85.89472222222223,27.79888888888889,869.0
85.89500000000001,27.798611111111114,867.0
85.89500000000001,27.798333333333336,868.0
85.89527777777778,27.798055555555557,866.0
85.89555555555556,27.797777777777778,868.0
85.89555555555556,27.797500000000003,870.0
85.89555555555556,27.797222222222224,870.0
85.89555555555556,27.796944444444446,866.0
85.89555555555556,27.79666666666667,863.0
85.89555555555556,27.79638888888889,859.0
85.89555555555556,27.796111111111113,857.0
85.89555555555556,27.795833333333334,860.0
85.89555555555556,27.79555555555556,860.0
85.89583333333334,27.79527777777778,857.0
85.89583333333334,27.795,860.0
85.89583333333334,27.794722222222223,860.0
85.89583333333334,27.794444444444448,858.0
85.89611111111111,27.79416666666667,855.0
85.8963888888889,27.79388888888889,858.0
85.8963888888889,27.79361111111111,859.0
85.89666666666668,27.793333333333337,855.0
85.89694444444444,27.793055555555558,852.0
85.89694444444444,27.79277777777778,848.0
85.89722222222223,27.7925,850.0
85.89722222222223,27.792222222222225,846.0
85.89722222222223,27.791944444444447,850.0
85.89722222222223,27.791666666666668,850.0
85.89722222222223,27.79138888888889,849.0
85.89722222222223,27.791111111111114,848.0
85.89722222222223,27.790833333333335,847.0
85.89722222222223,27.790555555555557,847.0
85.89722222222223,27.79027777777778,847.0
85.89722222222223,27.790000000000003,848.0
85.89750000000001,27.789722222222224,844.0
85.89750000000001,27.789444444444445,848.0
85.89777777777778,27.78916666666667,842.0
85.89805555555556,27.78888888888889,843.0
85.89833333333334,27.788611111111113,849.0
85.89861111111112,27.788333333333334,848.0
85.89888888888889,27.78805555555556,849.0
85.89888888888889,27.78777777777778,846.0
85.89888888888889,27.7875,845.0
85.89888888888889,27.787222222222223,847.0
85.89916666666667,27.786944444444448,846.0
85.89916666666667,27.78666666666667,847.0
85.89916666666667,27.78638888888889,844.0
85.89916666666667,27.78611111111111,843.0
85.89916666666667,27.785833333333336,844.0
85.89888888888889,27.785555555555558,846.0
85.89861111111112,27.78527777777778,846.0
85.89861111111112,27.785000000000004,847.0
85.89833333333334,27.784722222222225,842.0
85.89833333333334,27.784444444444446,837.0
85.89833333333334,27.784166666666668,838.0
85.89833333333334,27.783888888888892,840.0
85.89833333333334,27.783611111111114,840.0
85.89805555555556,27.783333333333335,840.0
85.89777777777778,27.783055555555556,839.0
85.89750000000001,27.78277777777778,839.0
85.89722222222223,27.782500000000002,840.0
85.89694444444444,27.782222222222224,837.0
85.89666666666668,27.781944444444445,836.0
85.8963888888889,27.78166666666667,836.0
85.89611111111111,27.78166666666667,836.0
85.89583333333334,27.78138888888889,836.0
85.89555555555556,27.78138888888889,836.0
85.89527777777778,27.781111111111112,835.0
85.89500000000001,27.781111111111112,833.0
85.89472222222223,27.780833333333334,834.0
85.89444444444445,27.78055555555556,834.0
85.89416666666668,27.78027777777778,834.0
85.8938888888889,27.78,833.0
85.89361111111111,27.78,833.0
85.89333333333335,27.779722222222226,831.0
85.89305555555556,27.779444444444447,833.0
85.89277777777778,27.779444444444447,833.0
85.8925,27.77916666666667,832.0
85.89222222222223,27.77916666666667,831.0
85.89194444444445,27.77916666666667,830.0
85.89166666666667,27.77916666666667,831.0
85.8913888888889,27.77916666666667,829.0
85.89111111111112,27.77888888888889,830.0
85.89083333333333,27.778611111111115,828.0
85.89055555555557,27.778333333333336,824.0
85.89055555555557,27.778055555555557,824.0
85.89055555555557,27.77777777777778,825.0
85.89055555555557,27.777500000000003,823.0
85.89055555555557,27.777222222222225,825.0
85.89055555555557,27.776944444444446,826.0
85.89027777777778,27.776666666666667,823.0
85.89027777777778,27.776388888888892,821.0
85.89,27.776111111111113,818.0
85.89,27.775833333333335,818.0
85.89,27.775555555555556,817.0
85.88972222222223,27.77527777777778,816.0
85.88944444444445,27.775000000000002,814.0
85.88916666666667,27.774722222222223,814.0
85.8888888888889,27.77444444444445,814.0
85.8888888888889,27.77416666666667,812.0
85.8888888888889,27.77388888888889,813.0
85.88861111111112,27.773611111111112,812.0
85.88833333333334,27.773333333333337,809.0
85.88805555555557,27.773333333333337,810.0
85.88777777777779,27.77305555555556,808.0
85.8875,27.77305555555556,808.0
85.88722222222222,27.77277777777778,805.0
85.88694444444445,27.77277777777778,806.0
85.88666666666667,27.7725,804.0
85.88638888888889,27.772222222222226,809.0
85.88611111111112,27.771944444444447,806.0
85.88583333333334,27.77166666666667,806.0
85.88583333333334,27.77138888888889,807.0
85.88555555555556,27.771111111111114,805.0
85.88527777777779,27.771111111111114,806.0
85.885,27.770833333333336,805.0
85.885,27.770555555555557,802.0
85.88472222222222,27.770555555555557,803.0
85.88444444444445,27.77027777777778,804.0
85.88416666666667,27.77027777777778,803.0
85.88388888888889,27.770000000000003,800.0
85.88361111111112,27.769722222222224,801.0
85.88333333333334,27.769444444444446,801.0
85.88305555555556,27.769166666666667,801.0
85.88277777777779,27.768888888888892,800.0
85.88250000000001,27.768611111111113,799.0
85.88250000000001,27.768333333333334,800.0
85.88222222222223,27.76805555555556,797.0
85.88194444444444,27.76777777777778,797.0
85.88194444444444,27.767500000000002,798.0
85.88194444444444,27.767222222222223,797.0
85.88166666666667,27.766944444444448,796.0
85.88138888888889,27.76666666666667,797.0
85.88111111111111,27.76638888888889,799.0
85.88111111111111,27.766111111111112,796.0
85.88083333333334,27.766111111111112,794.0
85.88083333333334,27.765833333333337,795.0
85.88055555555556,27.765555555555558,793.0
85.88027777777778,27.76527777777778,794.0
85.88000000000001,27.76527777777778,795.0
85.87972222222223,27.765,794.0
85.87944444444445,27.765,795.0
85.87916666666668,27.765,794.0
85.8788888888889,27.764722222222225,794.0
85.87861111111111,27.764444444444447,794.0
85.87833333333334,27.764444444444447,790.0
85.87805555555556,27.764444444444447,789.0
85.87777777777778,27.764444444444447,789.0
85.87750000000001,27.764444444444447,790.0
85.87722222222223,27.764722222222225,789.0
85.87694444444445,27.765,790.0
85.87666666666667,27.765,787.0
85.8763888888889,27.765,788.0
85.87611111111111,27.765,789.0
85.87583333333333,27.76527777777778,787.0
85.87555555555556,27.76527777777778,785.0
85.87527777777778,27.765,785.0
85.875,27.765,783.0
85.87472222222223,27.764722222222225,783.0
85.87444444444445,27.764444444444447,784.0
85.87416666666667,27.764166666666668,783.0
85.87416666666667,27.76388888888889,784.0
85.8738888888889,27.763611111111114,783.0
85.8738888888889,27.763333333333335,781.0
85.8738888888889,27.763055555555557,783.0
85.8738888888889,27.76277777777778,782.0
85.8738888888889,27.762500000000003,781.0
85.8738888888889,27.762222222222224,780.0
85.87361111111112,27.761944444444445,784.0
85.87333333333333,27.76166666666667,784.0
85.87305555555557,27.76138888888889,778.0
85.87305555555557,27.761111111111113,780.0
85.87277777777778,27.760833333333334,779.0
85.8725,27.76055555555556,776.0
85.87222222222223,27.76027777777778,774.0
85.87194444444445,27.76,774.0
85.87166666666667,27.759722222222223,774.0
85.87166666666667,27.759444444444448,780.0
85.87138888888889,27.75916666666667,782.0
85.87111111111112,27.75888888888889,778.0
85.87083333333334,27.75861111111111,785.0
85.87055555555555,27.758333333333336,778.0
85.87027777777779,27.758055555555558,772.0
85.87,27.75777777777778,770.0
85.86972222222222,27.75777777777778,768.0
85.86944444444445,27.75777777777778,767.0
85.86916666666667,27.75777777777778,766.0
85.86888888888889,27.75777777777778,767.0
85.86861111111112,27.75777777777778,767.0
85.86833333333334,27.75777777777778,769.0
85.86805555555556,27.75777777777778,768.0
85.86777777777779,27.75777777777778,763.0
85.8675,27.75777777777778,767.0
85.86722222222222,27.75777777777778,764.0
85.86694444444446,27.75777777777778,763.0
85.86666666666667,27.75777777777778,762.0
85.86638888888889,27.75777777777778,762.0
85.86611111111111,27.75777777777778,761.0
85.86583333333334,27.7575,761.0
85.86555555555556,27.757222222222225,761.0
85.86527777777778,27.756944444444446,760.0
85.86500000000001,27.756666666666668,760.0
85.86472222222223,27.756388888888893,759.0
85.86444444444444,27.756388888888893,760.0
85.86416666666668,27.756111111111114,759.0
85.8638888888889,27.756111111111114,760.0
85.86361111111111,27.755833333333335,758.0
85.86333333333334,27.755833333333335,758.0
85.86305555555556,27.755555555555556,758.0
85.86277777777778,27.755555555555556,758.0
85.86250000000001,27.755555555555556,758.0
85.86222222222223,27.755555555555556,758.0
85.86194444444445,27.755555555555556,758.0
85.86166666666668,27.755555555555556,757.0
85.8613888888889,27.755555555555556,757.0
85.86111111111111,27.75527777777778,756.0
85.86083333333333,27.75527777777778,756.0
85.86055555555556,27.75527777777778,756.0
85.86027777777778,27.75527777777778,756.0
85.86,27.75527777777778,755.0
85.85972222222223,27.75527777777778,755.0
85.85944444444445,27.75527777777778,755.0
85.85916666666667,27.75527777777778,754.0
85.8588888888889,27.75527777777778,755.0
85.85861111111112,27.75527777777778,754.0
85.85833333333333,27.75527777777778,754.0
85.85805555555557,27.75527777777778,753.0
85.85777777777778,27.75527777777778,753.0
85.8575,27.75527777777778,753.0
85.85722222222223,27.755555555555556,752.0
85.85694444444445,27.755555555555556,752.0
85.85666666666667,27.755555555555556,751.0
85.8563888888889,27.755555555555556,751.0
85.85611111111112,27.755555555555556,752.0
85.85583333333334,27.75527777777778,751.0
85.85555555555555,27.75527777777778,751.0
85.85527777777779,27.755555555555556,751.0
85.855,27.75527777777778,751.0
85.85472222222222,27.75527777777778,750.0
85.85444444444445,27.75527777777778,750.0
85.85416666666667,27.75527777777778,750.0
85.85388888888889,27.75527777777778,750.0
85.85361111111112,27.75527777777778,750.0
85.85333333333334,27.75527777777778,749.0
85.85305555555556,27.755555555555556,748.0
85.85277777777779,27.755555555555556,748.0
85.8525,27.755555555555556,748.0
85.85222222222222,27.755555555555556,748.0
85.85194444444446,27.755555555555556,748.0
85.85166666666667,27.755833333333335,747.0
85.85138888888889,27.755833333333335,746.0
85.85111111111112,27.755833333333335,747.0
85.85083333333334,27.756111111111114,746.0
85.85055555555556,27.756111111111114,748.0
85.85027777777778,27.756388888888893,747.0
85.85000000000001,27.756388888888893,747.0
85.84972222222223,27.756111111111114,745.0
85.84944444444444,27.756111111111114,747.0
85.84916666666668,27.756111111111114,745.0
85.8488888888889,27.756111111111114,744.0
85.84861111111111,27.755833333333335,744.0
85.84833333333334,27.755833333333335,744.0
85.84805555555556,27.755833333333335,744.0
85.84777777777778,27.755555555555556,743.0
85.84750000000001,27.755555555555556,743.0
85.84722222222223,27.75527777777778,743.0
85.84694444444445,27.75527777777778,743.0
85.84666666666668,27.755000000000003,742.0
85.8463888888889,27.755000000000003,742.0
85.84611111111111,27.754722222222224,742.0
85.84583333333335,27.754722222222224,742.0
85.84555555555556,27.754722222222224,742.0
85.84527777777778,27.754444444444445,741.0
85.845,27.754444444444445,741.0
85.84472222222223,27.754444444444445,741.0
85.84444444444445,27.754722222222224,741.0
85.84416666666667,27.754722222222224,740.0
85.8438888888889,27.754722222222224,740.0
85.84361111111112,27.755000000000003,740.0
85.84333333333333,27.755000000000003,740.0
85.84305555555557,27.75527777777778,739.0
85.84277777777778,27.755555555555556,738.0
85.8425,27.755555555555556,737.0
85.84222222222223,27.755555555555556,737.0
85.84194444444445,27.75527777777778,737.0
85.84166666666667,27.75527777777778,737.0
85.8413888888889,27.755000000000003,735.0
85.84111111111112,27.754722222222224,735.0
85.84083333333334,27.754722222222224,736.0
85.84055555555557,27.754444444444445,734.0
85.84027777777779,27.754444444444445,735.0
85.84,27.754444444444445,735.0
85.83972222222222,27.754722222222224,736.0
85.83944444444445,27.754722222222224,733.0
85.83916666666667,27.754722222222224,735.0
85.83888888888889,27.754722222222224,734.0
85.83861111111112,27.755000000000003,734.0
85.83833333333334,27.755000000000003,733.0
85.83805555555556,27.755000000000003,731.0
85.83777777777779,27.755000000000003,730.0
85.8375,27.754722222222224,730.0
85.83722222222222,27.754722222222224,730.0
85.83694444444446,27.754444444444445,730.0
85.83666666666667,27.75416666666667,730.0
85.83638888888889,27.75416666666667,729.0
85.83611111111112,27.75388888888889,729.0
85.83583333333334,27.75388888888889,729.0
85.83555555555556,27.75388888888889,729.0
85.83527777777778,27.75388888888889,728.0
85.83500000000001,27.75388888888889,728.0
85.83472222222223,27.75388888888889,728.0
85.83444444444444,27.75416666666667,728.0
85.83416666666668,27.75416666666667,727.0
85.8338888888889,27.754444444444445,727.0
85.83361111111111,27.754722222222224,727.0
85.83333333333334,27.754722222222224,727.0
85.83305555555556,27.755000000000003,726.0
85.83277777777778,27.755000000000003,726.0
85.83250000000001,27.75527777777778,726.0
85.83222222222223,27.755555555555556,726.0
85.83194444444445,27.755555555555556,726.0
85.83166666666668,27.755833333333335,725.0
85.8313888888889,27.755833333333335,725.0
85.83111111111111,27.755833333333335,725.0
85.83083333333335,27.755555555555556,725.0
85.83055555555556,27.755555555555556,724.0
85.83027777777778,27.75527777777778,724.0
85.83,27.75527777777778,724.0
85.82972222222223,27.755000000000003,724.0
85.82944444444445,27.755000000000003,723.0
85.82916666666667,27.755000000000003,723.0
85.8288888888889,27.754722222222224,723.0
85.82861111111112,27.754444444444445,723.0
85.82833333333333,27.75416666666667,722.0
85.82805555555557,27.75416666666667,722.0
85.82777777777778,27.75416666666667,722.0
85.8275,27.75388888888889,722.0
85.82722222222223,27.753611111111113,721.0
85.82694444444445,27.753333333333334,721.0
85.82666666666667,27.75305555555556,721.0
85.8263888888889,27.75277777777778,720.0
85.82611111111112,27.7525,720.0
85.82583333333334,27.752222222222223,720.0
85.82555555555557,27.751944444444447,720.0
85.82527777777779,27.751944444444447,719.0
85.825,27.75166666666667,719.0
85.82472222222222,27.75138888888889,719.0
85.82444444444445,27.75138888888889,719.0
85.82416666666667,27.75138888888889,718.0
85.82388888888889,27.751111111111115,718.0
85.82361111111112,27.751111111111115,718.0
85.82333333333334,27.751111111111115,718.0
85.82305555555556,27.751111111111115,718.0
85.82277777777779,27.751111111111115,717.0
85.82277777777779,27.750833333333336,717.0
85.8225,27.750555555555557,717.0
85.8225,27.75027777777778,717.0
85.8225,27.750000000000004,716.0
85.82222222222222,27.749722222222225,716.0
85.82194444444445,27.749444444444446,716.0
85.82166666666667,27.749166666666667,715.0
85.82138888888889,27.749166666666667,715.0
85.82111111111112,27.749166666666667,715.0
85.82083333333334,27.749166666666667,715.0
85.82055555555556,27.749166666666667,715.0
85.82027777777779,27.749166666666667,714.0
85.82000000000001,27.749444444444446,714.0
85.81972222222223,27.749722222222225,714.0
85.81944444444444,27.749722222222225,714.0
85.81916666666667,27.750000000000004,713.0
85.81888888888889,27.75027777777778,713.0
85.81861111111111,27.750555555555557,713.0
85.81833333333334,27.750833333333336,712.0
85.81805555555556,27.750833333333336,712.0
85.81777777777778,27.751111111111115,712.0
85.81750000000001,27.751111111111115,712.0
85.81722222222223,27.75138888888889,712.0
85.81694444444445,27.75138888888889,711.0
85.81666666666668,27.751111111111115,711.0
85.8163888888889,27.751111111111115,711.0
85.81611111111111,27.751111111111115,711.0
85.81583333333334,27.750833333333336,710.0
85.81555555555556,27.750833333333336,710.0
85.81527777777778,27.750555555555557,710.0
85.81500000000001,27.75027777777778,709.0
85.81500000000001,27.750000000000004,709.0
85.81472222222223,27.749722222222225,709.0
85.81444444444445,27.749444444444446,709.0
85.81416666666667,27.749166666666667,708.0
85.8138888888889,27.748888888888892,708.0
85.8138888888889,27.748611111111114,708.0
85.81361111111111,27.748333333333335,708.0
85.81333333333333,27.748055555555556,707.0
85.81305555555556,27.748055555555556,707.0
85.81277777777778,27.74777777777778,707.0
85.8125,27.747500000000002,707.0
85.81222222222223,27.747222222222224,706.0
85.81194444444445,27.747222222222224,706.0
85.81166666666667,27.746944444444445,706.0
85.8113888888889,27.746944444444445,706.0
85.81111111111112,27.746944444444445,705.0
85.81083333333333,27.746944444444445,705.0
85.81055555555557,27.746944444444445,705.0
85.81027777777778,27.746944444444445,705.0
85.81,27.746944444444445,705.0
85.80972222222223,27.746944444444445,704.0
85.80944444444445,27.746944444444445,704.0
85.80916666666667,27.746944444444445,704.0
85.80888888888889,27.746944444444445,704.0
85.80861111111112,27.746944444444445,704.0
85.80833333333334,27.746944444444445,703.0
85.80805555555555,27.747222222222224,703.0
85.80777777777779,27.747500000000002,703.0
85.8075,27.74777777777778,702.0
85.80722222222222,27.74777777777778,702.0
85.80694444444445,27.74777777777778,702.0
85.80666666666667,27.748055555555556,702.0
85.80638888888889,27.748055555555556,702.0
85.80611111111112,27.748055555555556,701.0
85.80583333333334,27.748055555555556,701.0
85.80555555555556,27.748055555555556,701.0
85.80527777777779,27.748055555555556,701.0
85.805,27.748055555555556,700.0
85.80472222222222,27.748055555555556,700.0
85.80444444444446,27.74777777777778,700.0
85.80416666666667,27.747500000000002,699.0
85.80416666666667,27.747222222222224,699.0
85.80416666666667,27.746944444444445,699.0
85.80416666666667,27.74666666666667,699.0
85.80416666666667,27.74638888888889,698.0
85.80416666666667,27.746111111111112,698.0
85.80416666666667,27.745833333333337,698.0
85.80388888888889,27.74555555555556,698.0
85.80388888888889,27.74527777777778,697.0
85.80361111111111,27.745,697.0
85.80361111111111,27.744722222222226,697.0
85.80361111111111,27.744444444444447,696.0
85.80333333333334,27.74416666666667,696.0
85.80333333333334,27.74388888888889,696.0
85.80305555555556,27.743611111111115,695.0
85.80305555555556,27.743333333333336,695.0
85.80277777777778,27.743055555555557,695.0
85.80250000000001,27.74277777777778,694.0
85.80250000000001,27.742500000000003,694.0
85.80222222222223,27.742222222222225,694.0
85.80194444444444,27.741944444444446,693.0
85.80166666666668,27.741944444444446,693.0
85.8013888888889,27.741666666666667,693.0
85.80111111111111,27.741388888888892,693.0
85.80083333333334,27.741388888888892,692.0
85.80083333333334,27.741111111111113,692.0
85.80055555555556,27.740833333333335,692.0
85.80027777777778,27.740555555555556,691.0
85.80027777777778,27.74027777777778,691.0
85.80000000000001,27.740000000000002,691.0
85.79972222222223,27.739722222222223,690.0
85.79972222222223,27.739444444444448,690.0
85.79944444444445,27.73916666666667,690.0
85.79916666666668,27.73888888888889,689.0
85.79916666666668,27.738611111111112,689.0
85.7988888888889,27.738333333333337,689.0
85.79861111111111,27.738055555555558,688.0
85.79833333333333,27.738055555555558,688.0
85.79805555555556,27.73777777777778,688.0
85.79777777777778,27.7375,688.0
85.7975,27.737222222222226,687.0
85.79722222222223,27.736944444444447,687.0
85.79694444444445,27.736666666666668,686.0
85.79666666666667,27.736666666666668,686.0
85.7963888888889,27.73638888888889,686.0
85.79611111111112,27.736111111111114,685.0
85.79583333333333,27.735833333333336,685.0
85.79555555555557,27.735555555555557,685.0
85.79527777777778,27.735277777777778,684.0
85.795,27.735000000000003,685.0
85.79472222222223,27.734722222222224,685.0
85.79444444444445,27.734444444444446,683.0
85.79416666666667,27.734444444444446,683.0
85.7938888888889,27.73416666666667,683.0
85.79361111111112,27.73416666666667,683.0
85.79333333333334,27.73416666666667,682.0
85.79305555555555,27.734444444444446,682.0
85.79277777777779,27.734444444444446,682.0
85.7925,27.734444444444446,682.0
85.79222222222222,27.734444444444446,682.0
85.79194444444445,27.734444444444446,681.0
85.79166666666667,27.734444444444446,681.0
85.79138888888889,27.73416666666667,681.0
85.79111111111112,27.73416666666667,681.0
85.79083333333334,27.73416666666667,681.0
85.79055555555556,27.73388888888889,680.0
85.79027777777779,27.73388888888889,680.0
85.79,27.73388888888889,680.0
85.78972222222222,27.73388888888889,680.0
85.78944444444446,27.73388888888889,679.0
85.78916666666667,27.73388888888889,679.0
85.78888888888889,27.73388888888889,679.0
85.78861111111112,27.73388888888889,679.0
85.78833333333334,27.73388888888889,679.0
85.78805555555556,27.73388888888889,678.0
85.78777777777778,27.73388888888889,678.0
85.78750000000001,27.73388888888889,678.0
85.78722222222223,27.73388888888889,678.0
85.78694444444444,27.73388888888889,678.0
85.78666666666668,27.73416666666667,677.0
85.7863888888889,27.73416666666667,677.0
85.78611111111111,27.73416666666667,677.0
85.78583333333334,27.73416666666667,677.0
85.78555555555556,27.73416666666667,676.0
85.78527777777778,27.73416666666667,676.0
85.78500000000001,27.73416666666667,676.0
85.78472222222223,27.73416666666667,676.0
85.78444444444445,27.73416666666667,676.0
85.78416666666668,27.734444444444446,675.0
85.7838888888889,27.734444444444446,675.0
85.78361111111111,27.734444444444446,675.0
85.78333333333335,27.734444444444446,675.0
85.78305555555556,27.734444444444446,675.0
85.78277777777778,27.734444444444446,674.0
85.7825,27.73416666666667,674.0
85.78222222222223,27.73416666666667,674.0
85.78194444444445,27.73416666666667,674.0
85.78166666666667,27.73416666666667,674.0
85.7813888888889,27.73388888888889,673.0
85.78111111111112,27.733611111111113,673.0
85.78083333333333,27.733333333333334,673.0
85.78083333333333,27.73305555555556,673.0
85.78083333333333,27.73277777777778,673.0
85.78083333333333,27.7325,672.0
85.78083333333333,27.732222222222223,672.0
85.78055555555557,27.731944444444448,672.0
85.78055555555557,27.73166666666667,672.0
85.78027777777778,27.73138888888889,672.0
85.78027777777778,27.73111111111111,672.0
85.78,27.730833333333337,671.0
85.78,27.730555555555558,671.0
85.78,27.73027777777778,671.0
85.77972222222223,27.73,671.0
85.77972222222223,27.729722222222225,671.0
85.77972222222223,27.729444444444447,670.0
85.77944444444445,27.729166666666668,670.0
85.77944444444445,27.72888888888889,670.0
85.77944444444445,27.728611111111114,670.0
85.77944444444445,27.728333333333335,670.0
85.77916666666667,27.728055555555557,670.0
85.7788888888889,27.72777777777778,669.0
85.77861111111112,27.727500000000003,669.0
85.77861111111112,27.727222222222224,669.0
85.77833333333334,27.726944444444445,669.0
85.77805555555557,27.72666666666667,669.0
85.77777777777779,27.72638888888889,668.0
85.77777777777779,27.726111111111113,668.0
85.77777777777779,27.725833333333334,668.0
85.77805555555557,27.72555555555556,668.0
85.77805555555557,27.72527777777778,668.0
85.77805555555557,27.725,667.0
85.77805555555557,27.724722222222223,667.0
85.77805555555557,27.724444444444448,667.0
85.77833333333334,27.72416666666667,667.0
85.77861111111112,27.72388888888889,666.0
85.77861111111112,27.72361111111111,666.0
85.77861111111112,27.723333333333336,666.0
85.77861111111112,27.723055555555558,666.0
85.77861111111112,27.72277777777778,666.0
85.77833333333334,27.722500000000004,665.0
85.77805555555557,27.722222222222225,665.0
85.77777777777779,27.721944444444446,665.0
85.7775,27.721944444444446,665.0
85.77722222222222,27.721666666666668,664.0
85.77694444444445,27.721388888888892,664.0
85.77666666666667,27.721111111111114,664.0
85.77638888888889,27.720833333333335,664.0
85.77611111111112,27.720833333333335,663.0
85.77583333333334,27.720555555555556,663.0
85.77555555555556,27.72027777777778,663.0
85.77527777777779,27.720000000000002,663.0
85.775,27.719722222222224,662.0
85.775,27.719444444444445,662.0
85.775,27.71916666666667,662.0
85.775,27.71888888888889,662.0
85.77472222222222,27.718611111111112,661.0
85.77444444444446,27.718333333333334,661.0
85.77416666666667,27.718333333333334,661.0
85.77388888888889,27.718333333333334,660.0
85.77361111111112,27.718333333333334,660.0
85.77333333333334,27.718333333333334,660.0
85.77305555555556,27.718611111111112,660.0
85.77277777777778,27.718611111111112,659.0
85.77250000000001,27.718611111111112,659.0
85.77222222222223,27.718611111111112,659.0
85.77194444444444,27.718611111111112,659.0
85.77166666666668,27.718333333333334,658.0
85.7713888888889,27.71805555555556,658.0
85.77111111111111,27.71777777777778,657.0
85.77111111111111,27.7175,657.0
85.77083333333334,27.717222222222226,657.0
85.77083333333334,27.716944444444447,656.0
85.77055555555556,27.716944444444447,656.0
85.77027777777778,27.71666666666667,656.0
85.77000000000001,27.71638888888889,656.0
85.77000000000001,27.716111111111115,655.0
85.76972222222223,27.715833333333336,655.0
85.76972222222223,27.715555555555557,655.0
85.76972222222223,27.71527777777778,654.0
85.76972222222223,27.715000000000003,654.0
85.76972222222223,27.714722222222225,654.0
85.76944444444445,27.714444444444446,654.0
85.76916666666668,27.714166666666667,653.0
85.76916666666668,27.713888888888892,653.0
85.76916666666668,27.713611111111113,653.0
85.76916666666668,27.713333333333335,653.0
85.76916666666668,27.713055555555556,653.0
85.7688888888889,27.71277777777778,653.0
85.76861111111111,27.712500000000002,653.0
85.76833333333335,27.712222222222223,653.0
85.76805555555556,27.71194444444445,652.0
85.76777777777778,27.71166666666667,652.0
85.7675,27.71166666666667,652.0
85.76722222222223,27.71166666666667,652.0
85.76694444444445,27.71138888888889,652.0
85.76666666666667,27.71138888888889,652.0
85.7663888888889,27.71138888888889,652.0
85.76611111111112,27.71138888888889,652.0
85.76583333333333,27.71138888888889,652.0
85.76555555555557,27.71138888888889,651.0
85.76527777777778,27.71138888888889,651.0
85.765,27.711111111111112,651.0
85.76472222222223,27.711111111111112,651.0
85.76444444444445,27.710833333333337,651.0
85.76416666666667,27.71055555555556,651.0
85.7638888888889,27.71027777777778,651.0
85.76361111111112,27.71,650.0
85.76333333333334,27.709722222222226,650.0
85.76305555555557,27.709444444444447,650.0
85.76277777777779,27.70916666666667,650.0
85.76277777777779,27.70888888888889,650.0
85.7625,27.708611111111114,650.0
85.7625,27.708333333333336,650.0
85.7625,27.708055555555557,650.0
85.7625,27.70777777777778,649.0
85.7625,27.707500000000003,649.0
85.7625,27.707222222222224,649.0
85.7625,27.706944444444446,649.0
85.76277777777779,27.706666666666667,649.0
85.76305555555557,27.706388888888892,649.0
85.76333333333334,27.706111111111113,649.0
85.76333333333334,27.705833333333334,648.0
85.76361111111112,27.70555555555556,648.0
85.76361111111112,27.70527777777778,648.0
85.76361111111112,27.705000000000002,648.0
85.76361111111112,27.704722222222223,648.0
85.76333333333334,27.704444444444448,648.0
85.76305555555557,27.70416666666667,648.0
85.76277777777779,27.70388888888889,648.0
85.7625,27.703611111111112,647.0
85.76222222222222,27.703611111111112,647.0
85.76194444444445,27.703333333333337,647.0
85.76166666666667,27.703333333333337,647.0
85.76138888888889,27.703333333333337,647.0
85.76111111111112,27.703333333333337,647.0
85.76083333333334,27.703333333333337,647.0
85.76055555555556,27.703333333333337,647.0
85.76027777777779,27.703333333333337,647.0
85.76,27.703333333333337,646.0
85.75972222222222,27.703333333333337,646.0
85.75944444444445,27.703333333333337,646.0
85.75916666666667,27.703333333333337,646.0
85.75888888888889,27.703055555555558,646.0
85.75861111111112,27.703055555555558,646.0
85.75833333333334,27.703055555555558,646.0
85.75805555555556,27.703055555555558,646.0
85.75777777777779,27.703055555555558,645.0
85.75750000000001,27.703055555555558,645.0
85.75722222222223,27.703055555555558,645.0
85.75694444444444,27.703055555555558,645.0
85.75666666666667,27.703055555555558,645.0
85.75638888888889,27.703055555555558,645.0
85.75611111111111,27.70277777777778,645.0
85.75583333333334,27.7025,645.0
85.75555555555556,27.702222222222225,645.0
85.75527777777778,27.701944444444447,644.0
85.75527777777778,27.701666666666668,644.0
85.75527777777778,27.70138888888889,644.0
85.75527777777778,27.701111111111114,644.0
85.75527777777778,27.700833333333335,644.0
85.75500000000001,27.700555555555557,644.0
85.75500000000001,27.700277777777778,644.0
85.75500000000001,27.700000000000003,644.0
85.75472222222223,27.699722222222224,643.0
85.75472222222223,27.699444444444445,643.0
85.75444444444445,27.69916666666667,643.0
85.75444444444445,27.69888888888889,643.0
85.75416666666668,27.698611111111113,643.0
85.7538888888889,27.698333333333334,643.0
85.75361111111111,27.69805555555556,643.0
85.75333333333334,27.69777777777778,642.0
85.75305555555556,27.69777777777778,642.0
85.75277777777778,27.6975,642.0
85.75250000000001,27.697222222222223,642.0
85.75222222222223,27.697222222222223,642.0
85.75194444444445,27.696944444444448,642.0
85.75166666666667,27.696944444444448,642.0
85.7513888888889,27.696944444444448,642.0
85.75111111111111,27.696944444444448,641.0
85.75083333333333,27.696944444444448,641.0
85.75055555555556,27.696944444444448,641.0
85.75027777777778,27.69666666666667,641.0
85.75,27.69666666666667,641.0
85.74972222222223,27.69638888888889,641.0
85.74944444444445,27.69611111111111,641.0
85.74916666666667,27.695833333333336,641.0
85.7488888888889,27.695555555555558,641.0
85.74861111111112,27.69527777777778,640.0
85.74861111111112,27.695,640.0
85.74861111111112,27.694722222222225,640.0
85.74833333333333,27.694444444444446,640.0
85.74805555555557,27.694166666666668,640.0
85.74777777777778,27.693888888888893,640.0
85.7475,27.693611111111114,640.0
85.74722222222223,27.693333333333335,640.0
85.74694444444445,27.693055555555556,640.0
85.74666666666667,27.69277777777778,640.0
85.74638888888889,27.692500000000003,639.0
85.74611111111112,27.692222222222224,639.0
85.74583333333334,27.691944444444445,639.0
85.74555555555555,27.69166666666667,639.0
85.74527777777779,27.69138888888889,639.0
85.745,27.691111111111113,639.0
85.74472222222222,27.690833333333334,639.0
85.74444444444445,27.69055555555556,639.0
85.74416666666667,27.69027777777778,639.0
85.74416666666667,27.69,638.0
85.74388888888889,27.689722222222223,638.0
85.74388888888889,27.689444444444447,638.0
85.74388888888889,27.68916666666667,638.0
85.74361111111112,27.68888888888889,638.0
85.74361111111112,27.688611111111115,638.0
85.74333333333334,27.688333333333336,638.0
85.74305555555556,27.688055555555557,638.0
85.74277777777779,27.68777777777778,638.0
85.7425,27.687500000000004,638.0
85.74222222222222,27.68777777777778,638.0
85.74194444444446,27.68777777777778,637.0
85.74166666666667,27.68777777777778,637.0
85.74138888888889,27.68777777777778,637.0
85.74111111111111,27.68777777777778,637.0
85.74083333333334,27.68777777777778,637.0
85.74055555555556,27.68777777777778,637.0
85.74027777777778,27.68777777777778,637.0
85.74000000000001,27.687500000000004,637.0
85.73972222222223,27.687222222222225,637.0
85.73944444444444,27.686944444444446,637.0
85.73916666666668,27.686666666666667,637.0
85.73916666666668,27.686388888888892,636.0
85.7388888888889,27.686111111111114,636.0
85.7388888888889,27.685833333333335,636.0
85.73861111111111,27.685555555555556,636.0
85.73833333333334,27.68527777777778,636.0
85.73805555555556,27.685000000000002,636.0
85.73805555555556,27.684722222222224,636.0
85.73777777777778,27.684444444444445,636.0
85.73750000000001,27.68416666666667,636.0
85.73722222222223,27.68388888888889,636.0
85.73694444444445,27.683611111111112,635.0
85.73666666666668,27.683611111111112,635.0
85.7363888888889,27.683333333333337,635.0
85.73611111111111,27.68305555555556,635.0
85.73583333333333,27.68277777777778,635.0
85.73555555555556,27.68277777777778,635.0
85.73527777777778,27.6825,635.0
85.735,27.6825,635.0
85.73472222222223,27.6825,635.0
85.73444444444445,27.682222222222226,635.0
85.73416666666667,27.682222222222226,635.0
85.7338888888889,27.681944444444447,634.0
85.73361111111112,27.681944444444447,634.0
85.73333333333333,27.681944444444447,634.0
85.73305555555557,27.681944444444447,634.0
85.73277777777778,27.68166666666667,634.0
85.7325,27.68138888888889,634.0
85.73222222222223,27.681111111111115,634.0
85.73194444444445,27.680833333333336,634.0
85.73166666666667,27.680555555555557,634.0
85.7313888888889,27.68027777777778,634.0
85.73111111111112,27.680000000000003,633.0
85.73111111111112,27.679722222222225,633.0
85.73083333333334,27.679444444444446,633.0
85.73083333333334,27.679166666666667,633.0
85.73083333333334,27.678888888888892,633.0
85.73083333333334,27.678611111111113,633.0
85.73083333333334,27.678333333333335,633.0
85.73083333333334,27.67805555555556,633.0
85.73083333333334,27.67777777777778,633.0
85.73083333333334,27.677500000000002,633.0
85.73083333333334,27.677222222222223,633.0
85.73055555555555,27.676944444444448,633.0
85.73055555555555,27.67666666666667,632.0
85.73055555555555,27.67638888888889,632.0
85.73055555555555,27.676111111111112,632.0
85.73055555555555,27.675833333333337,632.0
85.73055555555555,27.675555555555558,632.0
85.73055555555555,27.67527777777778,632.0
85.73055555555555,27.675,632.0
85.73083333333334,27.674722222222226,632.0
85.73083333333334,27.674444444444447,632.0
85.73083333333334,27.674166666666668,632.0
85.73083333333334,27.67388888888889,632.0
85.73083333333334,27.673611111111114,632.0
85.73083333333334,27.673333333333336,631.0
85.73083333333334,27.673055555555557,631.0
85.73083333333334,27.672777777777778,631.0
85.73083333333334,27.672500000000003,631.0
85.73083333333334,27.672222222222224,631.0
85.73083333333334,27.671944444444446,631.0
85.73083333333334,27.67166666666667,631.0
85.73083333333334,27.67138888888889,631.0
85.73083333333334,27.671111111111113,631.0
85.73083333333334,27.670833333333334,631.0
85.73083333333334,27.67055555555556,631.0
85.73083333333334,27.67027777777778,630.0
85.73055555555555,27.67027777777778,630.0
85.73027777777779,27.67,630.0
85.73,27.669722222222223,630.0
85.72972222222222,27.669444444444448,630.0
85.72944444444445,27.66916666666667,630.0
85.72916666666667,27.66916666666667,630.0
85.72888888888889,27.66916666666667,630.0
85.72861111111112,27.66916666666667,630.0
85.72833333333334,27.66888888888889,630.0
85.72805555555556,27.66861111111111,629.0
85.72777777777779,27.668333333333337,629.0
85.7275,27.668333333333337,629.0
85.72722222222222,27.668055555555558,629.0
85.72694444444446,27.66777777777778,629.0
85.72666666666667,27.6675,629.0
85.72638888888889,27.667222222222225,629.0
85.72611111111112,27.666944444444447,629.0
85.72583333333334,27.666666666666668,629.0
85.72555555555556,27.66638888888889,628.0
85.72555555555556,27.666111111111114,628.0
85.72555555555556,27.665833333333335,628.0
85.72555555555556,27.665555555555557,628.0
85.72555555555556,27.66527777777778,628.0
85.72555555555556,27.665000000000003,628.0
85.72555555555556,27.664722222222224,628.0
85.72555555555556,27.664444444444445,628.0
85.72527777777778,27.66416666666667,628.0
85.72500000000001,27.66388888888889,628.0
85.72472222222223,27.663611111111113,628.0
85.72444444444444,27.663333333333334,627.0
85.72444444444444,27.66305555555556,627.0
85.72416666666668,27.66277777777778,627.0
85.7238888888889,27.6625,627.0
85.72361111111111,27.662222222222223,627.0
85.72333333333334,27.661944444444448,627.0
85.72305555555556,27.661944444444448,627.0
85.72277777777778,27.661944444444448,627.0
85.72250000000001,27.66166666666667,627.0
85.72222222222223,27.66166666666667,627.0
85.72194444444445,27.66166666666667,627.0
85.72166666666668,27.66166666666667,626.0
85.7213888888889,27.66166666666667,626.0
85.72111111111111,27.66166666666667,626.0
85.72083333333335,27.66166666666667,626.0
85.72055555555556,27.66138888888889,626.0
85.72027777777778,27.66138888888889,626.0
85.72,27.66138888888889,626.0
85.71972222222223,27.66111111111111,626.0
85.71944444444445,27.660833333333336,626.0
85.71916666666667,27.660555555555558,626.0
85.7188888888889,27.66027777777778,626.0
85.71861111111112,27.660000000000004,625.0
85.71861111111112,27.659722222222225,625.0
85.71861111111112,27.659444444444446,625.0
85.71861111111112,27.659166666666668,625.0
85.71833333333333,27.658888888888892,625.0
85.71833333333333,27.658611111111114,625.0
85.71805555555557,27.658333333333335,625.0
85.71777777777778,27.658055555555556,625.0
85.7175,27.65777777777778,625.0
85.71722222222223,27.657500000000002,625.0
85.71694444444445,27.657222222222224,624.0
85.71666666666667,27.656944444444445,624.0
85.7163888888889,27.656944444444445,624.0
85.71611111111112,27.65666666666667,624.0
85.71583333333334,27.65666666666667,624.0
85.71555555555557,27.65666666666667,624.0
85.71527777777779,27.65666666666667,624.0
85.715,27.65638888888889,624.0
85.71472222222222,27.65638888888889,624.0
85.71444444444445,27.656111111111112,624.0
85.71416666666667,27.655833333333334,624.0
85.71388888888889,27.65555555555556,623.0
85.71361111111112,27.65555555555556,623.0
85.71333333333334,27.65527777777778,623.0
85.71305555555556,27.655,623.0
85.71277777777779,27.654722222222226,623.0
85.7125,27.654444444444447,623.0
85.71222222222222,27.65416666666667,623.0
85.71222222222222,27.65388888888889,623.0
85.71194444444446,27.653611111111115,623.0
85.71194444444446,27.653333333333336,623.0
85.71194444444446,27.653055555555557,622.0
85.71194444444446,27.65277777777778,622.0
85.71222222222222,27.652500000000003,622.0
85.7125,27.652222222222225,622.0
85.71277777777779,27.651944444444446,622.0
85.71305555555556,27.651666666666667,622.0
85.71333333333334,27.651388888888892,622.0
85.71361111111112,27.651111111111113,622.0
85.71388888888889,27.650833333333335,621.0
85.71388888888889,27.650555555555556,621.0
85.71388888888889,27.65027777777778,621.0
85.71416666666667,27.650000000000002,621.0
85.71444444444445,27.649722222222223,621.0
85.71472222222222,27.64944444444445,621.0
85.715,27.64916666666667,621.0
85.71527777777779,27.64888888888889,621.0
85.71555555555557,27.648611111111112,621.0
85.71583333333334,27.648333333333337,621.0
85.71611111111112,27.64805555555556,620.0
85.71611111111112,27.64777777777778,620.0
85.71611111111112,27.6475,620.0
85.71611111111112,27.647222222222226,620.0
85.71611111111112,27.646944444444447,620.0
85.71611111111112,27.64666666666667,620.0
85.71611111111112,27.64638888888889,620.0
85.71611111111112,27.646111111111114,620.0
85.71611111111112,27.645833333333336,620.0
85.71611111111112,27.645555555555557,620.0
85.71611111111112,27.64527777777778,620.0
85.71611111111112,27.645000000000003,620.0
85.71611111111112,27.644722222222224,619.0
85.71611111111112,27.644444444444446,619.0
85.71611111111112,27.644166666666667,619.0
85.71583333333334,27.643888888888892,619.0
85.71555555555557,27.643611111111113,619.0
85.71527777777779,27.643333333333334,619.0
85.715,27.64305555555556,619.0
85.71472222222222,27.64277777777778,619.0
85.71444444444445,27.642500000000002,619.0
85.71416666666667,27.642222222222223,619.0
85.71388888888889,27.641944444444448,618.0
85.71361111111112,27.641944444444448,618.0
85.71333333333334,27.641944444444448,618.0
85.71305555555556,27.641944444444448,618.0
85.71277777777779,27.641944444444448,618.0
85.7125,27.64166666666667,618.0
85.71222222222222,27.64166666666667,618.0
85.71194444444446,27.64166666666667,618.0
85.71166666666667,27.64166666666667,618.0
85.71138888888889,27.64166666666667,618.0
85.71111111111112,27.64166666666667,618.0
85.71083333333334,27.64166666666667,618.0
85.71055555555556,27.64166666666667,618.0
85.71027777777778,27.64138888888889,617.0
85.71000000000001,27.641111111111112,617.0
85.70972222222223,27.640833333333337,617.0
85.70944444444444,27.640555555555558,617.0
85.70916666666668,27.64027777777778,617.0
85.70916666666668,27.64,617.0
85.7088888888889,27.639722222222225,617.0
85.7088888888889,27.639444444444447,617.0
85.7088888888889,27.639166666666668,617.0
85.7088888888889,27.63888888888889,617.0
85.7088888888889,27.638611111111114,616.0
85.7088888888889,27.638333333333335,616.0
85.7088888888889,27.638055555555557,616.0
85.7088888888889,27.637777777777778,616.0
85.7088888888889,27.637500000000003,616.0
85.7088888888889,27.637222222222224,616.0
85.7088888888889,27.636944444444445,616.0
85.7088888888889,27.63666666666667,616.0
85.70916666666668,27.63638888888889,616.0
85.70944444444444,27.636111111111113,616.0
85.70972222222223,27.635833333333334,616.0
85.71000000000001,27.63555555555556,615.0
85.71000000000001,27.63527777777778,615.0
85.71000000000001,27.635,615.0
85.71000000000001,27.634722222222223,615.0
85.71000000000001,27.634444444444448,615.0
85.71000000000001,27.63416666666667,615.0
85.71000000000001,27.63388888888889,615.0
85.71027777777778,27.63361111111111,615.0
85.71027777777778,27.633333333333336,615.0
85.71055555555556,27.633055555555558,615.0
85.71083333333334,27.63277777777778,615.0
85.71111111111112,27.6325,615.0
85.71138888888889,27.632222222222225,615.0
85.71166666666667,27.631944444444446,615.0
85.71194444444446,27.631666666666668,614.0
85.71194444444446,27.631388888888893,614.0
85.71194444444446,27.631111111111114,614.0
85.71194444444446,27.630833333333335,614.0
85.71194444444446,27.630555555555556,614.0
85.71194444444446,27.63027777777778,614.0
85.71194444444446,27.630000000000003,614.0
85.71222222222222,27.629722222222224,614.0
85.7125,27.629444444444445,614.0
85.7125,27.62916666666667,614.0
85.71277777777779,27.62888888888889,614.0
85.71305555555556,27.628611111111113,614.0
85.71333333333334,27.628333333333334,613.0
85.71333333333334,27.62805555555556,613.0
85.71333333333334,27.62777777777778,613.0
85.71333333333334,27.6275,613.0
85.71361111111112,27.627222222222223,613.0
85.71361111111112,27.626944444444447,613.0
85.71361111111112,27.62666666666667,613.0
85.71361111111112,27.62638888888889,613.0
85.71361111111112,27.626111111111115,613.0
85.71361111111112,27.625833333333336,613.0
85.71361111111112,27.625555555555557,613.0
85.71361111111112,27.62527777777778,613.0
85.71361111111112,27.625000000000004,613.0
85.71361111111112,27.624722222222225,613.0
85.71361111111112,27.624444444444446,613.0
85.71361111111112,27.624166666666667,613.0
85.71361111111112,27.623888888888892,613.0
85.71361111111112,27.623611111111114,613.0
85.71361111111112,27.623333333333335,613.0
85.71361111111112,27.623055555555556,613.0
85.71388888888889,27.62277777777778,612.0
85.71416666666667,27.622500000000002,612.0
85.71444444444445,27.622222222222224,612.0
85.71472222222222,27.621944444444445,612.0
85.715,27.62166666666667,612.0
85.71527777777779,27.62138888888889,612.0
85.71555555555557,27.621111111111112,612.0
85.71583333333334,27.620833333333337,612.0
85.71611111111112,27.62055555555556,612.0
85.7163888888889,27.62027777777778,612.0
85.71666666666667,27.62,612.0
85.71694444444445,27.619722222222226,612.0
85.71722222222223,27.619444444444447,611.0
85.71722222222223,27.61916666666667,611.0
85.71722222222223,27.61888888888889,611.0
85.71722222222223,27.618611111111115,611.0
85.71722222222223,27.618333333333336,611.0
85.71722222222223,27.618055555555557,611.0
85.71722222222223,27.61777777777778,611.0
85.71722222222223,27.617500000000003,611.0
85.71722222222223,27.617222222222225,611.0
85.71722222222223,27.616944444444446,611.0
85.71722222222223,27.616666666666667,611.0
85.7175,27.616388888888892,611.0
85.7175,27.616111111111113,611.0
85.7175,27.615833333333335,611.0
85.7175,27.61555555555556,611.0
85.7175,27.61527777777778,610.0
85.7175,27.615000000000002,610.0
85.71777777777778,27.614722222222223,610.0
85.71805555555557,27.614444444444448,610.0
85.71833333333333,27.61416666666667,610.0
85.71861111111112,27.61388888888889,610.0
85.7188888888889,27.613611111111112,610.0
85.71916666666667,27.613333333333337,610.0
85.71944444444445,27.613055555555558,610.0
85.71972222222223,27.61277777777778,610.0
85.72,27.6125,610.0
85.72027777777778,27.612222222222226,609.0
85.72027777777778,27.611944444444447,609.0
85.72027777777778,27.611666666666668,609.0
85.72055555555556,27.61138888888889,609.0
85.72083333333335,27.611111111111114,609.0
85.72111111111111,27.610833333333336,609.0
85.7213888888889,27.610555555555557,609.0
85.72166666666668,27.610277777777778,609.0
85.72166666666668,27.610000000000003,609.0
85.72166666666668,27.609722222222224,609.0
85.72166666666668,27.609444444444446,609.0
85.72194444444445,27.60916666666667,609.0
85.72194444444445,27.60888888888889,608.0
85.72194444444445,27.608611111111113,608.0
85.72194444444445,27.608333333333334,608.0
85.72194444444445,27.60805555555556,608.0
85.72194444444445,27.60777777777778,608.0
85.72194444444445,27.6075,608.0
85.72222222222223,27.607222222222223,608.0
85.72222222222223,27.606944444444448,608.0
85.72222222222223,27.60666666666667,608.0
85.72250000000001,27.60638888888889,608.0
85.72277777777778,27.60611111111111,608.0
85.72305555555556,27.605833333333337,608.0
85.72333333333334,27.605555555555558,608.0
85.72361111111111,27.60527777777778,607.0
85.72361111111111,27.605,607.0
85.72361111111111,27.604722222222225,607.0
85.72361111111111,27.604444444444447,607.0
85.7238888888889,27.604166666666668,607.0
85.72416666666668,27.60388888888889,607.0
85.72444444444444,27.603611111111114,607.0
85.72472222222223,27.603333333333335,607.0
85.72472222222223,27.603055555555557,607.0
85.72472222222223,27.60277777777778,607.0
85.72472222222223,27.602500000000003,607.0
85.72472222222223,27.602222222222224,607.0
85.72472222222223,27.601944444444445,607.0
85.72472222222223,27.60166666666667,606.0
85.72472222222223,27.60138888888889,606.0
85.72472222222223,27.601111111111113,606.0
85.72472222222223,27.600833333333334,606.0
85.72472222222223,27.60055555555556,606.0
85.72472222222223,27.60027777777778,606.0
85.72444444444444,27.6,606.0
85.72416666666668,27.599722222222223,606.0
85.7238888888889,27.599444444444448,606.0
85.72361111111111,27.59916666666667,606.0
85.72333333333334,27.59888888888889,606.0
85.72305555555556,27.59861111111111,605.0
85.72277777777778,27.598333333333336,605.0
85.72250000000001,27.598055555555558,605.0
85.72222222222223,27.59777777777778,605.0
85.72194444444445,27.597500000000004,605.0
85.72166666666668,27.597222222222225,605.0
85.7213888888889,27.596944444444446,605.0
85.72111111111111,27.596666666666668,605.0
85.72083333333335,27.596388888888892,605.0
85.72055555555556,27.596111111111114,605.0
85.72027777777778,27.595833333333335,605.0
85.72,27.595555555555556,604.0
85.72,27.59527777777778,604.0
85.72,27.595000000000002,604.0
85.72,27.594722222222224,604.0
85.72,27.594444444444445,604.0
85.72,27.59416666666667,604.0
85.72,27.59388888888889,604.0
85.72,27.593611111111112,604.0
85.72027777777778,27.593333333333334,604.0
85.72055555555556,27.59305555555556,604.0
85.72083333333335,27.59277777777778,604.0
85.72111111111111,27.5925,604.0
85.7213888888889,27.592222222222226,604.0
85.72166666666668,27.591944444444447,603.0
85.72166666666668,27.59166666666667,603.0
85.72166666666668,27.59138888888889,603.0
85.72166666666668,27.591111111111115,603.0
85.72166666666668,27.590833333333336,603.0
85.72194444444445,27.590555555555557,603.0
85.72222222222223,27.59027777777778,603.0
85.72250000000001,27.590000000000003,603.0
85.72277777777778,27.589722222222225,603.0
85.72305555555556,27.589444444444446,603.0
85.72333333333334,27.589166666666667,603.0
85.72361111111111,27.588888888888892,602.0
85.7238888888889,27.588888888888892,602.0
85.72416666666668,27.588888888888892,602.0
85.72444444444444,27.588888888888892,602.0
85.72472222222223,27.588611111111113,602.0
85.72500000000001,27.588611111111113,602.0
85.72527777777778,27.588333333333335,602.0
85.72555555555556,27.588055555555556,602.0
85.72583333333334,27.58777777777778,602.0
85.72611111111112,27.587500000000002,602.0
85.72638888888889,27.587222222222223,601.0
85.72666666666667,27.587222222222223,601.0
85.72694444444446,27.587222222222223,601.0
85.72722222222222,27.587222222222223,601.0
85.7275,27.587222222222223,601.0
85.72777777777779,27.587222222222223,601.0
85.72805555555556,27.587222222222223,601.0
85.72833333333334,27.58694444444445,601.0
85.72861111111112,27.58666666666667,601.0
85.72888888888889,27.58638888888889,601.0
85.72916666666667,27.586111111111112,600.0
85.72944444444445,27.585833333333337,600.0
85.72972222222222,27.58555555555556,600.0
85.73,27.58527777777778,600.0
85.73027777777779,27.585,600.0
85.73027777777779,27.584722222222226,600.0
85.73055555555555,27.584444444444447,600.0
85.73083333333334,27.58416666666667,600.0
85.73083333333334,27.58388888888889,599.0
85.73111111111112,27.583611111111114,599.0
85.73111111111112,27.583333333333336,599.0
85.7313888888889,27.583055555555557,599.0
85.73166666666667,27.58277777777778,599.0
85.73194444444445,27.582500000000003,599.0
85.73222222222223,27.582222222222224,599.0
85.7325,27.581944444444446,599.0
85.7325,27.581666666666667,599.0
85.7325,27.581388888888892,598.0
85.7325,27.581111111111113,598.0
85.7325,27.580833333333334,598.0
85.7325,27.58055555555556,598.0
85.7325,27.58027777777778,598.0
85.7325,27.580000000000002,598.0
85.73222222222223,27.579722222222223,598.0
85.73222222222223,27.579444444444448,598.0
85.73194444444445,27.57916666666667,598.0
85.73194444444445,27.57888888888889,598.0
85.73166666666667,27.578611111111112,597.0
85.73166666666667,27.578333333333337,597.0
85.7313888888889,27.578055555555558,597.0
85.7313888888889,27.57777777777778,597.0
85.7313888888889,27.5775,597.0
85.7313888888889,27.577222222222225,597.0
85.73111111111112,27.576944444444447,597.0
85.73111111111112,27.576666666666668,597.0
85.73111111111112,27.57638888888889,597.0
85.73111111111112,27.576111111111114,597.0
85.7313888888889,27.575833333333335,596.0
85.7313888888889,27.575555555555557,596.0
85.73166666666667,27.575277777777778,596.0
85.73194444444445,27.575000000000003,596.0
85.73222222222223,27.574722222222224,596.0
85.7325,27.574444444444445,596.0
85.73277777777778,27.57416666666667,596.0
85.73277777777778,27.57388888888889,596.0
85.73277777777778,27.573611111111113,595.0
85.73305555555557,27.573333333333334,595.0
85.73305555555557,27.57305555555556,595.0
85.73305555555557,27.57277777777778,595.0
85.73305555555557,27.5725,595.0
85.73305555555557,27.572222222222223,595.0
85.73305555555557,27.571944444444448,595.0
85.73305555555557,27.57166666666667,595.0
85.73305555555557,27.57138888888889,595.0
85.73333333333333,27.57111111111111,595.0
85.73361111111112,27.570833333333336,594.0
85.73361111111112,27.570555555555558,594.0
85.7338888888889,27.57027777777778,594.0
85.73416666666667,27.57,594.0
85.73416666666667,27.569722222222225,594.0
85.73444444444445,27.569444444444446,594.0
85.73472222222223,27.569166666666668,594.0
85.735,27.568888888888893,594.0
85.735,27.568611111111114,594.0
85.73527777777778,27.568333333333335,593.0
85.73527777777778,27.568055555555556,593.0
85.73527777777778,27.56777777777778,593.0
85.73527777777778,27.567500000000003,593.0
85.73527777777778,27.567222222222224,593.0
85.73527777777778,27.566944444444445,593.0
85.73527777777778,27.56666666666667,593.0
85.73527777777778,27.56638888888889,593.0
85.735,27.566111111111113,593.0
85.73472222222223,27.565833333333334,592.0
85.73472222222223,27.56555555555556,592.0
85.73472222222223,27.56527777777778,592.0
85.73472222222223,27.565,592.0
85.73472222222223,27.564722222222223,592.0
85.73472222222223,27.564444444444447,592.0
85.73472222222223,27.56416666666667,592.0
85.73472222222223,27.56388888888889,592.0
85.73472222222223,27.563611111111115,592.0
85.73472222222223,27.563333333333336,592.0
85.73472222222223,27.563055555555557,592.0
85.735,27.56277777777778,591.0
85.735,27.562500000000004,591.0
85.73527777777778,27.562222222222225,591.0
85.73555555555556,27.561944444444446,591.0
85.73583333333333,27.561666666666667,591.0
85.73611111111111,27.561388888888892,591.0
85.7363888888889,27.561111111111114,591.0
85.73666666666668,27.560833333333335,591.0
85.73694444444445,27.560555555555556,591.0
85.73722222222223,27.56027777777778,590.0
85.73750000000001,27.56027777777778,590.0
85.73777777777778,27.560000000000002,590.0
85.73805555555556,27.559722222222224,590.0
85.73833333333334,27.559444444444445,590.0
85.73861111111111,27.559444444444445,590.0
85.7388888888889,27.55916666666667,590.0
85.73916666666668,27.55888888888889,590.0
85.73944444444444,27.558611111111112,590.0
85.73972222222223,27.558333333333337,589.0
85.74000000000001,27.558333333333337,589.0
85.74027777777778,27.558333333333337,589.0
85.74055555555556,27.558333333333337,589.0
85.74083333333334,27.55805555555556,589.0
85.74111111111111,27.55805555555556,589.0
85.74138888888889,27.55805555555556,589.0
85.74166666666667,27.55777777777778,589.0
85.74194444444446,27.55777777777778,589.0
85.74222222222222,27.55777777777778,589.0
85.7425,27.55777777777778,589.0
85.74277777777779,27.55777777777778,588.0
85.74305555555556,27.5575,588.0
85.74333333333334,27.5575,588.0
85.74361111111112,27.5575,588.0
85.74388888888889,27.557222222222226,588.0
85.74416666666667,27.557222222222226,588.0
85.74444444444445,27.556944444444447,588.0
85.74472222222222,27.556944444444447,588.0
85.745,27.55666666666667,588.0
85.74527777777779,27.55638888888889,588.0
85.74555555555555,27.556111111111115,587.0
85.74583333333334,27.556111111111115,587.0
85.74611111111112,27.555833333333336,587.0
85.74638888888889,27.555555555555557,587.0
85.74666666666667,27.55527777777778,587.0
85.74694444444445,27.555000000000003,587.0
85.74722222222223,27.554722222222225,587.0
85.7475,27.554722222222225,587.0
85.74777777777778,27.554722222222225,587.0
85.74805555555557,27.554444444444446,586.0
85.74833333333333,27.554444444444446,586.0
85.74861111111112,27.554444444444446,586.0
85.7488888888889,27.554444444444446,586.0
85.74916666666667,27.554166666666667,586.0
85.74944444444445,27.554166666666667,586.0
85.74972222222223,27.553888888888892,586.0
85.75,27.553611111111113,586.0
85.75027777777778,27.553333333333335,586.0
85.75055555555556,27.55305555555556,586.0
85.75083333333333,27.55277777777778,585.0
85.75111111111111,27.55277777777778,585.0
85.7513888888889,27.55277777777778,585.0
85.75166666666667,27.55277777777778,585.0
85.75194444444445,27.552500000000002,585.0
85.75222222222223,27.552222222222223,585.0
85.75250000000001,27.551944444444448,585.0
85.75277777777778,27.55166666666667,585.0
85.75305555555556,27.55138888888889,585.0
85.75333333333334,27.551111111111112,584.0
85.75361111111111,27.550833333333337,584.0
85.7538888888889,27.550555555555558,584.0
85.75416666666668,27.55027777777778,584.0
85.75444444444445,27.55,584.0
85.75472222222223,27.549722222222226,584.0
85.75500000000001,27.549444444444447,584.0
85.75527777777778,27.549166666666668,584.0
85.75555555555556,27.54888888888889,583.0
85.75583333333334,27.54888888888889,583.0
85.75611111111111,27.548611111111114,583.0
85.75638888888889,27.548333333333336,583.0
85.75666666666667,27.548055555555557,583.0
85.75694444444444,27.547777777777778,583.0
85.75722222222223,27.547500000000003,583.0
85.75750000000001,27.547222222222224,582.0
85.75777777777779,27.547222222222224,582.0
85.75805555555556,27.546944444444446,582.0
85.75833333333334,27.54666666666667,582.0
85.75861111111112,27.54666666666667,582.0
85.75888888888889,27.54666666666667,582.0
85.75916666666667,27.54666666666667,582.0
85.75944444444445,27.54666666666667,582.0
85.75972222222222,27.54666666666667,582.0
85.76,27.54666666666667,581.0
85.76027777777779,27.54666666666667,581.0
85.76055555555556,27.54666666666667,581.0
85.76083333333334,27.54666666666667,581.0
85.76111111111112,27.54666666666667,581.0
85.76138888888889,27.54666666666667,581.0
85.76166666666667,27.54638888888889,581.0
85.76194444444445,27.546111111111113,581.0
85.76222222222222,27.545833333333334,581.0
85.7625,27.54555555555556,580.0
85.7625,27.54527777777778,580.0
85.7625,27.545,580.0
85.7625,27.544722222222223,580.0
85.7625,27.544444444444448,580.0
85.76277777777779,27.54416666666667,580.0
85.76305555555557,27.54388888888889,580.0
85.76333333333334,27.54361111111111,580.0
85.76361111111112,27.543333333333337,579.0
85.7638888888889,27.543333333333337,579.0
85.76416666666667,27.543333333333337,579.0
85.76444444444445,27.543055555555558,579.0
85.76472222222223,27.54277777777778,579.0
85.765,27.54277777777778,579.0
85.76527777777778,27.5425,579.0
85.76555555555557,27.5425,579.0
85.76583333333333,27.542222222222225,579.0
85.76611111111112,27.542222222222225,579.0
85.7663888888889,27.542222222222225,578.0
85.76666666666667,27.542222222222225,578.0
85.76694444444445,27.542222222222225,578.0
85.76722222222223,27.542222222222225,578.0
85.7675,27.542222222222225,578.0
85.76777777777778,27.542222222222225,578.0
85.76805555555556,27.542222222222225,578.0
85.76833333333335,27.542222222222225,578.0
85.76861111111111,27.542222222222225,578.0
85.7688888888889,27.542222222222225,578.0
85.76916666666668,27.541944444444447,578.0
85.76944444444445,27.541666666666668,578.0
85.76972222222223,27.54138888888889,578.0
85.77000000000001,27.54138888888889,578.0
85.77027777777778,27.54138888888889,577.0
85.77055555555556,27.54138888888889,577.0
85.77083333333334,27.54138888888889,577.0
85.77111111111111,27.541666666666668,577.0
85.7713888888889,27.541944444444447,577.0
85.77166666666668,27.542222222222225,577.0
85.77194444444444,27.5425,577.0
85.77194444444444,27.54277777777778,577.0
85.77222222222223,27.543055555555558,577.0
85.77250000000001,27.543333333333337,577.0
85.77277777777778,27.54361111111111,577.0
85.77305555555556,27.54388888888889,577.0
85.77305555555556,27.54416666666667,576.0
85.77333333333334,27.544444444444448,576.0
85.77361111111112,27.544722222222223,576.0
85.77388888888889,27.545,576.0
85.77416666666667,27.54527777777778,576.0
85.77444444444446,27.54555555555556,576.0
85.77472222222222,27.545833333333334,576.0
85.775,27.545833333333334,576.0
85.77527777777779,27.545833333333334,576.0
85.77555555555556,27.545833333333334,576.0
85.77583333333334,27.54555555555556,575.0
85.77611111111112,27.54555555555556,575.0
85.77638888888889,27.54555555555556,575.0
85.77666666666667,27.54555555555556,575.0
85.77694444444445,27.54527777777778,575.0
85.77722222222222,27.545,575.0
85.7775,27.544722222222223,575.0
85.77777777777779,27.544444444444448,575.0
85.77805555555557,27.54416666666667,575.0
85.77833333333334,27.54388888888889,575.0
85.77861111111112,27.54361111111111,575.0
85.77861111111112,27.543333333333337,575.0
85.7788888888889,27.543055555555558,574.0
85.77916666666667,27.54277777777778,574.0
85.77916666666667,27.5425,574.0
85.77916666666667,27.542222222222225,574.0
85.77916666666667,27.541944444444447,574.0
85.77916666666667,27.541666666666668,574.0
85.77916666666667,27.54138888888889,574.0
85.77916666666667,27.541111111111114,574.0
85.77944444444445,27.540833333333335,574.0
85.77944444444445,27.540555555555557,574.0
85.77972222222223,27.54027777777778,574.0
85.78,27.540000000000003,574.0
85.78027777777778,27.539722222222224,574.0
85.78055555555557,27.539444444444445,573.0
85.78055555555557,27.53916666666667,573.0
85.78055555555557,27.53888888888889,573.0
85.78055555555557,27.538611111111113,573.0
85.78083333333333,27.538333333333334,573.0
85.78111111111112,27.53805555555556,573.0
85.78111111111112,27.53777777777778,573.0
85.78111111111112,27.5375,573.0
85.78111111111112,27.537222222222223,573.0
85.78111111111112,27.536944444444448,573.0
85.78111111111112,27.53666666666667,573.0
85.78111111111112,27.53638888888889,573.0
85.78111111111112,27.53611111111111,573.0
85.78111111111112,27.535833333333336,572.0
85.7813888888889,27.535555555555558,572.0
85.7813888888889,27.53527777777778,572.0
85.7813888888889,27.535000000000004,572.0
85.7813888888889,27.534722222222225,572.0
85.78166666666667,27.534444444444446,572.0
85.78166666666667,27.534166666666668,572.0
85.78166666666667,27.533888888888892,572.0
85.78166666666667,27.533611111111114,572.0
85.78166666666667,27.533333333333335,572.0
85.78166666666667,27.533055555555556,572.0
85.78166666666667,27.53277777777778,572.0
85.78194444444445,27.532500000000002,572.0
85.78222222222223,27.532222222222224,571.0
85.78222222222223,27.531944444444445,571.0
85.78222222222223,27.53166666666667,571.0
85.78222222222223,27.53138888888889,571.0
85.78222222222223,27.531111111111112,571.0
85.78222222222223,27.530833333333334,571.0
85.78222222222223,27.53055555555556,571.0
85.78222222222223,27.53027777777778,571.0
85.78222222222223,27.53,571.0
85.78222222222223,27.529722222222226,571.0
85.7825,27.529444444444447,571.0
85.78277777777778,27.52916666666667,571.0
85.78277777777778,27.52888888888889,571.0
85.78277777777778,27.528611111111115,571.0
85.78277777777778,27.528333333333336,570.0
85.78305555555556,27.528333333333336,570.0
85.78333333333335,27.528055555555557,570.0
85.78361111111111,27.52777777777778,570.0
85.7838888888889,27.527500000000003,570.0
85.78416666666668,27.527222222222225,570.0
85.78444444444445,27.526944444444446,570.0
85.78472222222223,27.526666666666667,570.0
85.78500000000001,27.526388888888892,570.0
85.78500000000001,27.526111111111113,570.0
85.78527777777778,27.525833333333335,570.0
85.78555555555556,27.525555555555556,569.0
85.78583333333334,27.525555555555556,569.0
85.78611111111111,27.52527777777778,569.0
85.7863888888889,27.52527777777778,569.0
85.78666666666668,27.525000000000002,569.0
85.78694444444444,27.525000000000002,569.0
85.78722222222223,27.525000000000002,569.0
85.78750000000001,27.525000000000002,569.0
85.78777777777778,27.525000000000002,569.0
85.78805555555556,27.525000000000002,569.0
85.78833333333334,27.524722222222223,569.0
85.78861111111112,27.52444444444445,569.0
85.78888888888889,27.52416666666667,569.0
85.78916666666667,27.52388888888889,568.0
85.78944444444446,27.523611111111112,568.0
85.78972222222222,27.523333333333337,568.0
85.79,27.52305555555556,568.0
85.79027777777779,27.52277777777778,568.0
85.79055555555556,27.5225,568.0
85.79083333333334,27.522222222222226,568.0
85.79083333333334,27.521944444444447,568.0
85.79111111111112,27.52166666666667,568.0
85.79111111111112,27.52138888888889,568.0
85.79138888888889,27.521111111111114,568.0
85.79138888888889,27.520833333333336,567.0
85.79166666666667,27.520555555555557,567.0
85.79166666666667,27.52027777777778,567.0
85.79194444444445,27.520000000000003,567.0
85.79194444444445,27.519722222222224,567.0
85.79222222222222,27.519444444444446,567.0
85.7925,27.519166666666667,567.0
85.79277777777779,27.518888888888892,567.0
85.79305555555555,27.518611111111113,567.0
85.79333333333334,27.518333333333334,567.0
85.79333333333334,27.51805555555556,567.0
85.79361111111112,27.51777777777778,566.0
85.7938888888889,27.517500000000002,566.0
85.7938888888889,27.517222222222223,566.0
85.7938888888889,27.516944444444448,566.0
85.79416666666667,27.51666666666667,566.0
85.79416666666667,27.51638888888889,566.0
85.79416666666667,27.516111111111112,566.0
85.79416666666667,27.515833333333337,566.0
85.79416666666667,27.515555555555558,566.0
85.79416666666667,27.51527777777778,566.0
85.79416666666667,27.515,566.0
85.79416666666667,27.514722222222225,566.0
85.79416666666667,27.514444444444447,566.0
85.79416666666667,27.514166666666668,566.0
85.79416666666667,27.51388888888889,565.0
85.79416666666667,27.513611111111114,565.0
85.79416666666667,27.513333333333335,565.0
85.79416666666667,27.513055555555557,565.0
85.79416666666667,27.512777777777778,565.0
85.79416666666667,27.512500000000003,565.0
85.79416666666667,27.512222222222224,565.0
85.79416666666667,27.511944444444445,565.0
85.79416666666667,27.51166666666667,565.0
85.79416666666667,27.51138888888889,565.0
85.79416666666667,27.511111111111113,565.0
85.79416666666667,27.510833333333334,565.0
85.79416666666667,27.51055555555556,565.0
85.79416666666667,27.51027777777778,564.0
85.79416666666667,27.51,564.0
85.79416666666667,27.509722222222223,564.0
85.79416666666667,27.509444444444448,564.0
85.79416666666667,27.50916666666667,564.0
85.79416666666667,27.50888888888889,564.0
85.79416666666667,27.50861111111111,564.0
85.79416666666667,27.508333333333336,564.0
85.79416666666667,27.508055555555558,564.0
85.79444444444445,27.50777777777778,564.0
85.79472222222223,27.5075,564.0
85.795,27.507222222222225,564.0
85.79527777777778,27.506944444444446,563.0
85.79555555555557,27.506666666666668,563.0
85.79583333333333,27.506388888888893,563.0
85.79611111111112,27.506111111111114,563.0
85.7963888888889,27.505833333333335,563.0
85.79666666666667,27.505555555555556,563.0
85.79694444444445,27.50527777777778,563.0
85.79722222222223,27.505000000000003,563.0
85.7975,27.504722222222224,563.0
85.79722222222223,27.504444444444445,563.0
85.79694444444445,27.50416666666667,562.0
85.79666666666667,27.50388888888889,562.0
85.79666666666667,27.503611111111113,562.0
85.79666666666667,27.503333333333334,562.0
85.79666666666667,27.50305555555556,562.0
85.79666666666667,27.50277777777778,562.0
85.79666666666667,27.5025,562.0
85.79666666666667,27.502222222222223,561.0
85.79694444444445,27.501944444444447,561.0
85.79722222222223,27.50166666666667,561.0
85.7975,27.50138888888889,560.0
85.7975,27.501111111111115,560.0
85.79777777777778,27.500833333333336,560.0
85.79805555555556,27.500555555555557,560.0
85.79833333333333,27.50027777777778,559.0
85.79833333333333,27.500000000000004,559.0
85.79833333333333,27.499722222222225,559.0
85.79861111111111,27.499444444444446,559.0
85.7988888888889,27.499166666666667,558.0
85.79916666666668,27.498888888888892,558.0
85.79944444444445,27.498611111111114,558.0
85.79972222222223,27.498333333333335,558.0
85.80000000000001,27.498055555555556,557.0
85.80027777777778,27.498055555555556,557.0
85.80055555555556,27.49777777777778,557.0
85.80083333333334,27.497500000000002,557.0
85.80111111111111,27.497222222222224,556.0
85.80111111111111,27.496944444444445,556.0
85.80111111111111,27.49666666666667,556.0
85.80111111111111,27.49638888888889,556.0
85.80111111111111,27.496111111111112,556.0
85.8013888888889,27.495833333333337,555.0
85.80166666666668,27.49555555555556,555.0
85.80194444444444,27.49527777777778,555.0
85.80222222222223,27.495,555.0
85.80250000000001,27.494722222222226,554.0
85.80250000000001,27.494444444444447,554.0
85.80250000000001,27.49416666666667,554.0
85.80250000000001,27.49388888888889,554.0
85.80250000000001,27.493611111111115,554.0
85.80250000000001,27.493333333333336,554.0
85.80250000000001,27.493055555555557,553.0
85.80250000000001,27.49277777777778,553.0
85.80250000000001,27.492500000000003,553.0
85.80250000000001,27.492222222222225,553.0
85.80250000000001,27.491944444444446,552.0
85.80250000000001,27.491666666666667,552.0
85.80250000000001,27.491388888888892,552.0
85.80250000000001,27.491111111111113,552.0
85.80277777777778,27.490833333333335,552.0
85.80305555555556,27.49055555555556,551.0
85.80333333333334,27.49027777777778,551.0
85.80361111111111,27.490000000000002,551.0
85.80388888888889,27.489722222222223,550.0
85.80388888888889,27.489444444444448,550.0
85.80416666666667,27.48916666666667,550.0
85.80444444444446,27.48888888888889,550.0
85.80472222222222,27.488611111111112,550.0
85.805,27.488333333333337,549.0
85.80527777777779,27.488333333333337,549.0
85.80555555555556,27.488055555555558,549.0
85.80583333333334,27.48777777777778,549.0
85.80611111111112,27.4875,548.0
85.80638888888889,27.487222222222226,548.0
85.80638888888889,27.486944444444447,548.0
85.80666666666667,27.486666666666668,548.0
85.80694444444445,27.48638888888889,548.0
85.80694444444445,27.486111111111114,547.0
85.80694444444445,27.485833333333336,547.0
85.80722222222222,27.485555555555557,547.0
85.80722222222222,27.485277777777778,547.0
85.8075,27.485000000000003,547.0
85.80777777777779,27.484722222222224,547.0
85.80805555555555,27.484444444444446,546.0
85.80805555555555,27.48416666666667,546.0
85.80805555555555,27.48388888888889,546.0
85.80805555555555,27.483611111111113,546.0
85.80805555555555,27.483333333333334,546.0
85.80805555555555,27.48305555555556,546.0
85.80805555555555,27.48277777777778,546.0
85.80805555555555,27.4825,545.0
85.80805555555555,27.482222222222223,545.0
85.80777777777779,27.481944444444448,545.0
85.80777777777779,27.48166666666667,545.0
85.8075,27.48138888888889,545.0
85.8075,27.48111111111111,545.0
85.80722222222222,27.480833333333337,544.0
85.80694444444445,27.480555555555558,544.0
85.80694444444445,27.48027777777778,544.0
85.80694444444445,27.48,544.0
85.80694444444445,27.479722222222225,544.0
85.80694444444445,27.479444444444447,544.0
85.80722222222222,27.479166666666668,543.0
85.80722222222222,27.47888888888889,543.0
85.8075,27.478611111111114,543.0
85.80777777777779,27.478333333333335,543.0
85.80805555555555,27.478055555555557,543.0
85.80833333333334,27.47777777777778,543.0
85.80861111111112,27.477500000000003,542.0
85.80888888888889,27.477222222222224,542.0
85.80916666666667,27.476944444444445,542.0
85.80944444444445,27.47666666666667,542.0
85.80972222222223,27.47638888888889,542.0
85.81,27.476111111111113,542.0
85.81027777777778,27.475833333333334,542.0
85.81055555555557,27.47555555555556,541.0
85.81083333333333,27.47555555555556,541.0
85.81111111111112,27.47555555555556,541.0
85.8113888888889,27.47555555555556,541.0
85.81166666666667,27.47527777777778,541.0
85.81194444444445,27.475,541.0
85.81222222222223,27.474722222222223,541.0
85.8125,27.474444444444448,541.0
85.81277777777778,27.47416666666667,540.0
85.81305555555556,27.47388888888889,540.0
85.81305555555556,27.47361111111111,540.0
85.81333333333333,27.473333333333336,540.0
85.81361111111111,27.473055555555558,540.0
85.81361111111111,27.47277777777778,540.0
85.81361111111111,27.472500000000004,540.0
85.81361111111111,27.472222222222225,540.0
85.8138888888889,27.471944444444446,540.0
85.8138888888889,27.471666666666668,539.0
85.8138888888889,27.471388888888892,539.0
85.8138888888889,27.471111111111114,539.0
85.8138888888889,27.470833333333335,539.0
85.8138888888889,27.470555555555556,539.0
85.8138888888889,27.47027777777778,539.0
85.81361111111111,27.470000000000002,539.0
85.81333333333333,27.469722222222224,539.0
85.81305555555556,27.469444444444445,538.0
85.81305555555556,27.46916666666667,538.0
85.81305555555556,27.46888888888889,538.0
85.81305555555556,27.468611111111112,538.0
85.81305555555556,27.468333333333334,538.0
85.81305555555556,27.46805555555556,538.0
85.81305555555556,27.46777777777778,538.0
85.81333333333333,27.4675,538.0
85.81333333333333,27.467222222222226,538.0
85.81361111111111,27.466944444444447,537.0
85.81361111111111,27.46666666666667,537.0
85.81361111111111,27.46638888888889,537.0
85.81361111111111,27.466111111111115,537.0
85.81361111111111,27.465833333333336,537.0
85.81361111111111,27.465555555555557,537.0
85.8138888888889,27.46527777777778,537.0
85.81416666666667,27.465000000000003,537.0
85.81416666666667,27.464722222222225,537.0
85.81416666666667,27.464444444444446,536.0
85.81444444444445,27.464166666666667,536.0
85.81416666666667,27.463888888888892,536.0
85.8138888888889,27.463611111111113,536.0
85.81361111111111,27.463333333333335,536.0
85.81333333333333,27.463055555555556,536.0
85.81305555555556,27.463055555555556,536.0
85.81277777777778,27.463055555555556,536.0
85.8125,27.463055555555556,535.0
85.81222222222223,27.463055555555556,535.0
85.81194444444445,27.463055555555556,535.0
85.81166666666667,27.463055555555556,535.0
85.8113888888889,27.463055555555556,535.0
85.81111111111112,27.463055555555556,535.0
85.81083333333333,27.463055555555556,535.0
85.81055555555557,27.463055555555556,535.0
85.81027777777778,27.463055555555556,535.0
85.81,27.463055555555556,535.0
85.80972222222223,27.463055555555556,534.0
85.80972222222223,27.46277777777778,534.0
85.80944444444445,27.462500000000002,534.0
85.80944444444445,27.462222222222223,534.0
85.80916666666667,27.46194444444445,534.0
85.80916666666667,27.46166666666667,534.0
85.80916666666667,27.46138888888889,534.0
85.80916666666667,27.461111111111112,534.0
85.80916666666667,27.460833333333337,534.0
85.80916666666667,27.46055555555556,533.0
85.80916666666667,27.46027777777778,533.0
85.80916666666667,27.46,533.0
85.80916666666667,27.459722222222226,533.0
85.80916666666667,27.459444444444447,533.0
85.80916666666667,27.45916666666667,533.0
85.80916666666667,27.45888888888889,533.0
85.80916666666667,27.458611111111114,532.0
85.80916666666667,27.458333333333336,532.0
85.80916666666667,27.458055555555557,532.0
85.80916666666667,27.45777777777778,532.0
85.80888888888889,27.457500000000003,532.0
85.80888888888889,27.457222222222224,532.0
85.80888888888889,27.456944444444446,532.0
85.80888888888889,27.456666666666667,532.0
85.80888888888889,27.456388888888892,532.0
85.80888888888889,27.456111111111113,532.0
85.80916666666667,27.455833333333334,531.0
85.80916666666667,27.45555555555556,531.0
85.80944444444445,27.45527777777778,531.0
85.80972222222223,27.455000000000002,531.0
85.81,27.454722222222223,531.0
85.81027777777778,27.454444444444448,531.0
85.81055555555557,27.45416666666667,531.0
85.81083333333333,27.45388888888889,530.0
85.81111111111112,27.45388888888889,530.0
85.8113888888889,27.45388888888889,530.0
85.81166666666667,27.45388888888889,530.0
85.81194444444445,27.45388888888889,530.0
85.81222222222223,27.453611111111112,530.0
85.8125,27.453333333333337,530.0
85.81277777777778,27.453055555555558,530.0
85.81305555555556,27.45277777777778,530.0
85.81333333333333,27.4525,529.0
85.81361111111111,27.4525,529.0
85.8138888888889,27.452222222222225,529.0
85.81416666666667,27.452222222222225,529.0
85.81444444444445,27.452222222222225,529.0
85.81472222222223,27.452222222222225,529.0
85.81500000000001,27.452222222222225,529.0
85.81527777777778,27.452222222222225,529.0
85.81555555555556,27.452222222222225,529.0
85.81583333333334,27.452222222222225,528.0
85.81611111111111,27.452222222222225,528.0
85.8163888888889,27.452222222222225,528.0
85.81666666666668,27.452222222222225,528.0
85.81694444444445,27.452222222222225,528.0
85.81722222222223,27.452222222222225,528.0
85.81750000000001,27.452222222222225,528.0
85.81777777777778,27.452222222222225,528.0
85.81805555555556,27.452222222222225,528.0
85.81833333333334,27.452222222222225,528.0
85.81861111111111,27.451944444444447,527.0
85.81888888888889,27.451944444444447,527.0
85.81916666666667,27.451944444444447,527.0
85.81944444444444,27.451944444444447,527.0
85.81972222222223,27.451944444444447,527.0
85.82000000000001,27.451666666666668,527.0
85.82027777777779,27.451666666666668,527.0
85.82055555555556,27.45138888888889,527.0
85.82083333333334,27.451111111111114,527.0
85.82111111111112,27.450833333333335,526.0
85.82138888888889,27.450833333333335,526.0
85.82166666666667,27.450833333333335,526.0
85.82194444444445,27.450555555555557,526.0
85.82222222222222,27.450277777777778,526.0
85.8225,27.450000000000003,526.0
85.82277777777779,27.449722222222224,526.0
85.82305555555556,27.449444444444445,526.0
85.82333333333334,27.44916666666667,525.0
85.82361111111112,27.44916666666667,525.0
85.82388888888889,27.44916666666667,525.0
85.82416666666667,27.44916666666667,525.0
85.82444444444445,27.44916666666667,525.0
85.82472222222222,27.44916666666667,525.0
85.825,27.44916666666667,525.0
85.82527777777779,27.44916666666667,525.0
85.82555555555557,27.44916666666667,525.0
85.82583333333334,27.44888888888889,525.0
85.82611111111112,27.448611111111113,524.0
85.8263888888889,27.448611111111113,524.0
85.82666666666667,27.448611111111113,524.0
85.82694444444445,27.448611111111113,524.0
85.82722222222223,27.448611111111113,524.0
85.8275,27.448611111111113,524.0
85.82777777777778,27.448611111111113,524.0
85.82805555555557,27.448333333333334,524.0
85.82833333333333,27.44805555555556,524.0
85.82861111111112,27.44777777777778,523.0
85.82861111111112,27.4475,523.0
85.82861111111112,27.447222222222223,523.0
85.82861111111112,27.446944444444448,523.0
85.82861111111112,27.44666666666667,523.0
85.82861111111112,27.44638888888889,523.0
85.82861111111112,27.44611111111111,523.0
85.82861111111112,27.445833333333336,523.0
85.82861111111112,27.445555555555558,523.0
85.82861111111112,27.44527777777778,522.0
85.82861111111112,27.445,522.0
85.82861111111112,27.444722222222225,522.0
85.82861111111112,27.444444444444446,522.0
85.82861111111112,27.444166666666668,522.0
85.82861111111112,27.443888888888893,522.0
85.82833333333333,27.443611111111114,522.0
85.82805555555557,27.443333333333335,522.0
85.82777777777778,27.443055555555556,521.0
85.82777777777778,27.44277777777778,521.0
85.82777777777778,27.442500000000003,521.0
85.82777777777778,27.442222222222224,521.0
85.82777777777778,27.441944444444445,521.0
85.82805555555557,27.44166666666667,521.0
85.82833333333333,27.44138888888889,521.0
85.82861111111112,27.441111111111113,521.0
85.8288888888889,27.440833333333334,520.0
85.8288888888889,27.44055555555556,520.0
85.8288888888889,27.44027777777778,520.0
85.8288888888889,27.44,520.0
85.8288888888889,27.439722222222223,520.0
85.8288888888889,27.439444444444447,520.0
85.8288888888889,27.43916666666667,520.0
85.8288888888889,27.43888888888889,520.0
85.82916666666667,27.438611111111115,520.0
85.82944444444445,27.438333333333336,519.0
85.82972222222223,27.438055555555557,519.0
85.83,27.43777777777778,519.0
85.83027777777778,27.437500000000004,519.0
85.83055555555556,27.437222222222225,519.0
85.83083333333335,27.436944444444446,519.0
85.83111111111111,27.436666666666667,519.0
85.8313888888889,27.436388888888892,518.0
85.83166666666668,27.436388888888892,518.0
85.83194444444445,27.436388888888892,518.0
85.83222222222223,27.436111111111114,518.0
85.83250000000001,27.436111111111114,518.0
85.83277777777778,27.435833333333335,518.0
85.83305555555556,27.435833333333335,518.0
85.83333333333334,27.435833333333335,518.0
85.83361111111111,27.435833333333335,518.0
85.8338888888889,27.435833333333335,517.0
85.83416666666668,27.435833333333335,517.0
85.83444444444444,27.435833333333335,517.0
85.83472222222223,27.435555555555556,517.0
85.83500000000001,27.435555555555556,517.0
85.83527777777778,27.435555555555556,517.0
85.83555555555556,27.43527777777778,517.0
85.83583333333334,27.43527777777778,517.0
85.83611111111112,27.43527777777778,517.0
85.83638888888889,27.43527777777778,517.0
85.83666666666667,27.435000000000002,516.0
85.83694444444446,27.435000000000002,516.0
85.83722222222222,27.435000000000002,516.0
85.8375,27.435000000000002,516.0
85.83777777777779,27.435000000000002,516.0
85.83805555555556,27.435000000000002,516.0
85.83833333333334,27.435000000000002,516.0
85.83861111111112,27.435000000000002,516.0
85.83888888888889,27.434722222222224,516.0
85.83916666666667,27.434722222222224,516.0
85.83944444444445,27.434722222222224,515.0
85.83972222222222,27.434444444444445,515.0
85.84,27.43416666666667,515.0
85.84027777777779,27.43388888888889,515.0
85.84055555555557,27.433611111111112,515.0
85.84083333333334,27.433333333333337,515.0
85.84111111111112,27.43305555555556,515.0
85.8413888888889,27.43277777777778,515.0
85.84166666666667,27.4325,514.0
85.84166666666667,27.432222222222226,514.0
85.84166666666667,27.431944444444447,514.0
85.84166666666667,27.43166666666667,514.0
85.84194444444445,27.43138888888889,514.0
85.84222222222223,27.431111111111115,514.0
85.8425,27.430833333333336,514.0
85.84277777777778,27.430555555555557,514.0
85.84305555555557,27.43027777777778,514.0
85.84333333333333,27.430000000000003,513.0
85.84333333333333,27.429722222222225,513.0
85.84333333333333,27.429444444444446,513.0
85.84361111111112,27.429166666666667,513.0
85.84361111111112,27.428888888888892,513.0
85.8438888888889,27.428611111111113,513.0
85.8438888888889,27.428333333333335,513.0
85.8438888888889,27.42805555555556,513.0
85.84416666666667,27.42777777777778,513.0
85.84444444444445,27.427500000000002,513.0
85.84472222222223,27.427222222222223,512.0
85.84472222222223,27.426944444444448,512.0
85.845,27.42666666666667,512.0
85.84527777777778,27.42638888888889,512.0
85.84555555555556,27.426111111111112,512.0
85.84583333333335,27.425833333333337,512.0
85.84583333333335,27.425555555555558,511.0
85.84611111111111,27.42527777777778,511.0
85.8463888888889,27.425,511.0
85.84666666666668,27.424722222222226,511.0
85.84694444444445,27.424444444444447,511.0
85.84722222222223,27.424166666666668,511.0
85.84750000000001,27.42388888888889,511.0
85.84777777777778,27.423611111111114,511.0
85.84805555555556,27.423333333333336,511.0
85.84833333333334,27.423055555555557,511.0
85.84861111111111,27.422777777777778,511.0
85.8488888888889,27.422500000000003,511.0
85.84916666666668,27.422222222222224,510.0
85.84944444444444,27.422222222222224,510.0
85.84972222222223,27.421944444444446,510.0
85.85000000000001,27.421944444444446,510.0
85.85027777777778,27.421944444444446,510.0
85.85055555555556,27.421944444444446,510.0
85.85083333333334,27.421944444444446,510.0
85.85111111111112,27.421944444444446,510.0
85.85138888888889,27.421944444444446,510.0
85.85166666666667,27.422222222222224,510.0
85.85194444444446,27.422500000000003,510.0
85.85222222222222,27.422777777777778,510.0
85.8525,27.423055555555557,510.0
85.85277777777779,27.423333333333336,510.0
85.85305555555556,27.423611111111114,510.0
85.85333333333334,27.42388888888889,510.0
85.85361111111112,27.42388888888889,510.0
85.85388888888889,27.42388888888889,509.0
85.85416666666667,27.42388888888889,509.0
85.85444444444445,27.42388888888889,509.0
85.85472222222222,27.42388888888889,509.0
85.855,27.42388888888889,509.0
85.85527777777779,27.42388888888889,509.0
85.85555555555555,27.42388888888889,509.0
85.85583333333334,27.42388888888889,509.0
85.85611111111112,27.42388888888889,509.0
85.8563888888889,27.42388888888889,509.0
85.85666666666667,27.424166666666668,509.0
85.85694444444445,27.424166666666668,509.0
85.85722222222223,27.424166666666668,508.0
85.8575,27.424166666666668,508.0
85.85777777777778,27.424166666666668,508.0
85.85805555555557,27.424444444444447,508.0
85.85833333333333,27.424444444444447,508.0
85.85861111111112,27.424444444444447,508.0
85.8588888888889,27.424444444444447,508.0
85.85916666666667,27.424444444444447,508.0
85.85944444444445,27.424444444444447,508.0
85.85972222222223,27.424444444444447,508.0
85.86,27.424444444444447,508.0
85.86027777777778,27.424444444444447,507.0
85.86055555555556,27.424166666666668,507.0
85.86055555555556,27.42388888888889,507.0
85.86055555555556,27.423611111111114,507.0
85.86055555555556,27.423333333333336,507.0
85.86055555555556,27.423055555555557,507.0
85.86055555555556,27.422777777777778,507.0
85.86055555555556,27.422500000000003,507.0
85.86083333333333,27.422222222222224,507.0
85.86111111111111,27.421944444444446,506.0
85.8613888888889,27.42166666666667,506.0
85.86166666666668,27.42138888888889,506.0
85.86194444444445,27.42138888888889,506.0
85.86222222222223,27.42138888888889,506.0
85.86250000000001,27.421111111111113,506.0
85.86277777777778,27.420833333333334,506.0
85.86305555555556,27.42055555555556,506.0
85.86333333333334,27.42055555555556,506.0
85.86361111111111,27.42055555555556,506.0
85.8638888888889,27.42055555555556,505.0
85.86416666666668,27.42055555555556,505.0
85.86444444444444,27.42055555555556,505.0
85.86472222222223,27.42027777777778,505.0
85.86500000000001,27.42,505.0
85.86527777777778,27.42,505.0
85.86555555555556,27.419722222222223,505.0
85.86583333333334,27.419722222222223,505.0
85.86611111111111,27.419722222222223,505.0
85.86638888888889,27.419444444444448,505.0
85.86666666666667,27.41916666666667,505.0
85.86694444444446,27.41888888888889,504.0
85.86722222222222,27.41888888888889,504.0
85.8675,27.41888888888889,504.0
85.86777777777779,27.41888888888889,504.0
85.86805555555556,27.41888888888889,504.0
85.86833333333334,27.41888888888889,504.0
85.86861111111112,27.41888888888889,504.0
85.86888888888889,27.41888888888889,504.0
85.86916666666667,27.41888888888889,504.0
85.86944444444445,27.41888888888889,504.0
85.86972222222222,27.41888888888889,504.0
85.87,27.41888888888889,504.0
85.87027777777779,27.41888888888889,503.0
85.87055555555555,27.41888888888889,503.0
85.87083333333334,27.41888888888889,503.0
85.87111111111112,27.41888888888889,503.0
85.87138888888889,27.41888888888889,503.0
85.87166666666667,27.41888888888889,503.0
85.87194444444445,27.41888888888889,503.0
85.87222222222223,27.41916666666667,503.0
85.8725,27.41916666666667,503.0
85.87277777777778,27.41916666666667,503.0
85.87305555555557,27.41916666666667,503.0
85.87333333333333,27.41916666666667,502.0
85.87361111111112,27.419444444444448,502.0
85.8738888888889,27.419444444444448,502.0
85.87416666666667,27.41916666666667,502.0
85.87444444444445,27.41888888888889,502.0
85.87444444444445,27.41861111111111,502.0
85.87472222222223,27.418333333333337,502.0
85.875,27.418055555555558,502.0
85.87527777777778,27.41777777777778,502.0
85.87555555555556,27.4175,502.0
85.87583333333333,27.417222222222225,501.0
85.87611111111111,27.416944444444447,501.0
85.8763888888889,27.416944444444447,501.0
85.87666666666667,27.416944444444447,501.0
85.87694444444445,27.416944444444447,501.0
85.87722222222223,27.416944444444447,501.0
85.87750000000001,27.416944444444447,501.0
85.87777777777778,27.416944444444447,501.0
85.87805555555556,27.416944444444447,501.0
85.87833333333334,27.416944444444447,501.0
85.87861111111111,27.416944444444447,501.0
85.8788888888889,27.416944444444447,501.0
85.87916666666668,27.416944444444447,500.0
85.87944444444445,27.416944444444447,500.0
85.87972222222223,27.416944444444447,500.0
85.88000000000001,27.416944444444447,500.0
85.88027777777778,27.417222222222225,500.0
85.88055555555556,27.4175,500.0
85.88083333333334,27.41777777777778,500.0
85.88083333333334,27.418055555555558,500.0
85.88055555555556,27.418333333333337,500.0
85.88055555555556,27.41861111111111,499.0
85.88083333333334,27.41861111111111,499.0
85.88111111111111,27.41888888888889,499.0
85.88138888888889,27.41888888888889,499.0
85.88166666666667,27.41888888888889,499.0
85.88194444444444,27.41888888888889,499.0
85.88222222222223,27.41888888888889,499.0
85.88250000000001,27.41888888888889,499.0
85.88277777777779,27.41888888888889,499.0
85.88305555555556,27.41916666666667,499.0
85.88333333333334,27.419444444444448,499.0
85.88361111111112,27.419722222222223,498.0
85.88388888888889,27.419722222222223,498.0
85.88416666666667,27.419722222222223,498.0
85.88444444444445,27.419722222222223,498.0
85.88472222222222,27.419722222222223,498.0
85.885,27.419722222222223,498.0
85.88527777777779,27.419722222222223,498.0
85.88555555555556,27.419722222222223,498.0
85.88583333333334,27.419722222222223,498.0
85.88611111111112,27.419444444444448,498.0
85.88638888888889,27.41916666666667,497.0
85.88638888888889,27.41888888888889,497.0
85.88666666666667,27.41861111111111,497.0
85.88694444444445,27.418333333333337,497.0
85.88722222222222,27.418055555555558,497.0
85.88722222222222,27.41777777777778,497.0
85.8875,27.4175,497.0
85.88777777777779,27.417222222222225,497.0
85.88777777777779,27.416944444444447,497.0
85.88805555555557,27.416666666666668,496.0
85.88833333333334,27.41638888888889,496.0
85.88861111111112,27.416111111111114,496.0
85.8888888888889,27.415833333333335,496.0
85.88916666666667,27.415555555555557,496.0
85.88944444444445,27.41527777777778,496.0
85.88972222222223,27.415000000000003,496.0
85.89,27.414722222222224,496.0
85.89027777777778,27.414444444444445,495.0
85.89055555555557,27.414444444444445,495.0
85.89083333333333,27.414444444444445,495.0
85.89111111111112,27.414444444444445,495.0
85.8913888888889,27.414444444444445,495.0
85.89166666666667,27.414444444444445,495.0
85.89194444444445,27.41416666666667,495.0
85.89222222222223,27.41388888888889,495.0
85.8925,27.41388888888889,495.0
85.89277777777778,27.41388888888889,495.0
85.89305555555556,27.41388888888889,495.0
85.89333333333335,27.41388888888889,494.0
85.89333333333335,27.41416666666667,494.0
85.89333333333335,27.414444444444445,494.0
85.89361111111111,27.414722222222224,494.0
85.8938888888889,27.415000000000003,494.0
85.89416666666668,27.41527777777778,494.0
85.89444444444445,27.415555555555557,494.0
85.89472222222223,27.415555555555557,494.0
85.89500000000001,27.415833333333335,494.0
85.89527777777778,27.416111111111114,493.0
85.89555555555556,27.416111111111114,493.0
85.89583333333334,27.41638888888889,493.0
85.89611111111111,27.41638888888889,493.0
85.8963888888889,27.41638888888889,493.0
85.89666666666668,27.41638888888889,493.0
85.89694444444444,27.41638888888889,493.0
85.89722222222223,27.41638888888889,493.0
85.89750000000001,27.41638888888889,493.0
85.89777777777778,27.41638888888889,493.0
85.89805555555556,27.416111111111114,493.0
85.89833333333334,27.415833333333335,492.0
85.89861111111112,27.415833333333335,492.0
85.89888888888889,27.415833333333335,492.0
85.89916666666667,27.415555555555557,492.0
85.89944444444446,27.41527777777778,492.0
85.89972222222222,27.415000000000003,492.0
85.9,27.414722222222224,492.0
85.90027777777779,27.414444444444445,492.0
85.90055555555556,27.41416666666667,492.0
85.90083333333334,27.41388888888889,491.0
85.90111111111112,27.41388888888889,491.0
85.90138888888889,27.41388888888889,491.0
85.90166666666667,27.41388888888889,491.0
85.90194444444445,27.41388888888889,491.0
85.90222222222222,27.41388888888889,491.0
85.9025,27.41388888888889,491.0
85.90277777777779,27.413611111111113,491.0
85.90305555555557,27.413611111111113,491.0
85.90333333333334,27.413333333333334,491.0
85.90361111111112,27.413333333333334,491.0
85.9038888888889,27.41305555555556,491.0
85.90416666666667,27.41305555555556,490.0
85.90444444444445,27.41305555555556,490.0
85.90472222222223,27.41277777777778,490.0
85.905,27.41277777777778,490.0
85.90527777777778,27.4125,490.0
85.90555555555557,27.412222222222223,490.0
85.90583333333333,27.411944444444448,490.0
85.90611111111112,27.41166666666667,490.0
85.9063888888889,27.41138888888889,490.0
85.90666666666667,27.41111111111111,489.0
85.90694444444445,27.41111111111111,489.0
85.90722222222223,27.41111111111111,489.0
85.9075,27.41111111111111,489.0
85.90777777777778,27.41111111111111,489.0
85.90805555555556,27.410833333333336,489.0
85.90833333333335,27.410555555555558,489.0
85.90861111111111,27.41027777777778,489.0
85.9088888888889,27.410000000000004,489.0
85.90916666666668,27.409722222222225,489.0
85.90944444444445,27.409444444444446,488.0
85.90972222222223,27.409444444444446,488.0
85.91000000000001,27.409444444444446,488.0
85.91027777777778,27.409444444444446,488.0
85.91055555555556,27.409444444444446,488.0
85.91083333333334,27.409444444444446,488.0
85.91111111111111,27.409444444444446,488.0
85.9113888888889,27.409166666666668,488.0
85.91166666666668,27.409166666666668,488.0
85.91194444444444,27.409166666666668,488.0
85.91222222222223,27.409166666666668,488.0
85.91250000000001,27.409166666666668,488.0
85.91277777777778,27.409166666666668,487.0
85.91305555555556,27.409166666666668,487.0
85.91333333333334,27.409166666666668,487.0
85.91361111111112,27.409166666666668,487.0
85.91388888888889,27.409166666666668,487.0
85.91416666666667,27.409166666666668,487.0
85.91444444444446,27.409166666666668,487.0
85.91472222222222,27.409166666666668,487.0
85.915,27.409166666666668,487.0
85.91527777777779,27.409166666666668,487.0
85.91555555555556,27.409166666666668,487.0
85.91583333333334,27.409166666666668,487.0
85.91611111111112,27.409166666666668,486.0
85.91638888888889,27.409166666666668,486.0
85.91666666666667,27.409166666666668,486.0
85.91694444444445,27.409166666666668,486.0
85.91722222222222,27.409166666666668,486.0
85.9175,27.409166666666668,486.0
85.91777777777779,27.409166666666668,486.0
85.91805555555555,27.409166666666668,486.0
85.91833333333334,27.408888888888892,486.0
85.91861111111112,27.408611111111114,486.0
85.9188888888889,27.408333333333335,486.0
85.91916666666667,27.408055555555556,485.0
85.91944444444445,27.408055555555556,485.0
85.91972222222223,27.408055555555556,485.0
85.92,27.408055555555556,485.0
85.92027777777778,27.40777777777778,485.0
85.92055555555557,27.40777777777778,485.0
85.92083333333333,27.407500000000002,485.0
85.92111111111112,27.407222222222224,485.0
85.9213888888889,27.406944444444445,485.0
85.92166666666667,27.40666666666667,485.0
85.92194444444445,27.40638888888889,484.0
85.92222222222223,27.40638888888889,484.0
85.9225,27.40638888888889,484.0
85.92277777777778,27.406111111111112,484.0
85.92305555555556,27.405833333333334,484.0
85.92333333333333,27.40555555555556,484.0
85.92361111111111,27.40527777777778,484.0
85.9238888888889,27.405,484.0
85.92416666666668,27.404722222222226,484.0
85.92444444444445,27.404444444444447,483.0
85.92472222222223,27.404444444444447,483.0
85.92500000000001,27.40416666666667,483.0
85.92527777777778,27.40388888888889,483.0
85.92527777777778,27.403611111111115,483.0
85.92527777777778,27.403333333333336,483.0
85.92555555555556,27.403055555555557,483.0
85.92555555555556,27.40277777777778,483.0
85.92555555555556,27.402500000000003,483.0
85.92555555555556,27.402222222222225,482.0
85.92555555555556,27.401944444444446,482.0
85.92555555555556,27.401666666666667,482.0
85.92555555555556,27.401388888888892,482.0
85.92555555555556,27.401111111111113,482.0
85.92555555555556,27.400833333333335,482.0
85.92555555555556,27.400555555555556,482.0
85.92583333333334,27.40027777777778,482.0
85.92611111111111,27.400000000000002,482.0
85.9263888888889,27.399722222222223,482.0
85.92666666666668,27.39944444444445,481.0
85.92666666666668,27.39916666666667,481.0
85.92666666666668,27.39888888888889,481.0
85.92666666666668,27.398611111111112,481.0
85.92666666666668,27.398333333333337,481.0
85.92694444444444,27.39805555555556,481.0
85.92722222222223,27.39777777777778,481.0
85.92750000000001,27.3975,481.0
85.92777777777778,27.397222222222226,481.0
85.92805555555556,27.396944444444447,480.0
85.92833333333334,27.396944444444447,480.0
85.92861111111111,27.396944444444447,480.0
85.92888888888889,27.396944444444447,480.0
85.92916666666667,27.396944444444447,480.0
85.92944444444446,27.396944444444447,480.0
85.92972222222222,27.396944444444447,480.0
85.93,27.396944444444447,480.0
85.93027777777779,27.396944444444447,480.0
85.93055555555556,27.39666666666667,480.0
85.93083333333334,27.39638888888889,480.0
85.93111111111112,27.396111111111114,479.0
85.93138888888889,27.396111111111114,479.0
85.93166666666667,27.396111111111114,479.0
85.93194444444445,27.396111111111114,479.0
85.93222222222222,27.396111111111114,479.0
85.9325,27.395833333333336,479.0
85.93277777777779,27.395555555555557,479.0
85.93305555555555,27.39527777777778,479.0
85.93305555555555,27.395000000000003,479.0
85.93333333333334,27.394722222222224,478.0
85.93333333333334,27.394444444444446,478.0
85.93333333333334,27.394166666666667,478.0
85.93361111111112,27.393888888888892,478.0
85.93361111111112,27.393611111111113,478.0
85.93361111111112,27.393333333333334,478.0
85.93361111111112,27.39305555555556,478.0
85.93333333333334,27.39277777777778,478.0
85.93305555555555,27.392500000000002,478.0
85.93277777777779,27.392222222222223,477.0
85.93277777777779,27.391944444444448,477.0
85.93277777777779,27.39166666666667,477.0
85.93277777777779,27.39138888888889,477.0
85.93277777777779,27.391111111111112,477.0
85.93277777777779,27.390833333333337,477.0
85.93277777777779,27.390555555555558,477.0
85.93277777777779,27.39027777777778,477.0
85.93305555555555,27.39,477.0
85.93333333333334,27.389722222222225,477.0
85.93361111111112,27.389444444444447,477.0
85.93388888888889,27.389166666666668,477.0
85.93416666666667,27.38888888888889,477.0
85.93444444444445,27.388611111111114,477.0
85.93472222222223,27.388333333333335,477.0
85.935,27.388055555555557,476.0
85.93527777777778,27.388055555555557,476.0
85.93555555555557,27.388055555555557,476.0
85.93583333333333,27.388055555555557,476.0
85.93611111111112,27.388055555555557,476.0
85.9363888888889,27.387777777777778,476.0
85.93666666666667,27.387777777777778,476.0
85.93694444444445,27.387777777777778,476.0
85.93722222222223,27.387777777777778,476.0
85.9375,27.387777777777778,476.0
85.93777777777778,27.387777777777778,476.0
85.93805555555556,27.387777777777778,476.0
85.93833333333333,27.387500000000003,476.0
85.93861111111111,27.387222222222224,476.0
85.9388888888889,27.387222222222224,476.0
85.93916666666667,27.387222222222224,476.0
85.93944444444445,27.386944444444445,476.0
85.93972222222223,27.38666666666667,476.0
85.94000000000001,27.38638888888889,476.0
85.94027777777778,27.386111111111113,476.0
85.94055555555556,27.385833333333334,476.0
85.94083333333334,27.38555555555556,476.0
85.94111111111111,27.38527777777778,476.0
85.94111111111111,27.385,476.0
85.9413888888889,27.384722222222223,476.0
85.9413888888889,27.384444444444448,476.0
85.9413888888889,27.38416666666667,476.0
85.9413888888889,27.38388888888889,476.0
85.9413888888889,27.38361111111111,476.0
85.94166666666668,27.383333333333336,476.0
85.94194444444445,27.383055555555558,476.0
85.94222222222223,27.38277777777778,475.0
85.94250000000001,27.38277777777778,475.0
85.94277777777778,27.3825,475.0
85.94305555555556,27.382222222222225,475.0
85.94333333333334,27.381944444444446,475.0
85.94361111111111,27.381666666666668,475.0
85.94388888888889,27.381388888888893,475.0
85.94416666666667,27.381111111111114,475.0
85.94444444444444,27.381111111111114,475.0
85.94472222222223,27.380833333333335,475.0
85.94500000000001,27.380833333333335,475.0
85.94527777777779,27.380555555555556,475.0
85.94555555555556,27.380555555555556,475.0
85.94583333333334,27.380555555555556,475.0
85.94611111111112,27.380555555555556,475.0
85.94638888888889,27.380555555555556,475.0
85.94666666666667,27.380555555555556,475.0
85.94694444444445,27.380555555555556,475.0
85.94722222222222,27.380555555555556,475.0
85.9475,27.380833333333335,475.0
85.94777777777779,27.381111111111114,475.0
85.94805555555556,27.381388888888893,475.0
85.94833333333334,27.381388888888893,475.0
85.94861111111112,27.381388888888893,475.0
85.94888888888889,27.381388888888893,475.0
85.94916666666667,27.381388888888893,474.0
85.94944444444445,27.381388888888893,474.0
85.94972222222222,27.381388888888893,474.0
85.95,27.381388888888893,474.0
85.95027777777779,27.381388888888893,474.0
85.95055555555557,27.381388888888893,474.0
85.95083333333334,27.381388888888893,474.0
85.95111111111112,27.381388888888893,474.0
85.9513888888889,27.381388888888893,474.0
85.95166666666667,27.381666666666668,474.0
85.95194444444445,27.381944444444446,474.0
85.95222222222223,27.382222222222225,474.0
85.95222222222223,27.3825,474.0
85.95222222222223,27.38277777777778,473.0
85.95222222222223,27.383055555555558,473.0
85.95222222222223,27.383333333333336,473.0
85.95194444444445,27.38361111111111,473.0
85.95166666666667,27.38388888888889,473.0
85.95166666666667,27.38416666666667,473.0
85.9513888888889,27.384444444444448,473.0
85.95111111111112,27.384722222222223,473.0
85.95111111111112,27.385,473.0
85.95111111111112,27.38527777777778,473.0
85.95111111111112,27.38555555555556,473.0
85.95111111111112,27.385833333333334,473.0
85.9513888888889,27.386111111111113,472.0
85.95166666666667,27.38638888888889,472.0
85.95166666666667,27.38666666666667,472.0
85.95194444444445,27.386944444444445,472.0
85.95194444444445,27.387222222222224,472.0
85.95222222222223,27.387500000000003,472.0
85.9525,27.387777777777778,472.0
85.95277777777778,27.388055555555557,472.0
85.95305555555557,27.388333333333335,472.0
85.95333333333333,27.388611111111114,472.0
85.95361111111112,27.388611111111114,472.0
85.9538888888889,27.388611111111114,471.0
85.95416666666667,27.388611111111114,471.0
85.95444444444445,27.388611111111114,471.0
85.95472222222223,27.388611111111114,471.0
85.955,27.38888888888889,471.0
85.95527777777778,27.38888888888889,471.0
85.95555555555556,27.38888888888889,471.0
85.95583333333335,27.38888888888889,471.0
85.95611111111111,27.38888888888889,471.0
85.9563888888889,27.38888888888889,471.0
85.95666666666668,27.38888888888889,471.0
85.95694444444445,27.38888888888889,471.0
85.95722222222223,27.38888888888889,471.0
85.95750000000001,27.38888888888889,471.0
85.95777777777778,27.38888888888889,471.0
85.95805555555556,27.38888888888889,470.0
85.95833333333334,27.38888888888889,470.0
85.95861111111111,27.38888888888889,470.0
85.9588888888889,27.38888888888889,470.0
85.95916666666668,27.388611111111114,470.0
85.95944444444444,27.388333333333335,470.0
85.95972222222223,27.388055555555557,470.0
85.96000000000001,27.387777777777778,470.0
85.96027777777778,27.387500000000003,470.0
85.96055555555556,27.387222222222224,470.0
85.96055555555556,27.386944444444445,470.0
85.96083333333334,27.38666666666667,470.0
85.96111111111112,27.38638888888889,469.0
85.96138888888889,27.38638888888889,469.0
85.96166666666667,27.386111111111113,469.0
85.96194444444446,27.385833333333334,469.0
85.96222222222222,27.385833333333334,469.0
85.9625,27.38555555555556,469.0
85.96277777777779,27.38555555555556,469.0
85.96305555555556,27.38555555555556,469.0
85.96333333333334,27.38527777777778,469.0
85.96361111111112,27.38527777777778,469.0
85.96388888888889,27.38527777777778,469.0
85.96416666666667,27.38527777777778,469.0
85.96444444444445,27.38527777777778,469.0
85.96472222222222,27.385,469.0
85.965,27.384722222222223,468.0
85.96527777777779,27.384722222222223,468.0
85.96555555555557,27.384444444444448,468.0
85.96583333333334,27.38416666666667,468.0
85.96611111111112,27.38388888888889,468.0
85.9663888888889,27.38361111111111,468.0
85.96666666666667,27.383333333333336,468.0
85.96694444444445,27.383055555555558,468.0
85.96694444444445,27.38277777777778,468.0
85.96722222222223,27.3825,468.0
85.96722222222223,27.382222222222225,468.0
85.9675,27.381944444444446,467.0
85.9675,27.381666666666668,467.0
85.9675,27.381388888888893,467.0
85.9675,27.381111111111114,467.0
85.96777777777778,27.380833333333335,467.0
85.96777777777778,27.380555555555556,467.0
85.96805555555557,27.38027777777778,467.0
85.96805555555557,27.380000000000003,467.0
85.96833333333333,27.379722222222224,467.0
85.96833333333333,27.379444444444445,467.0
85.96833333333333,27.37916666666667,467.0
85.96861111111112,27.37888888888889,467.0
85.96861111111112,27.378611111111113,467.0
85.96861111111112,27.378333333333334,466.0
85.96861111111112,27.37805555555556,466.0
85.96861111111112,27.37777777777778,466.0
85.9688888888889,27.3775,466.0
85.9688888888889,27.377222222222223,466.0
85.9688888888889,27.376944444444447,466.0
85.96916666666667,27.37666666666667,466.0
85.96916666666667,27.37638888888889,466.0
85.96916666666667,27.376111111111115,466.0
85.96944444444445,27.375833333333336,466.0
85.96972222222223,27.375555555555557,466.0
85.97,27.37527777777778,466.0
85.97027777777778,27.375000000000004,466.0
85.97055555555556,27.374722222222225,465.0
85.97083333333335,27.374722222222225,465.0
85.97111111111111,27.374722222222225,465.0
85.9713888888889,27.374444444444446,465.0
85.97166666666668,27.374166666666667,465.0
85.97194444444445,27.374166666666667,465.0
85.97222222222223,27.374166666666667,465.0
85.97250000000001,27.373888888888892,465.0
85.97277777777778,27.373888888888892,465.0
85.97305555555556,27.373888888888892,465.0
85.97333333333334,27.373611111111114,465.0
85.97361111111111,27.373333333333335,465.0
85.9738888888889,27.373055555555556,465.0
85.97416666666668,27.37277777777778,464.0
85.97444444444444,27.37277777777778,464.0
85.97472222222223,27.37277777777778,464.0
85.97500000000001,27.37277777777778,464.0
85.97527777777778,27.37277777777778,464.0
85.97555555555556,27.372500000000002,464.0
85.97583333333334,27.372222222222224,464.0
85.97611111111112,27.371944444444445,464.0
85.97638888888889,27.37166666666667,464.0
85.97666666666667,27.37138888888889,464.0
85.97694444444446,27.371111111111112,464.0
85.97694444444446,27.370833333333337,464.0
85.97694444444446,27.37055555555556,463.0
85.97694444444446,27.37027777777778,463.0
85.97694444444446,27.37,463.0
85.97694444444446,27.369722222222226,463.0
85.97694444444446,27.369444444444447,463.0
85.97694444444446,27.36916666666667,463.0
85.97694444444446,27.36888888888889,463.0
85.97694444444446,27.368611111111115,463.0
85.97694444444446,27.368333333333336,463.0
85.97694444444446,27.368055555555557,463.0
85.97694444444446,27.36777777777778,463.0
85.97694444444446,27.367500000000003,463.0
85.97694444444446,27.367222222222225,463.0
85.97722222222222,27.366944444444446,462.0
85.97722222222222,27.366666666666667,462.0
85.97722222222222,27.366388888888892,462.0
85.97722222222222,27.366111111111113,462.0
85.97722222222222,27.365833333333335,462.0
85.97722222222222,27.36555555555556,462.0
85.97722222222222,27.36527777777778,462.0
85.97722222222222,27.365000000000002,462.0
85.97722222222222,27.364722222222223,462.0
85.97722222222222,27.364444444444448,462.0
85.97722222222222,27.36416666666667,462.0
85.9775,27.36388888888889,462.0
85.9775,27.363611111111112,462.0
85.9775,27.363333333333337,462.0
85.9775,27.363055555555558,461.0
85.9775,27.36277777777778,461.0
85.9775,27.3625,461.0
85.9775,27.362222222222226,461.0
85.9775,27.361944444444447,461.0
85.9775,27.361666666666668,461.0
85.9775,27.36138888888889,461.0
85.9775,27.361111111111114,461.0
85.97777777777779,27.360833333333336,461.0
85.97805555555556,27.360555555555557,461.0
85.97833333333334,27.360277777777778,461.0
85.97861111111112,27.360000000000003,461.0
85.97888888888889,27.359722222222224,460.0
85.97888888888889,27.359444444444446,460.0
85.97888888888889,27.35916666666667,460.0
85.97888888888889,27.35888888888889,460.0
85.97888888888889,27.358611111111113,460.0
85.97916666666667,27.358333333333334,460.0
85.97916666666667,27.35805555555556,460.0
85.97916666666667,27.35777777777778,460.0
85.97916666666667,27.3575,460.0
85.97916666666667,27.357222222222223,460.0
85.97916666666667,27.356944444444448,460.0
85.97944444444445,27.35666666666667,460.0
85.97944444444445,27.35638888888889,460.0
85.97944444444445,27.35611111111111,460.0
85.97916666666667,27.355833333333337,459.0
85.97888888888889,27.355555555555558,459.0
85.97861111111112,27.35527777777778,459.0
85.97833333333334,27.355,459.0
85.97833333333334,27.354722222222225,459.0
