longitude,latitude,elevation
86.72194444444445,27.784444444444446,2834.0
86.72194444444445,27.784166666666668,2827.0
86.72194444444445,27.783888888888892,2822.0
86.72194444444445,27.783611111111114,2820.0
86.72194444444445,27.783333333333335,2823.0
86.72194444444445,27.783055555555556,2823.0
86.72194444444445,27.78277777777778,2825.0
86.72222222222223,27.782500000000002,2823.0
86.72222222222223,27.782222222222224,2825.0
86.7225,27.781944444444445,2828.0
86.7225,27.78166666666667,2827.0
86.7225,27.78138888888889,2825.0
86.7225,27.781111111111112,2825.0
86.7225,27.780833333333334,2826.0
86.7225,27.78055555555556,2825.0
86.7225,27.78027777777778,2821.0
86.7225,27.78,2817.0
86.7225,27.779722222222226,2812.0
86.7225,27.779444444444447,2804.0
86.7225,27.77916666666667,2801.0
86.7225,27.77888888888889,2799.0
86.72222222222223,27.778611111111115,2793.0
86.72222222222223,27.778333333333336,2788.0
86.72222222222223,27.778055555555557,2784.0
86.72222222222223,27.77777777777778,2780.0
86.72222222222223,27.777500000000003,2777.0
86.72222222222223,27.777222222222225,2777.0
86.72222222222223,27.776944444444446,2784.0
86.72194444444445,27.776666666666667,2778.0
86.72194444444445,27.776388888888892,2781.0
86.72194444444445,27.776111111111113,2785.0
86.72194444444445,27.775833333333335,2791.0
86.72194444444445,27.775555555555556,2792.0
86.72194444444445,27.77527777777778,2793.0
86.72166666666666,27.775000000000002,2793.0
86.72138888888888,27.774722222222223,2794.0
86.72111111111111,27.774444444444445,2792.0
86.72083333333333,27.77416666666667,2792.0
86.72055555555555,27.77388888888889,2796.0
86.72055555555555,27.773611111111112,2796.0
86.72055555555555,27.773333333333337,2792.0
86.72055555555555,27.77305555555556,2784.0
86.72055555555555,27.77277777777778,2782.0
86.72083333333333,27.7725,2784.0
86.72111111111111,27.772222222222226,2779.0
86.72138888888888,27.771944444444447,2780.0
86.72166666666666,27.77166666666667,2789.0
86.72194444444445,27.77138888888889,2796.0
86.72222222222223,27.771111111111114,2795.0
86.72222222222223,27.770833333333336,2790.0
86.72222222222223,27.770555555555557,2786.0
86.72222222222223,27.77027777777778,2783.0
86.7225,27.770000000000003,2781.0
86.72277777777778,27.769722222222224,2777.0
86.72277777777778,27.769444444444446,2769.0
86.72277777777778,27.769166666666667,2766.0
86.72277777777778,27.768888888888892,2772.0
86.7225,27.768611111111113,2776.0
86.7225,27.768333333333334,2775.0
86.7225,27.76805555555556,2769.0
86.7225,27.76777777777778,2763.0
86.7225,27.767500000000002,2758.0
86.7225,27.767222222222223,2751.0
86.7225,27.766944444444448,2738.0
86.7225,27.76666666666667,2730.0
86.72222222222223,27.76638888888889,2727.0
86.72222222222223,27.766111111111112,2726.0
86.72222222222223,27.765833333333337,2723.0
86.72194444444445,27.765555555555558,2720.0
86.72166666666666,27.76527777777778,2717.0
86.72166666666666,27.765,2717.0
86.72138888888888,27.764722222222225,2714.0
86.72111111111111,27.764444444444447,2709.0
86.72083333333333,27.764444444444447,2709.0
86.72055555555555,27.764166666666668,2710.0
86.72027777777778,27.76388888888889,2711.0
86.72,27.763611111111114,2711.0
86.71972222222222,27.763333333333335,2710.0
86.71944444444445,27.763333333333335,2710.0
86.71916666666667,27.763055555555557,2710.0
86.71888888888888,27.76277777777778,2709.0
86.71861111111112,27.762500000000003,2707.0
86.71833333333333,27.762500000000003,2705.0
86.71805555555555,27.762222222222224,2704.0
86.71805555555555,27.761944444444445,2701.0
86.71777777777778,27.76166666666667,2697.0
86.7175,27.76138888888889,2697.0
86.7175,27.761111111111113,2696.0
86.71722222222222,27.760833333333334,2694.0
86.71694444444445,27.760833333333334,2693.0
86.71666666666667,27.760833333333334,2692.0
86.71638888888889,27.760833333333334,2690.0
86.7161111111111,27.760833333333334,2686.0
86.71583333333334,27.760833333333334,2687.0
86.71555555555555,27.760833333333334,2687.0
86.71527777777777,27.760833333333334,2687.0
86.715,27.760833333333334,2690.0
86.71472222222222,27.760833333333334,2693.0
86.71444444444444,27.760833333333334,2692.0
86.71416666666667,27.760833333333334,2689.0
86.71388888888889,27.760833333333334,2688.0
86.7136111111111,27.76055555555556,2687.0
86.71333333333334,27.76055555555556,2683.0
86.71305555555556,27.76055555555556,2680.0
86.71277777777777,27.76055555555556,2679.0
86.7125,27.76055555555556,2679.0
86.71222222222222,27.76027777777778,2675.0
86.71194444444444,27.76,2677.0
86.71166666666667,27.759722222222223,2680.0
86.71138888888889,27.759444444444448,2678.0
86.71138888888889,27.75916666666667,2677.0
86.71138888888889,27.75888888888889,2677.0
86.71138888888889,27.75861111111111,2679.0
86.71138888888889,27.758333333333336,2679.0
86.71138888888889,27.758055555555558,2679.0
86.71138888888889,27.75777777777778,2678.0
86.71138888888889,27.7575,2677.0
86.71138888888889,27.757222222222225,2677.0
86.71138888888889,27.756944444444446,2677.0
86.71138888888889,27.756666666666668,2677.0
86.71138888888889,27.756388888888893,2674.0
86.71138888888889,27.756111111111114,2671.0
86.71138888888889,27.755833333333335,2672.0
86.71138888888889,27.755555555555556,2671.0
86.71138888888889,27.75527777777778,2667.0
86.71138888888889,27.755000000000003,2661.0
86.71138888888889,27.754722222222224,2657.0
86.71138888888889,27.754444444444445,2662.0
86.71138888888889,27.75416666666667,2675.0
86.71138888888889,27.75388888888889,2682.0
86.71138888888889,27.753611111111113,2679.0
86.71138888888889,27.753333333333334,2676.0
86.71138888888889,27.75305555555556,2671.0
86.71138888888889,27.75277777777778,2668.0
86.71138888888889,27.7525,2666.0
86.71138888888889,27.752222222222223,2662.0
86.71166666666667,27.751944444444447,2648.0
86.71194444444444,27.75166666666667,2649.0
86.71222222222222,27.75138888888889,2658.0
86.7125,27.751111111111115,2662.0
86.71277777777777,27.750833333333336,2663.0
86.71305555555556,27.750555555555557,2663.0
86.71305555555556,27.75027777777778,2667.0
86.71333333333334,27.750000000000004,2665.0
86.71333333333334,27.749722222222225,2657.0
86.71333333333334,27.749444444444446,2653.0
86.71333333333334,27.749166666666667,2648.0
86.71333333333334,27.748888888888892,2646.0
86.71333333333334,27.748611111111114,2646.0
86.71333333333334,27.748333333333335,2645.0
86.71333333333334,27.748055555555556,2643.0
86.71305555555556,27.74777777777778,2636.0
86.71305555555556,27.747500000000002,2625.0
86.71305555555556,27.747222222222224,2618.0
86.71305555555556,27.746944444444445,2618.0
86.71305555555556,27.74666666666667,2617.0
86.71305555555556,27.74638888888889,2620.0
86.71305555555556,27.746111111111112,2622.0
86.71333333333334,27.745833333333337,2617.0
86.71333333333334,27.74555555555556,2611.0
86.71333333333334,27.74527777777778,2611.0
86.71333333333334,27.745,2611.0
86.71333333333334,27.744722222222226,2608.0
86.71333333333334,27.744444444444447,2607.0
86.71333333333334,27.74416666666667,2607.0
86.71333333333334,27.74388888888889,2612.0
86.71305555555556,27.743611111111115,2616.0
86.71305555555556,27.743333333333336,2613.0
86.71305555555556,27.743055555555557,2608.0
86.71277777777777,27.74277777777778,2608.0
86.7125,27.74277777777778,2607.0
86.71222222222222,27.74277777777778,2606.0
86.71194444444444,27.74277777777778,2605.0
86.71166666666667,27.742500000000003,2603.0
86.71138888888889,27.742222222222225,2603.0
86.71111111111111,27.741944444444446,2604.0
86.71111111111111,27.741666666666667,2605.0
86.71111111111111,27.741388888888892,2604.0
86.71111111111111,27.741111111111113,2604.0
86.71083333333333,27.740833333333335,2604.0
86.71083333333333,27.740555555555556,2602.0
86.71083333333333,27.74027777777778,2601.0
86.71083333333333,27.740000000000002,2600.0
86.71055555555556,27.739722222222223,2599.0
86.71027777777778,27.739444444444448,2601.0
86.71027777777778,27.73916666666667,2599.0
86.71027777777778,27.73888888888889,2595.0
86.71027777777778,27.738611111111112,2597.0
86.71027777777778,27.738333333333337,2599.0
86.71027777777778,27.738055555555558,2600.0
86.71055555555556,27.73777777777778,2595.0
86.71083333333333,27.7375,2589.0
86.71083333333333,27.737222222222226,2593.0
86.71083333333333,27.736944444444447,2600.0
86.71111111111111,27.736666666666668,2600.0
86.71138888888889,27.73638888888889,2596.0
86.71138888888889,27.736111111111114,2588.0
86.71111111111111,27.735833333333336,2583.0
86.71111111111111,27.735555555555557,2582.0
86.71111111111111,27.735277777777778,2577.0
86.71111111111111,27.735000000000003,2573.0
86.71111111111111,27.734722222222224,2571.0
86.71111111111111,27.734444444444446,2571.0
86.71138888888889,27.73416666666667,2577.0
86.71166666666667,27.73388888888889,2579.0
86.71194444444444,27.733611111111113,2576.0
86.71194444444444,27.733333333333334,2570.0
86.71194444444444,27.73305555555556,2564.0
86.71194444444444,27.73277777777778,2568.0
86.71194444444444,27.7325,2570.0
86.71194444444444,27.732222222222223,2567.0
86.71222222222222,27.731944444444448,2557.0
86.71222222222222,27.73166666666667,2548.0
86.7125,27.73166666666667,2544.0
86.7125,27.73138888888889,2539.0
86.7125,27.73111111111111,2537.0
86.7125,27.730833333333337,2541.0
86.7125,27.730555555555558,2547.0
86.71222222222222,27.73027777777778,2547.0
86.71194444444444,27.73,2545.0
86.71166666666667,27.729722222222225,2542.0
86.71166666666667,27.729444444444447,2543.0
86.71138888888889,27.729166666666668,2543.0
86.71111111111111,27.728888888888893,2542.0
86.71083333333333,27.728611111111114,2543.0
86.71055555555556,27.728333333333335,2543.0
86.71055555555556,27.728055555555557,2541.0
86.71083333333333,27.72777777777778,2540.0
86.71111111111111,27.727500000000003,2539.0
86.71138888888889,27.727222222222224,2535.0
86.71138888888889,27.726944444444445,2530.0
86.71166666666667,27.72666666666667,2528.0
86.71194444444444,27.72638888888889,2528.0
86.71166666666667,27.726111111111113,2527.0
86.71166666666667,27.725833333333334,2527.0
86.71194444444444,27.72555555555556,2525.0
86.71166666666667,27.72527777777778,2523.0
86.71138888888889,27.725,2522.0
86.71138888888889,27.724722222222223,2520.0
86.71138888888889,27.724444444444448,2517.0
86.71138888888889,27.72416666666667,2519.0
86.71138888888889,27.72388888888889,2519.0
86.71138888888889,27.72361111111111,2521.0
86.71138888888889,27.723333333333336,2518.0
86.71138888888889,27.723055555555558,2516.0
86.71166666666667,27.72277777777778,2513.0
86.71166666666667,27.722500000000004,2509.0
86.71166666666667,27.722222222222225,2509.0
86.71166666666667,27.721944444444446,2508.0
86.71194444444444,27.721666666666668,2509.0
86.71222222222222,27.721388888888892,2507.0
86.7125,27.721111111111114,2506.0
86.7125,27.720833333333335,2505.0
86.7125,27.720555555555556,2506.0
86.71222222222222,27.72027777777778,2506.0
86.71222222222222,27.720000000000002,2507.0
86.71222222222222,27.719722222222224,2503.0
86.71194444444444,27.719722222222224,2504.0
86.71166666666667,27.719444444444445,2497.0
86.71138888888889,27.71916666666667,2499.0
86.71111111111111,27.71888888888889,2504.0
86.71111111111111,27.718611111111112,2498.0
86.71138888888889,27.718611111111112,2498.0
86.71166666666667,27.718333333333334,2489.0
86.71194444444444,27.718333333333334,2498.0
86.71222222222222,27.71805555555556,2499.0
86.7125,27.71777777777778,2497.0
86.7125,27.7175,2494.0
86.7125,27.717222222222226,2491.0
86.7125,27.716944444444447,2485.0
86.7125,27.71666666666667,2479.0
86.7125,27.71638888888889,2480.0
86.7125,27.716111111111115,2481.0
86.7125,27.715833333333336,2482.0
86.7125,27.715555555555557,2484.0
86.7125,27.71527777777778,2489.0
86.7125,27.715000000000003,2496.0
86.7125,27.714722222222225,2496.0
86.71222222222222,27.714444444444446,2493.0
86.71194444444444,27.714166666666667,2490.0
86.71166666666667,27.713888888888892,2482.0
86.71166666666667,27.713611111111113,2477.0
86.71166666666667,27.713333333333335,2478.0
86.71138888888889,27.713055555555556,2482.0
86.71138888888889,27.71277777777778,2481.0
86.71138888888889,27.712500000000002,2480.0
86.71138888888889,27.712222222222223,2476.0
86.71138888888889,27.71194444444445,2473.0
86.71138888888889,27.71166666666667,2476.0
86.71111111111111,27.71138888888889,2467.0
86.71111111111111,27.711111111111112,2474.0
86.71083333333333,27.710833333333337,2482.0
86.71083333333333,27.71055555555556,2479.0
86.71083333333333,27.71027777777778,2471.0
86.71083333333333,27.71,2465.0
86.71111111111111,27.709722222222226,2461.0
86.71111111111111,27.709444444444447,2456.0
86.71111111111111,27.70916666666667,2453.0
86.71111111111111,27.70888888888889,2451.0
86.71111111111111,27.708611111111114,2455.0
86.71138888888889,27.708333333333336,2459.0
86.71166666666667,27.708055555555557,2459.0
86.71166666666667,27.70777777777778,2455.0
86.71166666666667,27.707500000000003,2449.0
86.71166666666667,27.707222222222224,2445.0
86.71166666666667,27.706944444444446,2444.0
86.71166666666667,27.706666666666667,2446.0
86.71194444444444,27.706388888888892,2441.0
86.71194444444444,27.706111111111113,2442.0
86.71194444444444,27.705833333333334,2445.0
86.71194444444444,27.70555555555556,2447.0
86.71194444444444,27.70527777777778,2445.0
86.71194444444444,27.705000000000002,2439.0
86.71194444444444,27.704722222222223,2439.0
86.71194444444444,27.704444444444448,2441.0
86.71194444444444,27.70416666666667,2438.0
86.71194444444444,27.70388888888889,2430.0
86.71194444444444,27.703611111111112,2423.0
86.71194444444444,27.703333333333337,2423.0
86.71194444444444,27.703055555555558,2431.0
86.71194444444444,27.70277777777778,2437.0
86.71194444444444,27.7025,2442.0
86.71194444444444,27.702222222222225,2441.0
86.71194444444444,27.701944444444447,2438.0
86.71194444444444,27.701666666666668,2436.0
86.71194444444444,27.70138888888889,2433.0
86.71194444444444,27.701111111111114,2437.0
86.71194444444444,27.700833333333335,2445.0
86.71166666666667,27.700555555555557,2438.0
86.71166666666667,27.70027777777778,2439.0
86.71138888888889,27.700000000000003,2440.0
86.71138888888889,27.699722222222224,2448.0
86.71111111111111,27.699444444444445,2447.0
86.71111111111111,27.69916666666667,2441.0
86.71083333333333,27.69888888888889,2436.0
86.71083333333333,27.698611111111113,2439.0
86.71055555555556,27.698333333333334,2434.0
86.71027777777778,27.69805555555556,2427.0
86.71027777777778,27.69777777777778,2420.0
86.71055555555556,27.6975,2404.0
86.71083333333333,27.697222222222223,2382.0
86.71111111111111,27.696944444444448,2369.0
86.71138888888889,27.696944444444448,2358.0
86.71166666666667,27.696944444444448,2356.0
86.71194444444444,27.69666666666667,2356.0
86.71222222222222,27.69638888888889,2346.0
86.71222222222222,27.69611111111111,2333.0
86.71222222222222,27.695833333333336,2325.0
86.71222222222222,27.695555555555558,2319.0
86.71222222222222,27.69527777777778,2312.0
86.71222222222222,27.695,2308.0
86.71222222222222,27.694722222222225,2303.0
86.71222222222222,27.694444444444446,2300.0
86.71222222222222,27.694166666666668,2297.0
86.71222222222222,27.693888888888893,2294.0
86.71222222222222,27.693611111111114,2291.0
86.71222222222222,27.693333333333335,2300.0
86.71222222222222,27.693055555555556,2312.0
86.71222222222222,27.69277777777778,2325.0
86.71194444444444,27.692500000000003,2321.0
86.71166666666667,27.692222222222224,2321.0
86.71138888888889,27.691944444444445,2315.0
86.71111111111111,27.69166666666667,2312.0
86.71111111111111,27.69138888888889,2318.0
86.71111111111111,27.691111111111113,2309.0
86.71111111111111,27.690833333333334,2296.0
86.71111111111111,27.69055555555556,2285.0
86.71111111111111,27.69027777777778,2280.0
86.71111111111111,27.69,2278.0
86.71111111111111,27.689722222222223,2275.0
86.71111111111111,27.689444444444447,2276.0
86.71111111111111,27.68916666666667,2286.0
86.71111111111111,27.68888888888889,2300.0
86.71111111111111,27.688611111111115,2309.0
86.71111111111111,27.688333333333336,2322.0
86.71083333333333,27.688055555555557,2326.0
86.71083333333333,27.68777777777778,2326.0
86.71111111111111,27.687500000000004,2321.0
86.71138888888889,27.687222222222225,2299.0
86.71166666666667,27.686944444444446,2270.0
86.71194444444444,27.686944444444446,2256.0
86.71222222222222,27.686944444444446,2244.0
86.7125,27.686666666666667,2235.0
86.71277777777777,27.686388888888892,2235.0
86.71305555555556,27.686111111111114,2231.0
86.71305555555556,27.685833333333335,2226.0
86.71305555555556,27.685555555555556,2219.0
86.71305555555556,27.68527777777778,2216.0
86.71333333333334,27.685000000000002,2204.0
86.71333333333334,27.684722222222224,2191.0
86.71333333333334,27.684444444444445,2177.0
86.7136111111111,27.68416666666667,2171.0
86.7136111111111,27.68388888888889,2170.0
86.7136111111111,27.683611111111112,2168.0
86.7136111111111,27.683333333333337,2169.0
86.71388888888889,27.68305555555556,2170.0
86.71416666666667,27.68277777777778,2165.0
86.71416666666667,27.6825,2156.0
86.71416666666667,27.682222222222226,2150.0
86.71416666666667,27.681944444444447,2148.0
86.71416666666667,27.68166666666667,2150.0
86.71416666666667,27.68138888888889,2153.0
86.71416666666667,27.681111111111115,2153.0
86.71416666666667,27.680833333333336,2150.0
86.71416666666667,27.680555555555557,2147.0
86.71416666666667,27.68027777777778,2151.0
86.71416666666667,27.680000000000003,2156.0
86.71416666666667,27.679722222222225,2163.0
86.71444444444444,27.679444444444446,2159.0
86.71472222222222,27.679166666666667,2157.0
86.71472222222222,27.678888888888892,2159.0
86.71472222222222,27.678611111111113,2158.0
86.71472222222222,27.678333333333335,2156.0
86.71472222222222,27.678055555555556,2156.0
86.71472222222222,27.67777777777778,2154.0
86.71472222222222,27.677500000000002,2148.0
86.71472222222222,27.677222222222223,2142.0
86.71472222222222,27.676944444444448,2136.0
86.71472222222222,27.67666666666667,2130.0
86.71472222222222,27.67638888888889,2123.0
86.71472222222222,27.676111111111112,2113.0
86.71472222222222,27.675833333333337,2103.0
86.71472222222222,27.675555555555558,2094.0
86.71472222222222,27.67527777777778,2090.0
86.71472222222222,27.675,2088.0
86.71472222222222,27.674722222222226,2096.0
86.71472222222222,27.674444444444447,2107.0
86.71472222222222,27.674166666666668,2118.0
86.71472222222222,27.67388888888889,2126.0
86.71444444444444,27.673611111111114,2119.0
86.71416666666667,27.673333333333336,2127.0
86.71388888888889,27.673055555555557,2142.0
86.7136111111111,27.672777777777778,2153.0
86.71333333333334,27.672500000000003,2161.0
86.71305555555556,27.672222222222224,2162.0
86.71277777777777,27.671944444444446,2152.0
86.71277777777777,27.67166666666667,2152.0
86.71277777777777,27.67138888888889,2148.0
86.71277777777777,27.671111111111113,2141.0
86.71277777777777,27.670833333333334,2147.0
86.71277777777777,27.67055555555556,2162.0
86.71277777777777,27.67027777777778,2165.0
86.7125,27.67,2147.0
86.7125,27.669722222222223,2152.0
86.7125,27.669444444444448,2156.0
86.7125,27.66916666666667,2153.0
86.7125,27.66888888888889,2146.0
86.7125,27.66861111111111,2139.0
86.7125,27.668333333333337,2132.0
86.7125,27.668055555555558,2125.0
86.7125,27.66777777777778,2128.0
86.7125,27.6675,2133.0
86.7125,27.667222222222225,2139.0
86.71222222222222,27.666944444444447,2133.0
86.71194444444444,27.666666666666668,2113.0
86.71166666666667,27.66638888888889,2095.0
86.71138888888889,27.666111111111114,2087.0
86.71111111111111,27.665833333333335,2076.0
86.71083333333333,27.665555555555557,2080.0
86.71055555555556,27.66527777777778,2070.0
86.71027777777778,27.665000000000003,2072.0
86.71,27.664722222222224,2081.0
86.70972222222223,27.664444444444445,2084.0
86.70944444444444,27.66416666666667,2084.0
86.70916666666666,27.66388888888889,2083.0
86.7088888888889,27.663611111111113,2081.0
86.70861111111111,27.663333333333334,2083.0
86.70833333333333,27.66305555555556,2103.0
86.70805555555556,27.66277777777778,2122.0
86.70777777777778,27.6625,2131.0
86.7075,27.662222222222223,2138.0
86.70722222222223,27.661944444444448,2146.0
86.70722222222223,27.66166666666667,2163.0
86.70694444444445,27.66138888888889,2148.0
86.70694444444445,27.66111111111111,2156.0
86.70694444444445,27.660833333333336,2164.0
86.70666666666666,27.660555555555558,2143.0
86.70666666666666,27.66027777777778,2151.0
86.70666666666666,27.660000000000004,2160.0
86.7063888888889,27.659722222222225,2148.0
86.7063888888889,27.659444444444446,2141.0
86.7063888888889,27.659166666666668,2137.0
86.7063888888889,27.658888888888892,2138.0
86.7063888888889,27.658611111111114,2137.0
86.7063888888889,27.658333333333335,2136.0
86.7063888888889,27.658055555555556,2145.0
86.7063888888889,27.65777777777778,2159.0
86.70611111111111,27.657500000000002,2133.0
86.70583333333333,27.657222222222224,2134.0
86.70555555555555,27.656944444444445,2152.0
86.70527777777778,27.65666666666667,2153.0
86.70527777777778,27.65638888888889,2160.0
86.70527777777778,27.656111111111112,2164.0
86.705,27.655833333333334,2154.0
86.705,27.65555555555556,2160.0
86.705,27.65527777777778,2165.0
86.705,27.655,2162.0
86.705,27.654722222222226,2157.0
86.705,27.654444444444447,2157.0
86.70472222222222,27.65416666666667,2153.0
86.70472222222222,27.65388888888889,2151.0
86.70472222222222,27.653611111111115,2153.0
86.70472222222222,27.653333333333336,2157.0
86.70444444444445,27.653055555555557,2158.0
86.70416666666667,27.65277777777778,2159.0
86.70416666666667,27.652500000000003,2153.0
86.70416666666667,27.652222222222225,2148.0
86.70416666666667,27.651944444444446,2143.0
86.70388888888888,27.651666666666667,2122.0
86.70388888888888,27.651388888888892,2097.0
86.70388888888888,27.651111111111113,2081.0
86.70361111111112,27.650833333333335,2059.0
86.70333333333333,27.650555555555556,2040.0
86.70333333333333,27.65027777777778,2027.0
86.70333333333333,27.650000000000002,2017.0
86.70333333333333,27.649722222222223,2015.0
86.70305555555555,27.64944444444445,2010.0
86.70277777777778,27.64916666666667,1993.0
86.70277777777778,27.64888888888889,1968.0
86.70277777777778,27.648611111111112,1939.0
86.7025,27.648333333333337,1898.0
86.7025,27.64805555555556,1869.0
86.7025,27.64777777777778,1851.0
86.7025,27.6475,1846.0
86.7025,27.647222222222226,1851.0
86.7025,27.646944444444447,1855.0
86.7025,27.64666666666667,1851.0
86.7025,27.64638888888889,1843.0
86.7025,27.646111111111114,1831.0
86.7025,27.645833333333336,1820.0
86.7025,27.645555555555557,1818.0
86.7025,27.64527777777778,1820.0
86.7025,27.645000000000003,1822.0
86.7025,27.644722222222224,1827.0
86.7025,27.644444444444446,1827.0
86.7025,27.644166666666667,1825.0
86.7025,27.643888888888892,1829.0
86.7025,27.643611111111113,1842.0
86.70222222222222,27.643333333333334,1829.0
86.70222222222222,27.64305555555556,1838.0
86.70222222222222,27.64277777777778,1846.0
86.70222222222222,27.642500000000002,1852.0
86.70194444444445,27.642222222222223,1824.0
86.70194444444445,27.641944444444448,1839.0
86.70166666666667,27.64166666666667,1831.0
86.70166666666667,27.64138888888889,1847.0
86.70138888888889,27.641111111111112,1838.0
86.70111111111112,27.640833333333337,1839.0
86.70083333333334,27.640555555555558,1842.0
86.70055555555555,27.64027777777778,1846.0
86.70027777777777,27.64,1850.0
86.70027777777777,27.639722222222225,1854.0
86.70027777777777,27.639444444444447,1858.0
86.7,27.639166666666668,1856.0
86.7,27.63888888888889,1842.0
86.7,27.638611111111114,1830.0
86.7,27.638333333333335,1820.0
86.7,27.638055555555557,1806.0
86.7,27.63777777777778,1800.0
86.7,27.637500000000003,1801.0
86.7,27.637222222222224,1805.0
86.69972222222222,27.636944444444445,1800.0
86.69972222222222,27.63666666666667,1816.0
86.69944444444444,27.63638888888889,1810.0
86.69916666666667,27.636111111111113,1807.0
86.69888888888889,27.635833333333334,1812.0
86.6986111111111,27.63555555555556,1815.0
86.6986111111111,27.63527777777778,1816.0
86.69833333333334,27.635,1812.0
86.69833333333334,27.634722222222223,1804.0
86.69833333333334,27.634444444444448,1795.0
86.69805555555556,27.63416666666667,1788.0
86.69805555555556,27.63388888888889,1786.0
86.69805555555556,27.63361111111111,1779.0
86.69777777777777,27.633333333333336,1768.0
86.69777777777777,27.633055555555558,1758.0
86.69777777777777,27.63277777777778,1746.0
86.6975,27.6325,1734.0
86.6975,27.632222222222225,1730.0
86.69777777777777,27.631944444444446,1725.0
86.69777777777777,27.631666666666668,1721.0
86.69777777777777,27.631388888888893,1718.0
86.69777777777777,27.631111111111114,1718.0
86.69777777777777,27.630833333333335,1720.0
86.69777777777777,27.630555555555556,1721.0
86.6975,27.63027777777778,1718.0
86.6975,27.630000000000003,1711.0
86.6975,27.629722222222224,1707.0
86.6975,27.629444444444445,1710.0
86.69722222222222,27.62916666666667,1711.0
86.69722222222222,27.62888888888889,1714.0
86.69722222222222,27.628611111111113,1713.0
86.69722222222222,27.628333333333334,1713.0
86.69722222222222,27.62805555555556,1712.0
86.69722222222222,27.62777777777778,1707.0
86.69694444444444,27.6275,1702.0
86.69694444444444,27.627222222222223,1698.0
86.69694444444444,27.626944444444447,1694.0
86.69694444444444,27.62666666666667,1689.0
86.69694444444444,27.62638888888889,1684.0
86.69694444444444,27.626111111111115,1682.0
86.69694444444444,27.625833333333336,1684.0
86.69694444444444,27.625555555555557,1686.0
86.69694444444444,27.62527777777778,1683.0
86.69694444444444,27.625000000000004,1686.0
86.69694444444444,27.624722222222225,1686.0
86.69694444444444,27.624444444444446,1683.0
86.69694444444444,27.624166666666667,1683.0
86.69694444444444,27.623888888888892,1683.0
86.69694444444444,27.623611111111114,1688.0
86.69666666666667,27.623333333333335,1693.0
86.69638888888889,27.623055555555556,1697.0
86.69638888888889,27.62277777777778,1692.0
86.69638888888889,27.622500000000002,1684.0
86.69666666666667,27.622222222222224,1681.0
86.69666666666667,27.621944444444445,1669.0
86.69666666666667,27.62166666666667,1661.0
86.69666666666667,27.62138888888889,1656.0
86.69638888888889,27.621111111111112,1648.0
86.69638888888889,27.620833333333337,1635.0
86.69611111111111,27.62055555555556,1621.0
86.69611111111111,27.62027777777778,1611.0
86.69611111111111,27.62,1604.0
86.69611111111111,27.619722222222226,1604.0
86.69638888888889,27.619444444444447,1607.0
86.69638888888889,27.61916666666667,1605.0
86.69638888888889,27.61888888888889,1602.0
86.69638888888889,27.618611111111115,1597.0
86.69638888888889,27.618333333333336,1594.0
86.69638888888889,27.618055555555557,1601.0
86.69611111111111,27.61777777777778,1597.0
86.69583333333334,27.617500000000003,1586.0
86.69583333333334,27.617222222222225,1592.0
86.69583333333334,27.616944444444446,1601.0
86.69555555555556,27.616666666666667,1601.0
86.69555555555556,27.616388888888892,1602.0
86.69583333333334,27.616111111111113,1595.0
86.69583333333334,27.615833333333335,1584.0
86.69555555555556,27.615555555555556,1583.0
86.69527777777778,27.615555555555556,1577.0
86.695,27.615555555555556,1578.0
86.69472222222223,27.61527777777778,1581.0
86.69444444444444,27.615000000000002,1575.0
86.69444444444444,27.614722222222223,1572.0
86.69416666666666,27.614444444444448,1569.0
86.69388888888889,27.61416666666667,1563.0
86.69388888888889,27.61388888888889,1564.0
86.69361111111111,27.613611111111112,1564.0
86.69361111111111,27.613333333333337,1568.0
86.69333333333333,27.613055555555558,1566.0
86.69305555555556,27.61277777777778,1564.0
86.69277777777778,27.6125,1566.0
86.6925,27.612222222222226,1564.0
86.69222222222223,27.611944444444447,1561.0
86.69222222222223,27.611666666666668,1563.0
86.69222222222223,27.61138888888889,1560.0
86.69222222222223,27.611111111111114,1556.0
86.69222222222223,27.610833333333336,1561.0
86.69222222222223,27.610555555555557,1568.0
86.69194444444445,27.610277777777778,1558.0
86.69194444444445,27.610000000000003,1565.0
86.69166666666666,27.609722222222224,1550.0
86.69166666666666,27.609444444444446,1553.0
86.6913888888889,27.60916666666667,1557.0
86.69111111111111,27.60888888888889,1564.0
86.69083333333333,27.608611111111113,1569.0
86.69055555555556,27.608333333333334,1567.0
86.69027777777778,27.60805555555556,1567.0
86.69,27.60805555555556,1561.0
86.68972222222222,27.60777777777778,1550.0
86.68972222222222,27.6075,1552.0
86.68944444444445,27.607222222222223,1553.0
86.68916666666667,27.606944444444448,1555.0
86.68916666666667,27.60666666666667,1552.0
86.68888888888888,27.60638888888889,1540.0
86.68861111111111,27.60611111111111,1531.0
86.68833333333333,27.605833333333337,1535.0
86.68833333333333,27.605555555555558,1533.0
86.68833333333333,27.60527777777778,1528.0
86.68833333333333,27.605,1526.0
86.68805555555555,27.604722222222225,1526.0
86.68777777777778,27.604444444444447,1530.0
86.6875,27.604444444444447,1528.0
86.68722222222222,27.604166666666668,1516.0
86.68694444444445,27.60388888888889,1519.0
86.68666666666667,27.603611111111114,1522.0
86.68638888888889,27.603333333333335,1522.0
86.68611111111112,27.603055555555557,1530.0
86.68583333333333,27.60277777777778,1526.0
86.68583333333333,27.602500000000003,1519.0
86.68555555555555,27.602222222222224,1516.0
86.68527777777777,27.601944444444445,1516.0
86.685,27.601944444444445,1519.0
86.68472222222222,27.60166666666667,1512.0
86.68444444444444,27.60138888888889,1514.0
86.68416666666667,27.60138888888889,1517.0
86.68388888888889,27.601111111111113,1514.0
86.6836111111111,27.600833333333334,1508.0
86.68333333333334,27.60055555555556,1504.0
86.68305555555555,27.60027777777778,1513.0
86.68277777777777,27.6,1515.0
86.6825,27.599722222222223,1509.0
86.68222222222222,27.599722222222223,1519.0
86.68194444444444,27.599444444444448,1512.0
86.68166666666667,27.59916666666667,1503.0
86.68138888888889,27.59888888888889,1500.0
86.68111111111111,27.59861111111111,1499.0
86.68083333333334,27.598333333333336,1489.0
86.68055555555556,27.598055555555558,1496.0
86.68027777777777,27.59777777777778,1509.0
86.67999999999999,27.597500000000004,1518.0
86.67972222222222,27.597222222222225,1515.0
86.67944444444444,27.596944444444446,1520.0
86.67944444444444,27.596666666666668,1512.0
86.67916666666666,27.596388888888892,1505.0
86.67916666666666,27.596111111111114,1503.0
86.67888888888889,27.595833333333335,1503.0
86.67888888888889,27.595555555555556,1492.0
86.67888888888889,27.59527777777778,1487.0
86.67888888888889,27.595000000000002,1492.0
86.67861111111111,27.594722222222224,1494.0
86.67861111111111,27.594444444444445,1488.0
86.67861111111111,27.59416666666667,1479.0
86.67861111111111,27.59388888888889,1482.0
86.67861111111111,27.593611111111112,1494.0
86.67861111111111,27.593333333333334,1496.0
86.67861111111111,27.59305555555556,1493.0
86.67861111111111,27.59277777777778,1494.0
86.67833333333333,27.5925,1493.0
86.67805555555556,27.592222222222226,1496.0
86.67777777777778,27.591944444444447,1495.0
86.6775,27.59166666666667,1490.0
86.67722222222223,27.59138888888889,1488.0
86.67722222222223,27.591111111111115,1487.0
86.67694444444444,27.590833333333336,1487.0
86.67666666666666,27.590555555555557,1476.0
86.6763888888889,27.590555555555557,1467.0
86.6763888888889,27.59027777777778,1468.0
86.6763888888889,27.590000000000003,1471.0
86.67611111111111,27.589722222222225,1469.0
86.67611111111111,27.589444444444446,1467.0
86.67611111111111,27.589166666666667,1470.0
86.67583333333333,27.588888888888892,1467.0
86.67583333333333,27.588611111111113,1470.0
86.67555555555556,27.588333333333335,1471.0
86.67555555555556,27.588055555555556,1468.0
86.67583333333333,27.58777777777778,1461.0
86.67583333333333,27.587500000000002,1454.0
86.67583333333333,27.587222222222223,1453.0
86.67583333333333,27.58694444444445,1454.0
86.67583333333333,27.58666666666667,1454.0
86.67555555555556,27.58638888888889,1455.0
86.67555555555556,27.586111111111112,1456.0
86.67527777777778,27.585833333333337,1455.0
86.675,27.58555555555556,1453.0
86.675,27.58527777777778,1454.0
86.675,27.585,1452.0
86.67472222222221,27.584722222222226,1454.0
86.67472222222221,27.584444444444447,1452.0
86.67444444444445,27.58416666666667,1450.0
86.67444444444445,27.58388888888889,1450.0
86.67444444444445,27.583611111111114,1448.0
86.67444444444445,27.583333333333336,1444.0
86.67444444444445,27.583055555555557,1442.0
86.67444444444445,27.58277777777778,1440.0
86.67444444444445,27.582500000000003,1438.0
86.67444444444445,27.582222222222224,1440.0
86.67416666666666,27.581944444444446,1438.0
86.67416666666666,27.581666666666667,1435.0
86.67416666666666,27.581388888888892,1432.0
86.67416666666666,27.581111111111113,1428.0
86.67416666666666,27.580833333333334,1432.0
86.67416666666666,27.58055555555556,1435.0
86.67416666666666,27.58027777777778,1435.0
86.67416666666666,27.580000000000002,1433.0
86.67416666666666,27.579722222222223,1427.0
86.67416666666666,27.579444444444448,1424.0
86.67416666666666,27.57916666666667,1421.0
86.67416666666666,27.57888888888889,1430.0
86.67416666666666,27.578611111111112,1433.0
86.67416666666666,27.578333333333337,1434.0
86.67416666666666,27.578055555555558,1431.0
86.67416666666666,27.57777777777778,1432.0
86.67416666666666,27.5775,1435.0
86.67444444444445,27.577222222222225,1436.0
86.67444444444445,27.576944444444447,1430.0
86.67444444444445,27.576666666666668,1420.0
86.67444444444445,27.57638888888889,1413.0
86.67444444444445,27.576111111111114,1413.0
86.67444444444445,27.575833333333335,1423.0
86.67444444444445,27.575555555555557,1435.0
86.67472222222221,27.57527777777778,1431.0
86.675,27.575000000000003,1428.0
86.675,27.574722222222224,1436.0
86.67527777777778,27.574444444444445,1433.0
86.67527777777778,27.57416666666667,1436.0
86.67527777777778,27.57388888888889,1434.0
86.67527777777778,27.573611111111113,1430.0
86.67527777777778,27.573333333333334,1420.0
86.67527777777778,27.57305555555556,1412.0
86.67527777777778,27.57277777777778,1406.0
86.67555555555556,27.5725,1400.0
86.67555555555556,27.572222222222223,1400.0
86.67583333333333,27.571944444444448,1402.0
86.67583333333333,27.57166666666667,1401.0
86.67583333333333,27.57138888888889,1401.0
86.67583333333333,27.57111111111111,1401.0
86.67583333333333,27.570833333333336,1401.0
86.67583333333333,27.570555555555558,1402.0
86.67583333333333,27.57027777777778,1402.0
86.67583333333333,27.57,1399.0
86.67555555555556,27.569722222222225,1395.0
86.67583333333333,27.569444444444446,1392.0
86.67611111111111,27.569166666666668,1391.0
86.67611111111111,27.568888888888893,1388.0
86.6763888888889,27.568611111111114,1381.0
86.6763888888889,27.568333333333335,1377.0
86.67666666666666,27.568055555555556,1366.0
86.67666666666666,27.56777777777778,1362.0
86.67694444444444,27.567500000000003,1361.0
86.67694444444444,27.567222222222224,1355.0
86.67722222222223,27.566944444444445,1351.0
86.6775,27.56666666666667,1352.0
86.67777777777778,27.56638888888889,1348.0
86.67805555555556,27.56638888888889,1345.0
86.67833333333333,27.56638888888889,1350.0
86.67861111111111,27.566111111111113,1354.0
86.67888888888889,27.566111111111113,1350.0
86.67916666666666,27.565833333333334,1347.0
86.67944444444444,27.56555555555556,1347.0
86.67972222222222,27.56555555555556,1336.0
86.67999999999999,27.56555555555556,1334.0
86.68027777777777,27.56555555555556,1326.0
86.68055555555556,27.56555555555556,1316.0
86.68083333333334,27.56555555555556,1313.0
86.68111111111111,27.56555555555556,1314.0
86.68138888888889,27.56555555555556,1314.0
86.68166666666667,27.56555555555556,1317.0
86.68194444444444,27.56555555555556,1329.0
86.68222222222222,27.56527777777778,1323.0
86.6825,27.56527777777778,1332.0
86.68277777777777,27.565,1330.0
86.68305555555555,27.565,1330.0
86.68333333333334,27.565,1332.0
86.6836111111111,27.565,1334.0
86.68388888888889,27.565,1335.0
86.68416666666667,27.564722222222223,1332.0
86.68444444444444,27.564722222222223,1330.0
86.68472222222222,27.564722222222223,1328.0
86.685,27.564722222222223,1333.0
86.68527777777777,27.564444444444447,1319.0
86.68555555555555,27.564444444444447,1328.0
86.68583333333333,27.56416666666667,1322.0
86.68611111111112,27.56388888888889,1324.0
86.68638888888889,27.563611111111115,1321.0
86.68666666666667,27.563333333333336,1311.0
86.68694444444445,27.563055555555557,1314.0
86.68722222222222,27.56277777777778,1333.0
86.6875,27.562500000000004,1334.0
86.68777777777778,27.562500000000004,1321.0
86.68805555555555,27.562222222222225,1303.0
86.68833333333333,27.561944444444446,1290.0
86.68861111111111,27.561944444444446,1279.0
86.68888888888888,27.561944444444446,1275.0
86.68916666666667,27.561944444444446,1277.0
86.68944444444445,27.562222222222225,1276.0
86.68972222222222,27.562222222222225,1275.0
86.69,27.562500000000004,1271.0
86.69027777777778,27.562500000000004,1269.0
86.69055555555556,27.562500000000004,1269.0
86.69083333333333,27.562500000000004,1278.0
86.69111111111111,27.562500000000004,1278.0
86.6913888888889,27.562500000000004,1271.0
86.69166666666666,27.562500000000004,1275.0
86.69194444444445,27.562222222222225,1269.0
86.69222222222223,27.561944444444446,1273.0
86.6925,27.561944444444446,1278.0
86.69277777777778,27.561666666666667,1272.0
86.69305555555556,27.561666666666667,1273.0
86.69333333333333,27.561666666666667,1268.0
86.69361111111111,27.561666666666667,1270.0
86.69388888888889,27.561388888888892,1269.0
86.69416666666666,27.561388888888892,1264.0
86.69444444444444,27.561388888888892,1269.0
86.69472222222223,27.561111111111114,1274.0
86.695,27.561111111111114,1275.0
86.69527777777778,27.560833333333335,1272.0
86.69555555555556,27.560833333333335,1270.0
86.69583333333334,27.560833333333335,1270.0
86.69611111111111,27.560833333333335,1272.0
86.69638888888889,27.560555555555556,1267.0
86.69666666666667,27.560555555555556,1271.0
86.69694444444444,27.56027777777778,1273.0
86.69722222222222,27.56027777777778,1274.0
86.6975,27.56027777777778,1273.0
86.69777777777777,27.56027777777778,1273.0
86.69805555555556,27.560000000000002,1256.0
86.69833333333334,27.560000000000002,1259.0
86.6986111111111,27.560000000000002,1267.0
86.69888888888889,27.559722222222224,1252.0
86.69916666666667,27.559722222222224,1260.0
86.69944444444444,27.559722222222224,1273.0
86.69972222222222,27.559444444444445,1266.0
86.7,27.55916666666667,1265.0
86.70027777777777,27.55916666666667,1268.0
86.70055555555555,27.55888888888889,1261.0
86.70083333333334,27.558611111111112,1258.0
86.70111111111112,27.558333333333337,1256.0
86.70138888888889,27.55805555555556,1262.0
86.70166666666667,27.55777777777778,1270.0
86.70194444444445,27.5575,1273.0
86.70222222222222,27.557222222222226,1271.0
86.70222222222222,27.556944444444447,1270.0
86.70222222222222,27.55666666666667,1270.0
86.7025,27.55638888888889,1267.0
86.7025,27.556111111111115,1263.0
86.70277777777778,27.555833333333336,1257.0
86.70277777777778,27.555555555555557,1260.0
86.70305555555555,27.55527777777778,1253.0
86.70333333333333,27.555000000000003,1247.0
86.70361111111112,27.555000000000003,1253.0
86.70388888888888,27.554722222222225,1237.0
86.70416666666667,27.554444444444446,1244.0
86.70444444444445,27.554166666666667,1255.0
86.70472222222222,27.553888888888892,1254.0
86.705,27.553611111111113,1257.0
86.70527777777778,27.553333333333335,1253.0
86.70555555555555,27.553055555555556,1250.0
86.70555555555555,27.55277777777778,1250.0
86.70583333333333,27.552500000000002,1248.0
86.70611111111111,27.552222222222223,1246.0
86.7063888888889,27.551944444444448,1240.0
86.70666666666666,27.55166666666667,1241.0
86.70694444444445,27.55138888888889,1241.0
86.70722222222223,27.55138888888889,1238.0
86.7075,27.551111111111112,1240.0
86.70777777777778,27.550833333333337,1244.0
86.70805555555556,27.550833333333337,1243.0
86.70833333333333,27.550555555555558,1237.0
86.70861111111111,27.550555555555558,1240.0
86.7088888888889,27.55027777777778,1237.0
86.70916666666666,27.55,1242.0
86.70944444444444,27.549722222222226,1246.0
86.70944444444444,27.549444444444447,1240.0
86.70944444444444,27.549166666666668,1238.0
86.70944444444444,27.54888888888889,1238.0
86.70944444444444,27.548611111111114,1243.0
86.70972222222223,27.548333333333336,1243.0
86.71,27.548055555555557,1237.0
86.71,27.547777777777778,1238.0
86.71027777777778,27.547500000000003,1236.0
86.71055555555556,27.547222222222224,1239.0
86.71083333333333,27.546944444444446,1239.0
86.71083333333333,27.54666666666667,1241.0
86.71111111111111,27.54638888888889,1238.0
86.71138888888889,27.546111111111113,1235.0
86.71166666666667,27.545833333333334,1235.0
86.71194444444444,27.54555555555556,1242.0
86.71222222222222,27.54527777777778,1242.0
86.71222222222222,27.545,1241.0
86.71222222222222,27.544722222222223,1243.0
86.71222222222222,27.544444444444448,1240.0
86.71222222222222,27.54416666666667,1234.0
86.71222222222222,27.54388888888889,1225.0
86.71222222222222,27.54361111111111,1214.0
86.71222222222222,27.543333333333337,1206.0
86.71222222222222,27.543055555555558,1199.0
86.71222222222222,27.54277777777778,1196.0
86.71222222222222,27.5425,1191.0
86.71222222222222,27.542222222222225,1187.0
86.71222222222222,27.541944444444447,1193.0
86.71222222222222,27.541666666666668,1205.0
86.7125,27.54138888888889,1206.0
86.71277777777777,27.541111111111114,1208.0
86.71277777777777,27.540833333333335,1208.0
86.71277777777777,27.540555555555557,1208.0
86.71277777777777,27.54027777777778,1210.0
86.71277777777777,27.540000000000003,1214.0
86.71277777777777,27.539722222222224,1215.0
86.71277777777777,27.539444444444445,1215.0
86.7125,27.53916666666667,1208.0
86.7125,27.53888888888889,1208.0
86.7125,27.538611111111113,1206.0
86.71222222222222,27.538333333333334,1201.0
86.71222222222222,27.53805555555556,1192.0
86.71222222222222,27.53777777777778,1185.0
86.71222222222222,27.5375,1193.0
86.71222222222222,27.537222222222223,1194.0
86.71222222222222,27.536944444444448,1201.0
86.71222222222222,27.53666666666667,1201.0
86.71222222222222,27.53638888888889,1194.0
86.71222222222222,27.53611111111111,1187.0
86.71222222222222,27.535833333333336,1181.0
86.71222222222222,27.535555555555558,1182.0
86.71194444444444,27.53527777777778,1183.0
86.71194444444444,27.535000000000004,1179.0
86.71166666666667,27.534722222222225,1163.0
86.71166666666667,27.534444444444446,1153.0
86.71138888888889,27.534444444444446,1149.0
86.71111111111111,27.534166666666668,1150.0
86.71083333333333,27.533888888888892,1143.0
86.71055555555556,27.533611111111114,1146.0
86.71027777777778,27.533333333333335,1146.0
86.71,27.533055555555556,1143.0
86.70972222222223,27.53277777777778,1142.0
86.70944444444444,27.532500000000002,1143.0
86.70916666666666,27.532222222222224,1143.0
86.7088888888889,27.531944444444445,1144.0
86.70861111111111,27.53166666666667,1139.0
86.70833333333333,27.53138888888889,1135.0
86.70805555555556,27.531111111111112,1133.0
86.70805555555556,27.530833333333334,1135.0
86.70833333333333,27.53055555555556,1135.0
86.70861111111111,27.53027777777778,1132.0
86.7088888888889,27.53,1134.0
86.7088888888889,27.529722222222226,1134.0
86.7088888888889,27.529444444444447,1131.0
86.7088888888889,27.52916666666667,1127.0
86.70861111111111,27.52888888888889,1122.0
86.70833333333333,27.528611111111115,1121.0
86.70805555555556,27.528333333333336,1121.0
86.70777777777778,27.528055555555557,1123.0
86.7075,27.52777777777778,1124.0
86.70722222222223,27.527500000000003,1125.0
86.70694444444445,27.527222222222225,1133.0
86.70666666666666,27.526944444444446,1134.0
86.7063888888889,27.526666666666667,1127.0
86.7063888888889,27.526388888888892,1121.0
86.7063888888889,27.526111111111113,1116.0
86.7063888888889,27.525833333333335,1111.0
86.7063888888889,27.525555555555556,1111.0
86.7063888888889,27.52527777777778,1114.0
86.7063888888889,27.525000000000002,1120.0
86.70611111111111,27.524722222222223,1126.0
86.70611111111111,27.52444444444445,1122.0
86.70611111111111,27.52416666666667,1115.0
86.70583333333333,27.52388888888889,1108.0
86.70583333333333,27.523611111111112,1107.0
86.70555555555555,27.523333333333337,1106.0
86.70527777777778,27.52305555555556,1105.0
86.70527777777778,27.52277777777778,1106.0
86.70527777777778,27.5225,1107.0
86.705,27.522222222222226,1105.0
86.705,27.521944444444447,1101.0
86.70472222222222,27.52166666666667,1098.0
86.70444444444445,27.52138888888889,1095.0
86.70416666666667,27.521111111111114,1094.0
86.70388888888888,27.520833333333336,1094.0
86.70361111111112,27.520555555555557,1095.0
86.70333333333333,27.52027777777778,1101.0
86.70305555555555,27.520000000000003,1104.0
86.70277777777778,27.519722222222224,1100.0
86.70277777777778,27.519444444444446,1104.0
86.7025,27.519166666666667,1102.0
86.7025,27.518888888888892,1104.0
86.70222222222222,27.518611111111113,1098.0
86.70222222222222,27.518333333333334,1102.0
86.70194444444445,27.51805555555556,1095.0
86.70194444444445,27.51777777777778,1107.0
86.70166666666667,27.517500000000002,1103.0
86.70138888888889,27.517222222222223,1099.0
86.70111111111112,27.516944444444448,1097.0
86.70111111111112,27.51666666666667,1095.0
86.70111111111112,27.51638888888889,1106.0
86.70083333333334,27.516111111111112,1096.0
86.70055555555555,27.515833333333337,1093.0
86.70027777777777,27.515555555555558,1084.0
86.7,27.51527777777778,1095.0
86.69972222222222,27.515,1104.0
86.69944444444444,27.515,1106.0
86.69916666666667,27.514722222222225,1092.0
86.69888888888889,27.514722222222225,1098.0
86.6986111111111,27.514444444444447,1095.0
86.69833333333334,27.514444444444447,1099.0
86.69805555555556,27.514166666666668,1099.0
86.69777777777777,27.51388888888889,1092.0
86.6975,27.513611111111114,1096.0
86.69722222222222,27.513333333333335,1106.0
86.69694444444444,27.513055555555557,1103.0
86.69666666666667,27.51277777777778,1096.0
86.69638888888889,27.512500000000003,1091.0
86.69638888888889,27.512222222222224,1096.0
86.69638888888889,27.511944444444445,1103.0
86.69611111111111,27.51166666666667,1091.0
86.69611111111111,27.51138888888889,1096.0
86.69611111111111,27.511111111111113,1102.0
86.69583333333334,27.510833333333334,1085.0
86.69583333333334,27.51055555555556,1089.0
86.69583333333334,27.51027777777778,1091.0
86.69583333333334,27.51,1096.0
86.69555555555556,27.509722222222223,1090.0
86.69527777777778,27.509444444444448,1095.0
86.695,27.50916666666667,1102.0
86.69472222222223,27.50888888888889,1103.0
86.69444444444444,27.50861111111111,1102.0
86.69416666666666,27.508333333333336,1102.0
86.69416666666666,27.508055555555558,1107.0
86.69388888888889,27.50777777777778,1107.0
86.69388888888889,27.5075,1104.0
86.69388888888889,27.507222222222225,1105.0
86.69361111111111,27.506944444444446,1099.0
86.69361111111111,27.506666666666668,1090.0
86.69361111111111,27.506388888888893,1076.0
86.69361111111111,27.506111111111114,1061.0
86.69361111111111,27.505833333333335,1056.0
86.69361111111111,27.505555555555556,1058.0
86.69361111111111,27.50527777777778,1062.0
86.69361111111111,27.505000000000003,1068.0
86.69361111111111,27.504722222222224,1075.0
86.69361111111111,27.504444444444445,1092.0
86.69333333333333,27.50416666666667,1089.0
86.69305555555556,27.50388888888889,1085.0
86.69277777777778,27.503611111111113,1090.0
86.6925,27.503333333333334,1093.0
86.69222222222223,27.50305555555556,1083.0
86.69222222222223,27.50277777777778,1069.0
86.69222222222223,27.5025,1069.0
86.69194444444445,27.502222222222223,1058.0
86.69166666666666,27.501944444444447,1052.0
86.69166666666666,27.50166666666667,1067.0
86.6913888888889,27.50138888888889,1056.0
86.6913888888889,27.501111111111115,1060.0
86.6913888888889,27.500833333333336,1063.0
86.6913888888889,27.500555555555557,1069.0
86.69166666666666,27.50027777777778,1071.0
86.69194444444445,27.500000000000004,1072.0
86.69194444444445,27.499722222222225,1071.0
86.69194444444445,27.499444444444446,1070.0
86.69194444444445,27.499166666666667,1072.0
86.69194444444445,27.498888888888892,1071.0
86.69166666666666,27.498611111111114,1066.0
86.69166666666666,27.498333333333335,1059.0
86.6913888888889,27.498055555555556,1050.0
86.6913888888889,27.49777777777778,1049.0
86.6913888888889,27.497500000000002,1050.0
86.6913888888889,27.497222222222224,1051.0
86.6913888888889,27.496944444444445,1051.0
86.6913888888889,27.49666666666667,1053.0
86.6913888888889,27.49638888888889,1054.0
86.69111111111111,27.496111111111112,1051.0
86.69111111111111,27.495833333333337,1054.0
86.69111111111111,27.49555555555556,1055.0
86.6913888888889,27.49527777777778,1050.0
86.69166666666666,27.495,1040.0
86.69166666666666,27.494722222222226,1035.0
86.69166666666666,27.494444444444447,1035.0
86.69166666666666,27.49416666666667,1035.0
86.69194444444445,27.49388888888889,1032.0
86.69194444444445,27.493611111111115,1029.0
86.69194444444445,27.493333333333336,1024.0
86.69222222222223,27.493055555555557,1004.0
86.69222222222223,27.49277777777778,993.0
86.69222222222223,27.492500000000003,992.0
86.69222222222223,27.492222222222225,990.0
86.69222222222223,27.491944444444446,990.0
86.69222222222223,27.491666666666667,992.0
86.69222222222223,27.491388888888892,989.0
86.69222222222223,27.491111111111113,983.0
86.69222222222223,27.490833333333335,973.0
86.6925,27.490833333333335,971.0
86.69277777777778,27.490833333333335,975.0
86.69305555555556,27.490833333333335,977.0
86.69333333333333,27.490555555555556,963.0
86.69361111111111,27.490555555555556,961.0
86.69388888888889,27.490555555555556,968.0
86.69416666666666,27.490555555555556,975.0
86.69444444444444,27.49027777777778,963.0
86.69472222222223,27.49027777777778,969.0
86.695,27.49027777777778,977.0
86.69527777777778,27.490000000000002,964.0
86.69555555555556,27.489722222222223,965.0
86.69583333333334,27.489444444444448,967.0
86.69611111111111,27.489444444444448,977.0
86.69638888888889,27.48916666666667,976.0
86.69666666666667,27.48916666666667,976.0
86.69694444444444,27.48888888888889,973.0
86.69722222222222,27.48888888888889,970.0
86.6975,27.488611111111112,967.0
86.69777777777777,27.488611111111112,950.0
86.69805555555556,27.488611111111112,941.0
86.69833333333334,27.488611111111112,942.0
86.6986111111111,27.488611111111112,940.0
86.69888888888889,27.488611111111112,945.0
86.69916666666667,27.488333333333337,939.0
86.69944444444444,27.488055555555558,937.0
86.69972222222222,27.488055555555558,946.0
86.7,27.48777777777778,948.0
86.70027777777777,27.48777777777778,951.0
86.70055555555555,27.48777777777778,950.0
86.70083333333334,27.48777777777778,950.0
86.70111111111112,27.48777777777778,949.0
86.70138888888889,27.48777777777778,946.0
86.70166666666667,27.48777777777778,949.0
86.70194444444445,27.48777777777778,942.0
86.70222222222222,27.48777777777778,933.0
86.7025,27.4875,939.0
86.70277777777778,27.4875,934.0
86.70305555555555,27.4875,935.0
86.70333333333333,27.487222222222226,935.0
86.70361111111112,27.486944444444447,930.0
86.70388888888888,27.486666666666668,932.0
86.70416666666667,27.486666666666668,933.0
86.70444444444445,27.48638888888889,936.0
86.70472222222222,27.48638888888889,930.0
86.705,27.486111111111114,924.0
86.70527777777778,27.485833333333336,922.0
86.70555555555555,27.485555555555557,921.0
86.70583333333333,27.485277777777778,925.0
86.70611111111111,27.485000000000003,923.0
86.7063888888889,27.485000000000003,922.0
86.70666666666666,27.485000000000003,922.0
86.70694444444445,27.485000000000003,922.0
86.70722222222223,27.485000000000003,922.0
86.7075,27.485000000000003,920.0
86.70777777777778,27.485000000000003,916.0
86.70805555555556,27.485000000000003,914.0
86.70833333333333,27.485000000000003,911.0
86.70861111111111,27.485000000000003,914.0
86.7088888888889,27.485000000000003,916.0
86.70916666666666,27.485000000000003,916.0
86.70944444444444,27.485000000000003,917.0
86.70972222222223,27.485000000000003,917.0
86.71,27.485000000000003,917.0
86.71027777777778,27.485000000000003,917.0
86.71055555555556,27.484722222222224,908.0
86.71083333333333,27.484444444444446,907.0
86.71111111111111,27.48416666666667,911.0
86.71138888888889,27.48388888888889,920.0
86.71166666666667,27.483611111111113,925.0
86.71194444444444,27.483333333333334,916.0
86.71222222222222,27.483333333333334,924.0
86.7125,27.48305555555556,916.0
86.71277777777777,27.48277777777778,929.0
86.71305555555556,27.4825,923.0
86.71333333333334,27.482222222222223,921.0
86.7136111111111,27.481944444444448,922.0
86.7136111111111,27.48166666666667,926.0
86.71388888888889,27.48138888888889,919.0
86.71388888888889,27.48111111111111,916.0
86.71388888888889,27.480833333333337,920.0
86.71416666666667,27.480555555555558,912.0
86.71444444444444,27.48027777777778,911.0
86.71472222222222,27.48,915.0
86.715,27.479722222222225,915.0
86.71527777777777,27.479444444444447,920.0
86.71555555555555,27.479166666666668,919.0
86.71583333333334,27.47888888888889,917.0
86.7161111111111,27.478611111111114,912.0
86.71638888888889,27.478333333333335,913.0
86.71666666666667,27.478055555555557,919.0
86.71694444444445,27.47777777777778,918.0
86.71722222222222,27.47777777777778,916.0
86.7175,27.477500000000003,908.0
86.71777777777778,27.477500000000003,909.0
86.71805555555555,27.477500000000003,915.0
86.71833333333333,27.477222222222224,907.0
86.71861111111112,27.477222222222224,914.0
86.71888888888888,27.476944444444445,898.0
86.71916666666667,27.476944444444445,905.0
86.71944444444445,27.47666666666667,894.0
86.71972222222222,27.47666666666667,907.0
86.72,27.47638888888889,900.0
86.72027777777778,27.47638888888889,914.0
86.72055555555555,27.476111111111113,906.0
86.72083333333333,27.475833333333334,891.0
86.72111111111111,27.475833333333334,900.0
86.72138888888888,27.47555555555556,893.0
86.72166666666666,27.47527777777778,891.0
86.72194444444445,27.475,894.0
86.72222222222223,27.474722222222223,899.0
86.7225,27.474444444444448,900.0
86.72277777777778,27.47416666666667,907.0
86.72305555555556,27.47388888888889,897.0
86.72305555555556,27.47361111111111,902.0
86.72305555555556,27.473333333333336,903.0
86.72305555555556,27.473055555555558,904.0
86.72305555555556,27.47277777777778,913.0
86.72305555555556,27.472500000000004,917.0
86.72305555555556,27.472222222222225,915.0
86.72305555555556,27.471944444444446,909.0
86.72305555555556,27.471666666666668,903.0
86.72305555555556,27.471388888888892,893.0
86.72305555555556,27.471111111111114,884.0
86.72305555555556,27.470833333333335,881.0
86.72305555555556,27.470555555555556,876.0
86.72305555555556,27.47027777777778,874.0
86.72305555555556,27.470000000000002,871.0
86.72305555555556,27.469722222222224,870.0
86.72305555555556,27.469444444444445,870.0
86.72305555555556,27.46916666666667,876.0
86.72305555555556,27.46888888888889,885.0
86.72305555555556,27.468611111111112,887.0
86.72305555555556,27.468333333333334,884.0
86.72305555555556,27.46805555555556,885.0
86.72305555555556,27.46777777777778,892.0
86.72305555555556,27.4675,889.0
86.72305555555556,27.467222222222226,891.0
86.72305555555556,27.466944444444447,892.0
86.72305555555556,27.46666666666667,892.0
86.72305555555556,27.46638888888889,898.0
86.72305555555556,27.466111111111115,902.0
86.72333333333333,27.465833333333336,889.0
86.72361111111111,27.465555555555557,885.0
86.7238888888889,27.46527777777778,891.0
86.72416666666666,27.465000000000003,893.0
86.72444444444444,27.464722222222225,897.0
86.72472222222223,27.464444444444446,899.0
86.72472222222223,27.464166666666667,911.0
86.725,27.463888888888892,914.0
86.72472222222223,27.463611111111113,915.0
86.72472222222223,27.463333333333335,911.0
86.72472222222223,27.463055555555556,906.0
86.725,27.46277777777778,886.0
86.725,27.462500000000002,870.0
86.725,27.462222222222223,864.0
86.725,27.46194444444445,858.0
86.725,27.46166666666667,853.0
86.725,27.46138888888889,851.0
86.725,27.461111111111112,856.0
86.725,27.460833333333337,867.0
86.72527777777778,27.46055555555556,863.0
86.72527777777778,27.46027777777778,870.0
86.72555555555556,27.46,866.0
86.72555555555556,27.459722222222226,863.0
86.72555555555556,27.459444444444447,854.0
86.72555555555556,27.45916666666667,850.0
86.72555555555556,27.45888888888889,851.0
86.72555555555556,27.458611111111114,858.0
86.72555555555556,27.458333333333336,857.0
86.72555555555556,27.458055555555557,854.0
86.72555555555556,27.45777777777778,853.0
86.72555555555556,27.457500000000003,856.0
86.72555555555556,27.457222222222224,860.0
86.72555555555556,27.456944444444446,859.0
86.72555555555556,27.456666666666667,859.0
86.72555555555556,27.456388888888892,856.0
86.72555555555556,27.456111111111113,846.0
86.72555555555556,27.455833333333334,840.0
86.72555555555556,27.45555555555556,844.0
86.72555555555556,27.45527777777778,851.0
86.72555555555556,27.455000000000002,855.0
86.72555555555556,27.454722222222223,864.0
86.72555555555556,27.454444444444448,874.0
86.72555555555556,27.45416666666667,875.0
86.72555555555556,27.45388888888889,874.0
86.72583333333333,27.453611111111112,869.0
86.72583333333333,27.453333333333337,866.0
86.72611111111111,27.453055555555558,865.0
86.72611111111111,27.45277777777778,853.0
86.72611111111111,27.4525,836.0
86.72611111111111,27.452222222222225,820.0
86.72611111111111,27.451944444444447,813.0
86.72583333333333,27.451666666666668,817.0
86.72555555555556,27.45138888888889,833.0
86.72527777777778,27.451111111111114,837.0
86.725,27.450833333333335,836.0
86.72472222222223,27.450555555555557,837.0
86.72444444444444,27.450555555555557,836.0
86.72416666666666,27.45027777777778,823.0
86.7238888888889,27.450000000000003,812.0
86.72361111111111,27.449722222222224,810.0
86.72333333333333,27.449444444444445,814.0
86.72305555555556,27.44916666666667,829.0
86.72277777777778,27.44888888888889,836.0
86.7225,27.448611111111113,831.0
86.72222222222223,27.448333333333334,821.0
86.72222222222223,27.44805555555556,828.0
86.72222222222223,27.44777777777778,829.0
86.72222222222223,27.4475,833.0
86.72194444444445,27.447222222222223,823.0
86.72166666666666,27.446944444444448,824.0
86.72138888888888,27.44666666666667,833.0
86.72111111111111,27.44638888888889,837.0
86.72083333333333,27.44611111111111,840.0
86.72055555555555,27.445833333333336,841.0
86.72055555555555,27.445555555555558,840.0
86.72055555555555,27.44527777777778,834.0
86.72027777777778,27.445,824.0
86.72027777777778,27.444722222222225,813.0
86.72027777777778,27.444444444444446,810.0
86.72027777777778,27.444166666666668,808.0
86.72,27.443888888888893,806.0
86.71972222222222,27.443611111111114,802.0
86.71944444444445,27.443333333333335,793.0
86.71944444444445,27.443055555555556,790.0
86.71916666666667,27.443055555555556,789.0
86.71888888888888,27.44277777777778,788.0
86.71861111111112,27.442500000000003,789.0
86.71833333333333,27.442500000000003,787.0
86.71805555555555,27.442222222222224,786.0
86.71777777777778,27.441944444444445,787.0
86.7175,27.44166666666667,785.0
86.71722222222222,27.44138888888889,787.0
86.71694444444445,27.44138888888889,786.0
86.71666666666667,27.441111111111113,786.0
86.71638888888889,27.440833333333334,784.0
86.7161111111111,27.440833333333334,786.0
86.71583333333334,27.440833333333334,786.0
86.71555555555555,27.440833333333334,786.0
86.71527777777777,27.44055555555556,783.0
86.715,27.44055555555556,783.0
86.71472222222222,27.44055555555556,784.0
86.71444444444444,27.440833333333334,783.0
86.71416666666667,27.440833333333334,781.0
86.71388888888889,27.440833333333334,780.0
86.7136111111111,27.440833333333334,779.0
86.71333333333334,27.441111111111113,782.0
86.71305555555556,27.441111111111113,780.0
86.71277777777777,27.441111111111113,780.0
86.7125,27.441111111111113,781.0
86.71222222222222,27.440833333333334,778.0
86.71194444444444,27.440833333333334,777.0
86.71166666666667,27.44055555555556,775.0
86.71138888888889,27.44055555555556,777.0
86.71111111111111,27.44027777777778,775.0
86.71083333333333,27.44,774.0
86.71055555555556,27.439722222222223,774.0
86.71027777777778,27.439722222222223,772.0
86.71,27.439444444444447,773.0
86.71,27.43916666666667,771.0
86.70972222222223,27.43888888888889,771.0
86.70944444444444,27.438611111111115,770.0
86.70916666666666,27.438333333333336,770.0
86.7088888888889,27.438333333333336,768.0
86.70861111111111,27.438333333333336,769.0
86.70833333333333,27.438055555555557,769.0
86.70805555555556,27.438055555555557,768.0
86.70777777777778,27.438055555555557,768.0
86.7075,27.438055555555557,768.0
86.70722222222223,27.438055555555557,767.0
86.70694444444445,27.438055555555557,766.0
86.70666666666666,27.438055555555557,765.0
86.7063888888889,27.438055555555557,766.0
86.70611111111111,27.43777777777778,765.0
86.70583333333333,27.43777777777778,764.0
86.70555555555555,27.43777777777778,763.0
86.70527777777778,27.43777777777778,762.0
86.705,27.43777777777778,761.0
86.70472222222222,27.43777777777778,762.0
86.70444444444445,27.43777777777778,761.0
86.70416666666667,27.43777777777778,762.0
86.70388888888888,27.437500000000004,760.0
86.70361111111112,27.437500000000004,759.0
86.70333333333333,27.437500000000004,761.0
86.70305555555555,27.437222222222225,760.0
86.70277777777778,27.436944444444446,759.0
86.7025,27.436666666666667,758.0
86.70222222222222,27.436388888888892,757.0
86.70222222222222,27.436111111111114,760.0
86.70194444444445,27.435833333333335,757.0
86.70166666666667,27.435555555555556,760.0
86.70166666666667,27.43527777777778,761.0
86.70166666666667,27.435000000000002,757.0
86.70138888888889,27.434722222222224,755.0
86.70111111111112,27.434444444444445,755.0
86.70111111111112,27.43416666666667,754.0
86.70083333333334,27.43388888888889,752.0
86.70083333333334,27.433611111111112,750.0
86.70055555555555,27.433333333333337,752.0
86.70027777777777,27.43305555555556,751.0
86.7,27.43277777777778,750.0
86.69972222222222,27.43277777777778,748.0
86.69944444444444,27.4325,748.0
86.69916666666667,27.4325,746.0
86.69888888888889,27.4325,745.0
86.6986111111111,27.4325,744.0
86.69833333333334,27.4325,743.0
86.69805555555556,27.432222222222226,742.0
86.69777777777777,27.432222222222226,740.0
86.6975,27.431944444444447,738.0
86.69722222222222,27.43166666666667,739.0
86.69694444444444,27.43138888888889,737.0
86.69666666666667,27.431111111111115,737.0
86.69638888888889,27.430833333333336,737.0
86.69638888888889,27.430555555555557,735.0
86.69638888888889,27.43027777777778,734.0
86.69638888888889,27.430000000000003,734.0
86.69638888888889,27.429722222222225,732.0
86.69611111111111,27.429444444444446,730.0
86.69583333333334,27.429166666666667,729.0
86.69555555555556,27.428888888888892,729.0
86.69527777777778,27.428611111111113,726.0
86.695,27.428333333333335,725.0
86.69472222222223,27.428055555555556,726.0
86.69444444444444,27.42777777777778,727.0
86.69416666666666,27.427500000000002,726.0
86.69388888888889,27.427222222222223,723.0
86.69388888888889,27.426944444444448,723.0
86.69361111111111,27.42666666666667,722.0
86.69361111111111,27.42638888888889,724.0
86.69333333333333,27.426111111111112,724.0
86.69305555555556,27.425833333333337,720.0
86.69305555555556,27.425555555555558,721.0
86.69305555555556,27.42527777777778,722.0
86.69277777777778,27.425,718.0
86.69277777777778,27.424722222222226,719.0
86.6925,27.424444444444447,717.0
86.6925,27.424166666666668,719.0
86.6925,27.42388888888889,720.0
86.69222222222223,27.423611111111114,718.0
86.69194444444445,27.423333333333336,720.0
86.69194444444445,27.423055555555557,720.0
86.69166666666666,27.422777777777778,716.0
86.6913888888889,27.422500000000003,717.0
86.69111111111111,27.422222222222224,717.0
86.69083333333333,27.421944444444446,715.0
86.69055555555556,27.42166666666667,715.0
86.69055555555556,27.42138888888889,716.0
86.69055555555556,27.421111111111113,717.0
86.69055555555556,27.420833333333334,716.0
86.69055555555556,27.42055555555556,716.0
86.69055555555556,27.42027777777778,715.0
86.69055555555556,27.42,715.0
86.69055555555556,27.419722222222223,715.0
86.69055555555556,27.419444444444448,713.0
86.69027777777778,27.41916666666667,712.0
86.69027777777778,27.41888888888889,710.0
86.69,27.41861111111111,713.0
86.68972222222222,27.41861111111111,713.0
86.68944444444445,27.41861111111111,713.0
86.68916666666667,27.418333333333337,712.0
86.68888888888888,27.418333333333337,713.0
86.68861111111111,27.418055555555558,713.0
86.68833333333333,27.41777777777778,713.0
86.68805555555555,27.4175,711.0
86.68777777777778,27.4175,712.0
86.6875,27.4175,712.0
86.68722222222222,27.417222222222225,711.0
86.68722222222222,27.416944444444447,709.0
86.68694444444445,27.416944444444447,710.0
86.68666666666667,27.416666666666668,709.0
86.68638888888889,27.41638888888889,710.0
86.68638888888889,27.416111111111114,708.0
86.68611111111112,27.415833333333335,704.0
86.68583333333333,27.415555555555557,704.0
86.68583333333333,27.41527777777778,703.0
86.68583333333333,27.415000000000003,701.0
86.68555555555555,27.414722222222224,698.0
86.68555555555555,27.414444444444445,701.0
86.68527777777777,27.41416666666667,700.0
86.68527777777777,27.41388888888889,697.0
86.68527777777777,27.413611111111113,696.0
86.68527777777777,27.413333333333334,694.0
86.68527777777777,27.41305555555556,694.0
86.68527777777777,27.41277777777778,692.0
86.68527777777777,27.4125,691.0
86.68527777777777,27.412222222222223,690.0
86.68527777777777,27.411944444444448,690.0
86.68527777777777,27.41166666666667,687.0
86.685,27.41138888888889,685.0
86.68472222222222,27.41111111111111,685.0
86.68472222222222,27.410833333333336,684.0
86.68444444444444,27.410555555555558,684.0
86.68416666666667,27.41027777777778,682.0
86.68388888888889,27.41027777777778,681.0
86.6836111111111,27.410000000000004,683.0
86.68333333333334,27.409722222222225,680.0
86.68305555555555,27.409444444444446,679.0
86.68277777777777,27.409166666666668,678.0
86.68277777777777,27.408888888888892,681.0
86.68277777777777,27.408611111111114,681.0
86.6825,27.408333333333335,675.0
86.6825,27.408055555555556,673.0
86.6825,27.40777777777778,675.0
86.6825,27.407500000000002,674.0
86.68277777777777,27.407222222222224,672.0
86.68277777777777,27.406944444444445,668.0
86.68277777777777,27.40666666666667,669.0
86.68277777777777,27.40638888888889,670.0
86.68277777777777,27.406111111111112,668.0
86.68277777777777,27.405833333333334,667.0
86.6825,27.40555555555556,667.0
86.6825,27.40527777777778,666.0
86.68222222222222,27.405,666.0
86.68222222222222,27.404722222222226,662.0
86.68194444444444,27.404444444444447,660.0
86.68166666666667,27.40416666666667,661.0
86.68138888888889,27.40388888888889,659.0
86.68138888888889,27.403611111111115,660.0
86.68111111111111,27.403333333333336,660.0
86.68083333333334,27.403055555555557,660.0
86.68055555555556,27.40277777777778,657.0
86.68055555555556,27.402500000000003,656.0
86.68055555555556,27.402222222222225,656.0
86.68083333333334,27.401944444444446,651.0
86.68111111111111,27.401666666666667,650.0
86.68138888888889,27.401388888888892,651.0
86.68166666666667,27.401111111111113,654.0
86.68194444444444,27.400833333333335,655.0
86.68194444444444,27.400555555555556,656.0
86.68222222222222,27.40027777777778,654.0
86.68222222222222,27.400000000000002,653.0
86.68222222222222,27.399722222222223,650.0
86.68222222222222,27.39944444444445,649.0
86.68222222222222,27.39916666666667,647.0
86.68222222222222,27.39888888888889,646.0
86.68222222222222,27.398611111111112,643.0
86.68222222222222,27.398333333333337,645.0
86.68222222222222,27.39805555555556,646.0
86.68194444444444,27.39777777777778,646.0
86.68166666666667,27.3975,647.0
86.68166666666667,27.397222222222226,648.0
86.68166666666667,27.396944444444447,647.0
86.68166666666667,27.39666666666667,647.0
86.68166666666667,27.39638888888889,647.0
86.68166666666667,27.396111111111114,646.0
86.68166666666667,27.395833333333336,645.0
86.68166666666667,27.395555555555557,643.0
86.68166666666667,27.39527777777778,641.0
86.68166666666667,27.395000000000003,640.0
86.68166666666667,27.394722222222224,639.0
86.68166666666667,27.394444444444446,638.0
86.68166666666667,27.394166666666667,638.0
86.68166666666667,27.393888888888892,639.0
86.68166666666667,27.393611111111113,639.0
86.68166666666667,27.393333333333334,640.0
86.68166666666667,27.39305555555556,639.0
86.68166666666667,27.39277777777778,639.0
86.68166666666667,27.392500000000002,638.0
86.68166666666667,27.392222222222223,637.0
86.68166666666667,27.391944444444448,636.0
86.68166666666667,27.39166666666667,634.0
86.68166666666667,27.39138888888889,632.0
86.68166666666667,27.391111111111112,630.0
86.68166666666667,27.390833333333337,629.0
86.68166666666667,27.390555555555558,630.0
86.68166666666667,27.39027777777778,633.0
86.68166666666667,27.39,634.0
86.68166666666667,27.389722222222225,634.0
86.68166666666667,27.389444444444447,632.0
86.68166666666667,27.389166666666668,632.0
86.68166666666667,27.38888888888889,632.0
86.68166666666667,27.388611111111114,632.0
86.68166666666667,27.388333333333335,632.0
86.68166666666667,27.388055555555557,630.0
86.68166666666667,27.38777777777778,628.0
86.68166666666667,27.387500000000003,625.0
86.68166666666667,27.387222222222224,628.0
86.68166666666667,27.386944444444445,638.0
86.68138888888889,27.38666666666667,631.0
86.68111111111111,27.38638888888889,632.0
86.68111111111111,27.386111111111113,634.0
86.68111111111111,27.385833333333334,628.0
86.68111111111111,27.38555555555556,626.0
86.68111111111111,27.38527777777778,626.0
86.68111111111111,27.385,624.0
86.68111111111111,27.384722222222223,623.0
86.68138888888889,27.384444444444448,626.0
86.68166666666667,27.38416666666667,631.0
86.68194444444444,27.38388888888889,638.0
86.68222222222222,27.38361111111111,634.0
86.68222222222222,27.383333333333336,648.0
86.6825,27.383055555555558,639.0
86.68277777777777,27.38277777777778,633.0
86.68277777777777,27.3825,641.0
86.68277777777777,27.382222222222225,644.0
86.68277777777777,27.381944444444446,643.0
86.68277777777777,27.381666666666668,640.0
86.68277777777777,27.381388888888893,643.0
86.68305555555555,27.381111111111114,632.0
86.68305555555555,27.380833333333335,639.0
86.68305555555555,27.380555555555556,643.0
86.68305555555555,27.38027777777778,641.0
86.68305555555555,27.380000000000003,641.0
86.68305555555555,27.379722222222224,643.0
86.68305555555555,27.379444444444445,645.0
86.68305555555555,27.37916666666667,644.0
86.68277777777777,27.37888888888889,645.0
86.6825,27.378611111111113,642.0
86.68222222222222,27.378333333333334,642.0
86.68222222222222,27.37805555555556,644.0
86.68222222222222,27.37777777777778,648.0
86.68194444444444,27.3775,648.0
86.68194444444444,27.377222222222223,646.0
86.68194444444444,27.376944444444447,642.0
86.68194444444444,27.37666666666667,634.0
86.68194444444444,27.37638888888889,625.0
86.68194444444444,27.376111111111115,614.0
86.68194444444444,27.375833333333336,611.0
86.68194444444444,27.375555555555557,619.0
86.68194444444444,27.37527777777778,631.0
86.68194444444444,27.375000000000004,638.0
86.68194444444444,27.374722222222225,641.0
86.68194444444444,27.374444444444446,638.0
86.68194444444444,27.374166666666667,638.0
86.68194444444444,27.373888888888892,641.0
86.68222222222222,27.373611111111114,638.0
86.68222222222222,27.373333333333335,641.0
86.68222222222222,27.373055555555556,638.0
86.68222222222222,27.37277777777778,634.0
86.68222222222222,27.372500000000002,630.0
86.68222222222222,27.372222222222224,622.0
86.68222222222222,27.371944444444445,610.0
86.68222222222222,27.37166666666667,604.0
86.68222222222222,27.37138888888889,599.0
86.68222222222222,27.371111111111112,596.0
86.68222222222222,27.370833333333337,593.0
86.68222222222222,27.37055555555556,593.0
86.68222222222222,27.37027777777778,597.0
86.68194444444444,27.37,595.0
86.68166666666667,27.369722222222226,593.0
86.68138888888889,27.369444444444447,594.0
86.68111111111111,27.36916666666667,589.0
86.68083333333334,27.36888888888889,588.0
86.68055555555556,27.368611111111115,590.0
86.68027777777777,27.368333333333336,590.0
86.67999999999999,27.368055555555557,589.0
86.67972222222222,27.36777777777778,590.0
86.67972222222222,27.367500000000003,599.0
86.67944444444444,27.367222222222225,599.0
86.67916666666666,27.366944444444446,593.0
86.67916666666666,27.366666666666667,588.0
86.67916666666666,27.366388888888892,586.0
86.67916666666666,27.366111111111113,589.0
86.67916666666666,27.365833333333335,589.0
86.67916666666666,27.365555555555556,582.0
86.67916666666666,27.36527777777778,582.0
86.67916666666666,27.365000000000002,585.0
86.67916666666666,27.364722222222223,585.0
86.67916666666666,27.364444444444448,584.0
86.67916666666666,27.36416666666667,594.0
86.67944444444444,27.36388888888889,587.0
86.67944444444444,27.363611111111112,588.0
86.67944444444444,27.363333333333337,589.0
86.67944444444444,27.363055555555558,587.0
86.67944444444444,27.36277777777778,584.0
86.67944444444444,27.3625,579.0
86.67944444444444,27.362222222222226,575.0
86.67944444444444,27.361944444444447,582.0
86.67944444444444,27.361666666666668,591.0
86.67944444444444,27.36138888888889,594.0
86.67944444444444,27.361111111111114,595.0
86.67916666666666,27.360833333333336,592.0
86.67916666666666,27.360555555555557,586.0
86.67916666666666,27.360277777777778,579.0
86.67916666666666,27.360000000000003,572.0
86.67916666666666,27.359722222222224,572.0
86.67916666666666,27.359444444444446,576.0
86.67944444444444,27.35916666666667,583.0
86.67972222222222,27.35888888888889,585.0
86.67972222222222,27.358611111111113,581.0
86.67972222222222,27.358333333333334,576.0
86.67972222222222,27.35805555555556,574.0
86.67972222222222,27.35777777777778,577.0
86.67972222222222,27.3575,580.0
86.67972222222222,27.357222222222223,580.0
86.67972222222222,27.356944444444448,575.0
86.67972222222222,27.35666666666667,571.0
86.67972222222222,27.35638888888889,567.0
86.67972222222222,27.35611111111111,564.0
86.67972222222222,27.355833333333337,568.0
86.67972222222222,27.355555555555558,578.0
86.67944444444444,27.35527777777778,576.0
86.67916666666666,27.355,579.0
86.67888888888889,27.354722222222225,584.0
86.67888888888889,27.354444444444447,585.0
86.67888888888889,27.354166666666668,582.0
86.67888888888889,27.35388888888889,579.0
86.67888888888889,27.353611111111114,574.0
86.67888888888889,27.353333333333335,571.0
86.67888888888889,27.353055555555557,563.0
86.67888888888889,27.35277777777778,555.0
86.67888888888889,27.352500000000003,551.0
86.67888888888889,27.352222222222224,552.0
86.67888888888889,27.351944444444445,551.0
86.67888888888889,27.35166666666667,548.0
86.67888888888889,27.35138888888889,551.0
86.67888888888889,27.351111111111113,554.0
86.67888888888889,27.350833333333334,549.0
86.67888888888889,27.35055555555556,547.0
86.67888888888889,27.35027777777778,545.0
86.67888888888889,27.35,544.0
86.67888888888889,27.349722222222223,545.0
86.67888888888889,27.349444444444448,549.0
86.67888888888889,27.34916666666667,550.0
86.67888888888889,27.34888888888889,550.0
86.67888888888889,27.34861111111111,554.0
86.67916666666666,27.348333333333336,546.0
86.67916666666666,27.348055555555558,553.0
86.67916666666666,27.34777777777778,557.0
86.67916666666666,27.347500000000004,562.0
86.67944444444444,27.347222222222225,553.0
86.67944444444444,27.346944444444446,557.0
86.67944444444444,27.346666666666668,561.0
86.67944444444444,27.346388888888892,560.0
86.67944444444444,27.346111111111114,560.0
86.67944444444444,27.345833333333335,558.0
86.67944444444444,27.345555555555556,555.0
86.67944444444444,27.34527777777778,553.0
86.67944444444444,27.345000000000002,552.0
86.67944444444444,27.344722222222224,552.0
86.67944444444444,27.344444444444445,555.0
86.67944444444444,27.34416666666667,554.0
86.67916666666666,27.34388888888889,550.0
86.67888888888889,27.343611111111112,556.0
86.67861111111111,27.343333333333334,551.0
86.67861111111111,27.34305555555556,553.0
86.67861111111111,27.34277777777778,552.0
86.67861111111111,27.3425,550.0
86.67861111111111,27.342222222222226,555.0
86.67861111111111,27.341944444444447,558.0
86.67861111111111,27.34166666666667,560.0
86.67861111111111,27.34138888888889,560.0
86.67861111111111,27.341111111111115,561.0
86.67861111111111,27.340833333333336,562.0
86.67861111111111,27.340555555555557,561.0
86.67861111111111,27.34027777777778,555.0
86.67861111111111,27.340000000000003,552.0
86.67888888888889,27.339722222222225,543.0
86.67888888888889,27.339444444444446,541.0
86.67888888888889,27.339166666666667,542.0
86.67888888888889,27.338888888888892,538.0
86.67888888888889,27.338611111111113,535.0
86.67888888888889,27.338333333333335,535.0
86.67888888888889,27.338055555555556,536.0
86.67888888888889,27.33777777777778,538.0
86.67888888888889,27.337500000000002,540.0
86.67888888888889,27.337222222222223,541.0
86.67888888888889,27.33694444444445,540.0
86.67888888888889,27.33666666666667,538.0
86.67916666666666,27.33638888888889,539.0
86.67944444444444,27.336111111111112,543.0
86.67972222222222,27.335833333333337,540.0
86.67999999999999,27.33555555555556,538.0
86.68027777777777,27.33527777777778,540.0
86.68055555555556,27.335,539.0
86.68055555555556,27.334722222222226,540.0
86.68083333333334,27.334444444444447,538.0
86.68111111111111,27.33416666666667,540.0
86.68138888888889,27.33388888888889,538.0
86.68166666666667,27.333611111111114,538.0
86.68166666666667,27.333333333333336,543.0
86.68194444444444,27.333055555555557,543.0
86.68222222222222,27.33277777777778,529.0
86.68222222222222,27.332500000000003,523.0
86.6825,27.332222222222224,523.0
86.68277777777777,27.331944444444446,523.0
86.68305555555555,27.331666666666667,522.0
86.68305555555555,27.331388888888892,522.0
86.68333333333334,27.331111111111113,521.0
86.68333333333334,27.330833333333334,519.0
86.68333333333334,27.33055555555556,519.0
86.68333333333334,27.33027777777778,516.0
86.68333333333334,27.330000000000002,521.0
86.68333333333334,27.329722222222223,517.0
86.68333333333334,27.329444444444448,515.0
86.68333333333334,27.32916666666667,515.0
86.68333333333334,27.32888888888889,513.0
86.68333333333334,27.328611111111112,515.0
86.68333333333334,27.328333333333337,513.0
86.68333333333334,27.328055555555558,515.0
86.68305555555555,27.32777777777778,516.0
86.68305555555555,27.3275,512.0
86.68305555555555,27.327222222222225,512.0
86.68277777777777,27.326944444444447,511.0
86.6825,27.326666666666668,511.0
86.68222222222222,27.32638888888889,510.0
86.68194444444444,27.32638888888889,510.0
86.68166666666667,27.326111111111114,510.0
86.68138888888889,27.325833333333335,509.0
86.68111111111111,27.325555555555557,509.0
86.68083333333334,27.325277777777778,508.0
86.68083333333334,27.325000000000003,508.0
86.68055555555556,27.324722222222224,508.0
86.68083333333334,27.324444444444445,507.0
86.68111111111111,27.32416666666667,507.0
86.68138888888889,27.32388888888889,506.0
86.68138888888889,27.323611111111113,506.0
86.68166666666667,27.323333333333334,506.0
86.68166666666667,27.32305555555556,505.0
86.68194444444444,27.32277777777778,505.0
86.68194444444444,27.3225,504.0
86.68194444444444,27.322222222222223,504.0
86.68194444444444,27.321944444444448,504.0
86.68194444444444,27.32166666666667,503.0
86.68166666666667,27.32138888888889,503.0
86.68166666666667,27.32111111111111,503.0
86.68138888888889,27.320833333333336,502.0
86.68166666666667,27.320555555555558,502.0
86.68194444444444,27.32027777777778,501.0
86.68194444444444,27.32,501.0
86.68222222222222,27.319722222222225,501.0
86.6825,27.319444444444446,500.0
86.68277777777777,27.319444444444446,500.0
86.68305555555555,27.319166666666668,500.0
86.68333333333334,27.318888888888893,499.0
86.68333333333334,27.318611111111114,499.0
86.6836111111111,27.318333333333335,499.0
86.6836111111111,27.318055555555556,499.0
86.6836111111111,27.31777777777778,499.0
86.6836111111111,27.317500000000003,497.0
86.6836111111111,27.317222222222224,497.0
86.68333333333334,27.316944444444445,496.0
86.68333333333334,27.31666666666667,496.0
86.68305555555555,27.31638888888889,495.0
86.68305555555555,27.316111111111113,495.0
86.68305555555555,27.315833333333334,499.0
86.68305555555555,27.31555555555556,499.0
86.68305555555555,27.31527777777778,498.0
86.68305555555555,27.315,493.0
86.68305555555555,27.314722222222223,493.0
86.68333333333334,27.314444444444447,495.0
86.6836111111111,27.31416666666667,496.0
86.68388888888889,27.31388888888889,494.0
86.68416666666667,27.313611111111115,496.0
86.68444444444444,27.313333333333336,499.0
86.68472222222222,27.313055555555557,499.0
86.68472222222222,27.31277777777778,497.0
86.68472222222222,27.312500000000004,497.0
86.68472222222222,27.312222222222225,496.0
86.68472222222222,27.311944444444446,496.0
86.68472222222222,27.311666666666667,495.0
86.68472222222222,27.311388888888892,494.0
86.68472222222222,27.311111111111114,491.0
86.68472222222222,27.310833333333335,487.0
86.68472222222222,27.310555555555556,487.0
86.68472222222222,27.31027777777778,490.0
86.68472222222222,27.310000000000002,490.0
86.68472222222222,27.309722222222224,490.0
86.68472222222222,27.309444444444445,493.0
86.68444444444444,27.30916666666667,491.0
86.68416666666667,27.30888888888889,490.0
86.68388888888889,27.308611111111112,488.0
86.6836111111111,27.308333333333337,484.0
86.68333333333334,27.30805555555556,484.0
86.68305555555555,27.30777777777778,484.0
86.68277777777777,27.3075,483.0
86.6825,27.307222222222226,483.0
86.68222222222222,27.306944444444447,483.0
86.68194444444444,27.30666666666667,482.0
86.68166666666667,27.30638888888889,482.0
86.68138888888889,27.306111111111115,482.0
86.68111111111111,27.305833333333336,481.0
86.68083333333334,27.305555555555557,481.0
86.68055555555556,27.30527777777778,482.0
86.68027777777777,27.305000000000003,483.0
86.67999999999999,27.304722222222225,483.0
86.67972222222222,27.304444444444446,482.0
86.67944444444444,27.304166666666667,482.0
86.67916666666666,27.303888888888892,482.0
86.67888888888889,27.303611111111113,481.0
86.67861111111111,27.303333333333335,483.0
86.67833333333333,27.30305555555556,492.0
86.67805555555556,27.30277777777778,491.0
86.67777777777778,27.302500000000002,484.0
86.67777777777778,27.302222222222223,494.0
86.67777777777778,27.301944444444448,490.0
86.67777777777778,27.30166666666667,485.0
86.67777777777778,27.30138888888889,482.0
86.67777777777778,27.301111111111112,481.0
86.67777777777778,27.300833333333337,481.0
86.67777777777778,27.300555555555558,486.0
86.6775,27.30027777777778,479.0
86.67722222222223,27.3,474.0
86.67694444444444,27.299722222222226,474.0
86.67666666666666,27.299444444444447,493.0
86.6763888888889,27.299166666666668,485.0
86.67611111111111,27.299166666666668,485.0
86.67583333333333,27.299166666666668,482.0
86.67555555555556,27.299166666666668,479.0
86.67527777777778,27.299166666666668,477.0
86.675,27.299166666666668,475.0
86.67472222222221,27.299166666666668,473.0
86.67444444444445,27.299166666666668,471.0
86.67416666666666,27.299166666666668,471.0
86.67388888888888,27.299166666666668,471.0
86.67361111111111,27.299166666666668,470.0
86.67333333333333,27.299166666666668,475.0
86.67305555555555,27.299166666666668,479.0
86.67277777777778,27.299166666666668,486.0
86.6725,27.299166666666668,488.0
86.67222222222222,27.299166666666668,487.0
86.67194444444445,27.299166666666668,484.0
86.67166666666667,27.299166666666668,481.0
86.67138888888888,27.299166666666668,478.0
86.67111111111112,27.299166666666668,474.0
86.67083333333333,27.299166666666668,472.0
86.67055555555555,27.299166666666668,468.0
86.67027777777778,27.299166666666668,468.0
86.67,27.299166666666668,468.0
86.66972222222222,27.299166666666668,473.0
86.66944444444444,27.299166666666668,480.0
86.66916666666667,27.299166666666668,486.0
86.66888888888889,27.29888888888889,471.0
86.6686111111111,27.298611111111114,467.0
86.66833333333334,27.298333333333336,467.0
86.66805555555555,27.298055555555557,488.0
86.66777777777777,27.297777777777778,483.0
86.66777777777777,27.297500000000003,487.0
86.66777777777777,27.297222222222224,480.0
86.66777777777777,27.296944444444446,479.0
86.66777777777777,27.29666666666667,476.0
86.66777777777777,27.29638888888889,475.0
86.66777777777777,27.296111111111113,475.0
86.66777777777777,27.295833333333334,474.0
86.66777777777777,27.29555555555556,471.0
86.66777777777777,27.29527777777778,465.0
86.66777777777777,27.295,464.0
86.66777777777777,27.294722222222223,464.0
86.66777777777777,27.294444444444448,464.0
86.66777777777777,27.29416666666667,464.0
86.66777777777777,27.29388888888889,464.0
86.66777777777777,27.29361111111111,464.0
86.66805555555555,27.293333333333337,477.0
86.66833333333334,27.293055555555558,476.0
86.6686111111111,27.293055555555558,489.0
86.66888888888889,27.29277777777778,478.0
86.66916666666667,27.29277777777778,481.0
86.66944444444444,27.29277777777778,485.0
86.66972222222222,27.29277777777778,492.0
86.67,27.2925,468.0
86.67027777777778,27.292222222222225,462.0
86.67055555555555,27.291944444444447,462.0
86.67083333333333,27.291666666666668,471.0
86.67111111111112,27.29138888888889,478.0
86.67138888888888,27.291111111111114,461.0
86.67138888888888,27.290833333333335,494.0
86.67166666666667,27.290555555555557,477.0
86.67166666666667,27.29027777777778,496.0
86.67194444444445,27.290000000000003,480.0
86.67222222222222,27.289722222222224,460.0
86.67222222222222,27.289444444444445,488.0
86.6725,27.28916666666667,459.0
86.6725,27.28888888888889,459.0
86.6725,27.288611111111113,459.0
86.6725,27.288333333333334,459.0
86.6725,27.28805555555556,459.0
86.6725,27.28777777777778,459.0
86.6725,27.2875,458.0
86.6725,27.287222222222223,458.0
86.6725,27.286944444444448,468.0
86.6725,27.28666666666667,479.0
86.67222222222222,27.28638888888889,484.0
86.67194444444445,27.28611111111111,487.0
86.67166666666667,27.285833333333336,490.0
86.67138888888888,27.285555555555558,492.0
86.67111111111112,27.28527777777778,494.0
86.67083333333333,27.285000000000004,492.0
86.67055555555555,27.284722222222225,494.0
86.67027777777778,27.284444444444446,491.0
86.67027777777778,27.284166666666668,491.0
86.67027777777778,27.283888888888892,494.0
86.67027777777778,27.283611111111114,497.0
86.67027777777778,27.283333333333335,497.0
86.67,27.283055555555556,486.0
86.67,27.28277777777778,487.0
86.67,27.282500000000002,486.0
86.67,27.282222222222224,478.0
86.67,27.281944444444445,463.0
86.67,27.28166666666667,456.0
86.67,27.28138888888889,459.0
86.67,27.281111111111112,458.0
86.67,27.280833333333334,461.0
86.67,27.28055555555556,464.0
86.67,27.28027777777778,462.0
86.67,27.28,473.0
86.66972222222222,27.279722222222226,465.0
86.66944444444444,27.279444444444447,463.0
86.66916666666667,27.27916666666667,474.0
86.66888888888889,27.27888888888889,482.0
86.6686111111111,27.278611111111115,487.0
86.6686111111111,27.278333333333336,490.0
86.6686111111111,27.278055555555557,486.0
86.6686111111111,27.27777777777778,485.0
86.6686111111111,27.277500000000003,487.0
86.6686111111111,27.277222222222225,490.0
86.6686111111111,27.276944444444446,487.0
86.6686111111111,27.276666666666667,479.0
86.6686111111111,27.276388888888892,474.0
86.6686111111111,27.276111111111113,469.0
86.6686111111111,27.275833333333335,469.0
86.6686111111111,27.275555555555556,475.0
86.66888888888889,27.27527777777778,482.0
86.66916666666667,27.275000000000002,490.0
86.66944444444444,27.274722222222223,492.0
86.66972222222222,27.27444444444445,494.0
86.67,27.27416666666667,493.0
86.67027777777778,27.27388888888889,499.0
86.67055555555555,27.273611111111112,498.0
86.67055555555555,27.273333333333337,492.0
86.67055555555555,27.27305555555556,482.0
86.67055555555555,27.27277777777778,471.0
86.67055555555555,27.2725,464.0
86.67055555555555,27.272222222222226,453.0
86.67055555555555,27.271944444444447,447.0
86.67027777777778,27.27166666666667,447.0
86.67,27.27138888888889,447.0
86.66972222222222,27.271111111111114,446.0
86.66972222222222,27.270833333333336,446.0
86.66972222222222,27.270555555555557,446.0
86.66972222222222,27.27027777777778,446.0
86.66944444444444,27.270000000000003,446.0
86.66916666666667,27.269722222222224,445.0
86.66888888888889,27.269722222222224,445.0
86.6686111111111,27.269444444444446,445.0
86.66833333333334,27.269166666666667,445.0
86.66805555555555,27.268888888888892,445.0
86.66777777777777,27.268611111111113,444.0
86.6675,27.268611111111113,444.0
86.66722222222222,27.268611111111113,444.0
86.66694444444444,27.268611111111113,444.0
86.66666666666667,27.268611111111113,444.0
86.66638888888889,27.268611111111113,444.0
86.6661111111111,27.268611111111113,443.0
86.66583333333334,27.268611111111113,443.0
86.66555555555556,27.268611111111113,443.0
86.66527777777777,27.268611111111113,443.0
86.665,27.268611111111113,443.0
86.66472222222222,27.268611111111113,443.0
86.66444444444444,27.268611111111113,443.0
86.66416666666666,27.268611111111113,442.0
86.66388888888889,27.268611111111113,442.0
86.66361111111111,27.268611111111113,442.0
86.66333333333333,27.268611111111113,442.0
86.66305555555556,27.268611111111113,442.0
86.66277777777778,27.268611111111113,442.0
86.6625,27.268611111111113,442.0
86.66222222222223,27.268611111111113,441.0
86.66194444444444,27.268888888888892,441.0
86.66166666666666,27.268888888888892,441.0
86.6613888888889,27.268888888888892,441.0
86.66111111111111,27.268888888888892,441.0
86.66083333333333,27.268888888888892,441.0
86.66055555555556,27.268888888888892,440.0
86.66027777777778,27.268888888888892,440.0
86.66,27.268611111111113,440.0
86.65972222222223,27.268333333333334,440.0
86.65944444444445,27.26805555555556,440.0
86.65916666666666,27.26777777777778,439.0
86.65916666666666,27.267500000000002,439.0
86.65888888888888,27.267222222222223,439.0
86.65888888888888,27.266944444444448,439.0
86.65861111111111,27.26666666666667,439.0
86.65861111111111,27.26638888888889,439.0
86.65861111111111,27.266111111111112,438.0
86.65861111111111,27.265833333333337,438.0
86.65833333333333,27.265555555555558,438.0
86.65833333333333,27.26527777777778,438.0
86.65833333333333,27.265,438.0
86.65833333333333,27.264722222222225,438.0
86.65833333333333,27.264444444444447,437.0
86.65805555555555,27.264166666666668,437.0
86.65777777777778,27.26388888888889,437.0
86.6575,27.263611111111114,437.0
86.6575,27.263333333333335,437.0
86.6575,27.263055555555557,437.0
86.6575,27.262777777777778,436.0
86.65722222222222,27.262777777777778,436.0
86.65694444444445,27.262777777777778,436.0
86.65666666666667,27.262500000000003,436.0
86.65638888888888,27.262500000000003,436.0
86.65611111111112,27.262500000000003,436.0
86.65583333333333,27.262500000000003,436.0
86.65555555555555,27.262777777777778,435.0
86.65527777777778,27.262777777777778,435.0
86.655,27.262777777777778,435.0
86.65472222222222,27.262777777777778,435.0
86.65444444444445,27.262777777777778,435.0
86.65416666666667,27.262777777777778,435.0
86.65388888888889,27.263055555555557,435.0
86.6536111111111,27.263055555555557,435.0
86.65333333333334,27.263333333333335,435.0
86.65305555555555,27.263611111111114,434.0
86.65277777777777,27.26388888888889,434.0
86.6525,27.26388888888889,434.0
86.65222222222222,27.26388888888889,434.0
86.65194444444444,27.26388888888889,434.0
86.65166666666667,27.26388888888889,434.0
86.65138888888889,27.26388888888889,434.0
86.6511111111111,27.26388888888889,434.0
86.65083333333334,27.26388888888889,434.0
86.65055555555556,27.264166666666668,433.0
86.65027777777777,27.264166666666668,433.0
86.65,27.264166666666668,433.0
86.64972222222222,27.264166666666668,433.0
86.64944444444444,27.264166666666668,433.0
86.64916666666667,27.26388888888889,433.0
86.64888888888889,27.263611111111114,433.0
86.64861111111111,27.263333333333335,432.0
86.64833333333333,27.263055555555557,432.0
86.64805555555556,27.262777777777778,432.0
86.64777777777778,27.262500000000003,432.0
86.6475,27.262222222222224,432.0
86.64722222222223,27.261944444444445,432.0
86.64694444444444,27.26166666666667,431.0
86.64666666666666,27.26138888888889,431.0
86.64666666666666,27.261111111111113,431.0
86.6463888888889,27.260833333333334,431.0
86.64611111111111,27.26055555555556,431.0
86.64583333333333,27.26027777777778,431.0
86.64555555555556,27.26,431.0
86.64527777777778,27.259722222222223,430.0
86.645,27.259444444444448,430.0
86.64472222222223,27.259444444444448,430.0
86.64444444444445,27.25916666666667,430.0
86.64416666666666,27.25916666666667,430.0
86.6438888888889,27.25888888888889,430.0
86.64361111111111,27.25861111111111,430.0
86.64333333333333,27.258333333333336,429.0
86.64305555555555,27.258333333333336,429.0
86.64277777777778,27.258333333333336,429.0
86.6425,27.258333333333336,429.0
86.64222222222222,27.258333333333336,429.0
86.64194444444445,27.258333333333336,429.0
86.64166666666667,27.258333333333336,429.0
86.64138888888888,27.258333333333336,429.0
86.64111111111112,27.258333333333336,428.0
86.64083333333333,27.258333333333336,428.0
86.64055555555555,27.258333333333336,428.0
86.64027777777778,27.258333333333336,428.0
86.64,27.258333333333336,428.0
86.63972222222222,27.258333333333336,428.0
86.63944444444445,27.258333333333336,428.0
86.63916666666667,27.258055555555558,428.0
86.63888888888889,27.258055555555558,427.0
86.63861111111112,27.258055555555558,427.0
86.63833333333334,27.258055555555558,427.0
86.63805555555555,27.258055555555558,427.0
86.63777777777777,27.258055555555558,427.0
86.6375,27.25777777777778,427.0
86.63722222222222,27.25777777777778,427.0
86.63694444444444,27.25777777777778,427.0
86.63666666666667,27.2575,426.0
86.63638888888889,27.2575,426.0
86.6361111111111,27.2575,426.0
86.63583333333334,27.257222222222225,426.0
86.63555555555556,27.256944444444446,426.0
86.63527777777777,27.256666666666668,426.0
86.635,27.256388888888893,425.0
86.63472222222222,27.256388888888893,425.0
86.63444444444444,27.256388888888893,425.0
86.63416666666667,27.256111111111114,425.0
86.63388888888889,27.255833333333335,425.0
86.63361111111111,27.255555555555556,425.0
86.63333333333334,27.25527777777778,424.0
86.63333333333334,27.255000000000003,424.0
86.63333333333334,27.254722222222224,424.0
86.63333333333334,27.254444444444445,424.0
86.63305555555556,27.25416666666667,424.0
86.63305555555556,27.25388888888889,424.0
86.63305555555556,27.253611111111113,424.0
86.63305555555556,27.253333333333334,423.0
86.63305555555556,27.25305555555556,423.0
86.63305555555556,27.25277777777778,423.0
86.63305555555556,27.2525,423.0
86.63305555555556,27.252222222222223,423.0
86.63305555555556,27.251944444444447,423.0
86.63305555555556,27.25166666666667,423.0
86.63305555555556,27.25138888888889,423.0
86.63277777777778,27.251111111111115,422.0
86.6325,27.251111111111115,422.0
86.63222222222223,27.250833333333336,422.0
86.63194444444444,27.250555555555557,422.0
86.63166666666666,27.25027777777778,422.0
86.63138888888889,27.250000000000004,422.0
86.63138888888889,27.249722222222225,422.0
86.63111111111111,27.249444444444446,421.0
86.63083333333333,27.249166666666667,421.0
86.63083333333333,27.248888888888892,421.0
86.63055555555556,27.248611111111114,421.0
86.63027777777778,27.248333333333335,421.0
86.63,27.248055555555556,421.0
86.62972222222223,27.24777777777778,420.0
86.62944444444445,27.24777777777778,420.0
86.62916666666666,27.24777777777778,420.0
86.6288888888889,27.24777777777778,420.0
86.62861111111111,27.247500000000002,420.0
86.62833333333333,27.247500000000002,420.0
86.62805555555556,27.247500000000002,420.0
86.62777777777778,27.247222222222224,420.0
86.6275,27.246944444444445,419.0
86.62722222222222,27.246944444444445,419.0
86.62694444444445,27.246944444444445,419.0
86.62666666666667,27.246944444444445,419.0
86.62638888888888,27.246944444444445,419.0
86.62611111111111,27.246944444444445,419.0
86.62583333333333,27.246944444444445,419.0
86.62555555555555,27.246944444444445,419.0
86.62527777777778,27.246944444444445,419.0
86.625,27.246944444444445,418.0
86.62472222222222,27.246944444444445,418.0
86.62444444444445,27.246944444444445,418.0
86.62416666666667,27.246944444444445,418.0
86.62388888888889,27.246944444444445,418.0
86.62361111111112,27.246944444444445,418.0
86.62333333333333,27.246944444444445,418.0
86.62305555555555,27.246944444444445,418.0
86.62277777777777,27.246944444444445,417.0
86.6225,27.246944444444445,417.0
86.62222222222222,27.246944444444445,417.0
86.62194444444444,27.24666666666667,417.0
86.62166666666667,27.24638888888889,417.0
86.62138888888889,27.246111111111112,416.0
86.6211111111111,27.245833333333337,416.0
86.62083333333334,27.24555555555556,416.0
86.62083333333334,27.24527777777778,416.0
86.62055555555555,27.245,416.0
86.62027777777777,27.244722222222226,415.0
86.62027777777777,27.244444444444447,415.0
86.62,27.24416666666667,415.0
86.62,27.24388888888889,415.0
86.62,27.243611111111115,415.0
86.61972222222222,27.243333333333336,414.0
86.61972222222222,27.243055555555557,414.0
86.61944444444444,27.24277777777778,414.0
86.61944444444444,27.242500000000003,414.0
86.61944444444444,27.242222222222225,414.0
86.61944444444444,27.241944444444446,414.0
86.61944444444444,27.241666666666667,414.0
86.61944444444444,27.241388888888892,414.0
86.61944444444444,27.241111111111113,413.0
86.61944444444444,27.240833333333335,413.0
86.61944444444444,27.24055555555556,413.0
86.61944444444444,27.24027777777778,413.0
86.61944444444444,27.240000000000002,413.0
86.61944444444444,27.239722222222223,413.0
86.61944444444444,27.239444444444448,413.0
86.61944444444444,27.23916666666667,413.0
86.61944444444444,27.23888888888889,413.0
86.61944444444444,27.238611111111112,413.0
86.61944444444444,27.238333333333337,413.0
86.61944444444444,27.238055555555558,413.0
86.61972222222222,27.23777777777778,412.0
86.61972222222222,27.2375,412.0
86.61972222222222,27.237222222222226,412.0
86.61972222222222,27.236944444444447,412.0
86.61972222222222,27.236666666666668,412.0
86.61972222222222,27.23638888888889,412.0
86.61972222222222,27.236111111111114,412.0
86.61944444444444,27.235833333333336,412.0
86.61916666666667,27.235555555555557,412.0
86.61888888888889,27.235277777777778,412.0
86.61861111111111,27.235000000000003,412.0
86.61833333333334,27.234722222222224,411.0
86.61805555555556,27.234722222222224,411.0
86.61777777777777,27.234722222222224,411.0
86.61749999999999,27.234722222222224,411.0
86.61722222222222,27.234722222222224,411.0
86.61694444444444,27.234722222222224,411.0
86.61666666666666,27.234722222222224,411.0
86.61638888888889,27.234722222222224,411.0
86.61611111111111,27.234722222222224,411.0
86.61583333333333,27.234722222222224,411.0
86.61555555555556,27.234722222222224,411.0
86.61527777777778,27.235000000000003,410.0
86.615,27.235000000000003,410.0
86.61472222222223,27.235000000000003,410.0
86.61444444444444,27.235000000000003,410.0
86.61416666666666,27.235000000000003,410.0
86.6138888888889,27.235277777777778,410.0
86.61361111111111,27.235555555555557,410.0
86.61333333333333,27.235555555555557,409.0
86.61333333333333,27.235833333333336,409.0
86.61305555555556,27.236111111111114,409.0
86.61277777777778,27.23638888888889,409.0
86.6125,27.236666666666668,409.0
86.61222222222221,27.236944444444447,408.0
86.61194444444445,27.236944444444447,408.0
86.61166666666666,27.237222222222226,408.0
86.61138888888888,27.237222222222226,408.0
86.61111111111111,27.237222222222226,408.0
86.61083333333333,27.237222222222226,408.0
86.61055555555555,27.237222222222226,408.0
86.61027777777778,27.237222222222226,407.0
86.61,27.236944444444447,407.0
86.60972222222222,27.236666666666668,407.0
86.60944444444445,27.23638888888889,407.0
86.60916666666667,27.236111111111114,407.0
86.60888888888888,27.235833333333336,407.0
86.60861111111112,27.235555555555557,407.0
86.60833333333333,27.235277777777778,406.0
86.60833333333333,27.235000000000003,406.0
86.60833333333333,27.234722222222224,406.0
86.60805555555555,27.234444444444446,406.0
86.60805555555555,27.23416666666667,406.0
86.60777777777778,27.23388888888889,406.0
86.6075,27.233611111111113,406.0
86.60722222222222,27.233333333333334,406.0
86.60694444444444,27.23305555555556,405.0
86.60666666666667,27.23305555555556,405.0
86.60638888888889,27.23305555555556,405.0
86.6061111111111,27.23305555555556,405.0
86.60583333333334,27.23305555555556,405.0
86.60555555555555,27.23305555555556,405.0
86.60527777777777,27.23277777777778,405.0
86.605,27.23277777777778,405.0
86.60472222222222,27.23277777777778,405.0
86.60444444444444,27.23277777777778,405.0
86.60416666666667,27.23277777777778,405.0
86.60388888888889,27.23277777777778,405.0
86.6036111111111,27.23277777777778,404.0
86.60333333333334,27.23277777777778,404.0
86.60305555555556,27.23277777777778,404.0
86.60277777777777,27.23277777777778,404.0
86.6025,27.23277777777778,404.0
86.60222222222222,27.23277777777778,404.0
86.60194444444444,27.23277777777778,404.0
86.60166666666666,27.23277777777778,404.0
86.60138888888889,27.23277777777778,404.0
86.60111111111111,27.23277777777778,404.0
86.60083333333333,27.23277777777778,404.0
86.60055555555556,27.23305555555556,403.0
86.60027777777778,27.23305555555556,403.0
86.6,27.23305555555556,403.0
86.59972222222223,27.23305555555556,403.0
86.59944444444444,27.23305555555556,403.0
86.59916666666666,27.233333333333334,403.0
86.5988888888889,27.233611111111113,403.0
86.59861111111111,27.23388888888889,403.0
86.59833333333333,27.23416666666667,403.0
86.59805555555556,27.23416666666667,403.0
86.59777777777778,27.234444444444446,402.0
86.5975,27.234444444444446,402.0
86.59722222222223,27.234444444444446,402.0
86.59694444444445,27.234444444444446,402.0
86.59666666666666,27.234444444444446,402.0
86.59638888888888,27.23416666666667,402.0
86.59611111111111,27.23388888888889,402.0
86.59583333333333,27.233611111111113,402.0
86.59555555555555,27.233333333333334,402.0
86.59527777777778,27.23305555555556,401.0
86.59527777777778,27.23277777777778,401.0
86.59527777777778,27.2325,401.0
86.595,27.232222222222223,401.0
86.59472222222222,27.231944444444448,401.0
86.59472222222222,27.23166666666667,401.0
86.59472222222222,27.23138888888889,401.0
86.59444444444445,27.23111111111111,401.0
86.59444444444445,27.230833333333337,401.0
86.59416666666667,27.230555555555558,400.0
86.59416666666667,27.23027777777778,400.0
86.59416666666667,27.23,400.0
86.59388888888888,27.229722222222225,400.0
86.59388888888888,27.229444444444447,400.0
86.59388888888888,27.229166666666668,400.0
86.59361111111112,27.22888888888889,400.0
86.59333333333333,27.228611111111114,400.0
86.59305555555555,27.228333333333335,400.0
86.59277777777778,27.228055555555557,399.0
86.59277777777778,27.22777777777778,399.0
86.59277777777778,27.227500000000003,399.0
86.5925,27.227222222222224,399.0
86.59222222222222,27.226944444444445,399.0
86.59194444444445,27.22666666666667,399.0
86.59166666666667,27.22638888888889,399.0
86.59138888888889,27.226111111111113,399.0
86.5911111111111,27.225833333333334,398.0
86.59083333333334,27.22555555555556,398.0
86.59055555555555,27.22527777777778,398.0
86.59027777777777,27.225,398.0
86.59,27.224722222222223,398.0
86.58972222222222,27.224444444444448,398.0
86.58944444444444,27.224444444444448,398.0
86.58916666666667,27.22416666666667,397.0
86.58888888888889,27.22416666666667,397.0
86.5886111111111,27.22416666666667,397.0
86.58833333333334,27.22416666666667,397.0
86.58805555555556,27.22416666666667,397.0
86.58777777777777,27.22416666666667,397.0
86.5875,27.22416666666667,397.0
86.58722222222222,27.224444444444448,396.0
86.58694444444444,27.224444444444448,396.0
86.58666666666667,27.224444444444448,396.0
86.58638888888889,27.224722222222223,396.0
86.58611111111111,27.225,396.0
86.58611111111111,27.22527777777778,396.0
86.58583333333333,27.22555555555556,396.0
86.58555555555556,27.225833333333334,396.0
86.58527777777778,27.226111111111113,395.0
86.585,27.226111111111113,395.0
86.58472222222223,27.22638888888889,395.0
86.58444444444444,27.22666666666667,395.0
86.58416666666666,27.226944444444445,395.0
86.5838888888889,27.227222222222224,395.0
86.58361111111111,27.227500000000003,395.0
86.58333333333333,27.22777777777778,394.0
86.58305555555556,27.22777777777778,394.0
86.58277777777778,27.22777777777778,394.0
86.5825,27.22777777777778,394.0
86.58222222222223,27.22777777777778,394.0
86.58194444444445,27.22777777777778,394.0
86.58166666666666,27.227500000000003,394.0
86.5813888888889,27.227222222222224,394.0
86.58111111111111,27.226944444444445,394.0
86.58083333333333,27.22666666666667,393.0
86.58055555555555,27.22638888888889,393.0
86.58027777777778,27.226111111111113,393.0
86.58,27.225833333333334,393.0
86.57972222222222,27.22555555555556,393.0
86.57944444444445,27.22527777777778,393.0
86.57916666666667,27.225,393.0
86.57888888888888,27.224722222222223,392.0
86.57861111111112,27.224722222222223,392.0
86.57833333333333,27.224722222222223,392.0
86.57805555555555,27.224722222222223,392.0
86.57777777777778,27.224722222222223,392.0
86.5775,27.224722222222223,392.0
86.57722222222222,27.224722222222223,392.0
86.57694444444445,27.224722222222223,392.0
86.57666666666667,27.224444444444448,392.0
86.57638888888889,27.224444444444448,392.0
86.57611111111112,27.224444444444448,392.0
86.57583333333334,27.224444444444448,392.0
86.57555555555555,27.224444444444448,391.0
86.57527777777777,27.224444444444448,391.0
86.575,27.224722222222223,391.0
86.57472222222222,27.225,391.0
86.57444444444444,27.22527777777778,391.0
86.57444444444444,27.22555555555556,391.0
86.57444444444444,27.225833333333334,391.0
86.57444444444444,27.226111111111113,391.0
86.57444444444444,27.22638888888889,391.0
86.57444444444444,27.22666666666667,390.0
86.57416666666667,27.22666666666667,390.0
86.57388888888889,27.22666666666667,390.0
86.5736111111111,27.22666666666667,390.0
86.57333333333334,27.226944444444445,390.0
86.57305555555556,27.227222222222224,390.0
86.57277777777777,27.227222222222224,390.0
86.5725,27.227222222222224,390.0
86.57222222222222,27.227222222222224,390.0
86.57194444444444,27.227222222222224,390.0
86.57166666666667,27.227222222222224,390.0
86.57138888888889,27.227222222222224,390.0
86.57111111111111,27.227222222222224,389.0
86.57083333333334,27.227222222222224,389.0
86.57055555555556,27.227222222222224,389.0
86.57027777777778,27.227222222222224,389.0
86.57,27.227222222222224,389.0
86.56972222222223,27.227222222222224,389.0
86.56944444444444,27.227222222222224,389.0
86.56916666666666,27.227222222222224,389.0
86.56888888888889,27.227222222222224,389.0
86.56861111111111,27.226944444444445,389.0
86.56833333333333,27.22666666666667,389.0
86.56805555555556,27.22638888888889,388.0
86.56777777777778,27.22638888888889,388.0
86.5675,27.22638888888889,388.0
86.56722222222223,27.22638888888889,388.0
86.56694444444445,27.22638888888889,388.0
86.56666666666666,27.226111111111113,388.0
86.5663888888889,27.225833333333334,388.0
86.56611111111111,27.22555555555556,388.0
86.56583333333333,27.22555555555556,388.0
86.56555555555556,27.22527777777778,388.0
86.56527777777778,27.225,387.0
86.565,27.225,387.0
86.56472222222222,27.225,387.0
86.56444444444445,27.225,387.0
86.56416666666667,27.224722222222223,387.0
86.56388888888888,27.224722222222223,387.0
86.56361111111111,27.224444444444448,387.0
86.56333333333333,27.224444444444448,387.0
86.56305555555555,27.22416666666667,387.0
86.56277777777778,27.22388888888889,387.0
86.5625,27.22361111111111,386.0
86.56222222222222,27.22361111111111,386.0
86.56194444444445,27.22361111111111,386.0
86.56166666666667,27.22361111111111,386.0
86.56138888888889,27.22361111111111,386.0
86.56111111111112,27.22361111111111,386.0
86.56083333333333,27.22388888888889,386.0
86.56055555555555,27.22416666666667,386.0
86.56027777777777,27.224444444444448,386.0
86.56,27.224722222222223,385.0
86.55972222222222,27.225,385.0
86.55972222222222,27.22527777777778,385.0
86.55944444444444,27.22555555555556,385.0
86.55916666666667,27.225833333333334,385.0
86.55888888888889,27.226111111111113,385.0
86.5586111111111,27.22638888888889,385.0
86.55833333333334,27.22666666666667,385.0
86.55805555555555,27.226944444444445,384.0
86.55777777777777,27.226944444444445,384.0
86.5575,27.226944444444445,384.0
86.55722222222222,27.226944444444445,384.0
86.55694444444444,27.226944444444445,384.0
86.55666666666667,27.226944444444445,384.0
86.55638888888889,27.226944444444445,384.0
86.55611111111111,27.226944444444445,384.0
86.55583333333334,27.22666666666667,384.0
86.55555555555556,27.22638888888889,384.0
86.55527777777777,27.226111111111113,383.0
86.55499999999999,27.226111111111113,383.0
86.55472222222222,27.226111111111113,383.0
86.55444444444444,27.225833333333334,383.0
86.55416666666666,27.22555555555556,383.0
86.55388888888889,27.22527777777778,383.0
86.55361111111111,27.225,383.0
86.55333333333333,27.224722222222223,383.0
86.55305555555556,27.224444444444448,383.0
86.55277777777778,27.22416666666667,382.0
86.55277777777778,27.22388888888889,382.0
86.55277777777778,27.22361111111111,382.0
86.55277777777778,27.223333333333336,382.0
86.55277777777778,27.223055555555558,382.0
86.55277777777778,27.22277777777778,382.0
86.55277777777778,27.222500000000004,382.0
86.55277777777778,27.222222222222225,382.0
86.55305555555556,27.221944444444446,382.0
86.55333333333333,27.221666666666668,381.0
86.55361111111111,27.221388888888892,381.0
86.55388888888889,27.221388888888892,381.0
86.55416666666666,27.221388888888892,381.0
86.55444444444444,27.221388888888892,381.0
86.55472222222222,27.221388888888892,381.0
86.55499999999999,27.221111111111114,381.0
86.55527777777777,27.220833333333335,381.0
86.55555555555556,27.220555555555556,380.0
86.55583333333334,27.22027777777778,380.0
86.55583333333334,27.220000000000002,380.0
86.55583333333334,27.219722222222224,380.0
86.55555555555556,27.219444444444445,380.0
86.55527777777777,27.21916666666667,380.0
86.55499999999999,27.21888888888889,380.0
86.55472222222222,27.218611111111112,380.0
86.55444444444444,27.218611111111112,379.0
86.55416666666666,27.218611111111112,379.0
86.55388888888889,27.218611111111112,379.0
86.55361111111111,27.218611111111112,379.0
86.55333333333333,27.218611111111112,379.0
86.55305555555556,27.218611111111112,379.0
86.55277777777778,27.218611111111112,379.0
86.5525,27.21888888888889,379.0
86.55222222222223,27.21916666666667,379.0
86.55194444444444,27.219444444444445,379.0
86.55166666666666,27.219444444444445,378.0
86.5513888888889,27.219444444444445,378.0
86.55111111111111,27.219444444444445,378.0
86.55083333333333,27.219444444444445,378.0
86.55055555555556,27.219444444444445,378.0
86.55027777777778,27.219444444444445,378.0
86.55,27.219444444444445,378.0
86.54972222222221,27.219444444444445,378.0
86.54944444444445,27.219722222222224,378.0
86.54916666666666,27.219722222222224,378.0
86.54888888888888,27.219722222222224,377.0
86.54861111111111,27.219722222222224,377.0
86.54833333333333,27.219444444444445,377.0
86.54805555555555,27.21916666666667,377.0
86.54777777777778,27.21888888888889,377.0
86.5475,27.218611111111112,377.0
86.54722222222222,27.218333333333334,377.0
86.54722222222222,27.21805555555556,377.0
86.54722222222222,27.21777777777778,376.0
86.54722222222222,27.2175,376.0
86.54722222222222,27.217222222222226,376.0
86.54722222222222,27.216944444444447,376.0
86.54722222222222,27.21666666666667,376.0
86.54722222222222,27.21638888888889,376.0
86.54722222222222,27.216111111111115,376.0
86.54722222222222,27.215833333333336,376.0
86.54722222222222,27.215555555555557,376.0
86.54694444444445,27.21527777777778,375.0
86.54666666666667,27.215000000000003,375.0
86.54638888888888,27.215000000000003,375.0
86.54611111111112,27.214722222222225,375.0
86.54583333333333,27.214444444444446,375.0
86.54555555555555,27.214444444444446,375.0
86.54527777777778,27.214166666666667,375.0
86.545,27.214166666666667,375.0
86.54472222222222,27.213888888888892,375.0
86.54444444444444,27.213611111111113,374.0
86.54444444444444,27.213333333333335,374.0
86.54444444444444,27.213055555555556,374.0
86.54416666666667,27.21277777777778,374.0
86.54388888888889,27.212500000000002,374.0
86.54388888888889,27.212222222222223,374.0
86.54388888888889,27.21194444444445,374.0
86.54388888888889,27.21166666666667,374.0
86.5436111111111,27.21138888888889,373.0
86.5436111111111,27.211111111111112,373.0
86.54333333333334,27.210833333333337,373.0
86.54305555555555,27.21055555555556,373.0
86.54277777777777,27.21027777777778,373.0
86.5425,27.21,373.0
86.54222222222222,27.209722222222226,373.0
86.54194444444444,27.209444444444447,373.0
86.54166666666667,27.20916666666667,372.0
86.54138888888889,27.20916666666667,372.0
86.5411111111111,27.20888888888889,372.0
86.54083333333334,27.208611111111114,372.0
86.54055555555556,27.208611111111114,372.0
86.54027777777777,27.208611111111114,372.0
86.54,27.208611111111114,372.0
86.53972222222222,27.208611111111114,372.0
86.53944444444444,27.208611111111114,372.0
86.53916666666666,27.208333333333336,371.0
86.53888888888889,27.208333333333336,371.0
86.53861111111111,27.208055555555557,371.0
86.53833333333333,27.20777777777778,371.0
86.53805555555556,27.207500000000003,371.0
86.53805555555556,27.207222222222224,371.0
86.53805555555556,27.206944444444446,371.0
86.53805555555556,27.206666666666667,371.0
86.53777777777778,27.206388888888892,371.0
86.53777777777778,27.206111111111113,370.0
86.53777777777778,27.205833333333334,370.0
86.5375,27.20555555555556,370.0
86.5375,27.20527777777778,370.0
86.53722222222223,27.205000000000002,370.0
86.53694444444444,27.204722222222223,370.0
86.53666666666666,27.204444444444448,370.0
86.5363888888889,27.20416666666667,370.0
86.53611111111111,27.20388888888889,369.0
86.53583333333333,27.20388888888889,369.0
86.53555555555556,27.20388888888889,369.0
86.53527777777778,27.203611111111112,369.0
86.535,27.203611111111112,369.0
86.53472222222223,27.203333333333337,369.0
86.53444444444445,27.203333333333337,369.0
86.53416666666666,27.203055555555558,369.0
86.53388888888888,27.203055555555558,369.0
86.53361111111111,27.203055555555558,369.0
86.53333333333333,27.203055555555558,368.0
86.53305555555555,27.203055555555558,368.0
86.53277777777778,27.20277777777778,368.0
86.5325,27.2025,368.0
86.53222222222222,27.202222222222225,368.0
86.53194444444445,27.201944444444447,368.0
86.53166666666667,27.201666666666668,368.0
86.53138888888888,27.20138888888889,368.0
86.53111111111112,27.201111111111114,367.0
86.53111111111112,27.200833333333335,367.0
86.53111111111112,27.200555555555557,367.0
86.53083333333333,27.200277777777778,367.0
86.53055555555555,27.200000000000003,367.0
86.53027777777778,27.199722222222224,367.0
86.53,27.199444444444445,367.0
86.52972222222222,27.19916666666667,367.0
86.52944444444445,27.19888888888889,366.0
86.52944444444445,27.198611111111113,366.0
86.52916666666667,27.198333333333334,366.0
86.52888888888889,27.19805555555556,366.0
86.5286111111111,27.19777777777778,366.0
86.52833333333334,27.1975,366.0
86.52805555555555,27.197222222222223,366.0
86.52777777777777,27.196944444444448,366.0
86.5275,27.19666666666667,366.0
86.52722222222222,27.19638888888889,365.0
86.52722222222222,27.19611111111111,365.0
86.52722222222222,27.195833333333336,365.0
86.52722222222222,27.195555555555558,365.0
86.52722222222222,27.19527777777778,365.0
86.52694444444444,27.195,365.0
86.52694444444444,27.194722222222225,365.0
86.52694444444444,27.194444444444446,365.0
86.52666666666667,27.194166666666668,365.0
86.52638888888889,27.193888888888893,365.0
86.5261111111111,27.193611111111114,364.0
86.52583333333334,27.193333333333335,364.0
86.52555555555556,27.193333333333335,364.0
86.52527777777777,27.193055555555556,364.0
86.525,27.193055555555556,364.0
86.52472222222222,27.193055555555556,364.0
86.52444444444444,27.193055555555556,364.0
86.52416666666667,27.193055555555556,364.0
86.52388888888889,27.193055555555556,364.0
86.52361111111111,27.19277777777778,364.0
86.52333333333333,27.19277777777778,364.0
86.52305555555556,27.19277777777778,363.0
86.52277777777778,27.19277777777778,363.0
86.5225,27.19277777777778,363.0
86.52222222222223,27.19277777777778,363.0
86.52194444444444,27.19277777777778,363.0
86.52166666666666,27.192500000000003,363.0
86.5213888888889,27.192222222222224,363.0
86.52111111111111,27.192222222222224,363.0
86.52083333333333,27.191944444444445,363.0
86.52055555555556,27.191944444444445,363.0
86.52027777777778,27.191944444444445,363.0
86.52,27.19166666666667,362.0
86.51972222222223,27.19166666666667,362.0
86.51944444444445,27.19138888888889,362.0
86.51916666666666,27.191111111111113,362.0
86.5188888888889,27.191111111111113,362.0
86.51861111111111,27.191111111111113,362.0
86.51833333333333,27.190833333333334,362.0
86.51805555555555,27.19055555555556,362.0
86.51777777777778,27.19027777777778,362.0
86.5175,27.19,362.0
86.51722222222222,27.189722222222223,361.0
86.51694444444445,27.189722222222223,361.0
86.51666666666667,27.189722222222223,361.0
86.51638888888888,27.189722222222223,361.0
86.51611111111112,27.189444444444447,361.0
86.51583333333333,27.18916666666667,361.0
86.51555555555555,27.18916666666667,361.0
86.51527777777778,27.18888888888889,361.0
86.515,27.18888888888889,361.0
86.51472222222222,27.188611111111115,361.0
86.51444444444445,27.188611111111115,361.0
86.51416666666667,27.188611111111115,360.0
86.51388888888889,27.188333333333336,360.0
86.51361111111112,27.188333333333336,360.0
86.51333333333334,27.188333333333336,360.0
86.51305555555555,27.188333333333336,360.0
86.51277777777777,27.188333333333336,360.0
86.5125,27.188055555555557,360.0
86.51222222222222,27.188055555555557,360.0
86.51194444444444,27.18777777777778,360.0
86.51166666666667,27.187500000000004,360.0
86.51138888888889,27.187222222222225,360.0
86.5111111111111,27.187222222222225,359.0
86.51083333333334,27.187222222222225,359.0
86.51055555555556,27.187222222222225,359.0
86.51027777777777,27.187222222222225,359.0
86.51,27.187222222222225,359.0
86.50972222222222,27.186944444444446,359.0
86.50944444444444,27.186944444444446,359.0
86.50916666666667,27.186666666666667,359.0
86.50888888888889,27.186666666666667,359.0
86.50861111111111,27.186666666666667,359.0
86.50833333333334,27.186388888888892,359.0
86.50805555555556,27.186388888888892,359.0
86.50777777777778,27.186388888888892,358.0
86.5075,27.186388888888892,358.0
86.50722222222223,27.186111111111114,358.0
86.50694444444444,27.186111111111114,358.0
86.50666666666666,27.186111111111114,358.0
86.50638888888889,27.186111111111114,358.0
86.50611111111111,27.186111111111114,358.0
86.50583333333333,27.186111111111114,358.0
86.50555555555556,27.186111111111114,358.0
86.50527777777778,27.186111111111114,358.0
86.505,27.186111111111114,358.0
86.50472222222223,27.186111111111114,360.0
86.50444444444445,27.186111111111114,361.0
86.50416666666666,27.186111111111114,360.0
86.5038888888889,27.186111111111114,357.0
86.50361111111111,27.186111111111114,357.0
86.50333333333333,27.186111111111114,357.0
86.50305555555556,27.186111111111114,357.0
86.50277777777778,27.186111111111114,357.0
86.5025,27.186111111111114,357.0
86.50222222222222,27.186111111111114,357.0
86.50194444444445,27.186111111111114,357.0
86.50166666666667,27.186111111111114,357.0
86.50138888888888,27.186111111111114,357.0
86.50111111111111,27.186111111111114,356.0
86.50083333333333,27.186111111111114,356.0
86.50055555555555,27.186111111111114,356.0
86.50027777777778,27.186111111111114,356.0
86.5,27.186111111111114,356.0
86.49972222222222,27.186111111111114,356.0
86.49944444444445,27.186111111111114,356.0
86.49916666666667,27.186388888888892,356.0
86.49888888888889,27.186388888888892,356.0
86.49861111111112,27.186388888888892,356.0
86.49833333333333,27.186388888888892,356.0
86.49805555555555,27.186388888888892,356.0
86.49777777777777,27.186388888888892,355.0
86.4975,27.186666666666667,355.0
86.49722222222222,27.186666666666667,355.0
86.49694444444444,27.186666666666667,355.0
86.49666666666667,27.186666666666667,355.0
86.49638888888889,27.186666666666667,355.0
86.4961111111111,27.186666666666667,355.0
86.49583333333334,27.186666666666667,355.0
86.49555555555555,27.186666666666667,359.0
86.49527777777777,27.186666666666667,359.0
86.495,27.186666666666667,355.0
86.49472222222222,27.186666666666667,355.0
86.49444444444444,27.186666666666667,354.0
86.49416666666667,27.186666666666667,358.0
86.49388888888889,27.186666666666667,357.0
86.49361111111111,27.186666666666667,354.0
86.49333333333334,27.186666666666667,354.0
86.49305555555556,27.186666666666667,354.0
86.49277777777777,27.186666666666667,354.0
86.49249999999999,27.186666666666667,354.0
86.49222222222222,27.186666666666667,354.0
86.49194444444444,27.186666666666667,354.0
86.49166666666666,27.186666666666667,354.0
86.49138888888889,27.186666666666667,354.0
86.49111111111111,27.186666666666667,354.0
86.49083333333333,27.186666666666667,359.0
86.49055555555556,27.186388888888892,358.0
86.49027777777778,27.186111111111114,353.0
86.49,27.185833333333335,353.0
86.48972222222223,27.185555555555556,353.0
86.48944444444444,27.18527777777778,353.0
86.48916666666666,27.185000000000002,353.0
86.4888888888889,27.184722222222224,353.0
86.48861111111111,27.184444444444445,353.0
86.48833333333333,27.18416666666667,352.0
86.48805555555556,27.18388888888889,352.0
86.48777777777778,27.18388888888889,361.0
86.4875,27.183611111111112,357.0
86.48722222222221,27.183333333333337,355.0
86.48694444444445,27.18305555555556,357.0
86.48666666666666,27.18277777777778,355.0
86.48638888888888,27.18277777777778,357.0
86.48611111111111,27.1825,356.0
86.48583333333333,27.1825,359.0
86.48555555555555,27.182222222222226,357.0
86.48527777777778,27.181944444444447,355.0
86.485,27.18166666666667,351.0
86.48472222222222,27.18166666666667,360.0
86.48444444444445,27.18138888888889,359.0
86.48416666666667,27.181111111111115,357.0
86.48388888888888,27.180833333333336,360.0
86.48361111111112,27.180555555555557,357.0
86.48333333333333,27.180555555555557,358.0
86.48305555555555,27.180555555555557,360.0
86.48277777777778,27.18027777777778,355.0
86.4825,27.18027777777778,361.0
86.48222222222222,27.180000000000003,355.0
86.48194444444444,27.180000000000003,355.0
86.48166666666667,27.180000000000003,358.0
86.48138888888889,27.179722222222225,350.0
86.4811111111111,27.179722222222225,350.0
86.48083333333334,27.179722222222225,356.0
86.48055555555555,27.179722222222225,359.0
86.48027777777777,27.179722222222225,360.0
86.48,27.179444444444446,349.0
86.47972222222222,27.179444444444446,349.0
86.47944444444444,27.179444444444446,349.0
86.47916666666667,27.179444444444446,349.0
86.47888888888889,27.179444444444446,353.0
86.4786111111111,27.179444444444446,355.0
86.47833333333334,27.179166666666667,349.0
86.47805555555556,27.179166666666667,349.0
86.47777777777777,27.179166666666667,349.0
86.4775,27.179166666666667,354.0
86.47722222222222,27.178888888888892,349.0
86.47694444444444,27.178888888888892,348.0
86.47666666666666,27.178888888888892,356.0
86.47638888888889,27.178611111111113,348.0
86.47611111111111,27.178333333333335,348.0
86.47583333333333,27.17805555555556,348.0
86.47555555555556,27.17777777777778,348.0
86.47527777777778,27.177500000000002,348.0
86.475,27.177222222222223,348.0
86.47472222222223,27.176944444444448,351.0
86.47444444444444,27.17666666666667,359.0
86.47416666666666,27.17638888888889,357.0
86.4738888888889,27.176111111111112,359.0
86.47361111111111,27.175833333333337,359.0
86.47333333333333,27.175555555555558,359.0
86.47305555555556,27.17527777777778,359.0
86.47277777777778,27.175,357.0
86.4725,27.174722222222226,350.0
86.4725,27.174444444444447,355.0
86.47222222222223,27.174166666666668,349.0
86.47222222222223,27.17388888888889,350.0
86.47222222222223,27.173611111111114,351.0
86.47222222222223,27.173333333333336,354.0
86.47222222222223,27.173055555555557,358.0
86.47222222222223,27.172777777777778,357.0
86.47194444444445,27.172500000000003,348.0
86.47166666666666,27.172222222222224,345.0
86.47138888888888,27.171944444444446,345.0
86.47111111111111,27.17166666666667,345.0
86.47083333333333,27.17138888888889,346.0
86.47055555555555,27.171111111111113,352.0
86.47027777777778,27.170833333333334,354.0
86.47,27.17055555555556,354.0
86.46972222222222,27.17027777777778,356.0
86.46944444444445,27.17,354.0
86.46916666666667,27.169722222222223,356.0
86.46888888888888,27.169444444444448,356.0
86.46861111111112,27.16916666666667,357.0
86.46833333333333,27.16888888888889,355.0
86.46805555555555,27.16861111111111,349.0
86.46777777777778,27.16861111111111,355.0
86.4675,27.168333333333337,346.0
86.46722222222222,27.168333333333337,349.0
86.46694444444445,27.168333333333337,356.0
86.46666666666667,27.168055555555558,343.0
86.46638888888889,27.168055555555558,350.0
86.4661111111111,27.168055555555558,359.0
86.46583333333334,27.16777777777778,348.0
86.46555555555555,27.16777777777778,357.0
86.46527777777777,27.1675,348.0
86.465,27.1675,358.0
86.46472222222222,27.167222222222225,343.0
86.46444444444444,27.167222222222225,350.0
86.46416666666667,27.167222222222225,354.0
86.46388888888889,27.167222222222225,357.0
86.4636111111111,27.167222222222225,357.0
86.46333333333334,27.167222222222225,359.0
86.46305555555556,27.167222222222225,360.0
86.46277777777777,27.167222222222225,357.0
86.4625,27.167222222222225,358.0
86.46222222222222,27.167222222222225,359.0
86.46194444444444,27.167222222222225,358.0
86.46166666666667,27.167222222222225,357.0
86.46138888888889,27.167222222222225,354.0
86.46111111111111,27.167222222222225,352.0
86.46083333333333,27.167222222222225,353.0
86.46055555555556,27.167222222222225,354.0
86.46027777777778,27.167222222222225,353.0
86.46,27.167222222222225,352.0
86.45972222222223,27.167222222222225,352.0
86.45944444444444,27.167222222222225,359.0
86.45916666666666,27.167222222222225,358.0
86.4588888888889,27.167222222222225,355.0
86.45861111111111,27.167222222222225,353.0
86.45833333333333,27.166944444444447,353.0
86.45805555555556,27.166666666666668,353.0
86.45777777777778,27.16638888888889,349.0
86.4575,27.166111111111114,344.0
86.45722222222223,27.166111111111114,356.0
86.45694444444445,27.166111111111114,360.0
86.45666666666666,27.166111111111114,357.0
86.4563888888889,27.166111111111114,357.0
86.45611111111111,27.166111111111114,354.0
86.45583333333333,27.166111111111114,351.0
86.45555555555555,27.166111111111114,349.0
86.45527777777778,27.166111111111114,350.0
86.455,27.166111111111114,350.0
86.45472222222222,27.166111111111114,346.0
86.45444444444445,27.166111111111114,344.0
86.45416666666667,27.166111111111114,345.0
86.45388888888888,27.166111111111114,345.0
86.45361111111112,27.166111111111114,347.0
86.45333333333333,27.166111111111114,348.0
86.45305555555555,27.166111111111114,355.0
86.45277777777778,27.165833333333335,352.0
86.4525,27.165833333333335,355.0
86.45222222222222,27.165833333333335,359.0
86.45194444444445,27.165555555555557,344.0
86.45166666666667,27.165555555555557,349.0
86.45138888888889,27.165555555555557,356.0
86.45111111111112,27.16527777777778,338.0
86.45083333333334,27.16527777777778,347.0
86.45055555555555,27.16527777777778,350.0
86.45027777777777,27.16527777777778,349.0
86.45,27.16527777777778,348.0
86.44972222222222,27.16527777777778,350.0
86.44944444444444,27.16527777777778,351.0
86.44916666666667,27.16527777777778,354.0
86.44888888888889,27.16527777777778,359.0
86.4486111111111,27.165000000000003,350.0
86.44833333333334,27.165000000000003,352.0
86.44805555555556,27.165000000000003,352.0
86.44777777777777,27.165000000000003,352.0
86.4475,27.165000000000003,354.0
86.44722222222222,27.165000000000003,356.0
86.44694444444444,27.165000000000003,357.0
86.44666666666667,27.164722222222224,356.0
86.44638888888889,27.164444444444445,357.0
86.44611111111111,27.16416666666667,353.0
86.44583333333334,27.16388888888889,356.0
86.44555555555556,27.163611111111113,357.0
86.44527777777778,27.163333333333334,355.0
86.445,27.16305555555556,352.0
86.44472222222223,27.16277777777778,348.0
86.44444444444444,27.1625,344.0
86.44416666666666,27.162222222222223,340.0
86.44388888888889,27.161944444444448,336.0
86.44361111111111,27.16166666666667,336.0
86.44333333333333,27.16138888888889,336.0
86.44305555555556,27.16111111111111,336.0
86.44277777777778,27.160833333333336,336.0
86.4425,27.160555555555558,336.0
86.44222222222223,27.16027777777778,336.0
86.44194444444445,27.160000000000004,336.0
86.44166666666666,27.159722222222225,339.0
86.4413888888889,27.159444444444446,345.0
86.44111111111111,27.159166666666668,345.0
86.44083333333333,27.158888888888892,345.0
86.44055555555556,27.158611111111114,345.0
86.44027777777778,27.158333333333335,351.0
86.44,27.158055555555556,350.0
86.43972222222222,27.15777777777778,345.0
86.43944444444445,27.157500000000002,342.0
86.43916666666667,27.157222222222224,344.0
86.43888888888888,27.156944444444445,345.0
86.43861111111111,27.15666666666667,344.0
86.43833333333333,27.15638888888889,339.0
86.43805555555555,27.15638888888889,346.0
86.43777777777778,27.156111111111112,341.0
86.4375,27.155833333333334,341.0
86.43722222222222,27.15555555555556,343.0
86.43694444444445,27.15527777777778,356.0
86.43666666666667,27.155,361.0
86.43638888888889,27.154722222222226,361.0
86.43611111111112,27.154444444444447,354.0
86.43583333333333,27.15416666666667,356.0
86.43555555555555,27.15416666666667,347.0
86.43555555555555,27.15388888888889,345.0
86.43527777777777,27.153611111111115,343.0
86.435,27.153333333333336,346.0
86.43472222222222,27.153055555555557,344.0
86.43444444444444,27.15277777777778,342.0
86.43416666666667,27.152500000000003,344.0
86.43388888888889,27.152222222222225,344.0
86.43388888888889,27.151944444444446,345.0
86.4336111111111,27.151666666666667,341.0
86.4336111111111,27.151388888888892,346.0
86.43333333333334,27.151111111111113,349.0
86.43333333333334,27.150833333333335,347.0
86.43333333333334,27.150555555555556,342.0
86.43333333333334,27.15027777777778,338.0
86.43333333333334,27.150000000000002,335.0
86.43333333333334,27.149722222222223,333.0
86.43333333333334,27.14944444444445,331.0
86.4336111111111,27.14944444444445,331.0
86.43388888888889,27.14916666666667,331.0
86.43416666666667,27.14888888888889,331.0
86.43444444444444,27.148611111111112,331.0
86.43472222222222,27.148333333333337,330.0
86.435,27.148333333333337,330.0
86.43527777777777,27.148333333333337,330.0
86.43555555555555,27.148333333333337,330.0
86.43583333333333,27.14805555555556,330.0
86.43611111111112,27.14777777777778,330.0
86.43638888888889,27.1475,330.0
86.43666666666667,27.147222222222226,330.0
86.43694444444445,27.146944444444447,330.0
86.43722222222222,27.14666666666667,330.0
86.4375,27.14638888888889,330.0
86.4375,27.146111111111114,330.0
86.4375,27.145833333333336,330.0
86.4375,27.145555555555557,330.0
86.43722222222222,27.14527777777778,330.0
86.43694444444445,27.145000000000003,330.0
86.43666666666667,27.144722222222224,329.0
86.43666666666667,27.144444444444446,329.0
86.43666666666667,27.144166666666667,329.0
86.43638888888889,27.143888888888892,329.0
86.43611111111112,27.143611111111113,329.0
86.43583333333333,27.143333333333334,329.0
