longitude,latitude,elevation
82.87583333333333,28.971944444444446,2066.0
82.87555555555555,28.971944444444446,2067.0
82.87527777777778,28.971944444444446,2064.0
82.875,28.971944444444446,2065.0
82.87472222222222,28.972222222222225,2061.0
82.87444444444445,28.972222222222225,2066.0
82.87416666666667,28.972500000000004,2065.0
82.87388888888889,28.972500000000004,2066.0
82.87361111111112,28.972500000000004,2065.0
82.87333333333333,28.972500000000004,2065.0
82.87305555555555,28.97277777777778,2067.0
82.87277777777778,28.97277777777778,2067.0
82.8725,28.97277777777778,2065.0
82.87222222222222,28.97277777777778,2061.0
82.87194444444445,28.97277777777778,2060.0
82.87166666666667,28.97277777777778,2060.0
82.87138888888889,28.97277777777778,2059.0
82.87111111111112,28.973055555555558,2057.0
82.87083333333334,28.973333333333336,2060.0
82.87055555555555,28.973333333333336,2061.0
82.87027777777777,28.973333333333336,2059.0
82.87,28.973333333333336,2059.0
82.86972222222222,28.973611111111115,2058.0
82.86944444444444,28.973611111111115,2058.0
82.86916666666667,28.973611111111115,2057.0
82.86888888888889,28.973611111111115,2057.0
82.86861111111111,28.973611111111115,2058.0
82.86833333333334,28.973611111111115,2058.0
82.86805555555556,28.97388888888889,2056.0
82.86777777777777,28.97388888888889,2055.0
82.8675,28.97388888888889,2055.0
82.86722222222222,28.97416666666667,2058.0
82.86694444444444,28.974444444444448,2058.0
82.86666666666667,28.974722222222226,2059.0
82.86638888888889,28.975,2056.0
82.86611111111111,28.975,2056.0
82.86583333333334,28.97527777777778,2055.0
82.86555555555556,28.97527777777778,2058.0
82.86527777777778,28.97555555555556,2056.0
82.865,28.975833333333338,2058.0
82.86472222222223,28.976111111111113,2055.0
82.86444444444444,28.97638888888889,2047.0
82.86416666666666,28.97638888888889,2047.0
82.8638888888889,28.97638888888889,2047.0
82.86361111111111,28.97638888888889,2053.0
82.86333333333333,28.97638888888889,2056.0
82.86305555555556,28.97638888888889,2052.0
82.86277777777778,28.97638888888889,2051.0
82.8625,28.97638888888889,2051.0
82.86222222222223,28.97666666666667,2048.0
82.86194444444445,28.97694444444445,2049.0
82.86166666666666,28.977222222222224,2052.0
82.8613888888889,28.977500000000003,2053.0
82.86111111111111,28.97777777777778,2055.0
82.86083333333333,28.978055555555557,2051.0
82.86055555555556,28.978333333333335,2051.0
82.86027777777778,28.978611111111114,2054.0
82.86,28.978888888888893,2057.0
82.85972222222222,28.979166666666668,2055.0
82.85944444444445,28.979444444444447,2048.0
82.85916666666667,28.979444444444447,2053.0
82.85888888888888,28.979722222222225,2053.0
82.85861111111112,28.979722222222225,2055.0
82.85833333333333,28.979722222222225,2051.0
82.85805555555555,28.979722222222225,2050.0
82.85777777777778,28.979722222222225,2050.0
82.8575,28.979722222222225,2048.0
82.85722222222222,28.979722222222225,2046.0
82.85694444444445,28.979722222222225,2046.0
82.85666666666667,28.979722222222225,2046.0
82.85638888888889,28.979722222222225,2043.0
82.85611111111112,28.979722222222225,2038.0
82.85583333333334,28.979722222222225,2036.0
82.85555555555555,28.979722222222225,2044.0
82.85527777777779,28.979722222222225,2052.0
82.855,28.979722222222225,2054.0
82.85472222222222,28.979722222222225,2055.0
82.85444444444444,28.979722222222225,2054.0
82.85416666666667,28.979722222222225,2053.0
82.85388888888889,28.979722222222225,2052.0
82.8536111111111,28.979722222222225,2050.0
82.85333333333334,28.979722222222225,2051.0
82.85305555555556,28.979722222222225,2055.0
82.85277777777777,28.979444444444447,2056.0
82.8525,28.979166666666668,2059.0
82.85222222222222,28.979166666666668,2058.0
82.85194444444444,28.978888888888893,2052.0
82.85166666666667,28.978611111111114,2049.0
82.85138888888889,28.978611111111114,2043.0
82.85111111111111,28.978611111111114,2040.0
82.85083333333334,28.978611111111114,2039.0
82.85055555555556,28.978611111111114,2042.0
82.85027777777778,28.978333333333335,2042.0
82.85,28.978333333333335,2043.0
82.84972222222223,28.978333333333335,2042.0
82.84944444444444,28.978055555555557,2037.0
82.84916666666666,28.978055555555557,2034.0
82.8488888888889,28.978055555555557,2031.0
82.84861111111111,28.978055555555557,2026.0
82.84833333333333,28.978055555555557,2023.0
82.84805555555556,28.978055555555557,2030.0
82.84777777777778,28.978055555555557,2034.0
82.8475,28.978333333333335,2035.0
82.84722222222223,28.978333333333335,2036.0
82.84694444444445,28.978333333333335,2035.0
82.84666666666666,28.978333333333335,2035.0
82.8463888888889,28.978333333333335,2035.0
82.84611111111111,28.978611111111114,2034.0
82.84583333333333,28.978611111111114,2032.0
82.84555555555556,28.978611111111114,2030.0
82.84527777777778,28.978888888888893,2026.0
82.845,28.979166666666668,2028.0
82.84472222222223,28.979444444444447,2029.0
82.84444444444445,28.979722222222225,2029.0
82.84416666666667,28.980000000000004,2031.0
82.84388888888888,28.98027777777778,2030.0
82.84361111111112,28.980555555555558,2030.0
82.84333333333333,28.980833333333337,2029.0
82.84333333333333,28.981111111111115,2029.0
82.84305555555555,28.98138888888889,2029.0
82.84277777777778,28.98166666666667,2030.0
82.8425,28.981944444444448,2025.0
82.84222222222222,28.982222222222227,2028.0
82.84194444444445,28.9825,2030.0
82.84166666666667,28.98277777777778,2030.0
82.84138888888889,28.98277777777778,2029.0
82.84111111111112,28.98305555555556,2027.0
82.84083333333334,28.98305555555556,2027.0
82.84055555555555,28.98305555555556,2027.0
82.84027777777779,28.98305555555556,2026.0
82.84,28.98305555555556,2026.0
82.83972222222222,28.98305555555556,2025.0
82.83944444444444,28.98305555555556,2025.0
82.83916666666667,28.98305555555556,2025.0
82.83888888888889,28.98305555555556,2024.0
82.8386111111111,28.983333333333338,2024.0
82.83833333333334,28.983611111111113,2024.0
82.83805555555556,28.98388888888889,2028.0
82.83777777777777,28.98416666666667,2029.0
82.8375,28.984444444444446,2026.0
82.83722222222222,28.984722222222224,2027.0
82.83694444444444,28.985000000000003,2029.0
82.83694444444444,28.98527777777778,2027.0
82.83666666666667,28.985555555555557,2022.0
82.83666666666667,28.985833333333336,2020.0
82.83638888888889,28.986111111111114,2020.0
82.83611111111111,28.986388888888893,2020.0
82.83583333333334,28.986388888888893,2020.0
82.83555555555556,28.986388888888893,2020.0
82.83527777777778,28.986388888888893,2020.0
82.83500000000001,28.986388888888893,2020.0
82.83472222222223,28.986666666666668,2020.0
82.83444444444444,28.986944444444447,2020.0
82.83416666666668,28.986944444444447,2020.0
82.8338888888889,28.986944444444447,2020.0
82.83361111111111,28.986944444444447,2019.0
82.83333333333333,28.986944444444447,2019.0
82.83305555555556,28.986944444444447,2019.0
82.83277777777778,28.986944444444447,2019.0
82.8325,28.986944444444447,2019.0
82.83222222222223,28.987222222222226,2019.0
82.83194444444445,28.987500000000004,2019.0
82.83166666666666,28.98777777777778,2019.0
82.8313888888889,28.988055555555558,2019.0
82.8313888888889,28.988333333333337,2017.0
82.83111111111111,28.988611111111116,2016.0
82.83083333333333,28.98888888888889,2017.0
82.83083333333333,28.98916666666667,2015.0
82.83083333333333,28.989444444444448,2016.0
82.83083333333333,28.989722222222223,2018.0
82.83055555555556,28.990000000000002,2017.0
82.83055555555556,28.99027777777778,2018.0
82.83027777777778,28.99055555555556,2014.0
82.83027777777778,28.990833333333335,2016.0
82.83,28.991111111111113,2016.0
82.83,28.991388888888892,2015.0
82.83,28.99166666666667,2013.0
82.83,28.991944444444446,2014.0
82.82972222222223,28.992222222222225,2012.0
82.82944444444445,28.992500000000003,2017.0
82.82916666666667,28.992777777777782,2018.0
82.82888888888888,28.993055555555557,2017.0
82.82861111111112,28.993333333333336,2016.0
82.82833333333333,28.993611111111115,2014.0
82.82805555555555,28.993611111111115,2011.0
82.82777777777778,28.993888888888893,2011.0
82.8275,28.99416666666667,2010.0
82.82722222222222,28.99416666666667,2010.0
82.82694444444445,28.99416666666667,2010.0
82.82666666666667,28.99416666666667,2010.0
82.82638888888889,28.99416666666667,2010.0
82.82611111111112,28.994444444444447,2010.0
82.82583333333334,28.994444444444447,2010.0
82.82555555555555,28.994722222222226,2010.0
82.82527777777779,28.994722222222226,2010.0
82.825,28.995,2009.0
82.82472222222222,28.995,2009.0
82.82444444444445,28.995,2009.0
82.82416666666667,28.995,2009.0
82.82388888888889,28.99527777777778,2009.0
82.8236111111111,28.99527777777778,2009.0
82.82333333333334,28.99555555555556,2009.0
82.82305555555556,28.99555555555556,2009.0
82.82277777777777,28.99555555555556,2009.0
82.8225,28.99555555555556,2008.0
82.82222222222222,28.99555555555556,2010.0
82.82194444444444,28.99555555555556,2009.0
82.82166666666667,28.99555555555556,2008.0
82.82138888888889,28.99555555555556,2009.0
82.82111111111111,28.995833333333337,2008.0
82.82083333333334,28.995833333333337,2010.0
82.82055555555556,28.996111111111112,2008.0
82.82027777777778,28.996111111111112,2009.0
82.82000000000001,28.99638888888889,2007.0
82.81972222222223,28.99638888888889,2009.0
82.81944444444444,28.99666666666667,2007.0
82.81916666666667,28.99666666666667,2008.0
82.81888888888889,28.99666666666667,2008.0
82.81861111111111,28.99666666666667,2010.0
82.81833333333333,28.99694444444445,2007.0
82.81805555555556,28.99694444444445,2007.0
82.81777777777778,28.99694444444445,2006.0
82.8175,28.99694444444445,2006.0
82.81722222222223,28.99694444444445,2006.0
82.81694444444445,28.99694444444445,2006.0
82.81666666666666,28.99694444444445,2006.0
82.8163888888889,28.99694444444445,2006.0
82.81611111111111,28.99694444444445,2006.0
82.81583333333333,28.997222222222224,2006.0
82.81555555555556,28.997500000000002,2007.0
82.81527777777778,28.99777777777778,2006.0
82.815,28.99805555555556,2005.0
82.81472222222223,28.998333333333335,2004.0
82.81444444444445,28.998611111111114,2005.0
82.81416666666667,28.998888888888892,2006.0
82.8138888888889,28.99916666666667,2004.0
82.81361111111111,28.999444444444446,2006.0
82.81333333333333,28.999722222222225,2010.0
82.81305555555555,29.000000000000004,2008.0
82.81277777777778,29.000277777777782,2007.0
82.8125,29.000555555555557,2010.0
82.81222222222222,29.000833333333336,2010.0
82.81194444444445,29.001111111111115,2008.0
82.81194444444445,29.00138888888889,2007.0
82.81194444444445,29.00166666666667,2004.0
82.81166666666667,29.001944444444447,2005.0
82.81138888888889,29.002222222222226,2005.0
82.81111111111112,29.0025,2003.0
82.81083333333333,29.0025,2002.0
82.81055555555555,29.0025,2002.0
82.81027777777778,29.0025,2001.0
82.81,29.0025,2004.0
82.80972222222222,29.00277777777778,2004.0
82.80944444444445,29.00305555555556,2003.0
82.80916666666667,29.00305555555556,2002.0
82.80888888888889,29.003333333333337,2001.0
82.80861111111112,29.003611111111113,2002.0
82.80833333333334,29.00388888888889,2003.0
82.80805555555555,29.00416666666667,2004.0
82.80777777777777,29.00444444444445,2001.0
82.8075,29.004722222222224,2004.0
82.8075,29.005000000000003,2003.0
82.8075,29.00527777777778,2004.0
82.8075,29.00555555555556,2004.0
82.8075,29.005833333333335,2002.0
82.80722222222222,29.006111111111114,2000.0
82.80694444444444,29.006388888888893,1998.0
82.80666666666667,29.006666666666668,1999.0
82.80638888888889,29.006944444444446,1999.0
82.80611111111111,29.007222222222225,1999.0
82.80583333333334,29.007500000000004,1999.0
82.80555555555556,29.00777777777778,2000.0
82.80555555555556,29.008055555555558,2003.0
82.80527777777777,29.008333333333336,1998.0
82.805,29.008611111111115,1996.0
82.80472222222222,29.00888888888889,1999.0
82.80444444444444,29.00916666666667,1996.0
82.80416666666667,29.009444444444448,1997.0
82.80388888888889,29.009722222222226,2000.0
82.80361111111111,29.01,2001.0
82.80333333333334,29.01027777777778,1996.0
82.80305555555556,29.01055555555556,1999.0
82.80277777777778,29.010833333333338,1999.0
82.8025,29.010833333333338,2002.0
82.80222222222223,29.011111111111113,1996.0
82.80194444444444,29.01138888888889,1997.0
82.80166666666666,29.01138888888889,1999.0
82.8013888888889,29.01166666666667,1993.0
82.80111111111111,29.01166666666667,1996.0
82.80083333333333,29.011944444444445,1998.0
82.80055555555556,29.012222222222224,1999.0
82.80027777777778,29.012500000000003,1993.0
82.8,29.012500000000003,1998.0
82.79972222222223,29.01277777777778,1996.0
82.79944444444445,29.01277777777778,2003.0
82.79916666666666,29.013055555555557,1995.0
82.7988888888889,29.013055555555557,1993.0
82.79861111111111,29.013055555555557,1996.0
82.79833333333333,29.013333333333335,1991.0
82.79805555555556,29.013333333333335,1997.0
82.79777777777778,29.013333333333335,2002.0
82.7975,29.013611111111114,1994.0
82.79722222222222,29.013611111111114,1996.0
82.79694444444445,29.013611111111114,2001.0
82.79666666666667,29.013888888888893,1994.0
82.79638888888888,29.014166666666668,1996.0
82.79611111111112,29.014166666666668,2000.0
82.79583333333333,29.014444444444447,1991.0
82.79555555555555,29.014444444444447,1995.0
82.79527777777778,29.014722222222225,1996.0
82.795,29.015000000000004,1998.0
82.79472222222222,29.015000000000004,2002.0
82.79444444444445,29.01527777777778,2003.0
82.79416666666667,29.015555555555558,1998.0
82.79388888888889,29.015555555555558,2003.0
82.79361111111112,29.015833333333337,2000.0
82.79333333333334,29.016111111111115,2002.0
82.79305555555555,29.01638888888889,1999.0
82.79277777777779,29.01666666666667,1992.0
82.7925,29.01666666666667,1997.0
82.79222222222222,29.016944444444448,2001.0
82.79194444444444,29.016944444444448,2003.0
82.79166666666667,29.017222222222227,2001.0
82.79138888888889,29.017222222222227,1998.0
82.7911111111111,29.017500000000002,1998.0
82.79083333333334,29.01777777777778,1997.0
82.79055555555556,29.01805555555556,1995.0
82.79055555555556,29.018333333333334,1994.0
82.79055555555556,29.018611111111113,1995.0
82.79027777777777,29.018888888888892,1992.0
82.79,29.01916666666667,1997.0
82.78972222222222,29.019444444444446,1994.0
82.78944444444444,29.019444444444446,1994.0
82.78916666666667,29.019444444444446,1997.0
82.78888888888889,29.019722222222224,1992.0
82.78861111111111,29.020000000000003,1991.0
82.78833333333334,29.020277777777782,1989.0
82.78805555555556,29.020277777777782,1994.0
82.78777777777778,29.020555555555557,1990.0
82.7875,29.020833333333336,1992.0
82.78722222222223,29.021111111111114,1993.0
82.78694444444444,29.021388888888893,1992.0
82.78666666666666,29.02166666666667,1991.0
82.7863888888889,29.021944444444447,1995.0
82.78611111111111,29.022222222222226,1990.0
82.78583333333333,29.022222222222226,1999.0
82.78555555555556,29.022500000000004,1987.0
82.78527777777778,29.022500000000004,1991.0
82.785,29.022500000000004,1996.0
82.78472222222223,29.02277777777778,1981.0
82.78444444444445,29.02277777777778,1983.0
82.78416666666666,29.02277777777778,1982.0
82.7838888888889,29.02277777777778,1981.0
82.78361111111111,29.02277777777778,1980.0
82.78333333333333,29.02277777777778,1979.0
82.78305555555556,29.02277777777778,1982.0
82.78277777777778,29.02277777777778,1985.0
82.7825,29.02277777777778,1986.0
82.78222222222223,29.02277777777778,1986.0
82.78194444444445,29.02277777777778,1988.0
82.78166666666667,29.02277777777778,1989.0
82.78138888888888,29.02277777777778,1989.0
82.78111111111112,29.02277777777778,1992.0
82.78083333333333,29.02277777777778,1998.0
82.78055555555555,29.02305555555556,1977.0
82.78027777777778,29.02305555555556,1978.0
82.78,29.02305555555556,1978.0
82.77972222222222,29.02305555555556,1977.0
82.77944444444445,29.02305555555556,1979.0
82.77916666666667,29.02305555555556,1985.0
82.77888888888889,29.02305555555556,1993.0
82.77861111111112,29.023333333333337,1977.0
82.77833333333334,29.023333333333337,1985.0
82.77805555555555,29.023333333333337,1992.0
82.77777777777779,29.023333333333337,1997.0
82.7775,29.023611111111112,1981.0
82.77722222222222,29.023611111111112,1990.0
82.77694444444444,29.02388888888889,1981.0
82.77666666666667,29.02388888888889,1989.0
82.77638888888889,29.02388888888889,1995.0
82.7761111111111,29.02388888888889,1997.0
82.77583333333334,29.02388888888889,1996.0
82.77555555555556,29.02388888888889,1991.0
82.77527777777777,29.02388888888889,1979.0
82.775,29.02388888888889,1971.0
82.77472222222222,29.02388888888889,1966.0
82.77444444444444,29.02388888888889,1961.0
82.77416666666667,29.02388888888889,1959.0
82.77388888888889,29.02388888888889,1957.0
82.77361111111111,29.02388888888889,1954.0
82.77333333333334,29.02388888888889,1953.0
82.77305555555556,29.02388888888889,1952.0
82.77277777777778,29.02388888888889,1954.0
82.77250000000001,29.02388888888889,1959.0
82.77222222222223,29.02388888888889,1966.0
82.77194444444444,29.02388888888889,1972.0
82.77166666666666,29.02388888888889,1977.0
82.7713888888889,29.02388888888889,1988.0
82.77111111111111,29.023611111111112,1978.0
82.77083333333333,29.023611111111112,1983.0
82.77055555555556,29.023611111111112,1994.0
82.77027777777778,29.023333333333337,1980.0
82.77,29.02305555555556,1981.0
82.76972222222223,29.02277777777778,1979.0
82.76944444444445,29.022500000000004,1972.0
82.76916666666666,29.022222222222226,1971.0
82.7688888888889,29.021944444444447,1975.0
82.76861111111111,29.02166666666667,1981.0
82.76833333333333,29.021388888888893,1986.0
82.76805555555556,29.021111111111114,1998.0
82.76777777777778,29.020833333333336,1999.0
82.7675,29.020833333333336,1999.0
82.76722222222223,29.020555555555557,1990.0
82.76694444444445,29.020555555555557,1984.0
82.76666666666667,29.020277777777782,1973.0
82.76638888888888,29.020277777777782,1957.0
82.76611111111112,29.020277777777782,1940.0
82.76583333333333,29.020277777777782,1931.0
82.76555555555555,29.020277777777782,1929.0
82.76527777777778,29.020277777777782,1927.0
82.765,29.020277777777782,1927.0
82.76472222222222,29.020277777777782,1932.0
82.76444444444445,29.020000000000003,1938.0
82.76416666666667,29.019722222222224,1946.0
82.76388888888889,29.019444444444446,1953.0
82.76361111111112,29.01916666666667,1954.0
82.76333333333334,29.01916666666667,1952.0
82.76305555555555,29.01916666666667,1949.0
82.76277777777779,29.01916666666667,1947.0
82.7625,29.01916666666667,1944.0
82.76222222222222,29.01916666666667,1946.0
82.76194444444445,29.01916666666667,1949.0
82.76166666666667,29.01916666666667,1951.0
82.76138888888889,29.018888888888892,1937.0
82.7611111111111,29.018888888888892,1942.0
82.76083333333334,29.018888888888892,1947.0
82.76055555555556,29.018888888888892,1949.0
82.76027777777777,29.018888888888892,1951.0
82.76,29.018611111111113,1951.0
82.75972222222222,29.018333333333334,1950.0
82.75944444444444,29.018333333333334,1949.0
82.75916666666667,29.01805555555556,1949.0
82.75888888888889,29.01805555555556,1950.0
82.75861111111111,29.01777777777778,1944.0
82.75833333333334,29.01777777777778,1940.0
82.75805555555556,29.017500000000002,1934.0
82.75777777777778,29.017500000000002,1932.0
82.75750000000001,29.017500000000002,1932.0
82.75722222222223,29.017222222222227,1931.0
82.75694444444444,29.017222222222227,1926.0
82.75666666666667,29.017222222222227,1927.0
82.75638888888889,29.017222222222227,1925.0
82.75611111111111,29.017222222222227,1921.0
82.75583333333333,29.017222222222227,1917.0
82.75583333333333,29.016944444444448,1916.0
82.75555555555556,29.016944444444448,1913.0
82.75527777777778,29.016944444444448,1914.0
82.755,29.01666666666667,1906.0
82.75472222222223,29.01666666666667,1909.0
82.75444444444445,29.01666666666667,1909.0
82.75416666666666,29.01666666666667,1910.0
82.7538888888889,29.01638888888889,1902.0
82.75361111111111,29.01638888888889,1904.0
82.75333333333333,29.01638888888889,1905.0
82.75305555555556,29.01638888888889,1906.0
82.75277777777778,29.01638888888889,1908.0
82.7525,29.01638888888889,1912.0
82.75222222222223,29.016111111111115,1900.0
82.75194444444445,29.016111111111115,1907.0
82.75166666666667,29.016111111111115,1912.0
82.7513888888889,29.015833333333337,1903.0
82.75111111111111,29.015833333333337,1900.0
82.75083333333333,29.015833333333337,1903.0
82.75055555555555,29.015833333333337,1907.0
82.75027777777778,29.015833333333337,1910.0
82.75,29.015833333333337,1915.0
82.74972222222222,29.015555555555558,1910.0
82.74944444444445,29.01527777777778,1911.0
82.74916666666667,29.015000000000004,1905.0
82.74888888888889,29.015000000000004,1910.0
82.74861111111112,29.015000000000004,1915.0
82.74833333333333,29.014722222222225,1916.0
82.74805555555555,29.014722222222225,1915.0
82.74777777777778,29.014444444444447,1907.0
82.7475,29.014444444444447,1902.0
82.74722222222222,29.014444444444447,1896.0
82.74694444444445,29.014444444444447,1894.0
82.74666666666667,29.014444444444447,1893.0
82.74638888888889,29.014444444444447,1894.0
82.74611111111112,29.014444444444447,1893.0
82.74583333333334,29.014444444444447,1898.0
82.74555555555555,29.014166666666668,1884.0
82.74527777777777,29.013888888888893,1889.0
82.745,29.013611111111114,1892.0
82.74472222222222,29.013333333333335,1893.0
82.74444444444444,29.013055555555557,1892.0
82.74416666666667,29.01277777777778,1899.0
82.74388888888889,29.012500000000003,1904.0
82.74361111111111,29.012500000000003,1904.0
82.74333333333334,29.012222222222224,1903.0
82.74305555555556,29.012222222222224,1901.0
82.74277777777777,29.011944444444445,1898.0
82.7425,29.011944444444445,1900.0
82.74222222222222,29.011944444444445,1897.0
82.74194444444444,29.011944444444445,1893.0
82.74166666666667,29.01166666666667,1889.0
82.74138888888889,29.01166666666667,1883.0
82.74111111111111,29.01166666666667,1880.0
82.74083333333334,29.01166666666667,1877.0
82.74055555555556,29.01166666666667,1876.0
82.74027777777778,29.01166666666667,1877.0
82.74,29.01166666666667,1878.0
82.73972222222223,29.01166666666667,1882.0
82.73944444444444,29.01138888888889,1873.0
82.73916666666666,29.01138888888889,1876.0
82.7388888888889,29.01138888888889,1876.0
82.73861111111111,29.01138888888889,1875.0
82.73833333333333,29.01138888888889,1876.0
82.73805555555556,29.01138888888889,1877.0
82.73777777777778,29.01138888888889,1875.0
82.7375,29.011111111111113,1873.0
82.73722222222223,29.010833333333338,1879.0
82.73694444444445,29.01055555555556,1882.0
82.73694444444445,29.01027777777778,1879.0
82.73666666666666,29.01,1871.0
82.73666666666666,29.009722222222226,1863.0
82.73666666666666,29.009444444444448,1860.0
82.73666666666666,29.00916666666667,1860.0
82.7363888888889,29.00888888888889,1855.0
82.73611111111111,29.008611111111115,1855.0
82.73583333333333,29.008333333333336,1859.0
82.73555555555556,29.008055555555558,1866.0
82.73527777777778,29.00777777777778,1867.0
82.735,29.00777777777778,1869.0
82.73472222222222,29.00777777777778,1869.0
82.73444444444445,29.00777777777778,1864.0
82.73416666666667,29.00777777777778,1862.0
82.73388888888888,29.008055555555558,1859.0
82.73361111111112,29.008055555555558,1859.0
82.73333333333333,29.008055555555558,1858.0
82.73305555555555,29.008055555555558,1856.0
82.73277777777778,29.008055555555558,1854.0
82.7325,29.008333333333336,1851.0
82.73222222222222,29.008333333333336,1851.0
82.73194444444445,29.008333333333336,1851.0
82.73166666666667,29.008055555555558,1849.0
82.73138888888889,29.008055555555558,1848.0
82.73111111111112,29.00777777777778,1846.0
82.73083333333334,29.007500000000004,1842.0
82.73055555555555,29.007222222222225,1842.0
82.73055555555555,29.006944444444446,1846.0
82.73027777777779,29.006666666666668,1843.0
82.73,29.006388888888893,1842.0
82.72972222222222,29.006111111111114,1842.0
82.72944444444444,29.006111111111114,1838.0
82.72916666666667,29.006111111111114,1837.0
82.72888888888889,29.005833333333335,1834.0
82.7286111111111,29.005833333333335,1833.0
82.72833333333334,29.005833333333335,1832.0
82.72805555555556,29.005833333333335,1833.0
82.72777777777777,29.00555555555556,1835.0
82.7275,29.00555555555556,1835.0
82.72722222222222,29.00555555555556,1833.0
82.72694444444444,29.00555555555556,1831.0
82.72666666666667,29.00555555555556,1830.0
82.72638888888889,29.00555555555556,1828.0
82.72611111111111,29.00555555555556,1827.0
82.72583333333334,29.00555555555556,1829.0
82.72555555555556,29.00555555555556,1831.0
82.72527777777778,29.00527777777778,1830.0
82.72500000000001,29.005000000000003,1831.0
82.72472222222223,29.004722222222224,1831.0
82.72444444444444,29.004722222222224,1830.0
82.72416666666666,29.004722222222224,1831.0
82.7238888888889,29.004722222222224,1831.0
82.72361111111111,29.004722222222224,1830.0
82.72333333333333,29.004722222222224,1830.0
82.72305555555556,29.00444444444445,1828.0
82.72277777777778,29.00444444444445,1827.0
82.7225,29.00444444444445,1827.0
82.72222222222223,29.00416666666667,1824.0
82.72194444444445,29.00416666666667,1828.0
82.72166666666666,29.00388888888889,1829.0
82.7213888888889,29.003611111111113,1829.0
82.72111111111111,29.003611111111113,1827.0
82.72083333333333,29.003611111111113,1826.0
82.72055555555556,29.003333333333337,1824.0
82.72027777777778,29.003333333333337,1817.0
82.72,29.003333333333337,1814.0
82.71972222222223,29.003333333333337,1816.0
82.71944444444445,29.003333333333337,1817.0
82.71916666666667,29.003333333333337,1820.0
82.71888888888888,29.00305555555556,1814.0
82.71861111111112,29.00305555555556,1816.0
82.71833333333333,29.00277777777778,1814.0
82.71805555555555,29.00277777777778,1819.0
82.71777777777778,29.0025,1814.0
82.7175,29.0025,1813.0
82.71722222222222,29.0025,1815.0
82.71694444444445,29.0025,1818.0
82.71666666666667,29.002222222222226,1815.0
82.71638888888889,29.002222222222226,1818.0
82.71611111111112,29.001944444444447,1811.0
82.71583333333334,29.001944444444447,1811.0
82.71555555555555,29.001944444444447,1812.0
82.71527777777779,29.001944444444447,1817.0
82.715,29.001944444444447,1819.0
82.71472222222222,29.001944444444447,1819.0
82.71444444444444,29.001944444444447,1817.0
82.71416666666667,29.001944444444447,1816.0
82.71388888888889,29.001944444444447,1814.0
82.7136111111111,29.001944444444447,1813.0
82.71333333333334,29.001944444444447,1812.0
82.71305555555556,29.001944444444447,1811.0
82.71277777777777,29.00166666666667,1804.0
82.7125,29.00138888888889,1811.0
82.71222222222222,29.001111111111115,1815.0
82.71194444444444,29.000833333333336,1814.0
82.71166666666667,29.000555555555557,1803.0
82.71138888888889,29.000277777777782,1794.0
82.71111111111111,29.000000000000004,1798.0
82.71083333333334,28.999722222222225,1807.0
82.71055555555556,28.999444444444446,1816.0
82.71027777777778,28.99916666666667,1818.0
82.71000000000001,28.998888888888892,1811.0
82.70972222222223,28.998888888888892,1816.0
82.70944444444444,28.998888888888892,1819.0
82.70916666666666,28.998611111111114,1805.0
82.7088888888889,28.998611111111114,1806.0
82.70861111111111,28.998611111111114,1804.0
82.70833333333333,28.998611111111114,1800.0
82.70805555555556,28.998611111111114,1797.0
82.70777777777778,28.998611111111114,1797.0
82.7075,28.998611111111114,1802.0
82.70722222222223,28.998611111111114,1810.0
82.70694444444445,28.998611111111114,1817.0
82.70666666666666,28.998611111111114,1817.0
82.7063888888889,28.998611111111114,1813.0
82.70611111111111,28.998611111111114,1809.0
82.70583333333333,28.998611111111114,1804.0
82.70555555555556,28.998611111111114,1797.0
82.70527777777778,28.998611111111114,1793.0
82.705,28.998611111111114,1791.0
82.70472222222223,28.998611111111114,1786.0
82.70444444444445,28.998611111111114,1782.0
82.70416666666667,28.998611111111114,1781.0
82.70388888888888,28.998611111111114,1781.0
82.70361111111112,28.998611111111114,1783.0
82.70333333333333,28.998611111111114,1785.0
82.70305555555555,28.998611111111114,1787.0
82.70277777777778,28.998611111111114,1789.0
82.7025,28.998611111111114,1795.0
82.70222222222222,28.998611111111114,1803.0
82.70194444444445,28.998611111111114,1812.0
82.70166666666667,28.998333333333335,1800.0
82.70138888888889,28.998333333333335,1807.0
82.70111111111112,28.99805555555556,1799.0
82.70083333333334,28.99777777777778,1788.0
82.70055555555555,28.997500000000002,1783.0
82.70027777777779,28.997222222222224,1784.0
82.7,28.99694444444445,1801.0
82.69972222222222,28.99666666666667,1814.0
82.69944444444445,28.99638888888889,1815.0
82.69916666666667,28.996111111111112,1815.0
82.69888888888889,28.995833333333337,1820.0
82.6986111111111,28.99555555555556,1813.0
82.69833333333334,28.99527777777778,1804.0
82.69805555555556,28.995,1792.0
82.69805555555556,28.994722222222226,1779.0
82.69777777777777,28.994444444444447,1768.0
82.69777777777777,28.99416666666667,1766.0
82.6975,28.993888888888893,1764.0
82.6975,28.993611111111115,1763.0
82.6975,28.993333333333336,1760.0
82.69722222222222,28.993055555555557,1756.0
82.69694444444444,28.993055555555557,1756.0
82.69666666666667,28.993055555555557,1756.0
82.69638888888889,28.993333333333336,1754.0
82.69611111111111,28.993333333333336,1753.0
82.69583333333334,28.993333333333336,1754.0
82.69555555555556,28.993611111111115,1754.0
82.69527777777778,28.993888888888893,1753.0
82.69527777777778,28.99416666666667,1752.0
82.69500000000001,28.994444444444447,1750.0
82.69472222222223,28.994722222222226,1746.0
82.69444444444444,28.994722222222226,1745.0
82.69416666666667,28.994722222222226,1745.0
82.69388888888889,28.994722222222226,1746.0
82.69361111111111,28.995,1745.0
82.69333333333333,28.995,1747.0
82.69305555555556,28.99527777777778,1747.0
82.69277777777778,28.99527777777778,1747.0
82.6925,28.99527777777778,1744.0
82.69222222222223,28.99527777777778,1741.0
82.69194444444445,28.99527777777778,1738.0
82.69166666666666,28.99527777777778,1735.0
82.6913888888889,28.99527777777778,1731.0
82.69111111111111,28.99527777777778,1729.0
82.69083333333333,28.99527777777778,1728.0
82.69055555555556,28.99527777777778,1727.0
82.69027777777778,28.99527777777778,1726.0
82.69,28.995,1724.0
82.68972222222223,28.995,1721.0
82.68944444444445,28.995,1719.0
82.68916666666667,28.995,1719.0
82.6888888888889,28.994722222222226,1720.0
82.68861111111111,28.994722222222226,1720.0
82.68833333333333,28.994722222222226,1716.0
82.68805555555555,28.994722222222226,1713.0
82.68777777777778,28.994722222222226,1713.0
82.6875,28.994722222222226,1715.0
82.68722222222222,28.994722222222226,1717.0
82.68694444444445,28.995,1718.0
82.68666666666667,28.995,1716.0
82.68638888888889,28.995,1713.0
82.68611111111112,28.995,1710.0
82.68583333333333,28.995,1710.0
82.68555555555555,28.995,1713.0
82.68527777777778,28.995,1714.0
82.685,28.995,1713.0
82.68472222222222,28.99527777777778,1710.0
82.68444444444445,28.99527777777778,1706.0
82.68416666666667,28.99527777777778,1706.0
82.68388888888889,28.99555555555556,1706.0
82.68361111111112,28.99555555555556,1705.0
82.68333333333334,28.99555555555556,1705.0
82.68305555555555,28.995833333333337,1705.0
82.68277777777777,28.996111111111112,1703.0
82.6825,28.996111111111112,1700.0
82.68222222222222,28.996111111111112,1698.0
82.68194444444444,28.996111111111112,1698.0
82.68166666666667,28.996111111111112,1699.0
82.68138888888889,28.996111111111112,1700.0
82.68111111111111,28.996111111111112,1700.0
82.68083333333334,28.996111111111112,1698.0
82.68055555555556,28.996111111111112,1696.0
82.68027777777777,28.996111111111112,1696.0
82.68,28.996111111111112,1697.0
82.67972222222222,28.996111111111112,1696.0
82.67944444444444,28.996111111111112,1695.0
82.67916666666667,28.996111111111112,1696.0
82.67888888888889,28.996111111111112,1697.0
82.67861111111111,28.996111111111112,1699.0
82.67833333333334,28.99638888888889,1699.0
82.67805555555556,28.99666666666667,1697.0
82.67777777777778,28.99666666666667,1694.0
82.6775,28.99666666666667,1692.0
82.67722222222223,28.99666666666667,1691.0
82.67694444444444,28.99666666666667,1691.0
82.67666666666666,28.99666666666667,1691.0
82.6763888888889,28.99666666666667,1690.0
82.67611111111111,28.99666666666667,1691.0
82.67583333333333,28.99666666666667,1697.0
82.67555555555556,28.99666666666667,1697.0
82.67527777777778,28.99638888888889,1689.0
82.675,28.99638888888889,1696.0
82.67472222222223,28.996111111111112,1691.0
82.67444444444445,28.996111111111112,1697.0
82.67416666666666,28.995833333333337,1692.0
82.6738888888889,28.995833333333337,1697.0
82.67361111111111,28.99555555555556,1691.0
82.67333333333333,28.99555555555556,1699.0
82.67305555555556,28.99527777777778,1693.0
82.67277777777778,28.99527777777778,1695.0
82.6725,28.99527777777778,1698.0
82.67222222222222,28.995,1694.0
82.67194444444445,28.995,1697.0
82.67166666666667,28.995,1699.0
82.67138888888888,28.994722222222226,1689.0
82.67111111111112,28.994722222222226,1691.0
82.67083333333333,28.994722222222226,1695.0
82.67055555555555,28.994722222222226,1700.0
82.67027777777778,28.994444444444447,1690.0
82.67,28.994444444444447,1690.0
82.66972222222222,28.99416666666667,1678.0
82.66944444444445,28.993888888888893,1674.0
82.66916666666667,28.993611111111115,1674.0
82.66888888888889,28.993333333333336,1675.0
82.66861111111112,28.993055555555557,1680.0
82.66833333333334,28.992777777777782,1678.0
82.66805555555555,28.992500000000003,1679.0
82.66777777777779,28.992222222222225,1690.0
82.6675,28.991944444444446,1696.0
82.66722222222222,28.99166666666667,1697.0
82.66694444444444,28.991388888888892,1694.0
82.66666666666667,28.991388888888892,1695.0
82.66638888888889,28.991388888888892,1691.0
82.6661111111111,28.991388888888892,1685.0
82.66583333333334,28.991388888888892,1681.0
82.66555555555556,28.991388888888892,1681.0
82.66527777777777,28.991388888888892,1681.0
82.665,28.991388888888892,1680.0
82.66472222222222,28.991388888888892,1678.0
82.66444444444444,28.991388888888892,1675.0
82.66416666666667,28.991388888888892,1672.0
82.66388888888889,28.991388888888892,1675.0
82.66361111111111,28.991388888888892,1679.0
82.66333333333334,28.991388888888892,1679.0
82.66305555555556,28.991388888888892,1680.0
82.66277777777778,28.991388888888892,1681.0
82.66250000000001,28.991388888888892,1684.0
82.66222222222223,28.991388888888892,1685.0
82.66194444444444,28.991388888888892,1684.0
82.66166666666666,28.991388888888892,1680.0
82.6613888888889,28.991388888888892,1671.0
82.66111111111111,28.991388888888892,1663.0
82.66083333333333,28.991388888888892,1660.0
82.66055555555556,28.991388888888892,1660.0
82.66027777777778,28.991388888888892,1660.0
82.66,28.991388888888892,1661.0
82.65972222222223,28.991388888888892,1664.0
82.65944444444445,28.991388888888892,1671.0
82.65916666666666,28.991111111111113,1669.0
82.6588888888889,28.991111111111113,1699.0
82.65861111111111,28.990833333333335,1692.0
82.65833333333333,28.99055555555556,1687.0
82.65805555555556,28.99027777777778,1681.0
82.65777777777778,28.990000000000002,1673.0
82.6575,28.989722222222223,1659.0
82.65722222222223,28.989444444444448,1649.0
82.65694444444445,28.98916666666667,1648.0
82.65666666666667,28.98888888888889,1651.0
82.65638888888888,28.988611111111116,1650.0
82.65611111111112,28.988333333333337,1656.0
82.65583333333333,28.988055555555558,1678.0
82.65555555555555,28.98777777777778,1696.0
82.65527777777778,28.987500000000004,1700.0
82.655,28.987222222222226,1700.0
82.655,28.986944444444447,1697.0
82.655,28.986666666666668,1698.0
82.65472222222222,28.986388888888893,1697.0
82.65444444444445,28.986111111111114,1695.0
82.65444444444445,28.985833333333336,1693.0
82.65416666666667,28.985555555555557,1691.0
82.65416666666667,28.98527777777778,1689.0
82.65416666666667,28.985000000000003,1681.0
82.65416666666667,28.984722222222224,1675.0
82.65416666666667,28.984444444444446,1669.0
82.65388888888889,28.98416666666667,1672.0
82.65361111111112,28.98388888888889,1670.0
82.65333333333334,28.983611111111113,1669.0
82.65305555555555,28.983333333333338,1672.0
82.65277777777779,28.98305555555556,1672.0
82.6525,28.98277777777778,1663.0
82.65222222222222,28.98277777777778,1650.0
82.65194444444444,28.98277777777778,1637.0
82.65166666666667,28.98277777777778,1642.0
82.65138888888889,28.9825,1643.0
82.6511111111111,28.982222222222227,1642.0
82.65083333333334,28.982222222222227,1637.0
82.65055555555556,28.982222222222227,1637.0
82.65027777777777,28.981944444444448,1631.0
82.65,28.98166666666667,1641.0
82.64972222222222,28.98138888888889,1638.0
82.64944444444444,28.981111111111115,1631.0
82.64916666666667,28.981111111111115,1628.0
82.64888888888889,28.980833333333337,1627.0
82.64861111111111,28.980555555555558,1617.0
82.64833333333334,28.980555555555558,1620.0
82.64805555555556,28.980555555555558,1627.0
82.64777777777778,28.98027777777778,1624.0
82.64750000000001,28.98027777777778,1627.0
82.64722222222223,28.98027777777778,1631.0
82.64694444444444,28.980000000000004,1622.0
82.64666666666666,28.980000000000004,1623.0
82.6463888888889,28.980000000000004,1625.0
82.64611111111111,28.980000000000004,1626.0
82.64583333333333,28.980000000000004,1628.0
82.64555555555556,28.980000000000004,1628.0
82.64527777777778,28.980000000000004,1631.0
82.645,28.979722222222225,1626.0
82.64472222222223,28.979722222222225,1628.0
82.64444444444445,28.979722222222225,1627.0
82.64416666666666,28.979722222222225,1628.0
82.6438888888889,28.979722222222225,1631.0
82.64361111111111,28.979444444444447,1625.0
82.64333333333333,28.979444444444447,1622.0
82.64305555555556,28.979444444444447,1618.0
82.64277777777778,28.979444444444447,1615.0
82.6425,28.979444444444447,1615.0
82.64222222222223,28.979444444444447,1615.0
82.64194444444445,28.979444444444447,1615.0
82.64166666666667,28.979444444444447,1615.0
82.64138888888888,28.979166666666668,1606.0
82.64111111111112,28.978888888888893,1598.0
82.64083333333333,28.978611111111114,1600.0
82.64055555555555,28.978333333333335,1601.0
82.64027777777778,28.978055555555557,1611.0
82.64,28.97777777777778,1613.0
82.63972222222222,28.977500000000003,1610.0
82.63944444444445,28.977222222222224,1607.0
82.63916666666667,28.97694444444445,1605.0
82.63888888888889,28.97666666666667,1611.0
82.63861111111112,28.97638888888889,1613.0
82.63833333333334,28.97638888888889,1619.0
82.63805555555555,28.976111111111113,1617.0
82.63777777777779,28.976111111111113,1617.0
82.6375,28.976111111111113,1615.0
82.63722222222222,28.976111111111113,1615.0
82.63694444444445,28.976111111111113,1618.0
82.63666666666667,28.975833333333338,1606.0
82.63638888888889,28.975833333333338,1608.0
82.6361111111111,28.975833333333338,1610.0
82.63583333333334,28.975833333333338,1613.0
82.63555555555556,28.975833333333338,1616.0
82.63527777777777,28.97555555555556,1604.0
82.635,28.97555555555556,1610.0
82.63472222222222,28.97555555555556,1618.0
82.63444444444444,28.97527777777778,1618.0
82.63416666666667,28.97527777777778,1619.0
82.63388888888889,28.97527777777778,1614.0
82.63361111111111,28.97527777777778,1608.0
82.63333333333334,28.97527777777778,1602.0
82.63305555555556,28.97527777777778,1600.0
82.63277777777778,28.97527777777778,1603.0
82.63250000000001,28.97527777777778,1612.0
82.63222222222223,28.97555555555556,1620.0
82.63194444444444,28.97555555555556,1619.0
82.63166666666667,28.97555555555556,1615.0
82.63138888888889,28.97527777777778,1610.0
82.63111111111111,28.97527777777778,1606.0
82.63083333333333,28.97527777777778,1605.0
82.63055555555556,28.97527777777778,1603.0
82.63027777777778,28.97555555555556,1600.0
82.63,28.97555555555556,1598.0
82.62972222222223,28.97555555555556,1597.0
82.62944444444445,28.97555555555556,1598.0
82.62916666666666,28.97555555555556,1599.0
82.6288888888889,28.975833333333338,1599.0
82.62861111111111,28.975833333333338,1599.0
82.62833333333333,28.975833333333338,1596.0
82.62805555555556,28.975833333333338,1594.0
82.62777777777778,28.975833333333338,1592.0
82.6275,28.975833333333338,1590.0
82.62722222222223,28.975833333333338,1590.0
82.62694444444445,28.975833333333338,1587.0
82.62666666666667,28.975833333333338,1584.0
82.6263888888889,28.975833333333338,1583.0
82.62611111111111,28.975833333333338,1582.0
82.62583333333333,28.975833333333338,1583.0
82.62555555555555,28.975833333333338,1582.0
82.62527777777778,28.975833333333338,1582.0
82.625,28.975833333333338,1587.0
82.62472222222222,28.975833333333338,1592.0
82.62444444444445,28.975833333333338,1594.0
82.62416666666667,28.975833333333338,1594.0
82.62388888888889,28.975833333333338,1595.0
82.62361111111112,28.975833333333338,1597.0
82.62333333333333,28.975833333333338,1590.0
82.62305555555555,28.975833333333338,1580.0
82.62277777777778,28.975833333333338,1578.0
82.6225,28.975833333333338,1581.0
82.62222222222222,28.975833333333338,1583.0
82.62194444444445,28.975833333333338,1583.0
82.62166666666667,28.975833333333338,1587.0
82.62138888888889,28.975833333333338,1597.0
82.62111111111112,28.976111111111113,1582.0
82.62083333333334,28.976111111111113,1588.0
82.62055555555555,28.976111111111113,1594.0
82.62027777777777,28.97638888888889,1584.0
82.62,28.97638888888889,1588.0
82.61972222222222,28.97638888888889,1589.0
82.61944444444444,28.97638888888889,1591.0
82.61916666666667,28.97638888888889,1594.0
82.61888888888889,28.97666666666667,1579.0
82.61861111111111,28.97666666666667,1587.0
82.61833333333334,28.97666666666667,1593.0
82.61805555555556,28.97666666666667,1595.0
82.61777777777777,28.97666666666667,1594.0
82.6175,28.97666666666667,1593.0
82.61722222222222,28.97666666666667,1591.0
82.61694444444444,28.97666666666667,1589.0
82.61666666666667,28.97666666666667,1587.0
82.61638888888889,28.97666666666667,1586.0
82.61611111111111,28.97666666666667,1587.0
82.61583333333334,28.97666666666667,1593.0
82.61555555555556,28.97694444444445,1589.0
82.61527777777778,28.97694444444445,1591.0
82.615,28.97694444444445,1595.0
82.61472222222223,28.977222222222224,1582.0
82.61444444444444,28.977222222222224,1581.0
82.61416666666666,28.977222222222224,1579.0
82.6138888888889,28.977222222222224,1574.0
82.61361111111111,28.977222222222224,1573.0
82.61333333333333,28.977222222222224,1573.0
82.61305555555556,28.977222222222224,1573.0
82.61277777777778,28.977222222222224,1574.0
82.6125,28.977222222222224,1574.0
82.61222222222223,28.977222222222224,1571.0
82.61194444444445,28.977222222222224,1568.0
82.61166666666666,28.977222222222224,1565.0
82.6113888888889,28.977222222222224,1565.0
82.61111111111111,28.977222222222224,1567.0
82.61083333333333,28.977222222222224,1565.0
82.61055555555556,28.977222222222224,1560.0
82.61027777777778,28.977222222222224,1560.0
82.61,28.977222222222224,1567.0
82.60972222222222,28.977222222222224,1574.0
82.60944444444445,28.977222222222224,1583.0
82.60916666666667,28.977500000000003,1575.0
82.60888888888888,28.97777777777778,1575.0
82.60861111111112,28.978055555555557,1584.0
82.60833333333333,28.978333333333335,1594.0
82.60805555555555,28.978611111111114,1599.0
82.60777777777778,28.978888888888893,1593.0
82.6075,28.979166666666668,1575.0
82.60722222222222,28.979166666666668,1588.0
82.60694444444445,28.979444444444447,1579.0
82.60666666666667,28.979444444444447,1590.0
82.60638888888889,28.979444444444447,1595.0
82.60611111111112,28.979444444444447,1597.0
82.60583333333334,28.979444444444447,1597.0
82.60555555555555,28.979722222222225,1574.0
82.60527777777779,28.979722222222225,1580.0
82.605,28.979722222222225,1595.0
82.60472222222222,28.980000000000004,1582.0
82.60444444444444,28.980000000000004,1597.0
82.60416666666667,28.98027777777778,1580.0
82.60388888888889,28.98027777777778,1598.0
82.6036111111111,28.980555555555558,1580.0
82.60333333333334,28.980555555555558,1599.0
82.60305555555556,28.980833333333337,1580.0
82.60277777777777,28.980833333333337,1587.0
82.6025,28.980833333333337,1593.0
82.60222222222222,28.981111111111115,1581.0
82.60194444444444,28.981111111111115,1594.0
82.60166666666667,28.98138888888889,1581.0
82.60138888888889,28.98138888888889,1591.0
82.60111111111111,28.98166666666667,1581.0
82.60083333333334,28.98166666666667,1596.0
82.60055555555556,28.981944444444448,1580.0
82.60027777777778,28.981944444444448,1584.0
82.60000000000001,28.981944444444448,1584.0
82.59972222222223,28.981944444444448,1583.0
82.59944444444444,28.981944444444448,1574.0
82.59916666666666,28.981944444444448,1555.0
82.5988888888889,28.981944444444448,1546.0
82.59861111111111,28.981944444444448,1550.0
82.59833333333333,28.981944444444448,1549.0
82.59805555555556,28.981944444444448,1544.0
82.59777777777778,28.981944444444448,1536.0
82.5975,28.981944444444448,1530.0
82.59722222222223,28.981944444444448,1530.0
82.59694444444445,28.981944444444448,1530.0
82.59666666666666,28.981944444444448,1531.0
82.5963888888889,28.98166666666667,1537.0
82.59611111111111,28.98138888888889,1572.0
82.59583333333333,28.981111111111115,1599.0
82.59555555555556,28.980833333333337,1598.0
82.59527777777778,28.980833333333337,1584.0
82.595,28.980555555555558,1567.0
82.59472222222223,28.980555555555558,1551.0
82.59444444444445,28.980555555555558,1541.0
82.59416666666667,28.980555555555558,1533.0
82.59388888888888,28.980555555555558,1534.0
82.59361111111112,28.980555555555558,1537.0
82.59333333333333,28.980833333333337,1535.0
82.59305555555555,28.981111111111115,1543.0
82.59277777777778,28.981111111111115,1542.0
82.5925,28.98138888888889,1535.0
82.59222222222222,28.98166666666667,1525.0
82.59194444444445,28.98166666666667,1520.0
82.59166666666667,28.981944444444448,1516.0
82.59166666666667,28.982222222222227,1516.0
82.59138888888889,28.9825,1509.0
82.59138888888889,28.98277777777778,1513.0
82.59111111111112,28.98305555555556,1510.0
82.59111111111112,28.983333333333338,1511.0
82.59083333333334,28.983611111111113,1510.0
82.59055555555555,28.98388888888889,1508.0
82.59055555555555,28.98416666666667,1514.0
82.59027777777779,28.984444444444446,1506.0
82.59,28.984722222222224,1502.0
82.58972222222222,28.985000000000003,1508.0
82.58944444444444,28.98527777777778,1518.0
82.58916666666667,28.985555555555557,1515.0
82.58888888888889,28.985833333333336,1497.0
82.5886111111111,28.986111111111114,1485.0
82.58833333333334,28.986388888888893,1493.0
82.58805555555556,28.986666666666668,1505.0
82.58777777777777,28.986944444444447,1516.0
82.5875,28.987222222222226,1518.0
82.58722222222222,28.987222222222226,1518.0
82.58694444444444,28.987222222222226,1515.0
82.58666666666667,28.987222222222226,1507.0
82.58638888888889,28.987222222222226,1499.0
82.58611111111111,28.987222222222226,1493.0
82.58583333333334,28.987222222222226,1494.0
82.58555555555556,28.987222222222226,1494.0
82.58527777777778,28.987222222222226,1495.0
82.58500000000001,28.987222222222226,1494.0
82.58472222222223,28.987222222222226,1490.0
82.58444444444444,28.987222222222226,1490.0
82.58416666666666,28.987222222222226,1492.0
82.5838888888889,28.987222222222226,1495.0
82.58361111111111,28.987222222222226,1496.0
82.58333333333333,28.987222222222226,1496.0
82.58305555555556,28.987500000000004,1487.0
82.58277777777778,28.987500000000004,1492.0
82.5825,28.98777777777778,1490.0
82.58222222222223,28.98777777777778,1500.0
82.58194444444445,28.988055555555558,1495.0
82.58166666666666,28.988055555555558,1499.0
82.5813888888889,28.988333333333337,1496.0
82.58111111111111,28.988611111111116,1493.0
82.58083333333333,28.98888888888889,1498.0
82.58055555555556,28.98888888888889,1500.0
82.58027777777778,28.98916666666667,1497.0
82.58,28.98916666666667,1498.0
82.57972222222223,28.98916666666667,1497.0
82.57944444444445,28.98916666666667,1494.0
82.57916666666667,28.98916666666667,1496.0
82.57888888888888,28.989444444444448,1496.0
82.57861111111112,28.989722222222223,1498.0
82.57833333333333,28.990000000000002,1496.0
82.57805555555555,28.99027777777778,1493.0
82.57777777777778,28.99027777777778,1490.0
82.5775,28.99027777777778,1490.0
82.57722222222222,28.99055555555556,1483.0
82.57694444444445,28.99055555555556,1487.0
82.57666666666667,28.99055555555556,1489.0
82.57638888888889,28.990833333333335,1480.0
82.57611111111112,28.990833333333335,1484.0
82.57583333333334,28.991111111111113,1482.0
82.57555555555555,28.991111111111113,1490.0
82.57527777777779,28.991388888888892,1483.0
82.575,28.991388888888892,1485.0
82.57472222222222,28.991388888888892,1486.0
82.57444444444445,28.991388888888892,1487.0
82.57416666666667,28.991388888888892,1487.0
82.57388888888889,28.991388888888892,1490.0
82.5736111111111,28.991111111111113,1490.0
82.57333333333334,28.990833333333335,1488.0
82.57305555555556,28.99055555555556,1486.0
82.57277777777777,28.99027777777778,1488.0
82.5725,28.990000000000002,1487.0
82.57222222222222,28.989722222222223,1477.0
82.57194444444444,28.989722222222223,1480.0
82.57166666666667,28.989444444444448,1481.0
82.57138888888889,28.989444444444448,1490.0
82.57111111111111,28.98916666666667,1482.0
82.57083333333334,28.98916666666667,1484.0
82.57055555555556,28.98888888888889,1479.0
82.57027777777778,28.98888888888889,1486.0
82.57000000000001,28.988611111111116,1480.0
82.56972222222223,28.988611111111116,1480.0
82.56944444444444,28.988611111111116,1479.0
82.56916666666667,28.988611111111116,1482.0
82.56888888888889,28.988611111111116,1488.0
82.56861111111111,28.988333333333337,1475.0
82.56833333333333,28.988333333333337,1483.0
82.56805555555556,28.988333333333337,1490.0
82.56777777777778,28.988055555555558,1473.0
82.5675,28.988055555555558,1475.0
82.56722222222223,28.988055555555558,1480.0
82.56694444444445,28.988055555555558,1481.0
82.56666666666666,28.988055555555558,1480.0
82.5663888888889,28.988055555555558,1482.0
82.56611111111111,28.988055555555558,1485.0
82.56583333333333,28.988055555555558,1486.0
82.56555555555556,28.988055555555558,1490.0
82.56527777777778,28.98777777777778,1483.0
82.565,28.98777777777778,1486.0
82.56472222222223,28.98777777777778,1488.0
82.56444444444445,28.98777777777778,1489.0
82.56416666666667,28.98777777777778,1488.0
82.5638888888889,28.98777777777778,1489.0
82.56361111111111,28.98777777777778,1488.0
82.56333333333333,28.98777777777778,1486.0
82.56305555555555,28.98777777777778,1486.0
82.56277777777778,28.98777777777778,1490.0
82.5625,28.988055555555558,1490.0
82.56222222222222,28.988055555555558,1489.0
82.56194444444445,28.988333333333337,1485.0
82.56166666666667,28.988333333333337,1481.0
82.56138888888889,28.988333333333337,1479.0
82.56111111111112,28.988333333333337,1474.0
82.56083333333333,28.988333333333337,1473.0
82.56055555555555,28.988333333333337,1474.0
82.56027777777778,28.988333333333337,1475.0
82.56,28.988333333333337,1478.0
82.55972222222222,28.988333333333337,1481.0
82.55944444444445,28.988333333333337,1482.0
82.55916666666667,28.988333333333337,1482.0
82.55888888888889,28.988611111111116,1469.0
82.55861111111112,28.988611111111116,1472.0
82.55833333333334,28.988611111111116,1476.0
82.55805555555555,28.988611111111116,1479.0
82.55777777777777,28.98888888888889,1479.0
82.5575,28.98916666666667,1482.0
82.55722222222222,28.98916666666667,1482.0
82.55694444444444,28.98916666666667,1481.0
82.55666666666667,28.98916666666667,1476.0
82.55638888888889,28.98916666666667,1470.0
82.55611111111111,28.98916666666667,1468.0
82.55583333333334,28.98888888888889,1467.0
82.55555555555556,28.98888888888889,1466.0
82.55527777777777,28.98888888888889,1462.0
82.555,28.98888888888889,1456.0
82.55472222222222,28.98888888888889,1458.0
82.55444444444444,28.98888888888889,1463.0
82.55416666666667,28.988611111111116,1462.0
82.55388888888889,28.988611111111116,1459.0
82.55361111111111,28.988611111111116,1460.0
82.55333333333334,28.988611111111116,1462.0
82.55305555555556,28.988333333333337,1462.0
82.55277777777778,28.988333333333337,1462.0
82.5525,28.988333333333337,1461.0
82.55222222222223,28.988333333333337,1460.0
82.55194444444444,28.988333333333337,1461.0
82.55166666666666,28.988055555555558,1454.0
82.5513888888889,28.988055555555558,1454.0
82.55111111111111,28.98777777777778,1454.0
82.55083333333333,28.987500000000004,1455.0
82.55055555555556,28.987222222222226,1448.0
82.55027777777778,28.986944444444447,1446.0
82.55,28.986666666666668,1454.0
82.54972222222223,28.986388888888893,1458.0
82.54944444444445,28.986111111111114,1461.0
82.54916666666666,28.985833333333336,1461.0
82.54916666666666,28.985555555555557,1461.0
82.54916666666666,28.98527777777778,1458.0
82.5488888888889,28.98527777777778,1457.0
82.54861111111111,28.985000000000003,1456.0
82.54833333333333,28.984722222222224,1454.0
82.54805555555556,28.984444444444446,1456.0
82.54777777777778,28.98416666666667,1457.0
82.5475,28.98416666666667,1459.0
82.54722222222222,28.98388888888889,1457.0
82.54694444444445,28.98388888888889,1458.0
82.54666666666667,28.98388888888889,1458.0
82.54638888888888,28.98388888888889,1458.0
82.54611111111112,28.983611111111113,1459.0
82.54583333333333,28.983333333333338,1459.0
82.54555555555555,28.983333333333338,1456.0
82.54527777777778,28.98305555555556,1454.0
82.545,28.98277777777778,1451.0
82.54472222222222,28.98277777777778,1450.0
82.54444444444445,28.9825,1445.0
82.54416666666667,28.982222222222227,1445.0
82.54388888888889,28.981944444444448,1448.0
82.54361111111112,28.98166666666667,1451.0
82.54333333333334,28.98138888888889,1452.0
82.54305555555555,28.981111111111115,1451.0
82.54277777777779,28.980833333333337,1452.0
82.54277777777779,28.980555555555558,1452.0
82.54305555555555,28.98027777777778,1450.0
82.54305555555555,28.980000000000004,1449.0
82.54305555555555,28.979722222222225,1451.0
82.54277777777779,28.979444444444447,1451.0
82.5425,28.979166666666668,1450.0
82.5425,28.978888888888893,1450.0
82.54222222222222,28.978611111111114,1450.0
82.54194444444444,28.978333333333335,1450.0
82.54166666666667,28.978055555555557,1450.0
82.54138888888889,28.978055555555557,1450.0
82.5411111111111,28.978333333333335,1449.0
82.54083333333334,28.978611111111114,1447.0
82.54055555555556,28.978611111111114,1445.0
82.54027777777777,28.978611111111114,1444.0
82.54,28.978611111111114,1445.0
82.53972222222222,28.978611111111114,1445.0
82.53944444444444,28.978611111111114,1447.0
82.53916666666667,28.978333333333335,1447.0
82.53888888888889,28.978055555555557,1447.0
82.53861111111111,28.97777777777778,1447.0
82.53833333333334,28.977500000000003,1446.0
82.53805555555556,28.977500000000003,1446.0
82.53777777777778,28.977222222222224,1443.0
82.53750000000001,28.977222222222224,1442.0
82.53722222222223,28.97694444444445,1440.0
82.53722222222223,28.97666666666667,1437.0
82.53722222222223,28.97638888888889,1437.0
82.53694444444444,28.976111111111113,1440.0
82.53666666666666,28.975833333333338,1439.0
82.53666666666666,28.97555555555556,1437.0
82.53666666666666,28.97527777777778,1438.0
82.5363888888889,28.975,1439.0
82.53611111111111,28.974722222222226,1435.0
82.53583333333333,28.974444444444448,1429.0
82.53555555555556,28.97416666666667,1434.0
82.53527777777778,28.97388888888889,1441.0
82.53527777777778,28.973611111111115,1440.0
82.535,28.973333333333336,1435.0
82.53472222222223,28.973055555555558,1428.0
82.53444444444445,28.973055555555558,1428.0
82.53416666666666,28.973055555555558,1427.0
82.5338888888889,28.973055555555558,1426.0
82.53361111111111,28.97277777777778,1422.0
82.53333333333333,28.972500000000004,1420.0
82.53305555555556,28.972222222222225,1422.0
82.53277777777778,28.971944444444446,1422.0
82.53277777777778,28.97166666666667,1427.0
82.5325,28.971388888888892,1416.0
82.5325,28.971111111111114,1421.0
82.53222222222223,28.970833333333335,1414.0
82.53222222222223,28.97055555555556,1419.0
82.53222222222223,28.97027777777778,1426.0
82.53194444444445,28.970000000000002,1416.0
82.53194444444445,28.969722222222224,1420.0
82.53194444444445,28.96944444444445,1422.0
82.53194444444445,28.96916666666667,1422.0
82.53194444444445,28.96888888888889,1421.0
82.53194444444445,28.968611111111112,1421.0
82.53194444444445,28.968333333333337,1421.0
82.53166666666667,28.96805555555556,1417.0
82.53138888888888,28.96777777777778,1418.0
82.53111111111112,28.9675,1423.0
82.53083333333333,28.967222222222226,1428.0
82.53055555555555,28.966944444444447,1428.0
82.53027777777778,28.96666666666667,1429.0
82.53,28.966388888888893,1423.0
82.52972222222222,28.966388888888893,1416.0
82.52944444444445,28.966388888888893,1413.0
82.52916666666667,28.966388888888893,1414.0
82.52888888888889,28.966388888888893,1414.0
82.52861111111112,28.966388888888893,1411.0
82.52861111111112,28.966111111111115,1410.0
82.52861111111112,28.965833333333336,1411.0
82.52833333333334,28.965555555555557,1403.0
82.52805555555555,28.965277777777782,1400.0
82.52777777777779,28.965000000000003,1403.0
82.5275,28.964722222222225,1406.0
82.52722222222222,28.964444444444446,1407.0
82.52694444444444,28.96416666666667,1410.0
82.52666666666667,28.963888888888892,1410.0
82.52638888888889,28.963611111111113,1409.0
82.5261111111111,28.963333333333335,1409.0
82.52583333333334,28.96305555555556,1407.0
82.52555555555556,28.96277777777778,1408.0
82.52527777777777,28.962500000000002,1409.0
82.525,28.962222222222223,1412.0
82.52472222222222,28.96194444444445,1407.0
82.52444444444444,28.96194444444445,1407.0
82.52416666666667,28.96194444444445,1412.0
82.52388888888889,28.96166666666667,1412.0
82.52361111111111,28.96138888888889,1410.0
82.52333333333334,28.961111111111112,1405.0
82.52305555555556,28.960833333333337,1407.0
82.52277777777778,28.96055555555556,1407.0
82.52250000000001,28.96027777777778,1407.0
82.52222222222223,28.960000000000004,1411.0
82.52194444444444,28.959722222222226,1412.0
82.52166666666666,28.959444444444447,1410.0
82.5213888888889,28.95916666666667,1406.0
82.52111111111111,28.958888888888893,1408.0
82.52083333333333,28.958611111111114,1409.0
82.52083333333333,28.958333333333336,1411.0
82.52083333333333,28.958055555555557,1412.0
82.52055555555556,28.957777777777782,1409.0
82.52027777777778,28.957500000000003,1406.0
82.52027777777778,28.957222222222224,1409.0
82.52027777777778,28.956944444444446,1412.0
82.52027777777778,28.95666666666667,1412.0
82.52,28.956388888888892,1409.0
82.51972222222223,28.956111111111113,1412.0
82.51944444444445,28.955833333333334,1407.0
82.51916666666666,28.95555555555556,1401.0
82.5188888888889,28.95555555555556,1406.0
82.51861111111111,28.95527777777778,1406.0
82.51833333333333,28.955000000000002,1409.0
82.51805555555556,28.954722222222227,1410.0
82.51777777777778,28.954444444444448,1410.0
82.5175,28.95416666666667,1408.0
82.51722222222223,28.95388888888889,1411.0
82.51694444444445,28.953611111111115,1412.0
82.51666666666667,28.953333333333337,1410.0
82.51638888888888,28.953055555555558,1407.0
82.51611111111112,28.95277777777778,1404.0
82.51583333333333,28.952500000000004,1401.0
82.51555555555555,28.952222222222225,1397.0
82.51527777777778,28.951944444444447,1395.0
82.515,28.951666666666668,1392.0
82.51472222222222,28.951388888888893,1387.0
82.51444444444445,28.951111111111114,1391.0
82.51416666666667,28.950833333333335,1409.0
82.51388888888889,28.950555555555557,1412.0
82.51388888888889,28.95027777777778,1410.0
82.51388888888889,28.950000000000003,1405.0
82.51361111111112,28.949722222222224,1395.0
82.51361111111112,28.949444444444445,1386.0
82.51361111111112,28.94916666666667,1386.0
82.51361111111112,28.94888888888889,1387.0
82.51361111111112,28.948611111111113,1387.0
82.51361111111112,28.948333333333338,1386.0
82.51361111111112,28.94805555555556,1386.0
82.51361111111112,28.94777777777778,1386.0
82.51361111111112,28.9475,1386.0
82.51361111111112,28.947222222222226,1386.0
82.51361111111112,28.946944444444448,1387.0
82.51361111111112,28.94666666666667,1386.0
82.51361111111112,28.94638888888889,1382.0
82.51361111111112,28.946111111111115,1379.0
82.51361111111112,28.945833333333336,1380.0
82.51361111111112,28.945555555555558,1380.0
82.51361111111112,28.94527777777778,1380.0
82.51361111111112,28.945000000000004,1382.0
82.51361111111112,28.944722222222225,1387.0
82.51361111111112,28.944444444444446,1395.0
82.51361111111112,28.944166666666668,1393.0
82.51361111111112,28.943888888888893,1388.0
82.51361111111112,28.943611111111114,1382.0
82.51361111111112,28.943333333333335,1380.0
82.51361111111112,28.94305555555556,1381.0
82.51361111111112,28.94277777777778,1380.0
82.51361111111112,28.942500000000003,1381.0
82.51361111111112,28.942222222222224,1379.0
82.51361111111112,28.94194444444445,1382.0
82.51361111111112,28.94166666666667,1387.0
82.51361111111112,28.94138888888889,1390.0
82.51361111111112,28.941111111111113,1392.0
82.51361111111112,28.940833333333337,1393.0
82.51361111111112,28.94055555555556,1394.0
82.51388888888889,28.94027777777778,1391.0
82.51388888888889,28.94,1390.0
82.51416666666667,28.939722222222226,1385.0
82.51416666666667,28.939444444444447,1388.0
82.51416666666667,28.93916666666667,1391.0
82.51444444444445,28.93888888888889,1387.0
82.51444444444445,28.938611111111115,1391.0
82.51472222222222,28.938333333333336,1393.0
82.51472222222222,28.938055555555557,1393.0
82.51472222222222,28.937777777777782,1388.0
82.51472222222222,28.937500000000004,1382.0
82.51472222222222,28.937222222222225,1381.0
82.51472222222222,28.936944444444446,1382.0
82.51472222222222,28.93666666666667,1384.0
82.51472222222222,28.936388888888892,1382.0
82.51472222222222,28.936111111111114,1383.0
82.51472222222222,28.935833333333335,1386.0
82.51472222222222,28.93555555555556,1391.0
82.51472222222222,28.93527777777778,1395.0
82.515,28.935000000000002,1382.0
82.515,28.934722222222224,1384.0
82.515,28.93444444444445,1386.0
82.515,28.93416666666667,1386.0
82.515,28.93388888888889,1385.0
82.515,28.933611111111112,1389.0
82.515,28.933333333333337,1394.0
82.515,28.93305555555556,1395.0
82.515,28.93277777777778,1393.0
82.515,28.9325,1390.0
82.515,28.932222222222226,1391.0
82.515,28.931944444444447,1394.0
82.51527777777778,28.93166666666667,1391.0
82.51527777777778,28.931388888888893,1388.0
82.51527777777778,28.931111111111115,1382.0
82.51527777777778,28.930833333333336,1375.0
82.51527777777778,28.930555555555557,1370.0
82.515,28.930277777777782,1376.0
82.51472222222222,28.930000000000003,1385.0
82.51444444444445,28.929722222222225,1381.0
82.51416666666667,28.929444444444446,1383.0
82.51388888888889,28.92916666666667,1386.0
82.51361111111112,28.928888888888892,1386.0
82.51333333333334,28.928611111111113,1393.0
82.51305555555555,28.928333333333335,1392.0
82.51277777777779,28.92805555555556,1382.0
82.5125,28.92805555555556,1389.0
82.51222222222222,28.92777777777778,1387.0
82.51194444444445,28.927500000000002,1382.0
82.51166666666667,28.927500000000002,1389.0
82.51138888888889,28.927500000000002,1391.0
82.5111111111111,28.927500000000002,1392.0
82.51083333333334,28.927222222222223,1380.0
82.51055555555556,28.927222222222223,1381.0
82.51027777777777,28.927222222222223,1383.0
82.51,28.927222222222223,1389.0
82.50972222222222,28.926944444444448,1376.0
82.50944444444444,28.926944444444448,1392.0
82.50916666666667,28.92666666666667,1381.0
82.50888888888889,28.92638888888889,1369.0
82.50861111111111,28.92638888888889,1386.0
82.50833333333334,28.926111111111116,1379.0
82.50805555555556,28.925833333333337,1368.0
82.50777777777778,28.925555555555558,1366.0
82.50750000000001,28.92527777777778,1376.0
82.50722222222223,28.925000000000004,1385.0
82.50694444444444,28.925000000000004,1394.0
82.50666666666667,28.924722222222226,1393.0
82.50638888888889,28.924722222222226,1394.0
82.50611111111111,28.924444444444447,1386.0
82.50583333333333,28.924166666666668,1384.0
82.50555555555556,28.923888888888893,1385.0
82.50527777777778,28.923611111111114,1387.0
82.505,28.923333333333336,1392.0
82.50472222222223,28.923055555555557,1393.0
82.50472222222223,28.92277777777778,1394.0
82.50472222222223,28.922500000000003,1395.0
82.50444444444445,28.922222222222224,1393.0
82.50416666666666,28.921944444444446,1395.0
82.50416666666666,28.92166666666667,1394.0
82.50416666666666,28.92138888888889,1388.0
82.50416666666666,28.921111111111113,1376.0
82.50416666666666,28.920833333333338,1362.0
82.50416666666666,28.92055555555556,1352.0
82.50416666666666,28.92027777777778,1343.0
82.50416666666666,28.92,1338.0
82.50416666666666,28.919722222222227,1339.0
82.50416666666666,28.919444444444448,1345.0
82.50416666666666,28.91916666666667,1349.0
82.50444444444445,28.91888888888889,1343.0
82.50472222222223,28.918611111111115,1343.0
82.50472222222223,28.918333333333337,1350.0
82.505,28.918055555555558,1348.0
82.50527777777778,28.91777777777778,1346.0
82.50555555555556,28.917500000000004,1340.0
82.50555555555556,28.917222222222225,1346.0
82.50583333333333,28.916944444444447,1344.0
82.50611111111111,28.916666666666668,1349.0
82.50611111111111,28.916388888888893,1350.0
82.50611111111111,28.916111111111114,1350.0
82.50611111111111,28.915833333333335,1348.0
82.50611111111111,28.915555555555557,1346.0
82.50611111111111,28.91527777777778,1346.0
82.50611111111111,28.915000000000003,1348.0
82.50611111111111,28.914722222222224,1348.0
82.50611111111111,28.91444444444445,1346.0
82.50611111111111,28.91416666666667,1346.0
82.50611111111111,28.91388888888889,1345.0
82.50611111111111,28.913611111111113,1348.0
82.50638888888889,28.913333333333338,1345.0
82.50638888888889,28.91305555555556,1348.0
82.50666666666667,28.91277777777778,1347.0
82.50694444444444,28.9125,1348.0
82.50722222222223,28.912222222222226,1348.0
82.50722222222223,28.911944444444448,1347.0
82.50722222222223,28.91166666666667,1346.0
82.50722222222223,28.91138888888889,1345.0
82.50722222222223,28.911111111111115,1346.0
82.50722222222223,28.910833333333336,1346.0
82.50722222222223,28.910555555555558,1345.0
82.50722222222223,28.91027777777778,1344.0
82.50722222222223,28.910000000000004,1343.0
82.50722222222223,28.909722222222225,1341.0
82.50722222222223,28.909444444444446,1337.0
82.50722222222223,28.90916666666667,1335.0
82.50722222222223,28.908888888888892,1336.0
82.50722222222223,28.908611111111114,1340.0
82.50722222222223,28.908333333333335,1343.0
82.50722222222223,28.90805555555556,1344.0
82.50722222222223,28.90777777777778,1343.0
82.50722222222223,28.907500000000002,1344.0
82.50722222222223,28.907222222222224,1345.0
82.50722222222223,28.90694444444445,1344.0
82.50722222222223,28.90666666666667,1344.0
82.50722222222223,28.90638888888889,1343.0
82.50722222222223,28.906111111111112,1343.0
82.50722222222223,28.905833333333337,1343.0
82.50722222222223,28.90555555555556,1344.0
82.50750000000001,28.90527777777778,1341.0
82.50750000000001,28.905,1341.0
82.50750000000001,28.904722222222226,1340.0
82.50750000000001,28.904444444444447,1338.0
82.50750000000001,28.90416666666667,1341.0
82.50750000000001,28.903888888888893,1344.0
82.50750000000001,28.903611111111115,1345.0
82.50750000000001,28.903333333333336,1346.0
82.50750000000001,28.903055555555557,1347.0
82.50777777777778,28.902777777777782,1343.0
82.50777777777778,28.902500000000003,1347.0
82.50750000000001,28.902222222222225,1345.0
82.50750000000001,28.901944444444446,1345.0
82.50750000000001,28.90166666666667,1345.0
82.50722222222223,28.901388888888892,1341.0
82.50722222222223,28.901111111111113,1344.0
82.50722222222223,28.900833333333335,1345.0
82.50694444444444,28.90055555555556,1338.0
82.50694444444444,28.90027777777778,1340.0
82.50694444444444,28.900000000000002,1342.0
82.50694444444444,28.899722222222223,1344.0
82.50722222222223,28.89944444444445,1345.0
82.50722222222223,28.89916666666667,1345.0
82.50722222222223,28.89888888888889,1343.0
82.50722222222223,28.898611111111112,1341.0
82.50722222222223,28.898333333333337,1339.0
82.50722222222223,28.89805555555556,1338.0
82.50750000000001,28.89777777777778,1338.0
82.50750000000001,28.897500000000004,1337.0
82.50750000000001,28.897222222222226,1334.0
82.50750000000001,28.896944444444447,1322.0
82.50750000000001,28.89666666666667,1312.0
82.50750000000001,28.896388888888893,1308.0
82.50750000000001,28.896111111111114,1306.0
82.50750000000001,28.895833333333336,1305.0
82.50750000000001,28.895555555555557,1311.0
82.50722222222223,28.895277777777782,1315.0
82.50722222222223,28.895000000000003,1313.0
82.50722222222223,28.894722222222224,1307.0
82.50694444444444,28.894444444444446,1302.0
82.50666666666667,28.89416666666667,1300.0
82.50638888888889,28.89416666666667,1299.0
82.50611111111111,28.893888888888892,1296.0
82.50583333333333,28.893888888888892,1294.0
82.50583333333333,28.893611111111113,1295.0
82.50555555555556,28.893333333333334,1292.0
82.50527777777778,28.89305555555556,1290.0
82.505,28.89277777777778,1287.0
82.50472222222223,28.892500000000002,1288.0
82.50444444444445,28.892222222222227,1288.0
82.50444444444445,28.891944444444448,1285.0
82.50444444444445,28.89166666666667,1282.0
82.50416666666666,28.89138888888889,1280.0
82.5038888888889,28.891111111111115,1276.0
82.50361111111111,28.890833333333337,1279.0
82.50333333333333,28.890555555555558,1283.0
82.50305555555556,28.89027777777778,1279.0
82.50277777777778,28.890000000000004,1277.0
82.5025,28.890000000000004,1275.0
82.5025,28.889722222222225,1271.0
82.50222222222223,28.889444444444447,1275.0
82.50194444444445,28.889166666666668,1274.0
82.50166666666667,28.888888888888893,1273.0
82.5013888888889,28.888611111111114,1270.0
82.50111111111111,28.888611111111114,1269.0
82.50083333333333,28.888333333333335,1268.0
82.50083333333333,28.888055555555557,1267.0
82.50083333333333,28.88777777777778,1265.0
82.50083333333333,28.887500000000003,1265.0
82.50083333333333,28.887222222222224,1265.0
82.50111111111111,28.886944444444445,1263.0
82.50111111111111,28.88666666666667,1259.0
82.50111111111111,28.88638888888889,1252.0
82.50083333333333,28.88638888888889,1249.0
82.50055555555555,28.886111111111113,1246.0
82.50027777777778,28.885833333333338,1244.0
82.5,28.88555555555556,1243.0
82.49972222222222,28.88527777777778,1244.0
82.49944444444445,28.885,1246.0
82.49916666666667,28.884722222222226,1253.0
82.49888888888889,28.884444444444448,1257.0
82.49861111111112,28.88416666666667,1251.0
82.49861111111112,28.88388888888889,1248.0
82.49861111111112,28.883611111111115,1249.0
82.49833333333333,28.883333333333336,1249.0
82.49833333333333,28.883055555555558,1248.0
82.49833333333333,28.88277777777778,1245.0
82.49833333333333,28.882500000000004,1240.0
82.49833333333333,28.882222222222225,1236.0
82.49861111111112,28.881944444444446,1230.0
82.49861111111112,28.881666666666668,1233.0
82.49861111111112,28.881388888888893,1232.0
82.49861111111112,28.881111111111114,1231.0
82.49861111111112,28.880833333333335,1229.0
82.49861111111112,28.88055555555556,1229.0
82.49861111111112,28.88027777777778,1230.0
82.49861111111112,28.880000000000003,1235.0
82.49833333333333,28.879722222222224,1236.0
82.49805555555555,28.87944444444445,1236.0
82.49805555555555,28.87916666666667,1235.0
82.49805555555555,28.87888888888889,1234.0
82.49777777777778,28.87888888888889,1234.0
82.4975,28.878611111111113,1234.0
82.49722222222222,28.878611111111113,1231.0
82.49694444444445,28.878611111111113,1227.0
82.49666666666667,28.878333333333337,1219.0
82.49638888888889,28.878333333333337,1212.0
82.49611111111112,28.878333333333337,1209.0
82.49583333333334,28.87805555555556,1206.0
82.49555555555555,28.87805555555556,1209.0
82.49527777777777,28.87777777777778,1209.0
82.495,28.8775,1207.0
82.49472222222222,28.877222222222226,1206.0
82.49444444444444,28.876944444444447,1207.0
82.49416666666667,28.87666666666667,1205.0
82.49388888888889,28.87666666666667,1199.0
82.49361111111111,28.87666666666667,1193.0
82.49333333333334,28.87666666666667,1189.0
82.49305555555556,28.87666666666667,1194.0
82.49277777777777,28.87638888888889,1196.0
82.4925,28.876111111111115,1197.0
82.49222222222222,28.876111111111115,1197.0
82.49194444444444,28.875833333333336,1197.0
82.49166666666667,28.875555555555557,1198.0
82.49138888888889,28.875555555555557,1193.0
82.49111111111111,28.875277777777782,1185.0
82.49083333333334,28.875277777777782,1186.0
82.49055555555556,28.875000000000004,1180.0
82.49027777777778,28.875000000000004,1182.0
82.49,28.874722222222225,1186.0
82.48972222222223,28.874444444444446,1182.0
82.48944444444444,28.87416666666667,1174.0
82.48916666666666,28.87416666666667,1174.0
82.4888888888889,28.873888888888892,1171.0
82.48861111111111,28.873888888888892,1169.0
82.48833333333333,28.873611111111114,1166.0
82.48805555555556,28.873611111111114,1165.0
82.48777777777778,28.873611111111114,1165.0
82.4875,28.873333333333335,1164.0
82.48722222222223,28.873333333333335,1163.0
82.48694444444445,28.87305555555556,1162.0
82.48666666666666,28.87305555555556,1162.0
82.4863888888889,28.87305555555556,1161.0
82.48611111111111,28.87277777777778,1160.0
82.48583333333333,28.87277777777778,1160.0
82.48555555555556,28.872500000000002,1159.0
82.48527777777778,28.872500000000002,1159.0
82.485,28.872500000000002,1158.0
82.48472222222222,28.872500000000002,1157.0
82.48444444444445,28.872500000000002,1156.0
82.48416666666667,28.872500000000002,1156.0
82.48388888888888,28.872500000000002,1155.0
82.48361111111112,28.872500000000002,1154.0
82.48333333333333,28.872222222222224,1156.0
82.48305555555555,28.87194444444445,1155.0
82.48277777777778,28.87194444444445,1154.0
82.4825,28.87194444444445,1152.0
82.48222222222222,28.87194444444445,1150.0
82.48194444444445,28.87194444444445,1150.0
82.48166666666667,28.87194444444445,1149.0
82.48138888888889,28.87194444444445,1148.0
82.48111111111112,28.87194444444445,1148.0
82.48083333333334,28.87194444444445,1146.0
82.48055555555555,28.87194444444445,1146.0
82.48027777777779,28.87194444444445,1145.0
82.48,28.87194444444445,1144.0
82.47972222222222,28.87194444444445,1143.0
82.47944444444444,28.87166666666667,1142.0
82.47916666666667,28.87166666666667,1141.0
82.47888888888889,28.87166666666667,1140.0
82.4786111111111,28.87166666666667,1140.0
82.47833333333334,28.87166666666667,1138.0
82.47805555555556,28.87166666666667,1138.0
82.47777777777777,28.87166666666667,1137.0
82.4775,28.87166666666667,1136.0
82.47722222222222,28.87166666666667,1136.0
82.47694444444444,28.87166666666667,1134.0
82.47666666666667,28.87166666666667,1136.0
82.47638888888889,28.87166666666667,1140.0
82.47611111111111,28.87166666666667,1139.0
82.47583333333334,28.87166666666667,1139.0
82.47555555555556,28.87138888888889,1137.0
82.47527777777778,28.871111111111112,1137.0
82.47500000000001,28.870833333333337,1139.0
82.47500000000001,28.87055555555556,1137.0
82.47472222222223,28.87027777777778,1137.0
82.47444444444444,28.87,1139.0
82.47416666666666,28.869722222222226,1134.0
82.4738888888889,28.869444444444447,1129.0
82.47361111111111,28.869444444444447,1130.0
82.47333333333333,28.86916666666667,1128.0
82.47305555555556,28.86916666666667,1127.0
82.47277777777778,28.868888888888893,1130.0
82.4725,28.868611111111115,1130.0
82.47222222222223,28.868611111111115,1127.0
82.47194444444445,28.868611111111115,1125.0
82.47166666666666,28.868611111111115,1124.0
82.4713888888889,28.868333333333336,1125.0
82.47111111111111,28.868333333333336,1124.0
82.47083333333333,28.868333333333336,1123.0
82.47055555555556,28.868333333333336,1122.0
82.47027777777778,28.868333333333336,1122.0
82.47,28.868333333333336,1122.0
82.46972222222223,28.868333333333336,1122.0
82.46944444444445,28.868333333333336,1124.0
82.46916666666667,28.868333333333336,1125.0
82.46888888888888,28.868055555555557,1123.0
82.46861111111112,28.868055555555557,1119.0
82.46833333333333,28.868055555555557,1120.0
82.46805555555555,28.868055555555557,1120.0
82.46777777777778,28.868055555555557,1118.0
82.4675,28.868055555555557,1117.0
82.46722222222222,28.868333333333336,1116.0
82.46694444444445,28.868611111111115,1110.0
82.46666666666667,28.868888888888893,1112.0
82.46638888888889,28.86916666666667,1112.0
82.46611111111112,28.869444444444447,1111.0
82.46583333333334,28.869444444444447,1109.0
82.46555555555555,28.869722222222226,1105.0
82.46527777777779,28.87,1107.0
82.465,28.87027777777778,1107.0
82.46472222222222,28.87027777777778,1108.0
82.46444444444444,28.87027777777778,1106.0
82.46416666666667,28.87027777777778,1104.0
82.46388888888889,28.87055555555556,1106.0
82.4636111111111,28.870833333333337,1107.0
82.46333333333334,28.871111111111112,1107.0
82.46333333333334,28.87138888888889,1106.0
82.46333333333334,28.87166666666667,1103.0
82.46333333333334,28.87194444444445,1100.0
82.46333333333334,28.872222222222224,1099.0
82.46333333333334,28.872500000000002,1097.0
82.46333333333334,28.87277777777778,1098.0
82.46333333333334,28.87305555555556,1101.0
82.46333333333334,28.873333333333335,1104.0
82.46333333333334,28.873611111111114,1105.0
82.46305555555556,28.873888888888892,1101.0
82.46277777777777,28.87416666666667,1105.0
82.46277777777777,28.874444444444446,1104.0
82.4625,28.874722222222225,1102.0
82.46222222222222,28.875000000000004,1102.0
82.46194444444444,28.875000000000004,1102.0
82.46166666666667,28.875000000000004,1102.0
82.46138888888889,28.875000000000004,1100.0
82.46111111111111,28.875000000000004,1099.0
82.46083333333334,28.875000000000004,1099.0
82.46055555555556,28.875000000000004,1100.0
82.46027777777778,28.874722222222225,1097.0
82.46000000000001,28.874722222222225,1098.0
82.45972222222223,28.874722222222225,1101.0
82.45944444444444,28.874444444444446,1094.0
82.45916666666666,28.874444444444446,1097.0
82.4588888888889,28.874444444444446,1100.0
82.45861111111111,28.87416666666667,1091.0
82.45833333333333,28.87416666666667,1098.0
82.45805555555556,28.87416666666667,1101.0
82.45777777777778,28.873888888888892,1095.0
82.4575,28.873888888888892,1098.0
82.45722222222223,28.873888888888892,1100.0
82.45694444444445,28.873888888888892,1099.0
82.45666666666666,28.873888888888892,1101.0
82.4563888888889,28.873888888888892,1099.0
82.45611111111111,28.873888888888892,1099.0
82.45583333333333,28.873888888888892,1098.0
82.45555555555556,28.873611111111114,1094.0
82.45527777777778,28.873333333333335,1091.0
82.455,28.87305555555556,1092.0
82.45472222222223,28.87277777777778,1095.0
82.45444444444445,28.872500000000002,1093.0
82.45416666666667,28.872222222222224,1093.0
82.45388888888888,28.87194444444445,1094.0
82.45361111111112,28.87166666666667,1099.0
82.45333333333333,28.87138888888889,1101.0
82.45305555555555,28.871111111111112,1100.0
82.45277777777778,28.870833333333337,1095.0
82.4525,28.87055555555556,1095.0
82.45222222222222,28.87027777777778,1096.0
82.45194444444445,28.87,1099.0
82.45166666666667,28.87,1100.0
82.45138888888889,28.869722222222226,1098.0
82.45111111111112,28.869722222222226,1100.0
82.45083333333334,28.869444444444447,1096.0
82.45055555555555,28.869444444444447,1100.0
82.45027777777779,28.86916666666667,1091.0
82.45,28.86916666666667,1095.0
82.44972222222222,28.86916666666667,1098.0
82.44944444444445,28.86916666666667,1100.0
82.44916666666667,28.868888888888893,1095.0
82.44888888888889,28.868888888888893,1098.0
82.4486111111111,28.868611111111115,1092.0
82.44833333333334,28.868611111111115,1100.0
82.44805555555556,28.868333333333336,1088.0
82.44777777777777,28.868333333333336,1092.0
82.4475,28.868333333333336,1097.0
82.44722222222222,28.868055555555557,1089.0
82.44694444444444,28.868055555555557,1096.0
82.44666666666667,28.867777777777782,1093.0
82.44638888888889,28.867777777777782,1097.0
82.44611111111111,28.867500000000003,1095.0
82.44583333333334,28.867500000000003,1098.0
82.44555555555556,28.867500000000003,1101.0
82.44527777777778,28.867222222222225,1099.0
82.44500000000001,28.866944444444446,1097.0
82.44472222222223,28.866944444444446,1093.0
82.44444444444444,28.86666666666667,1091.0
82.44416666666667,28.866388888888892,1093.0
82.44388888888889,28.866111111111113,1090.0
82.44361111111111,28.866111111111113,1083.0
82.44333333333333,28.866111111111113,1080.0
82.44305555555556,28.865833333333335,1078.0
82.44277777777778,28.86555555555556,1080.0
82.4425,28.86527777777778,1081.0
82.44222222222223,28.865000000000002,1086.0
82.44194444444445,28.864722222222223,1088.0
82.44166666666666,28.864444444444448,1088.0
82.4413888888889,28.86416666666667,1081.0
82.44111111111111,28.86388888888889,1084.0
82.44083333333333,28.863611111111116,1087.0
82.44055555555556,28.863333333333337,1087.0
82.44055555555556,28.863055555555558,1087.0
82.44055555555556,28.86277777777778,1086.0
82.44055555555556,28.862500000000004,1083.0
82.44027777777778,28.862222222222226,1075.0
82.44027777777778,28.861944444444447,1068.0
82.44027777777778,28.861666666666668,1071.0
82.44,28.861388888888893,1070.0
82.44,28.861111111111114,1063.0
82.43972222222223,28.861111111111114,1061.0
82.43944444444445,28.861111111111114,1061.0
82.43916666666667,28.860833333333336,1059.0
82.4388888888889,28.860555555555557,1060.0
82.43861111111111,28.86027777777778,1059.0
82.43833333333333,28.860000000000003,1057.0
82.43805555555555,28.859722222222224,1056.0
82.43777777777778,28.859444444444446,1055.0
82.4375,28.85916666666667,1055.0
82.43722222222222,28.85888888888889,1051.0
82.43694444444445,28.858611111111113,1052.0
82.43666666666667,28.858333333333338,1056.0
82.43638888888889,28.85805555555556,1063.0
82.43611111111112,28.85777777777778,1062.0
82.43611111111112,28.8575,1064.0
82.43583333333333,28.857222222222227,1062.0
82.43555555555555,28.856944444444448,1062.0
82.43527777777778,28.85666666666667,1058.0
82.435,28.85638888888889,1055.0
82.43472222222222,28.856111111111115,1056.0
82.43444444444445,28.855833333333337,1057.0
82.43416666666667,28.855555555555558,1057.0
82.43388888888889,28.85527777777778,1062.0
82.43361111111112,28.855000000000004,1067.0
82.43333333333334,28.854722222222225,1064.0
82.43305555555555,28.854444444444447,1058.0
82.43277777777777,28.854166666666668,1058.0
82.4325,28.853888888888893,1059.0
82.43222222222222,28.853611111111114,1055.0
82.43194444444444,28.853333333333335,1052.0
82.43194444444444,28.853055555555557,1052.0
82.43166666666667,28.85277777777778,1047.0
82.43166666666667,28.852500000000003,1054.0
82.43138888888889,28.852222222222224,1052.0
82.43111111111111,28.85194444444445,1055.0
82.43083333333334,28.85166666666667,1054.0
82.43055555555556,28.85138888888889,1053.0
82.43027777777777,28.851111111111113,1051.0
82.43,28.851111111111113,1048.0
82.42972222222222,28.851111111111113,1042.0
82.42944444444444,28.851111111111113,1043.0
82.42916666666667,28.850833333333338,1039.0
82.42888888888889,28.85055555555556,1039.0
82.42861111111111,28.85055555555556,1044.0
82.42833333333334,28.85027777777778,1040.0
82.42805555555556,28.85027777777778,1044.0
82.42777777777778,28.85,1035.0
82.4275,28.85,1041.0
82.42722222222223,28.849722222222226,1034.0
82.42694444444444,28.849722222222226,1034.0
82.42666666666666,28.849722222222226,1042.0
82.4263888888889,28.849444444444448,1034.0
82.42611111111111,28.849444444444448,1039.0
82.42583333333333,28.84916666666667,1033.0
82.42555555555556,28.84916666666667,1037.0
82.42527777777778,28.84916666666667,1041.0
82.425,28.84888888888889,1033.0
82.42472222222223,28.84888888888889,1033.0
82.42444444444445,28.84888888888889,1041.0
82.42416666666666,28.84888888888889,1042.0
82.4238888888889,28.84888888888889,1041.0
82.42361111111111,28.84888888888889,1038.0
82.42333333333333,28.84888888888889,1037.0
82.42305555555556,28.84888888888889,1036.0
82.42277777777778,28.84888888888889,1031.0
82.4225,28.84888888888889,1031.0
82.42222222222222,28.84888888888889,1031.0
82.42194444444445,28.84888888888889,1031.0
82.42166666666667,28.84888888888889,1042.0
82.42138888888888,28.84916666666667,1034.0
82.42111111111112,28.849444444444448,1032.0
82.42083333333333,28.849444444444448,1035.0
82.42055555555555,28.849444444444448,1035.0
82.42027777777778,28.849444444444448,1032.0
82.42,28.849444444444448,1030.0
82.41972222222222,28.849444444444448,1029.0
82.41944444444445,28.849444444444448,1027.0
82.41916666666667,28.849444444444448,1026.0
82.41888888888889,28.849444444444448,1028.0
82.41861111111112,28.849444444444448,1040.0
82.41833333333334,28.849444444444448,1044.0
82.41805555555555,28.849444444444448,1037.0
82.41777777777779,28.849444444444448,1028.0
82.4175,28.849444444444448,1026.0
82.41722222222222,28.849444444444448,1029.0
82.41694444444444,28.84916666666667,1029.0
82.41666666666667,28.84916666666667,1028.0
82.41638888888889,28.84888888888889,1026.0
82.4161111111111,28.84888888888889,1026.0
82.41583333333334,28.848611111111115,1024.0
82.41555555555556,28.848333333333336,1026.0
82.41527777777777,28.848055555555558,1022.0
82.415,28.84777777777778,1023.0
82.415,28.847500000000004,1023.0
82.41472222222222,28.847222222222225,1021.0
82.41472222222222,28.846944444444446,1019.0
82.41444444444444,28.84666666666667,1016.0
82.41416666666667,28.846388888888892,1014.0
82.41388888888889,28.846111111111114,1016.0
82.41361111111111,28.845833333333335,1018.0
82.41333333333334,28.84555555555556,1017.0
82.41305555555556,28.84555555555556,1015.0
82.41277777777778,28.84555555555556,1014.0
82.41250000000001,28.84555555555556,1015.0
82.41222222222223,28.84527777777778,1010.0
82.41194444444444,28.84527777777778,1013.0
82.41166666666666,28.845000000000002,1012.0
82.4113888888889,28.844722222222224,1016.0
82.41111111111111,28.844722222222224,1011.0
82.41083333333333,28.844722222222224,1009.0
82.41055555555556,28.844722222222224,1008.0
82.41027777777778,28.844722222222224,1002.0
82.41,28.844722222222224,1001.0
82.40972222222223,28.844722222222224,1002.0
82.40944444444445,28.844722222222224,1002.0
82.40916666666666,28.844722222222224,1002.0
82.4088888888889,28.844722222222224,1002.0
82.40861111111111,28.844722222222224,1004.0
82.40833333333333,28.844722222222224,1006.0
82.40805555555556,28.844722222222224,1009.0
82.40777777777778,28.844722222222224,1009.0
82.4075,28.844722222222224,1010.0
82.40722222222223,28.844722222222224,1012.0
82.40694444444445,28.84444444444445,1006.0
82.40666666666667,28.84444444444445,1007.0
82.40638888888888,28.84444444444445,1008.0
82.40611111111112,28.84444444444445,1009.0
82.40583333333333,28.84444444444445,1010.0
82.40555555555555,28.84444444444445,1010.0
82.40527777777778,28.84416666666667,997.0
82.405,28.84416666666667,1001.0
82.40472222222222,28.84416666666667,1004.0
82.40444444444445,28.84416666666667,1006.0
82.40416666666667,28.84416666666667,1005.0
82.40388888888889,28.84416666666667,1006.0
82.40361111111112,28.84416666666667,1006.0
82.40333333333334,28.84416666666667,1012.0
82.40305555555555,28.84388888888889,1008.0
82.40277777777779,28.843611111111112,1004.0
82.4025,28.843333333333337,1007.0
82.40222222222222,28.84305555555556,1005.0
82.40194444444444,28.84277777777778,994.0
82.40166666666667,28.84277777777778,1003.0
82.40138888888889,28.84277777777778,1006.0
82.4011111111111,28.84277777777778,1006.0
82.40083333333334,28.8425,1001.0
82.40055555555556,28.842222222222226,996.0
82.40027777777777,28.841944444444447,992.0
82.4,28.84166666666667,988.0
82.39972222222222,28.841388888888893,986.0
82.39944444444444,28.841111111111115,984.0
82.39916666666667,28.840833333333336,988.0
82.39888888888889,28.840555555555557,992.0
82.39861111111111,28.840277777777782,996.0
82.39833333333334,28.840000000000003,1007.0
82.39805555555556,28.839722222222225,1012.0
82.39777777777778,28.839444444444446,1011.0
82.39777777777778,28.83916666666667,1008.0
82.39777777777778,28.838888888888892,1006.0
82.39750000000001,28.838611111111113,1003.0
82.39750000000001,28.838333333333335,1003.0
82.39722222222223,28.83805555555556,998.0
82.39694444444444,28.83777777777778,985.0
82.39694444444444,28.837500000000002,976.0
82.39666666666666,28.837222222222223,970.0
82.3963888888889,28.837222222222223,972.0
82.39611111111111,28.837222222222223,974.0
82.39583333333333,28.83694444444445,970.0
82.39555555555556,28.83666666666667,973.0
82.39527777777778,28.83638888888889,975.0
82.395,28.83638888888889,973.0
82.39472222222223,28.836111111111112,971.0
82.39444444444445,28.835833333333337,972.0
82.39416666666666,28.835833333333337,964.0
82.3938888888889,28.835833333333337,965.0
82.39361111111111,28.835833333333337,966.0
82.39333333333333,28.835833333333337,965.0
82.39305555555556,28.835833333333337,963.0
82.39277777777778,28.835833333333337,962.0
82.3925,28.835833333333337,962.0
82.39222222222223,28.835833333333337,962.0
82.39194444444445,28.835833333333337,963.0
82.39166666666667,28.835833333333337,964.0
82.39138888888888,28.83555555555556,955.0
82.39111111111112,28.83555555555556,960.0
82.39083333333333,28.83555555555556,960.0
82.39055555555555,28.83555555555556,961.0
82.39027777777778,28.83555555555556,965.0
82.39,28.83527777777778,960.0
82.38972222222222,28.835000000000004,960.0
82.38944444444445,28.834722222222226,962.0
82.38916666666667,28.834444444444447,961.0
82.38888888888889,28.83416666666667,964.0
82.38861111111112,28.833888888888893,961.0
82.38861111111112,28.833611111111114,963.0
82.38861111111112,28.833333333333336,962.0
82.38861111111112,28.833055555555557,962.0
82.38861111111112,28.832777777777782,961.0
82.38861111111112,28.832500000000003,963.0
82.38833333333334,28.832222222222224,957.0
82.38833333333334,28.831944444444446,960.0
82.38833333333334,28.83166666666667,964.0
82.38805555555555,28.831388888888892,965.0
82.38805555555555,28.831111111111113,967.0
82.38777777777779,28.830833333333334,964.0
82.38777777777779,28.83055555555556,959.0
82.3875,28.83027777777778,954.0
82.38722222222222,28.830000000000002,950.0
82.38694444444445,28.829722222222227,946.0
82.38666666666667,28.829722222222227,947.0
82.38638888888889,28.829444444444448,946.0
82.3861111111111,28.82916666666667,949.0
82.38583333333334,28.82916666666667,947.0
82.38555555555556,28.82888888888889,944.0
82.38527777777777,28.82888888888889,943.0
82.385,28.82888888888889,948.0
82.38472222222222,28.828611111111115,945.0
82.38444444444444,28.828611111111115,946.0
82.38416666666667,28.828611111111115,945.0
82.38388888888889,28.828611111111115,947.0
82.38361111111111,28.828333333333337,945.0
82.38333333333334,28.828055555555558,949.0
82.38305555555556,28.82777777777778,948.0
82.38277777777778,28.827500000000004,942.0
82.38277777777778,28.827222222222225,939.0
82.38277777777778,28.826944444444447,938.0
82.38250000000001,28.826666666666668,940.0
82.38250000000001,28.826388888888893,939.0
82.38250000000001,28.826111111111114,939.0
82.38222222222223,28.825833333333335,938.0
82.38222222222223,28.825555555555557,936.0
82.38194444444444,28.82527777777778,934.0
82.38166666666667,28.825000000000003,932.0
82.38138888888889,28.825000000000003,935.0
82.38111111111111,28.824722222222224,934.0
82.38083333333333,28.824722222222224,934.0
82.38055555555556,28.825000000000003,931.0
82.38027777777778,28.825000000000003,933.0
82.38,28.825000000000003,934.0
82.37972222222223,28.825000000000003,933.0
82.37944444444445,28.824722222222224,931.0
82.37916666666666,28.824444444444445,931.0
82.3788888888889,28.82416666666667,928.0
82.37861111111111,28.82388888888889,925.0
82.37833333333333,28.823611111111113,928.0
82.37805555555556,28.823333333333338,928.0
82.37777777777778,28.823333333333338,928.0
82.3775,28.82305555555556,925.0
82.37722222222223,28.82305555555556,925.0
82.37694444444445,28.82305555555556,928.0
82.37666666666667,28.82305555555556,929.0
82.3763888888889,28.82277777777778,924.0
82.37611111111111,28.8225,926.0
82.37583333333333,28.822222222222226,927.0
82.37555555555555,28.821944444444448,927.0
82.37555555555555,28.82166666666667,931.0
82.37527777777778,28.82138888888889,930.0
82.375,28.821111111111115,922.0
82.375,28.820833333333336,925.0
82.37472222222222,28.820555555555558,924.0
82.37444444444445,28.82027777777778,927.0
82.37416666666667,28.820000000000004,928.0
82.37416666666667,28.819722222222225,927.0
82.37388888888889,28.819444444444446,930.0
82.37388888888889,28.819166666666668,932.0
82.37388888888889,28.818888888888893,929.0
82.37388888888889,28.818611111111114,925.0
82.37388888888889,28.818333333333335,923.0
82.37388888888889,28.81805555555556,923.0
82.37416666666667,28.81777777777778,921.0
82.37416666666667,28.817500000000003,921.0
82.37416666666667,28.817222222222224,922.0
82.37416666666667,28.81694444444445,923.0
82.37416666666667,28.81666666666667,924.0
82.37416666666667,28.81638888888889,921.0
82.37416666666667,28.816111111111113,919.0
82.37388888888889,28.815833333333337,917.0
82.37361111111112,28.81555555555556,916.0
82.37333333333333,28.81527777777778,916.0
82.37305555555555,28.815,914.0
82.37305555555555,28.814722222222226,918.0
82.37277777777778,28.814444444444447,917.0
82.3725,28.81416666666667,917.0
82.37222222222222,28.81388888888889,917.0
82.37194444444445,28.813611111111115,916.0
82.37166666666667,28.813333333333336,916.0
82.37138888888889,28.813055555555557,914.0
82.37111111111112,28.812777777777782,911.0
82.37083333333334,28.812500000000004,910.0
82.37055555555555,28.812222222222225,912.0
82.37027777777777,28.811944444444446,912.0
82.37,28.81166666666667,914.0
82.36972222222222,28.811388888888892,915.0
82.36944444444444,28.811111111111114,913.0
82.36944444444444,28.810833333333335,918.0
82.36916666666667,28.81055555555556,915.0
82.36916666666667,28.81027777777778,916.0
82.36916666666667,28.810000000000002,915.0
82.36916666666667,28.809722222222224,915.0
82.36916666666667,28.80944444444445,914.0
82.36916666666667,28.80916666666667,913.0
82.36916666666667,28.80888888888889,912.0
82.36916666666667,28.808611111111112,914.0
82.36888888888889,28.808333333333337,909.0
82.36888888888889,28.80805555555556,907.0
82.36888888888889,28.80777777777778,906.0
82.36888888888889,28.807500000000005,907.0
82.36888888888889,28.807222222222226,909.0
82.36888888888889,28.806944444444447,915.0
82.36888888888889,28.80666666666667,916.0
82.36888888888889,28.806388888888893,915.0
82.36888888888889,28.806111111111115,915.0
82.36888888888889,28.805833333333336,915.0
82.36888888888889,28.805555555555557,915.0
82.36888888888889,28.805277777777782,913.0
82.36888888888889,28.805000000000003,911.0
82.36888888888889,28.804722222222225,909.0
82.36888888888889,28.804444444444446,910.0
82.36888888888889,28.80416666666667,909.0
82.36888888888889,28.803888888888892,911.0
82.36888888888889,28.803611111111113,918.0
82.36861111111111,28.803333333333335,917.0
82.36833333333334,28.80305555555556,918.0
82.36805555555556,28.80277777777778,913.0
82.36777777777777,28.802500000000002,908.0
82.36777777777777,28.802222222222223,904.0
82.3675,28.802222222222223,905.0
82.36722222222222,28.801944444444448,904.0
82.36694444444444,28.801944444444448,902.0
82.36666666666667,28.801944444444448,905.0
82.36638888888889,28.80166666666667,901.0
82.36611111111111,28.80166666666667,900.0
82.36583333333334,28.80138888888889,901.0
82.36555555555556,28.801111111111116,906.0
82.36527777777778,28.800833333333337,907.0
82.365,28.800555555555558,906.0
82.36472222222223,28.80027777777778,902.0
82.36472222222223,28.800000000000004,902.0
82.36472222222223,28.799722222222226,904.0
82.36444444444444,28.799444444444447,901.0
82.36416666666666,28.799166666666668,896.0
82.36416666666666,28.798888888888893,895.0
82.36416666666666,28.798611111111114,896.0
82.36416666666666,28.798333333333336,895.0
82.36416666666666,28.798055555555557,892.0
82.36416666666666,28.79777777777778,893.0
82.36416666666666,28.797500000000003,892.0
82.36416666666666,28.797222222222224,895.0
82.36416666666666,28.796944444444446,898.0
82.36416666666666,28.79666666666667,899.0
82.36416666666666,28.79638888888889,899.0
82.3638888888889,28.796111111111113,899.0
82.3638888888889,28.795833333333334,897.0
82.36361111111111,28.79555555555556,889.0
82.36333333333333,28.79527777777778,889.0
82.36305555555556,28.79527777777778,889.0
82.36277777777778,28.79527777777778,889.0
82.3625,28.795,889.0
82.36222222222223,28.794722222222227,889.0
82.36194444444445,28.794444444444448,889.0
82.36166666666666,28.794444444444448,889.0
82.3613888888889,28.79416666666667,889.0
82.36111111111111,28.79416666666667,889.0
82.36083333333333,28.79416666666667,889.0
82.36055555555556,28.79416666666667,889.0
82.36027777777778,28.79416666666667,889.0
82.36,28.79416666666667,889.0
82.35972222222222,28.79416666666667,890.0
82.35944444444445,28.79416666666667,890.0
82.35916666666667,28.79416666666667,890.0
82.35888888888888,28.79388888888889,889.0
82.35861111111112,28.793611111111115,887.0
82.35833333333333,28.793333333333337,887.0
82.35805555555555,28.793055555555558,887.0
82.35805555555555,28.79277777777778,887.0
82.35805555555555,28.792500000000004,885.0
82.35777777777778,28.792500000000004,885.0
82.3575,28.792222222222225,885.0
82.35722222222222,28.791944444444447,884.0
82.35694444444445,28.791944444444447,884.0
82.35666666666667,28.791666666666668,884.0
82.35638888888889,28.791666666666668,884.0
82.35611111111112,28.791666666666668,883.0
82.35583333333334,28.791666666666668,883.0
82.35555555555555,28.791666666666668,883.0
82.35527777777779,28.791666666666668,883.0
82.355,28.791666666666668,883.0
82.35472222222222,28.791944444444447,882.0
82.35444444444444,28.791944444444447,882.0
82.35416666666667,28.791944444444447,883.0
82.35388888888889,28.791944444444447,884.0
82.3536111111111,28.792222222222225,881.0
82.35333333333334,28.792222222222225,883.0
82.35305555555556,28.792222222222225,883.0
82.35277777777777,28.792500000000004,881.0
82.3525,28.792500000000004,881.0
82.35222222222222,28.792500000000004,884.0
82.35194444444444,28.79277777777778,880.0
82.35166666666667,28.79277777777778,884.0
82.35138888888889,28.793055555555558,879.0
82.35111111111111,28.793333333333337,884.0
82.35083333333334,28.793055555555558,884.0
82.35055555555556,28.793055555555558,882.0
82.35027777777778,28.793055555555558,882.0
82.35000000000001,28.793055555555558,882.0
82.34972222222223,28.793055555555558,882.0
82.34944444444444,28.793055555555558,880.0
82.34916666666666,28.793055555555558,879.0
82.3488888888889,28.793055555555558,878.0
82.34861111111111,28.793055555555558,883.0
82.34833333333333,28.79277777777778,878.0
82.34805555555556,28.79277777777778,877.0
82.34777777777778,28.792500000000004,877.0
82.3475,28.792222222222225,878.0
82.34722222222223,28.791944444444447,884.0
82.34694444444445,28.791666666666668,884.0
82.34694444444445,28.791388888888893,876.0
82.34694444444445,28.791111111111114,877.0
82.34666666666666,28.790833333333335,876.0
82.34666666666666,28.790555555555557,871.0
82.34666666666666,28.79027777777778,870.0
82.34666666666666,28.790000000000003,875.0
82.3463888888889,28.789722222222224,877.0
82.3463888888889,28.78944444444445,878.0
82.34611111111111,28.78916666666667,875.0
82.34611111111111,28.78888888888889,876.0
82.34611111111111,28.788611111111113,878.0
82.34611111111111,28.788333333333338,876.0
82.34611111111111,28.78805555555556,875.0
82.34611111111111,28.78777777777778,871.0
82.34583333333333,28.7875,869.0
82.34583333333333,28.787222222222226,863.0
82.34583333333333,28.786944444444448,866.0
82.34583333333333,28.78666666666667,869.0
82.34555555555556,28.78638888888889,868.0
82.34527777777778,28.78638888888889,867.0
82.345,28.786111111111115,866.0
82.34472222222223,28.786111111111115,865.0
82.34444444444445,28.786111111111115,865.0
82.34416666666667,28.786111111111115,865.0
82.34388888888888,28.786111111111115,865.0
82.34361111111112,28.786111111111115,865.0
82.34333333333333,28.786111111111115,864.0
82.34305555555555,28.786111111111115,864.0
82.34277777777778,28.786111111111115,864.0
82.3425,28.786111111111115,864.0
82.34222222222222,28.786111111111115,864.0
82.34194444444445,28.786111111111115,863.0
82.34166666666667,28.78638888888889,863.0
82.34138888888889,28.78638888888889,863.0
82.34111111111112,28.78638888888889,863.0
82.34083333333334,28.78638888888889,862.0
82.34055555555555,28.78666666666667,862.0
82.34027777777779,28.78666666666667,862.0
82.34,28.78666666666667,862.0
82.33972222222222,28.78666666666667,862.0
82.33944444444444,28.78638888888889,861.0
82.33916666666667,28.78638888888889,861.0
82.33888888888889,28.786111111111115,861.0
82.3386111111111,28.785833333333336,860.0
82.33833333333334,28.785555555555558,860.0
82.33805555555556,28.785555555555558,860.0
82.33777777777777,28.78527777777778,860.0
82.3375,28.785000000000004,859.0
82.33722222222222,28.785000000000004,859.0
82.33694444444444,28.784722222222225,859.0
82.33666666666667,28.784444444444446,859.0
82.33638888888889,28.784444444444446,858.0
82.33611111111111,28.78416666666667,858.0
82.33583333333334,28.78416666666667,858.0
82.33555555555556,28.78416666666667,858.0
82.33527777777778,28.78416666666667,858.0
82.33500000000001,28.78416666666667,857.0
82.33472222222223,28.78416666666667,857.0
82.33444444444444,28.78416666666667,857.0
82.33416666666666,28.784444444444446,857.0
82.3338888888889,28.784722222222225,856.0
82.33361111111111,28.785000000000004,856.0
82.33333333333333,28.78527777777778,856.0
82.33305555555556,28.785555555555558,855.0
82.33277777777778,28.785555555555558,855.0
82.3325,28.785555555555558,855.0
82.33222222222223,28.785555555555558,855.0
82.33194444444445,28.785555555555558,855.0
82.33166666666666,28.785555555555558,855.0
82.3313888888889,28.785555555555558,855.0
82.33111111111111,28.785833333333336,854.0
82.33083333333333,28.785833333333336,854.0
82.33055555555556,28.785833333333336,854.0
82.33027777777778,28.785833333333336,854.0
82.33,28.785833333333336,854.0
82.32972222222223,28.786111111111115,854.0
82.32944444444445,28.786111111111115,853.0
82.32916666666667,28.786111111111115,853.0
82.32888888888888,28.786111111111115,853.0
82.32861111111112,28.786111111111115,853.0
82.32833333333333,28.786111111111115,853.0
82.32805555555555,28.786111111111115,853.0
82.32777777777778,28.786111111111115,853.0
82.3275,28.786111111111115,852.0
82.32722222222222,28.786111111111115,852.0
82.32694444444445,28.786111111111115,852.0
82.32666666666667,28.786111111111115,852.0
82.32638888888889,28.786111111111115,852.0
82.32611111111112,28.785833333333336,852.0
82.32583333333334,28.785833333333336,851.0
82.32555555555555,28.785833333333336,851.0
82.32527777777779,28.785555555555558,851.0
82.325,28.785555555555558,851.0
82.32472222222222,28.785555555555558,851.0
82.32444444444445,28.78527777777778,851.0
82.32416666666667,28.78527777777778,851.0
82.32388888888889,28.78527777777778,850.0
82.3236111111111,28.78527777777778,850.0
82.32333333333334,28.785555555555558,850.0
82.32305555555556,28.785555555555558,850.0
82.32277777777777,28.785555555555558,850.0
82.3225,28.785555555555558,850.0
82.32222222222222,28.785555555555558,849.0
82.32194444444444,28.785555555555558,849.0
82.32166666666667,28.785555555555558,849.0
82.32138888888889,28.785833333333336,849.0
82.32111111111111,28.785833333333336,849.0
82.32083333333334,28.785833333333336,849.0
82.32055555555556,28.785833333333336,849.0
82.32027777777778,28.785833333333336,848.0
82.32000000000001,28.785833333333336,848.0
82.31972222222223,28.786111111111115,848.0
82.31944444444444,28.786111111111115,848.0
82.31916666666667,28.786111111111115,848.0
82.31888888888889,28.786111111111115,848.0
82.31861111111111,28.786111111111115,847.0
82.31833333333333,28.786111111111115,847.0
82.31805555555556,28.786111111111115,847.0
82.31777777777778,28.786111111111115,847.0
82.3175,28.78638888888889,847.0
82.31722222222223,28.78638888888889,847.0
82.31694444444445,28.78638888888889,847.0
82.31666666666666,28.78638888888889,846.0
82.3163888888889,28.78638888888889,846.0
82.31611111111111,28.78638888888889,846.0
82.31583333333333,28.78638888888889,846.0
82.31555555555556,28.78638888888889,846.0
82.31527777777778,28.786111111111115,846.0
82.315,28.786111111111115,845.0
82.31472222222223,28.786111111111115,845.0
82.31444444444445,28.786111111111115,845.0
82.31416666666667,28.785833333333336,845.0
82.3138888888889,28.785833333333336,845.0
82.31361111111111,28.785555555555558,845.0
82.31333333333333,28.785555555555558,844.0
82.31305555555555,28.785555555555558,844.0
82.31277777777778,28.785555555555558,844.0
82.3125,28.785555555555558,844.0
82.31222222222222,28.785833333333336,844.0
82.31194444444445,28.786111111111115,844.0
82.31166666666667,28.78638888888889,843.0
82.31138888888889,28.78638888888889,843.0
82.31111111111112,28.78638888888889,843.0
82.31083333333333,28.78666666666667,843.0
82.31055555555555,28.786944444444448,843.0
82.31027777777778,28.786944444444448,843.0
82.31,28.786944444444448,842.0
82.30972222222222,28.787222222222226,842.0
82.30944444444445,28.787222222222226,842.0
82.30916666666667,28.787222222222226,842.0
82.30888888888889,28.787222222222226,842.0
82.30861111111112,28.7875,842.0
82.30833333333334,28.7875,841.0
82.30805555555555,28.7875,841.0
82.30777777777777,28.7875,841.0
82.3075,28.7875,841.0
82.30722222222222,28.7875,841.0
82.30694444444444,28.7875,841.0
82.30666666666667,28.787222222222226,840.0
82.30638888888889,28.787222222222226,840.0
82.30611111111111,28.786944444444448,840.0
82.30583333333334,28.786944444444448,840.0
82.30555555555556,28.786944444444448,840.0
82.30527777777777,28.78666666666667,840.0
82.305,28.78666666666667,839.0
82.30472222222222,28.78638888888889,839.0
82.30444444444444,28.78638888888889,839.0
82.30416666666667,28.78638888888889,839.0
82.30388888888889,28.78638888888889,839.0
82.30361111111111,28.78638888888889,839.0
82.30333333333334,28.78638888888889,839.0
82.30305555555556,28.78638888888889,838.0
82.30277777777778,28.78638888888889,838.0
82.3025,28.78638888888889,838.0
82.30222222222223,28.78638888888889,838.0
82.30194444444444,28.786111111111115,838.0
82.30166666666666,28.786111111111115,838.0
82.3013888888889,28.786111111111115,837.0
82.30111111111111,28.786111111111115,837.0
82.30083333333333,28.786111111111115,837.0
82.30055555555556,28.786111111111115,837.0
82.30027777777778,28.786111111111115,837.0
82.3,28.786111111111115,838.0
82.29972222222223,28.785833333333336,838.0
82.29944444444445,28.785833333333336,837.0
82.29916666666666,28.785833333333336,838.0
82.2988888888889,28.785833333333336,838.0
82.29861111111111,28.785833333333336,839.0
82.29833333333333,28.785833333333336,838.0
82.29805555555556,28.785833333333336,838.0
82.29777777777778,28.785555555555558,836.0
82.2975,28.785555555555558,834.0
82.29722222222222,28.785555555555558,834.0
82.29694444444445,28.785555555555558,832.0
82.29666666666667,28.785555555555558,831.0
82.29638888888888,28.785833333333336,832.0
82.29611111111112,28.785833333333336,832.0
82.29583333333333,28.785555555555558,830.0
82.29555555555555,28.785555555555558,828.0
82.29527777777778,28.785555555555558,829.0
82.295,28.785555555555558,829.0
82.29472222222222,28.78527777777778,827.0
82.29444444444445,28.785000000000004,827.0
82.29416666666667,28.784722222222225,825.0
82.29388888888889,28.784444444444446,827.0
82.29361111111112,28.78416666666667,828.0
82.29333333333334,28.783888888888892,826.0
82.29333333333334,28.783611111111114,826.0
82.29333333333334,28.783333333333335,826.0
82.29333333333334,28.78305555555556,825.0
82.29333333333334,28.78277777777778,824.0
82.29333333333334,28.782500000000002,824.0
82.29333333333334,28.782222222222224,823.0
82.29333333333334,28.78194444444445,824.0
82.29333333333334,28.78166666666667,824.0
82.29333333333334,28.78138888888889,823.0
82.29333333333334,28.781111111111112,823.0
82.29333333333334,28.780833333333337,823.0
82.29333333333334,28.78055555555556,822.0
82.29333333333334,28.78027777777778,823.0
82.29333333333334,28.78,825.0
82.29333333333334,28.779722222222226,828.0
82.29333333333334,28.779444444444447,827.0
82.29333333333334,28.77916666666667,828.0
82.29333333333334,28.778888888888893,825.0
82.29333333333334,28.778611111111115,823.0
82.29333333333334,28.778333333333336,826.0
82.29333333333334,28.778055555555557,827.0
82.29361111111112,28.777777777777782,826.0
82.29361111111112,28.777500000000003,823.0
82.29361111111112,28.777222222222225,822.0
82.29361111111112,28.776944444444446,824.0
82.29333333333334,28.77666666666667,823.0
82.29333333333334,28.776388888888892,825.0
82.29305555555555,28.776111111111113,818.0
82.29305555555555,28.775833333333335,824.0
82.29305555555555,28.77555555555556,825.0
82.29305555555555,28.77527777777778,824.0
82.29277777777779,28.775000000000002,821.0
82.2925,28.774722222222223,820.0
82.29222222222222,28.77444444444445,819.0
82.29194444444444,28.77416666666667,818.0
82.29166666666667,28.77388888888889,818.0
82.29138888888889,28.773611111111112,819.0
82.2911111111111,28.773333333333337,819.0
82.29083333333334,28.77305555555556,817.0
82.29055555555556,28.77277777777778,817.0
82.29027777777777,28.772500000000004,819.0
82.29,28.772222222222226,820.0
82.28972222222222,28.771944444444447,817.0
82.28944444444444,28.77166666666667,815.0
82.28916666666667,28.771388888888893,824.0
82.28888888888889,28.771111111111114,825.0
82.28861111111111,28.770833333333336,818.0
82.28861111111111,28.770555555555557,822.0
82.28861111111111,28.770277777777782,823.0
82.28833333333334,28.770000000000003,820.0
82.28805555555556,28.769722222222224,814.0
82.28805555555556,28.769444444444446,819.0
82.28805555555556,28.76916666666667,820.0
82.28805555555556,28.768888888888892,822.0
82.28777777777778,28.768611111111113,815.0
82.28777777777778,28.768333333333334,818.0
82.28750000000001,28.76805555555556,811.0
82.28722222222223,28.76777777777778,813.0
82.28694444444444,28.767500000000002,810.0
82.28666666666666,28.767222222222227,806.0
82.2863888888889,28.766944444444448,804.0
82.28611111111111,28.76666666666667,806.0
82.28583333333333,28.76638888888889,809.0
82.28555555555556,28.766111111111115,814.0
82.28527777777778,28.765833333333337,815.0
82.285,28.765555555555558,814.0
82.285,28.76527777777778,820.0
82.28472222222223,28.765000000000004,816.0
82.28472222222223,28.764722222222225,819.0
82.28472222222223,28.764444444444447,820.0
82.28444444444445,28.764166666666668,816.0
82.28444444444445,28.763888888888893,821.0
82.28416666666666,28.763611111111114,815.0
82.28416666666666,28.763333333333335,813.0
82.28416666666666,28.763055555555557,812.0
82.28416666666666,28.76277777777778,816.0
82.28416666666666,28.762500000000003,820.0
82.28416666666666,28.762222222222224,822.0
82.2838888888889,28.761944444444445,806.0
82.2838888888889,28.76166666666667,811.0
82.2838888888889,28.76138888888889,817.0
82.28416666666666,28.761111111111113,820.0
82.28444444444445,28.760833333333338,820.0
82.28472222222223,28.76055555555556,814.0
82.285,28.76027777777778,813.0
82.28527777777778,28.76,812.0
82.28555555555556,28.759722222222226,809.0
82.28583333333333,28.759444444444448,805.0
82.28611111111111,28.75916666666667,799.0
82.2863888888889,28.75888888888889,793.0
82.28666666666666,28.758611111111115,797.0
82.28694444444444,28.758333333333336,803.0
82.28722222222223,28.758055555555558,804.0
82.28750000000001,28.75777777777778,803.0
82.28777777777778,28.757500000000004,809.0
82.28805555555556,28.757222222222225,817.0
82.28833333333334,28.756944444444446,820.0
82.28861111111111,28.756666666666668,819.0
82.28888888888889,28.756388888888893,817.0
82.28888888888889,28.756111111111114,817.0
82.28916666666667,28.755833333333335,809.0
82.28916666666667,28.75555555555556,802.0
82.28916666666667,28.75527777777778,798.0
82.28916666666667,28.755000000000003,790.0
82.28916666666667,28.754722222222224,790.0
82.28916666666667,28.75444444444445,800.0
82.28916666666667,28.75416666666667,808.0
82.28916666666667,28.75388888888889,811.0
82.28916666666667,28.753611111111113,812.0
82.28916666666667,28.753333333333337,816.0
82.28916666666667,28.75305555555556,820.0
82.28888888888889,28.75277777777778,818.0
82.28861111111111,28.7525,815.0
82.28833333333334,28.752222222222226,814.0
82.28805555555556,28.751944444444447,814.0
82.28777777777778,28.75166666666667,813.0
82.28750000000001,28.75138888888889,812.0
82.28722222222223,28.751111111111115,812.0
82.28694444444444,28.750833333333336,811.0
82.28666666666666,28.750555555555557,810.0
82.2863888888889,28.750277777777782,813.0
82.28611111111111,28.750000000000004,815.0
82.28583333333333,28.749722222222225,818.0
82.28583333333333,28.749444444444446,822.0
82.28583333333333,28.74916666666667,821.0
82.28583333333333,28.748888888888892,818.0
82.28583333333333,28.748611111111114,815.0
82.28583333333333,28.748333333333335,813.0
82.28583333333333,28.74805555555556,811.0
82.28583333333333,28.74777777777778,810.0
82.28583333333333,28.747500000000002,808.0
82.28583333333333,28.747222222222224,808.0
82.28583333333333,28.74694444444445,808.0
82.28583333333333,28.74666666666667,805.0
82.28583333333333,28.74638888888889,800.0
82.28583333333333,28.746111111111112,794.0
82.28583333333333,28.745833333333337,786.0
82.28583333333333,28.74555555555556,784.0
82.28583333333333,28.74527777777778,786.0
82.28583333333333,28.745000000000005,792.0
82.28583333333333,28.744722222222226,802.0
82.28583333333333,28.744444444444447,816.0
82.28611111111111,28.74416666666667,808.0
82.2863888888889,28.743888888888893,807.0
82.28666666666666,28.743611111111115,809.0
82.28694444444444,28.743333333333336,813.0
82.28722222222223,28.743055555555557,809.0
82.28750000000001,28.742777777777782,809.0
82.28750000000001,28.742500000000003,821.0
82.28777777777778,28.742222222222225,821.0
82.28805555555556,28.741944444444446,815.0
82.28833333333334,28.74166666666667,805.0
82.28833333333334,28.741388888888892,814.0
82.28833333333334,28.741111111111113,822.0
82.28861111111111,28.740833333333335,809.0
82.28861111111111,28.74055555555556,818.0
82.28888888888889,28.74027777777778,815.0
82.28916666666667,28.740000000000002,820.0
82.28944444444444,28.739722222222223,817.0
82.28972222222222,28.739444444444448,809.0
82.28972222222222,28.73916666666667,816.0
82.28972222222222,28.73888888888889,821.0
82.28972222222222,28.738611111111116,807.0
82.28972222222222,28.738333333333337,790.0
82.28972222222222,28.738055555555558,785.0
82.28972222222222,28.73777777777778,780.0
82.28972222222222,28.737500000000004,775.0
82.28972222222222,28.737222222222226,773.0
82.28944444444444,28.736944444444447,770.0
82.28916666666667,28.736666666666668,770.0
82.28888888888889,28.736388888888893,769.0
82.28861111111111,28.736111111111114,769.0
82.28833333333334,28.735833333333336,769.0
82.28805555555556,28.735555555555557,771.0
82.28777777777778,28.73527777777778,778.0
82.28750000000001,28.735000000000003,786.0
82.28722222222223,28.734722222222224,790.0
82.28694444444444,28.734444444444446,796.0
82.28666666666666,28.73416666666667,810.0
82.2863888888889,28.73388888888889,815.0
82.28611111111111,28.733611111111113,816.0
82.28611111111111,28.733333333333334,818.0
82.28611111111111,28.73305555555556,816.0
82.28611111111111,28.73277777777778,816.0
82.28611111111111,28.7325,816.0
82.28611111111111,28.732222222222227,815.0
82.28611111111111,28.731944444444448,814.0
82.28611111111111,28.73166666666667,804.0
82.28611111111111,28.73138888888889,793.0
82.28611111111111,28.731111111111115,787.0
82.28611111111111,28.730833333333337,787.0
82.28611111111111,28.730555555555558,787.0
82.28611111111111,28.73027777777778,787.0
82.28611111111111,28.730000000000004,785.0
82.28611111111111,28.729722222222225,770.0
82.28611111111111,28.729444444444447,762.0
82.28611111111111,28.729166666666668,765.0
82.28611111111111,28.728888888888893,768.0
82.28611111111111,28.728611111111114,771.0
82.28611111111111,28.728333333333335,775.0
82.28611111111111,28.728055555555557,784.0
82.28611111111111,28.72777777777778,802.0
82.2863888888889,28.727500000000003,805.0
82.28666666666666,28.727222222222224,806.0
82.28694444444444,28.72694444444445,800.0
82.28694444444444,28.72666666666667,812.0
82.28694444444444,28.72638888888889,817.0
82.28694444444444,28.726111111111113,816.0
82.28694444444444,28.725833333333338,813.0
82.28694444444444,28.72555555555556,812.0
82.28694444444444,28.72527777777778,812.0
82.28694444444444,28.725,812.0
82.28694444444444,28.724722222222226,814.0
82.28694444444444,28.724444444444448,814.0
82.28694444444444,28.72416666666667,813.0
82.28694444444444,28.72388888888889,812.0
82.28694444444444,28.723611111111115,808.0
82.28694444444444,28.723333333333336,806.0
82.28694444444444,28.723055555555558,808.0
82.28694444444444,28.72277777777778,817.0
82.28666666666666,28.722500000000004,812.0
82.28666666666666,28.722222222222225,813.0
82.28666666666666,28.721944444444446,817.0
82.2863888888889,28.72166666666667,803.0
82.2863888888889,28.721388888888892,804.0
82.2863888888889,28.721111111111114,802.0
82.2863888888889,28.720833333333335,797.0
82.2863888888889,28.72055555555556,793.0
82.2863888888889,28.72027777777778,795.0
82.2863888888889,28.720000000000002,804.0
82.2863888888889,28.719722222222224,819.0
82.28611111111111,28.71944444444445,811.0
82.28611111111111,28.71916666666667,818.0
82.28611111111111,28.71888888888889,817.0
82.28611111111111,28.718611111111112,814.0
82.28611111111111,28.718333333333337,818.0
82.28583333333333,28.71805555555556,807.0
82.28583333333333,28.71777777777778,812.0
82.28583333333333,28.7175,814.0
82.28583333333333,28.717222222222226,817.0
82.28555555555556,28.716944444444447,802.0
82.28555555555556,28.71666666666667,812.0
82.28555555555556,28.716388888888893,821.0
82.28527777777778,28.716111111111115,813.0
82.285,28.715833333333336,812.0
82.28472222222223,28.715555555555557,822.0
82.28444444444445,28.715277777777782,822.0
82.28444444444445,28.715000000000003,818.0
82.28444444444445,28.714722222222225,820.0
82.28416666666666,28.714444444444446,820.0
82.2838888888889,28.71416666666667,814.0
82.2838888888889,28.713888888888892,792.0
82.2838888888889,28.713611111111113,779.0
82.2838888888889,28.713333333333335,778.0
82.2838888888889,28.71305555555556,781.0
82.28361111111111,28.71277777777778,775.0
82.28333333333333,28.712500000000002,771.0
82.28305555555556,28.712222222222223,770.0
82.28277777777778,28.71194444444445,765.0
82.2825,28.71166666666667,763.0
82.28222222222223,28.71138888888889,768.0
82.28194444444445,28.711111111111112,766.0
82.28166666666667,28.710833333333337,757.0
82.28138888888888,28.71055555555556,751.0
82.28111111111112,28.71027777777778,753.0
82.28083333333333,28.710000000000004,754.0
82.28055555555555,28.709722222222226,755.0
82.28027777777778,28.709444444444447,756.0
82.28,28.70916666666667,760.0
82.27972222222222,28.708888888888893,764.0
82.27944444444445,28.708611111111114,766.0
82.27916666666667,28.708333333333336,764.0
82.27888888888889,28.708055555555557,763.0
82.27861111111112,28.707777777777782,762.0
82.27833333333334,28.707500000000003,762.0
82.27805555555555,28.707222222222224,762.0
82.27777777777779,28.706944444444446,766.0
82.2775,28.70666666666667,768.0
82.27722222222222,28.706388888888892,774.0
82.27694444444444,28.706111111111113,778.0
82.27666666666667,28.705833333333334,777.0
82.27666666666667,28.70555555555556,788.0
82.27638888888889,28.70527777777778,789.0
82.27666666666667,28.705000000000002,787.0
82.27666666666667,28.704722222222227,780.0
82.27666666666667,28.704444444444448,774.0
82.27666666666667,28.70416666666667,764.0
82.27666666666667,28.70388888888889,754.0
82.27666666666667,28.703611111111115,750.0
82.27666666666667,28.703333333333337,748.0
82.27666666666667,28.703055555555558,748.0
82.27666666666667,28.70277777777778,748.0
82.27666666666667,28.702500000000004,749.0
82.27694444444444,28.702222222222225,749.0
82.27722222222222,28.701944444444447,748.0
82.2775,28.701666666666668,748.0
82.27777777777779,28.701388888888893,749.0
82.27805555555555,28.701111111111114,750.0
82.27833333333334,28.700833333333335,749.0
82.27861111111112,28.700555555555557,751.0
82.27888888888889,28.70027777777778,756.0
82.27916666666667,28.700000000000003,754.0
82.27916666666667,28.699722222222224,755.0
82.27944444444445,28.699444444444445,756.0
82.27972222222222,28.69916666666667,756.0
82.27972222222222,28.69888888888889,756.0
82.27944444444445,28.698611111111113,756.0
82.27944444444445,28.698333333333338,755.0
82.27916666666667,28.69805555555556,754.0
82.27916666666667,28.69777777777778,754.0
82.27944444444445,28.6975,753.0
82.27944444444445,28.697222222222226,754.0
82.27972222222222,28.696944444444448,754.0
82.27972222222222,28.69666666666667,751.0
82.27972222222222,28.69638888888889,749.0
82.27972222222222,28.696111111111115,748.0
82.27972222222222,28.695833333333336,748.0
82.27972222222222,28.695555555555558,748.0
82.28,28.69527777777778,744.0
82.28,28.695000000000004,743.0
82.28,28.694722222222225,744.0
82.28,28.694444444444446,744.0
82.28,28.694166666666668,743.0
82.28,28.693888888888893,743.0
82.28,28.693611111111114,743.0
82.28,28.693333333333335,743.0
82.28,28.69305555555556,743.0
82.28,28.69277777777778,742.0
82.27972222222222,28.69277777777778,742.0
82.27944444444445,28.692500000000003,742.0
82.27916666666667,28.692500000000003,741.0
82.27888888888889,28.692500000000003,741.0
82.27861111111112,28.692222222222224,741.0
82.27833333333334,28.692222222222224,741.0
82.27805555555555,28.692222222222224,741.0
82.27777777777779,28.692222222222224,741.0
82.2775,28.692222222222224,741.0
82.27722222222222,28.692222222222224,741.0
82.27694444444444,28.69194444444445,740.0
82.27666666666667,28.69194444444445,740.0
82.27638888888889,28.69194444444445,740.0
82.2761111111111,28.69194444444445,740.0
82.27583333333334,28.69194444444445,740.0
82.27555555555556,28.69194444444445,740.0
82.27527777777777,28.692222222222224,739.0
82.275,28.692222222222224,739.0
82.27472222222222,28.692222222222224,739.0
82.27444444444444,28.692222222222224,739.0
82.27416666666667,28.692222222222224,739.0
82.27388888888889,28.692500000000003,739.0
82.27361111111111,28.69277777777778,738.0
82.27333333333334,28.69277777777778,738.0
82.27305555555556,28.69277777777778,738.0
82.27277777777778,28.69305555555556,738.0
82.27250000000001,28.693333333333335,738.0
82.27222222222223,28.693611111111114,738.0
82.27222222222223,28.693888888888893,738.0
82.27222222222223,28.694166666666668,738.0
82.27194444444444,28.694444444444446,738.0
82.27166666666666,28.694722222222225,738.0
82.27166666666666,28.695000000000004,738.0
82.2713888888889,28.69527777777778,736.0
82.2713888888889,28.695555555555558,734.0
82.2713888888889,28.695833333333336,735.0
82.2713888888889,28.696111111111115,734.0
82.2713888888889,28.69638888888889,736.0
82.2713888888889,28.69666666666667,736.0
82.2713888888889,28.696944444444448,735.0
82.2713888888889,28.697222222222226,736.0
82.27111111111111,28.6975,736.0
82.27083333333333,28.69777777777778,735.0
82.27055555555556,28.69805555555556,736.0
82.27027777777778,28.698333333333338,737.0
82.27,28.698611111111113,737.0
82.26972222222223,28.698611111111113,736.0
82.26944444444445,28.698611111111113,736.0
82.26916666666666,28.698611111111113,736.0
82.2688888888889,28.698611111111113,737.0
82.26861111111111,28.698611111111113,737.0
82.26833333333333,28.698611111111113,737.0
82.26805555555556,28.698611111111113,737.0
82.26777777777778,28.69888888888889,737.0
82.2675,28.69916666666667,737.0
82.26722222222223,28.69916666666667,737.0
82.26694444444445,28.699444444444445,737.0
82.26666666666667,28.699444444444445,737.0
82.26638888888888,28.699722222222224,737.0
82.26611111111112,28.699722222222224,737.0
82.26583333333333,28.699722222222224,737.0
82.26555555555555,28.700000000000003,736.0
82.26527777777778,28.700000000000003,737.0
82.265,28.700000000000003,737.0
82.26472222222222,28.700000000000003,737.0
82.26444444444445,28.700000000000003,737.0
82.26416666666667,28.70027777777778,736.0
82.26388888888889,28.70027777777778,736.0
82.26361111111112,28.70027777777778,737.0
82.26333333333334,28.70027777777778,737.0
82.26305555555555,28.700555555555557,737.0
82.26277777777779,28.700833333333335,736.0
82.2625,28.700833333333335,736.0
82.26222222222222,28.701111111111114,737.0
82.26194444444445,28.701388888888893,736.0
82.26166666666667,28.701388888888893,737.0
82.26138888888889,28.701666666666668,737.0
82.2611111111111,28.701944444444447,734.0
82.2611111111111,28.702222222222225,732.0
82.2611111111111,28.702500000000004,734.0
82.26083333333334,28.70277777777778,733.0
82.26083333333334,28.703055555555558,733.0
82.26083333333334,28.703333333333337,732.0
82.26083333333334,28.703611111111115,732.0
82.26083333333334,28.70388888888889,735.0
82.2611111111111,28.70416666666667,735.0
82.2611111111111,28.704444444444448,735.0
82.2611111111111,28.704722222222227,735.0
82.2611111111111,28.705000000000002,734.0
82.2611111111111,28.70527777777778,732.0
82.26138888888889,28.70555555555556,731.0
82.26166666666667,28.705833333333334,735.0
82.26166666666667,28.706111111111113,735.0
82.26166666666667,28.706388888888892,734.0
82.26166666666667,28.70666666666667,733.0
82.26138888888889,28.70666666666667,733.0
82.2611111111111,28.70666666666667,733.0
82.26083333333334,28.706944444444446,733.0
82.26055555555556,28.706944444444446,733.0
82.26027777777777,28.707222222222224,732.0
82.26,28.707500000000003,732.0
82.25972222222222,28.707777777777782,732.0
82.25944444444444,28.708055555555557,732.0
82.25916666666667,28.708055555555557,731.0
82.25888888888889,28.708055555555557,731.0
82.25861111111111,28.708055555555557,731.0
82.25833333333334,28.708055555555557,731.0
82.25805555555556,28.708055555555557,731.0
82.25777777777778,28.708055555555557,730.0
82.25750000000001,28.708055555555557,730.0
82.25722222222223,28.708055555555557,730.0
82.25694444444444,28.708055555555557,729.0
82.25666666666667,28.708055555555557,728.0
82.25638888888889,28.708055555555557,730.0
82.25611111111111,28.708055555555557,730.0
82.25583333333333,28.708055555555557,731.0
82.25555555555556,28.708055555555557,731.0
82.25527777777778,28.708055555555557,730.0
82.255,28.708055555555557,729.0
82.25472222222223,28.708055555555557,727.0
82.25444444444445,28.708055555555557,727.0
82.25416666666666,28.708333333333336,726.0
82.2538888888889,28.708611111111114,727.0
82.25361111111111,28.708888888888893,731.0
82.25333333333333,28.70916666666667,731.0
82.25305555555556,28.70916666666667,729.0
82.25277777777778,28.709444444444447,728.0
82.2525,28.709722222222226,729.0
82.25222222222223,28.710000000000004,728.0
82.25194444444445,28.71027777777778,729.0
82.25166666666667,28.71055555555556,728.0
82.2513888888889,28.71055555555556,728.0
82.25111111111111,28.71055555555556,728.0
82.25083333333333,28.710833333333337,727.0
82.25083333333333,28.711111111111112,725.0
82.25055555555555,28.711111111111112,725.0
82.25027777777778,28.711111111111112,725.0
82.25,28.71138888888889,725.0
82.24972222222222,28.71138888888889,724.0
82.24944444444445,28.71138888888889,724.0
82.24916666666667,28.71138888888889,724.0
82.24888888888889,28.71138888888889,725.0
82.24861111111112,28.71138888888889,726.0
82.24833333333333,28.71138888888889,724.0
82.24805555555555,28.71138888888889,724.0
82.24777777777778,28.71138888888889,724.0
82.2475,28.71138888888889,724.0
82.24722222222222,28.71138888888889,723.0
82.24694444444445,28.71166666666667,723.0
82.24666666666667,28.71166666666667,723.0
82.24638888888889,28.71166666666667,723.0
82.24611111111112,28.71194444444445,723.0
82.24583333333334,28.71194444444445,723.0
82.24555555555555,28.71194444444445,723.0
82.24527777777777,28.71194444444445,723.0
82.245,28.71194444444445,723.0
82.24472222222222,28.71194444444445,723.0
82.24444444444444,28.71194444444445,723.0
82.24416666666667,28.71194444444445,723.0
82.24388888888889,28.71194444444445,723.0
82.24361111111111,28.71194444444445,723.0
82.24333333333334,28.71194444444445,723.0
82.24305555555556,28.71194444444445,723.0
82.24277777777777,28.71194444444445,722.0
82.2425,28.71166666666667,722.0
82.24222222222222,28.71166666666667,722.0
82.24194444444444,28.71166666666667,722.0
82.24166666666667,28.71138888888889,722.0
82.24138888888889,28.71138888888889,722.0
82.24111111111111,28.71138888888889,722.0
82.24083333333334,28.711111111111112,722.0
82.24055555555556,28.710833333333337,722.0
82.24027777777778,28.710833333333337,722.0
82.24,28.71055555555556,722.0
82.23972222222223,28.71027777777778,722.0
82.23944444444444,28.710000000000004,722.0
82.23916666666666,28.709722222222226,722.0
82.2388888888889,28.709444444444447,722.0
82.23861111111111,28.70916666666667,722.0
82.23833333333333,28.708888888888893,722.0
82.23805555555556,28.708611111111114,722.0
82.23777777777778,28.708333333333336,722.0
82.2375,28.708055555555557,722.0
82.23722222222223,28.707777777777782,722.0
82.23694444444445,28.707500000000003,722.0
82.23666666666666,28.707222222222224,722.0
82.2363888888889,28.706944444444446,722.0
82.23611111111111,28.70666666666667,722.0
82.23583333333333,28.706388888888892,722.0
82.23555555555556,28.706111111111113,721.0
82.23555555555556,28.705833333333334,721.0
82.23527777777778,28.70555555555556,721.0
82.235,28.70527777777778,721.0
82.23472222222222,28.705000000000002,721.0
82.23444444444445,28.704722222222227,721.0
82.23416666666667,28.704444444444448,721.0
82.23388888888888,28.70416666666667,720.0
82.23361111111112,28.70416666666667,720.0
82.23333333333333,28.70388888888889,720.0
82.23305555555555,28.703611111111115,720.0
82.23277777777778,28.703333333333337,720.0
82.2325,28.703055555555558,720.0
82.2325,28.70277777777778,720.0
82.2325,28.702500000000004,719.0
82.2325,28.702222222222225,719.0
82.2325,28.701944444444447,719.0
82.2325,28.701666666666668,719.0
82.23222222222222,28.701388888888893,719.0
82.23222222222222,28.701111111111114,719.0
82.23194444444445,28.700833333333335,719.0
82.23166666666667,28.700555555555557,719.0
82.23138888888889,28.70027777777778,718.0
82.23138888888889,28.700000000000003,718.0
82.23138888888889,28.699722222222224,718.0
82.23138888888889,28.699444444444445,718.0
82.23138888888889,28.69916666666667,718.0
82.23166666666667,28.69888888888889,718.0
82.23166666666667,28.698611111111113,718.0
82.23194444444445,28.698333333333338,718.0
82.23194444444445,28.69805555555556,718.0
82.23194444444445,28.69777777777778,717.0
82.23194444444445,28.6975,717.0
82.23194444444445,28.697222222222226,717.0
82.23194444444445,28.696944444444448,717.0
82.23194444444445,28.69666666666667,717.0
82.23194444444445,28.69638888888889,717.0
82.23194444444445,28.696111111111115,717.0
82.23194444444445,28.695833333333336,717.0
82.23194444444445,28.695555555555558,717.0
82.23194444444445,28.69527777777778,716.0
82.23194444444445,28.695000000000004,716.0
82.23194444444445,28.694722222222225,716.0
82.23194444444445,28.694444444444446,716.0
82.23166666666667,28.694166666666668,716.0
82.23166666666667,28.693888888888893,716.0
82.23166666666667,28.693611111111114,716.0
82.23166666666667,28.693333333333335,716.0
82.23166666666667,28.69305555555556,715.0
82.23138888888889,28.69277777777778,715.0
82.23138888888889,28.692500000000003,715.0
82.23138888888889,28.692222222222224,715.0
82.23138888888889,28.69194444444445,715.0
82.23138888888889,28.69166666666667,715.0
82.23138888888889,28.69138888888889,715.0
82.23111111111112,28.691111111111113,715.0
82.23111111111112,28.690833333333337,715.0
82.23111111111112,28.69055555555556,714.0
82.23111111111112,28.69027777777778,714.0
82.23111111111112,28.69,714.0
82.23111111111112,28.689722222222226,714.0
82.23083333333334,28.689444444444447,714.0
82.23055555555555,28.68916666666667,714.0
82.23027777777779,28.68888888888889,714.0
82.23,28.688611111111115,715.0
82.22972222222222,28.688333333333336,713.0
82.22944444444444,28.688333333333336,713.0
82.22916666666667,28.688333333333336,713.0
82.22888888888889,28.688055555555557,713.0
82.2286111111111,28.688055555555557,713.0
82.22833333333334,28.687777777777782,713.0
82.22805555555556,28.687500000000004,713.0
82.22777777777777,28.687222222222225,712.0
82.2275,28.687222222222225,712.0
82.22722222222222,28.687222222222225,712.0
82.22694444444444,28.687222222222225,712.0
82.22666666666667,28.687222222222225,712.0
82.22638888888889,28.687222222222225,712.0
82.22611111111111,28.687222222222225,712.0
82.22583333333334,28.686944444444446,712.0
82.22555555555556,28.686944444444446,711.0
82.22527777777778,28.686944444444446,711.0
82.22500000000001,28.68666666666667,711.0
82.22472222222223,28.686388888888892,711.0
82.22444444444444,28.686111111111114,711.0
82.22416666666666,28.686111111111114,711.0
82.2238888888889,28.685833333333335,711.0
82.22361111111111,28.685833333333335,710.0
82.22333333333333,28.685833333333335,710.0
82.22305555555556,28.685833333333335,710.0
82.22277777777778,28.68555555555556,710.0
82.2225,28.68555555555556,710.0
82.22222222222223,28.68527777777778,710.0
82.22194444444445,28.68527777777778,710.0
82.22166666666666,28.68527777777778,710.0
82.2213888888889,28.68527777777778,710.0
82.22111111111111,28.68527777777778,709.0
82.22083333333333,28.68527777777778,709.0
82.22055555555556,28.68527777777778,709.0
82.22027777777778,28.68527777777778,709.0
82.22,28.68527777777778,709.0
82.21972222222223,28.68527777777778,709.0
82.21944444444445,28.68527777777778,709.0
82.21916666666667,28.68527777777778,708.0
82.21888888888888,28.68527777777778,708.0
82.21861111111112,28.68527777777778,710.0
82.21833333333333,28.68527777777778,710.0
82.21805555555555,28.68527777777778,710.0
82.21777777777778,28.68527777777778,710.0
82.2175,28.68527777777778,710.0
82.21722222222222,28.685000000000002,710.0
82.21694444444445,28.684722222222224,709.0
82.21666666666667,28.68444444444445,707.0
82.21638888888889,28.68416666666667,707.0
82.21611111111112,28.68388888888889,707.0
82.21583333333334,28.683611111111112,707.0
82.21555555555555,28.683333333333337,710.0
82.21527777777779,28.68305555555556,709.0
82.215,28.68277777777778,708.0
82.21472222222222,28.682500000000005,708.0
82.21444444444444,28.682222222222226,707.0
82.21416666666667,28.681944444444447,707.0
82.21388888888889,28.68166666666667,707.0
82.2136111111111,28.681388888888893,707.0
82.21333333333334,28.681111111111115,707.0
82.21305555555556,28.680833333333336,706.0
82.21277777777777,28.680555555555557,707.0
82.2125,28.680277777777782,708.0
82.21222222222222,28.680000000000003,707.0
82.21194444444444,28.679722222222225,706.0
82.21166666666667,28.679444444444446,704.0
82.21138888888889,28.67916666666667,704.0
82.21111111111111,28.678888888888892,705.0
82.21083333333334,28.678611111111113,703.0
82.21055555555556,28.678333333333335,704.0
82.21027777777778,28.67805555555556,703.0
82.21000000000001,28.67777777777778,702.0
82.20972222222223,28.677500000000002,704.0
82.20944444444444,28.677222222222223,707.0
82.20916666666666,28.677222222222223,706.0
82.2088888888889,28.677222222222223,702.0
82.20861111111111,28.677222222222223,704.0
82.20833333333333,28.677222222222223,705.0
82.20805555555556,28.677222222222223,705.0
82.20777777777778,28.677222222222223,704.0
82.2075,28.677222222222223,703.0
82.20722222222223,28.677222222222223,703.0
82.20694444444445,28.677222222222223,703.0
82.20666666666666,28.677222222222223,703.0
82.2063888888889,28.677222222222223,703.0
82.20611111111111,28.677222222222223,703.0
82.20583333333333,28.677500000000002,703.0
82.20555555555556,28.67777777777778,698.0
82.20527777777778,28.67805555555556,706.0
82.205,28.678333333333335,709.0
82.20472222222223,28.678611111111113,703.0
82.20444444444445,28.678888888888892,704.0
82.20416666666667,28.67916666666667,705.0
82.20388888888888,28.679444444444446,704.0
82.20361111111112,28.679722222222225,704.0
82.20333333333333,28.680000000000003,703.0
82.20305555555555,28.680277777777782,705.0
82.20277777777778,28.680555555555557,707.0
82.2025,28.680833333333336,706.0
82.20222222222222,28.681111111111115,706.0
82.20194444444445,28.681111111111115,709.0
82.20166666666667,28.681388888888893,708.0
82.20138888888889,28.68166666666667,701.0
82.20111111111112,28.68166666666667,704.0
82.20083333333334,28.68166666666667,706.0
82.20055555555555,28.68166666666667,707.0
82.20027777777779,28.68166666666667,705.0
82.2,28.68166666666667,707.0
82.19972222222222,28.68166666666667,709.0
82.19944444444445,28.68166666666667,705.0
82.19916666666667,28.681388888888893,709.0
82.19888888888889,28.681111111111115,703.0
82.19888888888889,28.680833333333336,703.0
82.19888888888889,28.680555555555557,702.0
82.19888888888889,28.680277777777782,700.0
82.19888888888889,28.680000000000003,696.0
82.19888888888889,28.679722222222225,695.0
82.19888888888889,28.679444444444446,699.0
82.19888888888889,28.67916666666667,701.0
82.19888888888889,28.678888888888892,703.0
82.19888888888889,28.678611111111113,708.0
82.1986111111111,28.678333333333335,703.0
82.1986111111111,28.67805555555556,708.0
82.19833333333334,28.67777777777778,701.0
82.19833333333334,28.677500000000002,703.0
82.19833333333334,28.677222222222223,703.0
82.19805555555556,28.676944444444448,698.0
82.19777777777777,28.67666666666667,700.0
82.1975,28.67638888888889,700.0
82.19722222222222,28.676111111111116,693.0
82.19722222222222,28.675833333333337,710.0
82.19694444444444,28.675555555555558,700.0
82.19666666666667,28.67527777777778,698.0
82.19666666666667,28.675000000000004,705.0
82.19666666666667,28.674722222222226,708.0
82.19638888888889,28.674444444444447,700.0
82.19638888888889,28.674166666666668,706.0
82.19611111111111,28.673888888888893,703.0
82.19583333333334,28.673611111111114,697.0
82.19583333333334,28.673333333333336,696.0
82.19583333333334,28.673055555555557,696.0
82.19583333333334,28.67277777777778,709.0
82.19555555555556,28.672500000000003,704.0
82.19527777777778,28.672222222222224,697.0
82.19527777777778,28.671944444444446,708.0
82.19500000000001,28.67166666666667,707.0
82.19472222222223,28.67138888888889,710.0
82.19444444444444,28.671111111111113,709.0
82.19444444444444,28.670833333333334,707.0
82.19444444444444,28.67055555555556,708.0
82.19444444444444,28.67027777777778,710.0
82.19444444444444,28.67,708.0
82.19444444444444,28.669722222222227,707.0
82.19416666666667,28.669444444444448,706.0
82.19416666666667,28.66916666666667,705.0
82.19416666666667,28.66888888888889,702.0
82.19416666666667,28.668611111111115,702.0
82.19416666666667,28.668333333333337,703.0
82.19444444444444,28.668055555555558,705.0
82.19472222222223,28.66777777777778,703.0
82.19500000000001,28.667500000000004,693.0
82.19527777777778,28.667500000000004,691.0
82.19555555555556,28.667222222222225,692.0
82.19583333333334,28.667222222222225,692.0
82.19611111111111,28.666944444444447,691.0
82.19638888888889,28.666944444444447,690.0
82.19666666666667,28.666666666666668,689.0
82.19666666666667,28.666388888888893,687.0
82.19666666666667,28.666111111111114,687.0
82.19666666666667,28.665833333333335,688.0
82.19694444444444,28.665555555555557,689.0
82.19694444444444,28.66527777777778,689.0
82.19722222222222,28.665000000000003,689.0
82.19722222222222,28.664722222222224,689.0
82.19722222222222,28.66444444444445,689.0
82.19722222222222,28.66416666666667,689.0
82.19722222222222,28.66388888888889,689.0
82.19722222222222,28.663611111111113,689.0
82.19722222222222,28.663333333333338,689.0
82.19722222222222,28.66305555555556,689.0
82.19694444444444,28.66277777777778,689.0
82.19666666666667,28.6625,688.0
82.19666666666667,28.662222222222226,688.0
82.19666666666667,28.661944444444448,688.0
82.19666666666667,28.66166666666667,687.0
82.19666666666667,28.66138888888889,687.0
82.19666666666667,28.661111111111115,687.0
82.19666666666667,28.660833333333336,686.0
82.19666666666667,28.660555555555558,683.0
82.19666666666667,28.66027777777778,682.0
82.19638888888889,28.660000000000004,687.0
82.19611111111111,28.659722222222225,688.0
82.19583333333334,28.659444444444446,687.0
82.19555555555556,28.65916666666667,687.0
82.19527777777778,28.658888888888892,686.0
82.19500000000001,28.658611111111114,687.0
82.19472222222223,28.658333333333335,686.0
82.19444444444444,28.65805555555556,687.0
82.19416666666667,28.65777777777778,688.0
82.19416666666667,28.657500000000002,688.0
82.19416666666667,28.657222222222224,688.0
82.19416666666667,28.65694444444445,688.0
82.19416666666667,28.65666666666667,685.0
82.19416666666667,28.65638888888889,683.0
82.19416666666667,28.656111111111112,683.0
82.19416666666667,28.655833333333337,682.0
82.19388888888889,28.65555555555556,682.0
82.19361111111111,28.65527777777778,684.0
82.19361111111111,28.655,684.0
82.19388888888889,28.654722222222226,684.0
82.19388888888889,28.654444444444447,684.0
82.19388888888889,28.65416666666667,684.0
82.19388888888889,28.653888888888893,683.0
82.19388888888889,28.653611111111115,684.0
82.19388888888889,28.653333333333336,683.0
82.19388888888889,28.653055555555557,684.0
82.19388888888889,28.652777777777782,684.0
82.19388888888889,28.652500000000003,683.0
82.19361111111111,28.652222222222225,684.0
82.19333333333333,28.651944444444446,684.0
82.19333333333333,28.65166666666667,683.0
82.19333333333333,28.651388888888892,683.0
82.19333333333333,28.651111111111113,682.0
82.19333333333333,28.650833333333335,683.0
82.19305555555556,28.65055555555556,683.0
82.19277777777778,28.65027777777778,683.0
82.1925,28.650000000000002,683.0
82.19222222222223,28.649722222222223,683.0
82.19194444444445,28.64944444444445,682.0
82.19194444444445,28.64916666666667,682.0
82.19194444444445,28.64888888888889,681.0
82.19194444444445,28.648611111111112,679.0
82.19194444444445,28.648333333333337,681.0
82.19194444444445,28.64805555555556,681.0
82.19194444444445,28.64777777777778,680.0
82.19166666666666,28.647500000000004,681.0
82.1913888888889,28.647222222222226,680.0
82.1913888888889,28.646944444444447,680.0
82.1913888888889,28.64666666666667,680.0
82.1913888888889,28.646388888888893,680.0
82.1913888888889,28.646111111111114,680.0
82.1913888888889,28.645833333333336,679.0
82.1913888888889,28.645555555555557,679.0
82.1913888888889,28.645277777777782,679.0
82.1913888888889,28.645000000000003,679.0
82.1913888888889,28.644722222222224,679.0
82.1913888888889,28.644444444444446,679.0
82.1913888888889,28.64416666666667,679.0
82.1913888888889,28.643888888888892,679.0
82.1913888888889,28.643611111111113,679.0
82.1913888888889,28.643333333333334,679.0
82.1913888888889,28.64305555555556,679.0
82.19166666666666,28.64277777777778,679.0
82.19166666666666,28.642500000000002,678.0
82.19166666666666,28.642222222222227,678.0
82.19166666666666,28.641944444444448,678.0
82.19166666666666,28.64166666666667,678.0
82.19166666666666,28.64138888888889,678.0
82.19166666666666,28.641111111111115,678.0
82.19166666666666,28.640833333333337,678.0
82.19166666666666,28.640555555555558,678.0
82.19166666666666,28.64027777777778,678.0
82.19166666666666,28.640000000000004,678.0
82.19166666666666,28.639722222222225,678.0
82.19166666666666,28.639444444444447,677.0
82.1913888888889,28.639166666666668,677.0
82.19111111111111,28.638888888888893,677.0
82.19083333333333,28.638611111111114,677.0
82.19055555555556,28.638611111111114,677.0
82.19027777777778,28.638611111111114,677.0
82.19,28.638611111111114,677.0
82.18972222222223,28.638611111111114,677.0
82.18944444444445,28.638611111111114,677.0
82.18916666666667,28.638611111111114,677.0
82.1888888888889,28.638611111111114,677.0
82.18861111111111,28.638888888888893,676.0
82.18833333333333,28.639166666666668,676.0
82.18805555555555,28.639166666666668,676.0
82.18777777777778,28.639166666666668,676.0
82.1875,28.638888888888893,676.0
82.18722222222222,28.638611111111114,676.0
82.18722222222222,28.638333333333335,676.0
82.18722222222222,28.638055555555557,676.0
82.18722222222222,28.63777777777778,676.0
82.18694444444445,28.637500000000003,676.0
82.18666666666667,28.637222222222224,675.0
82.18666666666667,28.636944444444445,675.0
82.18666666666667,28.63666666666667,675.0
82.18666666666667,28.63638888888889,675.0
82.18666666666667,28.636111111111113,675.0
82.18666666666667,28.635833333333338,675.0
82.18666666666667,28.63555555555556,675.0
82.18694444444445,28.63527777777778,675.0
82.18722222222222,28.635,675.0
82.1875,28.634722222222226,675.0
82.18777777777778,28.634444444444448,674.0
82.18777777777778,28.63416666666667,674.0
82.18777777777778,28.63388888888889,674.0
82.18805555555555,28.633611111111115,674.0
82.18833333333333,28.633333333333336,674.0
82.18861111111111,28.633055555555558,674.0
82.1888888888889,28.63277777777778,674.0
82.1888888888889,28.632500000000004,674.0
82.1888888888889,28.632222222222225,674.0
82.1888888888889,28.631944444444446,674.0
82.1888888888889,28.631666666666668,674.0
82.1888888888889,28.631388888888893,674.0
82.1888888888889,28.631111111111114,674.0
82.1888888888889,28.630833333333335,673.0
82.1888888888889,28.63055555555556,673.0
82.18861111111111,28.63027777777778,674.0
82.18833333333333,28.630000000000003,673.0
82.18805555555555,28.629722222222224,673.0
82.18805555555555,28.62944444444445,673.0
82.18777777777778,28.62916666666667,673.0
82.18777777777778,28.62888888888889,673.0
82.18777777777778,28.628611111111113,673.0
82.18777777777778,28.628333333333337,673.0
82.18777777777778,28.62805555555556,673.0
82.1875,28.62777777777778,673.0
82.18722222222222,28.6275,672.0
82.18722222222222,28.627222222222226,672.0
82.18722222222222,28.626944444444447,671.0
82.18694444444445,28.62666666666667,671.0
82.18666666666667,28.62666666666667,671.0
82.18638888888889,28.62638888888889,671.0
82.18611111111112,28.626111111111115,670.0
82.18583333333333,28.625833333333336,670.0
82.18555555555555,28.625555555555557,670.0
82.18527777777778,28.625277777777782,670.0
82.185,28.625000000000004,670.0
82.185,28.624722222222225,670.0
82.18527777777778,28.624444444444446,669.0
82.185,28.62416666666667,669.0
82.18472222222222,28.623888888888892,668.0
82.18444444444445,28.623888888888892,668.0
82.18416666666667,28.623611111111114,668.0
82.18388888888889,28.623333333333335,668.0
82.18361111111112,28.62305555555556,668.0
82.18333333333334,28.62277777777778,668.0
82.18305555555555,28.622500000000002,668.0
82.18277777777777,28.622222222222224,668.0
82.1825,28.62194444444445,667.0
82.1825,28.62166666666667,667.0
82.1825,28.62138888888889,667.0
82.18222222222222,28.621111111111112,667.0
82.18194444444444,28.620833333333337,667.0
82.18166666666667,28.62055555555556,667.0
82.18138888888889,28.62027777777778,667.0
82.18111111111111,28.620000000000005,667.0
82.18083333333334,28.619722222222226,666.0
82.18055555555556,28.619444444444447,666.0
82.18027777777777,28.61916666666667,666.0
82.18,28.618888888888893,666.0
82.17972222222222,28.618611111111115,666.0
82.17944444444444,28.618333333333336,666.0
82.17916666666667,28.618055555555557,666.0
82.17888888888889,28.617777777777782,665.0
82.17861111111111,28.617500000000003,665.0
82.17833333333334,28.617222222222225,665.0
82.17805555555556,28.616944444444446,665.0
82.17777777777778,28.61666666666667,665.0
82.1775,28.616388888888892,665.0
82.17722222222223,28.616111111111113,665.0
82.17694444444444,28.615833333333335,665.0
82.17666666666666,28.61555555555556,664.0
82.1763888888889,28.61555555555556,664.0
82.17611111111111,28.61527777777778,664.0
82.17583333333333,28.615000000000002,664.0
82.17555555555556,28.614722222222223,664.0
82.17527777777778,28.614722222222223,664.0
82.175,28.614722222222223,664.0
82.17472222222223,28.614722222222223,664.0
82.17444444444445,28.614722222222223,664.0
82.17416666666666,28.614722222222223,664.0
82.1738888888889,28.614722222222223,664.0
82.17361111111111,28.614722222222223,664.0
82.17333333333333,28.614722222222223,663.0
82.17305555555556,28.614444444444448,663.0
82.17277777777778,28.61416666666667,663.0
82.1725,28.61388888888889,663.0
82.17222222222222,28.613611111111116,663.0
82.17194444444445,28.613333333333337,662.0
82.17166666666667,28.613333333333337,662.0
82.17138888888888,28.613333333333337,662.0
82.17111111111112,28.613333333333337,662.0
82.17083333333333,28.613333333333337,662.0
82.17055555555555,28.613333333333337,662.0
82.17027777777778,28.613055555555558,662.0
82.17,28.61277777777778,662.0
82.16972222222222,28.612500000000004,662.0
82.16944444444445,28.612222222222226,662.0
82.16916666666667,28.611944444444447,662.0
82.16888888888889,28.611666666666668,661.0
82.16861111111112,28.611666666666668,661.0
82.16833333333334,28.611666666666668,661.0
82.16805555555555,28.611666666666668,661.0
82.16777777777779,28.611666666666668,661.0
82.1675,28.611666666666668,661.0
82.16722222222222,28.611666666666668,661.0
82.16694444444444,28.611666666666668,661.0
82.16666666666667,28.611666666666668,661.0
82.16638888888889,28.611944444444447,661.0
82.1661111111111,28.612222222222226,660.0
82.16583333333334,28.612222222222226,660.0
82.16555555555556,28.612222222222226,660.0
82.16527777777777,28.612222222222226,660.0
82.165,28.612222222222226,660.0
82.16472222222222,28.612222222222226,660.0
82.16444444444444,28.612222222222226,660.0
82.16416666666667,28.612222222222226,660.0
82.16388888888889,28.612500000000004,660.0
82.16361111111111,28.61277777777778,660.0
82.16333333333334,28.613055555555558,660.0
82.16305555555556,28.613333333333337,659.0
82.16277777777778,28.613611111111116,659.0
82.16250000000001,28.61388888888889,659.0
82.16222222222223,28.61416666666667,659.0
82.16194444444444,28.61416666666667,659.0
82.16166666666666,28.61416666666667,659.0
82.1613888888889,28.61416666666667,659.0
82.16111111111111,28.61416666666667,659.0
82.16083333333333,28.61416666666667,659.0
82.16055555555556,28.61416666666667,659.0
82.16027777777778,28.61416666666667,659.0
82.16,28.61416666666667,658.0
82.15972222222223,28.61416666666667,658.0
82.15944444444445,28.61416666666667,658.0
82.15916666666666,28.61416666666667,658.0
82.1588888888889,28.61416666666667,658.0
82.15861111111111,28.61416666666667,658.0
82.15833333333333,28.61416666666667,658.0
82.15805555555556,28.61416666666667,658.0
82.15777777777778,28.61416666666667,658.0
82.1575,28.61416666666667,658.0
82.15722222222223,28.61416666666667,658.0
82.15694444444445,28.61416666666667,658.0
82.15666666666667,28.61416666666667,657.0
82.15638888888888,28.61416666666667,657.0
82.15611111111112,28.61416666666667,657.0
82.15583333333333,28.61416666666667,657.0
82.15555555555555,28.61416666666667,657.0
82.15527777777778,28.61416666666667,657.0
82.155,28.61416666666667,657.0
82.15472222222222,28.61416666666667,657.0
82.15444444444445,28.61416666666667,657.0
82.15416666666667,28.61416666666667,657.0
82.15388888888889,28.61416666666667,657.0
82.15361111111112,28.61416666666667,657.0
82.15333333333334,28.61416666666667,656.0
82.15305555555555,28.61416666666667,656.0
82.15277777777779,28.61416666666667,656.0
82.1525,28.61416666666667,656.0
82.15222222222222,28.61416666666667,656.0
82.15194444444444,28.61416666666667,656.0
82.15166666666667,28.61416666666667,656.0
82.15138888888889,28.61416666666667,656.0
82.1511111111111,28.614444444444448,656.0
82.15083333333334,28.614722222222223,656.0
82.15055555555556,28.615000000000002,656.0
82.15027777777777,28.61527777777778,656.0
82.15,28.61527777777778,655.0
82.14972222222222,28.61527777777778,655.0
82.14944444444444,28.61527777777778,655.0
82.14916666666667,28.61527777777778,655.0
82.14888888888889,28.61527777777778,655.0
82.14861111111111,28.61527777777778,655.0
82.14833333333334,28.61527777777778,655.0
82.14805555555556,28.61527777777778,655.0
82.14777777777778,28.615000000000002,655.0
82.14750000000001,28.614722222222223,655.0
82.14722222222223,28.614444444444448,655.0
82.14694444444444,28.61416666666667,654.0
82.14666666666666,28.61416666666667,654.0
82.1463888888889,28.61416666666667,654.0
82.14611111111111,28.61416666666667,654.0
82.14583333333333,28.61416666666667,654.0
82.14555555555556,28.61416666666667,654.0
82.14527777777778,28.61416666666667,654.0
82.145,28.61416666666667,654.0
82.14472222222223,28.61416666666667,654.0
82.14444444444445,28.614444444444448,654.0
82.14416666666666,28.614722222222223,654.0
82.1438888888889,28.615000000000002,654.0
82.14361111111111,28.61527777777778,653.0
82.14333333333333,28.61527777777778,653.0
82.14305555555556,28.61527777777778,653.0
82.14277777777778,28.61527777777778,653.0
82.1425,28.61527777777778,653.0
82.14222222222223,28.61527777777778,653.0
82.14194444444445,28.61555555555556,653.0
82.14166666666667,28.615833333333335,653.0
82.14138888888888,28.616111111111113,652.0
82.14111111111112,28.616388888888892,652.0
82.14111111111112,28.61666666666667,652.0
82.14111111111112,28.616944444444446,652.0
82.14111111111112,28.617222222222225,652.0
82.14111111111112,28.617500000000003,652.0
82.14111111111112,28.617777777777782,652.0
82.14111111111112,28.618055555555557,652.0
82.14111111111112,28.618333333333336,652.0
82.14138888888888,28.618611111111115,652.0
82.14138888888888,28.618888888888893,651.0
82.14166666666667,28.61916666666667,651.0
82.14194444444445,28.619444444444447,651.0
82.14222222222223,28.619722222222226,651.0
82.1425,28.620000000000005,651.0
82.14277777777778,28.62027777777778,651.0
82.14305555555556,28.62055555555556,651.0
82.14333333333333,28.620833333333337,651.0
82.14361111111111,28.621111111111112,650.0
82.14361111111111,28.62138888888889,650.0
82.14361111111111,28.62166666666667,650.0
82.14361111111111,28.62194444444445,650.0
82.1438888888889,28.622222222222224,650.0
82.1438888888889,28.622500000000002,650.0
82.14361111111111,28.62277777777778,650.0
82.14333333333333,28.62305555555556,650.0
82.14305555555556,28.623333333333335,649.0
82.14277777777778,28.623611111111114,649.0
82.1425,28.623888888888892,649.0
82.14222222222223,28.62416666666667,649.0
82.14194444444445,28.624444444444446,649.0
82.14166666666667,28.624722222222225,649.0
82.14138888888888,28.625000000000004,649.0
82.14111111111112,28.625277777777782,648.0
82.14083333333333,28.625277777777782,648.0
82.14055555555555,28.625555555555557,648.0
82.14027777777778,28.625555555555557,648.0
82.14,28.625555555555557,648.0
82.13972222222222,28.625833333333336,648.0
82.13944444444445,28.625833333333336,648.0
82.13916666666667,28.625833333333336,648.0
82.13888888888889,28.625833333333336,648.0
82.13861111111112,28.625833333333336,648.0
82.13833333333334,28.625833333333336,647.0
82.13805555555555,28.625833333333336,647.0
82.13777777777779,28.625833333333336,647.0
82.1375,28.625833333333336,647.0
82.13722222222222,28.625833333333336,647.0
82.13694444444445,28.625833333333336,647.0
82.13666666666667,28.625833333333336,647.0
82.13638888888889,28.625833333333336,647.0
82.1361111111111,28.625833333333336,647.0
82.13583333333334,28.625833333333336,647.0
82.13555555555556,28.625833333333336,646.0
82.13527777777777,28.625833333333336,646.0
82.135,28.625833333333336,646.0
82.13472222222222,28.625833333333336,646.0
82.13444444444444,28.625833333333336,646.0
82.13416666666667,28.625833333333336,646.0
82.13388888888889,28.625833333333336,646.0
82.13361111111111,28.625555555555557,646.0
82.13333333333334,28.625277777777782,646.0
82.13305555555556,28.625000000000004,645.0
82.13277777777778,28.624722222222225,645.0
82.13250000000001,28.624444444444446,645.0
82.13222222222223,28.62416666666667,645.0
82.13194444444444,28.623888888888892,645.0
82.13166666666667,28.623611111111114,645.0
82.13138888888889,28.623333333333335,645.0
82.13111111111111,28.62305555555556,644.0
82.13083333333333,28.62305555555556,644.0
82.13055555555556,28.62305555555556,644.0
82.13027777777778,28.62305555555556,644.0
82.13,28.62305555555556,644.0
82.12972222222223,28.62305555555556,644.0
82.12944444444445,28.62305555555556,644.0
82.12916666666666,28.62305555555556,644.0
82.1288888888889,28.62277777777778,644.0
82.12861111111111,28.622500000000002,644.0
82.12833333333333,28.622222222222224,643.0
82.12805555555556,28.622222222222224,643.0
82.12777777777778,28.622222222222224,643.0
82.1275,28.622222222222224,643.0
82.12722222222223,28.622222222222224,643.0
82.12694444444445,28.622222222222224,643.0
82.12666666666667,28.622222222222224,643.0
82.1263888888889,28.622222222222224,643.0
82.12611111111111,28.622222222222224,643.0
82.12583333333333,28.622222222222224,643.0
82.12555555555555,28.622500000000002,643.0
82.12527777777778,28.622500000000002,642.0
82.125,28.622500000000002,642.0
82.12472222222222,28.622500000000002,642.0
82.12444444444445,28.622500000000002,642.0
82.12416666666667,28.622500000000002,642.0
82.12388888888889,28.622500000000002,642.0
82.12361111111112,28.622500000000002,642.0
82.12333333333333,28.622500000000002,642.0
82.12305555555555,28.62277777777778,642.0
82.12277777777778,28.62277777777778,642.0
82.1225,28.62305555555556,641.0
82.12222222222222,28.62305555555556,641.0
82.12194444444445,28.62305555555556,641.0
82.12166666666667,28.62305555555556,641.0
82.12138888888889,28.62305555555556,641.0
82.12111111111112,28.62305555555556,641.0
82.12083333333334,28.62305555555556,641.0
82.12055555555555,28.62305555555556,641.0
82.12027777777777,28.62305555555556,641.0
82.12,28.62305555555556,641.0
82.11972222222222,28.62305555555556,641.0
82.11944444444444,28.62305555555556,640.0
82.11916666666667,28.62305555555556,640.0
82.11888888888889,28.62305555555556,640.0
82.11861111111111,28.62305555555556,640.0
82.11833333333334,28.62305555555556,640.0
82.11805555555556,28.62277777777778,640.0
82.11777777777777,28.622500000000002,640.0
82.1175,28.622222222222224,639.0
82.11722222222222,28.622222222222224,639.0
82.11694444444444,28.622222222222224,639.0
82.11666666666667,28.622222222222224,639.0
82.11638888888889,28.622222222222224,639.0
82.11611111111111,28.622222222222224,639.0
82.11583333333334,28.62194444444445,639.0
82.11555555555556,28.62194444444445,639.0
82.11527777777778,28.62166666666667,639.0
82.115,28.62138888888889,639.0
82.11472222222223,28.621111111111112,639.0
82.11444444444444,28.620833333333337,638.0
82.11416666666666,28.620833333333337,638.0
82.1138888888889,28.620833333333337,638.0
82.11361111111111,28.620833333333337,638.0
82.11333333333333,28.620833333333337,638.0
82.11305555555556,28.620833333333337,638.0
82.11277777777778,28.62055555555556,638.0
82.1125,28.62027777777778,638.0
82.11222222222223,28.620000000000005,638.0
82.11194444444445,28.619722222222226,638.0
82.11166666666666,28.619444444444447,638.0
82.1113888888889,28.61916666666667,637.0
82.11111111111111,28.61916666666667,637.0
82.11083333333333,28.61916666666667,637.0
82.11055555555556,28.61916666666667,637.0
82.11027777777778,28.61916666666667,637.0
82.11,28.61916666666667,637.0
82.10972222222222,28.61916666666667,637.0
82.10944444444445,28.61916666666667,637.0
82.10916666666667,28.61916666666667,637.0
82.10888888888888,28.619444444444447,637.0
82.10861111111112,28.619444444444447,637.0
82.10833333333333,28.619444444444447,637.0
82.10805555555555,28.619444444444447,637.0
82.10777777777778,28.619444444444447,636.0
82.1075,28.619444444444447,636.0
82.10722222222222,28.619444444444447,636.0
82.10694444444445,28.619444444444447,636.0
82.10666666666667,28.619444444444447,636.0
82.10638888888889,28.619444444444447,636.0
82.10611111111112,28.619444444444447,636.0
82.10583333333334,28.619444444444447,636.0
82.10555555555555,28.619444444444447,636.0
82.10527777777779,28.619722222222226,636.0
82.105,28.620000000000005,636.0
82.10472222222222,28.62027777777778,635.0
82.10444444444444,28.62027777777778,635.0
82.10416666666667,28.62027777777778,635.0
82.10388888888889,28.62027777777778,635.0
82.1036111111111,28.62027777777778,635.0
82.10333333333334,28.62055555555556,635.0
82.10305555555556,28.62055555555556,635.0
82.10277777777777,28.62055555555556,635.0
82.1025,28.62055555555556,635.0
82.10222222222222,28.620833333333337,635.0
82.10194444444444,28.621111111111112,635.0
82.10166666666667,28.62138888888889,634.0
82.10138888888889,28.62138888888889,634.0
82.10111111111111,28.62166666666667,634.0
82.10083333333334,28.62166666666667,634.0
82.10055555555556,28.62166666666667,634.0
82.10027777777778,28.62166666666667,634.0
82.10000000000001,28.62166666666667,634.0
82.09972222222223,28.62166666666667,634.0
82.09944444444444,28.62138888888889,634.0
82.09916666666666,28.621111111111112,634.0
82.0988888888889,28.620833333333337,634.0
82.09861111111111,28.62055555555556,633.0
82.09833333333333,28.62055555555556,633.0
82.09805555555556,28.62055555555556,633.0
82.09777777777778,28.62027777777778,633.0
82.0975,28.620000000000005,633.0
82.09722222222223,28.619722222222226,633.0
82.09694444444445,28.619444444444447,633.0
82.09666666666666,28.61916666666667,633.0
82.0963888888889,28.618888888888893,633.0
82.09611111111111,28.618611111111115,632.0
82.09583333333333,28.618611111111115,632.0
82.09555555555556,28.618611111111115,632.0
82.09527777777778,28.618611111111115,632.0
82.095,28.618611111111115,632.0
82.09472222222223,28.618611111111115,632.0
82.09444444444445,28.618611111111115,632.0
82.09416666666667,28.618611111111115,632.0
82.09388888888888,28.618611111111115,632.0
82.09361111111112,28.618888888888893,632.0
82.09333333333333,28.61916666666667,632.0
82.09305555555555,28.619444444444447,631.0
82.09277777777778,28.619444444444447,631.0
82.0925,28.619444444444447,631.0
82.09222222222222,28.619444444444447,631.0
82.09194444444445,28.619444444444447,631.0
82.09166666666667,28.619444444444447,631.0
82.09138888888889,28.619444444444447,631.0
82.09111111111112,28.619722222222226,631.0
82.09083333333334,28.619722222222226,631.0
82.09055555555555,28.620000000000005,631.0
82.09027777777779,28.620000000000005,631.0
82.09,28.620000000000005,630.0
82.08972222222222,28.620000000000005,630.0
82.08944444444444,28.62027777777778,630.0
82.08916666666667,28.62027777777778,630.0
82.08888888888889,28.62027777777778,630.0
82.0886111111111,28.62027777777778,630.0
82.08833333333334,28.62027777777778,630.0
82.08805555555556,28.62027777777778,630.0
82.08777777777777,28.62027777777778,630.0
82.0875,28.620000000000005,630.0
82.08722222222222,28.619722222222226,629.0
82.08694444444444,28.619444444444447,629.0
82.08666666666667,28.61916666666667,629.0
82.08638888888889,28.618888888888893,629.0
82.08611111111111,28.618611111111115,629.0
82.08583333333334,28.618333333333336,629.0
82.08555555555556,28.618055555555557,629.0
82.08527777777778,28.617777777777782,629.0
82.08500000000001,28.617500000000003,628.0
82.08472222222223,28.617222222222225,628.0
82.08444444444444,28.616944444444446,628.0
82.08416666666666,28.616944444444446,628.0
82.0838888888889,28.616944444444446,628.0
82.08361111111111,28.616944444444446,628.0
82.08333333333333,28.616944444444446,628.0
82.08305555555556,28.617222222222225,628.0
82.08305555555556,28.617500000000003,628.0
82.08277777777778,28.617777777777782,627.0
82.0825,28.617777777777782,627.0
82.08222222222223,28.618055555555557,627.0
82.08194444444445,28.618333333333336,627.0
82.08166666666666,28.618611111111115,627.0
82.0813888888889,28.618888888888893,627.0
82.08111111111111,28.61916666666667,627.0
82.08083333333333,28.619444444444447,627.0
82.08055555555556,28.619722222222226,627.0
82.08027777777778,28.620000000000005,626.0
82.08027777777778,28.62027777777778,626.0
82.08,28.62055555555556,626.0
82.07972222222223,28.620833333333337,626.0
82.07944444444445,28.621111111111112,626.0
82.07916666666667,28.62138888888889,626.0
82.07888888888888,28.62166666666667,626.0
82.07861111111112,28.62166666666667,626.0
82.07833333333333,28.62194444444445,626.0
82.07805555555555,28.622222222222224,625.0
82.07805555555555,28.622500000000002,625.0
82.07777777777778,28.62277777777778,625.0
82.0775,28.62305555555556,625.0
82.07722222222222,28.623333333333335,625.0
82.07694444444445,28.623611111111114,625.0
82.07666666666667,28.623888888888892,625.0
82.07638888888889,28.62416666666667,625.0
82.07611111111112,28.624444444444446,625.0
82.07583333333334,28.624722222222225,624.0
82.07583333333334,28.625000000000004,624.0
82.07555555555555,28.625277777777782,624.0
82.07527777777779,28.625555555555557,624.0
82.075,28.625833333333336,624.0
82.07472222222222,28.626111111111115,624.0
82.07444444444445,28.62638888888889,624.0
82.07416666666667,28.62666666666667,624.0
82.07388888888889,28.626944444444447,624.0
82.0736111111111,28.627222222222226,623.0
82.07333333333334,28.627222222222226,623.0
82.07305555555556,28.6275,623.0
82.07277777777777,28.62777777777778,623.0
82.0725,28.62805555555556,623.0
82.07222222222222,28.628333333333337,623.0
82.07194444444444,28.628611111111113,623.0
82.07166666666667,28.62888888888889,623.0
82.07138888888889,28.62916666666667,623.0
82.07111111111111,28.62944444444445,622.0
82.07083333333334,28.62944444444445,622.0
82.07055555555556,28.62944444444445,622.0
82.07027777777778,28.62944444444445,622.0
82.07000000000001,28.629722222222224,622.0
82.06972222222223,28.629722222222224,622.0
82.06944444444444,28.630000000000003,622.0
82.06916666666667,28.63027777777778,622.0
82.06888888888889,28.63055555555556,622.0
82.06861111111111,28.630833333333335,622.0
82.06833333333333,28.631111111111114,622.0
82.06805555555556,28.631388888888893,621.0
82.06777777777778,28.631388888888893,621.0
82.0675,28.631388888888893,621.0
82.06722222222223,28.631388888888893,621.0
82.06694444444445,28.631388888888893,621.0
82.06666666666666,28.631388888888893,621.0
82.0663888888889,28.631388888888893,621.0
82.06611111111111,28.631388888888893,621.0
82.06583333333333,28.631388888888893,621.0
82.06555555555556,28.631388888888893,621.0
82.06527777777778,28.631388888888893,621.0
82.065,28.631388888888893,621.0
82.06472222222223,28.631388888888893,621.0
82.06444444444445,28.631388888888893,620.0
82.06416666666667,28.631388888888893,620.0
82.0638888888889,28.631388888888893,620.0
82.06361111111111,28.631388888888893,620.0
82.06333333333333,28.631388888888893,620.0
82.06305555555555,28.631666666666668,620.0
82.06277777777778,28.631944444444446,620.0
82.0625,28.632222222222225,620.0
82.06222222222222,28.632500000000004,620.0
82.06194444444445,28.63277777777778,620.0
82.06166666666667,28.633055555555558,620.0
82.06138888888889,28.633333333333336,619.0
82.06111111111112,28.633333333333336,619.0
82.06083333333333,28.633333333333336,619.0
82.06055555555555,28.633333333333336,619.0
82.06027777777778,28.633333333333336,619.0
82.06,28.633333333333336,619.0
82.05972222222222,28.633333333333336,619.0
82.05944444444445,28.633333333333336,619.0
82.05916666666667,28.633611111111115,619.0
82.05888888888889,28.633611111111115,619.0
82.05861111111112,28.63388888888889,619.0
82.05833333333334,28.63388888888889,619.0
82.05805555555555,28.633611111111115,618.0
82.05777777777777,28.633611111111115,618.0
82.0575,28.633611111111115,618.0
82.05722222222222,28.633611111111115,618.0
82.05694444444444,28.633611111111115,618.0
82.05666666666667,28.633611111111115,618.0
82.05638888888889,28.633611111111115,618.0
82.05611111111111,28.633611111111115,618.0
82.05583333333334,28.63388888888889,618.0
82.05555555555556,28.63416666666667,618.0
82.05527777777777,28.634444444444448,618.0
82.055,28.634722222222226,617.0
82.055,28.635,617.0
82.055,28.63527777777778,617.0
82.05472222222222,28.63555555555556,617.0
82.05472222222222,28.635833333333338,617.0
82.05444444444444,28.636111111111113,617.0
82.05416666666667,28.63638888888889,617.0
82.05416666666667,28.63666666666667,617.0
82.05444444444444,28.636944444444445,617.0
82.05472222222222,28.637222222222224,617.0
82.055,28.637500000000003,616.0
82.05527777777777,28.637500000000003,616.0
82.05555555555556,28.63777777777778,616.0
82.05583333333334,28.638055555555557,616.0
82.05611111111111,28.638333333333335,616.0
82.05638888888889,28.638611111111114,616.0
82.05666666666667,28.638888888888893,616.0
82.05694444444444,28.639166666666668,616.0
82.05722222222222,28.639444444444447,616.0
82.0575,28.639722222222225,615.0
82.0575,28.640000000000004,615.0
82.0575,28.64027777777778,615.0
82.0575,28.640555555555558,615.0
82.0575,28.640833333333337,615.0
82.0575,28.641111111111115,615.0
82.0575,28.64138888888889,615.0
82.05777777777777,28.64166666666667,615.0
82.05805555555555,28.641944444444448,615.0
82.05805555555555,28.642222222222227,615.0
82.05805555555555,28.642500000000002,615.0
82.05805555555555,28.64277777777778,614.0
82.05805555555555,28.64305555555556,614.0
82.05805555555555,28.643333333333334,614.0
82.05777777777777,28.643611111111113,614.0
82.0575,28.643888888888892,614.0
82.05722222222222,28.64416666666667,614.0
82.05694444444444,28.644444444444446,614.0
82.05666666666667,28.644444444444446,614.0
82.05638888888889,28.644444444444446,614.0
82.05611111111111,28.644444444444446,613.0
82.05583333333334,28.644444444444446,613.0
82.05555555555556,28.644444444444446,613.0
82.05527777777777,28.644444444444446,613.0
82.055,28.644444444444446,613.0
82.05472222222222,28.64416666666667,613.0
82.05444444444444,28.643888888888892,613.0
82.05416666666667,28.643611111111113,613.0
82.05388888888889,28.643333333333334,613.0
82.05361111111111,28.64305555555556,612.0
82.05333333333334,28.64305555555556,612.0
82.05305555555556,28.64305555555556,612.0
82.05277777777778,28.64305555555556,612.0
82.0525,28.64305555555556,612.0
82.05222222222223,28.64305555555556,612.0
82.05194444444444,28.64305555555556,612.0
82.05166666666666,28.64305555555556,612.0
82.0513888888889,28.64305555555556,612.0
82.05111111111111,28.64305555555556,612.0
82.05083333333333,28.64305555555556,612.0
82.05055555555556,28.64305555555556,612.0
82.05027777777778,28.64305555555556,612.0
82.05,28.64305555555556,611.0
82.04972222222223,28.64305555555556,611.0
82.04944444444445,28.64305555555556,611.0
82.04916666666666,28.64305555555556,611.0
82.0488888888889,28.64305555555556,611.0
82.04861111111111,28.64305555555556,611.0
82.04833333333333,28.64305555555556,611.0
82.04805555555556,28.64277777777778,611.0
82.04777777777778,28.642500000000002,611.0
82.0475,28.642222222222227,611.0
82.04722222222222,28.641944444444448,610.0
82.04694444444445,28.64166666666667,610.0
82.04666666666667,28.64138888888889,610.0
82.04666666666667,28.641111111111115,610.0
82.04638888888888,28.640833333333337,610.0
82.04611111111112,28.640555555555558,610.0
82.04611111111112,28.64027777777778,610.0
82.04611111111112,28.640000000000004,610.0
82.04611111111112,28.639722222222225,610.0
82.04611111111112,28.639444444444447,610.0
82.04611111111112,28.639166666666668,609.0
82.04611111111112,28.638888888888893,609.0
82.04611111111112,28.638611111111114,609.0
82.04611111111112,28.638333333333335,609.0
82.04611111111112,28.638055555555557,609.0
82.04583333333333,28.63777777777778,609.0
82.04555555555555,28.637500000000003,609.0
82.04527777777778,28.637222222222224,609.0
82.045,28.636944444444445,609.0
82.04472222222222,28.63666666666667,608.0
82.04444444444445,28.63666666666667,608.0
82.04416666666667,28.63666666666667,608.0
82.04388888888889,28.63666666666667,608.0
82.04361111111112,28.63666666666667,608.0
82.04333333333334,28.63666666666667,608.0
82.04305555555555,28.63666666666667,608.0
82.04277777777779,28.63666666666667,608.0
82.0425,28.63666666666667,608.0
82.04222222222222,28.63666666666667,608.0
82.04194444444444,28.63666666666667,608.0
82.04166666666667,28.63666666666667,608.0
82.04138888888889,28.63666666666667,608.0
82.0411111111111,28.63666666666667,608.0
82.04083333333334,28.63666666666667,607.0
82.04055555555556,28.63666666666667,607.0
82.04027777777777,28.63666666666667,607.0
82.04,28.63666666666667,607.0
82.03972222222222,28.63666666666667,607.0
82.03944444444444,28.63666666666667,607.0
82.03916666666667,28.63666666666667,607.0
82.03888888888889,28.636944444444445,607.0
82.03861111111111,28.637222222222224,607.0
82.03833333333334,28.637500000000003,607.0
82.03805555555556,28.63777777777778,607.0
82.03777777777778,28.638055555555557,606.0
82.03750000000001,28.638055555555557,606.0
82.03722222222223,28.638055555555557,606.0
82.03694444444444,28.638055555555557,606.0
82.03666666666666,28.638055555555557,606.0
82.0363888888889,28.638055555555557,606.0
82.03611111111111,28.638055555555557,606.0
82.03583333333333,28.638055555555557,606.0
82.03555555555556,28.638055555555557,606.0
82.03527777777778,28.638055555555557,606.0
82.035,28.638055555555557,606.0
82.03472222222223,28.638333333333335,606.0
82.03444444444445,28.638611111111114,606.0
82.03416666666666,28.638888888888893,605.0
82.0338888888889,28.638888888888893,605.0
82.03361111111111,28.638888888888893,605.0
82.03333333333333,28.638888888888893,605.0
82.03305555555556,28.638888888888893,605.0
82.03277777777778,28.639166666666668,605.0
82.0325,28.639166666666668,605.0
82.03222222222223,28.639444444444447,605.0
82.03194444444445,28.639722222222225,605.0
82.03166666666667,28.640000000000004,605.0
82.03138888888888,28.64027777777778,605.0
82.03111111111112,28.640555555555558,604.0
82.03083333333333,28.640555555555558,604.0
82.03055555555555,28.640555555555558,604.0
82.03027777777778,28.640555555555558,604.0
82.03,28.640555555555558,604.0
82.02972222222222,28.640555555555558,604.0
82.02944444444445,28.640555555555558,604.0
82.02916666666667,28.640555555555558,604.0
82.02888888888889,28.640555555555558,604.0
82.02861111111112,28.640555555555558,604.0
82.02833333333334,28.640555555555558,604.0
82.02805555555555,28.64027777777778,604.0
82.02777777777779,28.640000000000004,604.0
82.0275,28.639722222222225,603.0
82.0275,28.639444444444447,603.0
82.0275,28.639166666666668,603.0
82.0275,28.638888888888893,603.0
82.0275,28.638611111111114,603.0
82.0275,28.638333333333335,603.0
82.02722222222222,28.638055555555557,603.0
82.02722222222222,28.63777777777778,603.0
82.02722222222222,28.637500000000003,603.0
82.02722222222222,28.637222222222224,603.0
82.02722222222222,28.636944444444445,602.0
82.02722222222222,28.63666666666667,602.0
82.02722222222222,28.63638888888889,602.0
82.02722222222222,28.636111111111113,602.0
82.02722222222222,28.635833333333338,602.0
82.02722222222222,28.63555555555556,602.0
82.02722222222222,28.63527777777778,602.0
82.02722222222222,28.635,602.0
82.02722222222222,28.634722222222226,602.0
82.02722222222222,28.634444444444448,602.0
82.02722222222222,28.63416666666667,602.0
82.02722222222222,28.63388888888889,602.0
82.02694444444444,28.633611111111115,601.0
82.02694444444444,28.633333333333336,601.0
82.02666666666667,28.633055555555558,601.0
82.02666666666667,28.63277777777778,601.0
82.02666666666667,28.632500000000004,601.0
82.02638888888889,28.632222222222225,601.0
82.0261111111111,28.631944444444446,601.0
82.02583333333334,28.631666666666668,601.0
82.02555555555556,28.631388888888893,601.0
82.02527777777777,28.631111111111114,601.0
82.025,28.630833333333335,600.0
82.025,28.63055555555556,600.0
82.02472222222222,28.63027777777778,600.0
82.02444444444444,28.630000000000003,600.0
82.02416666666667,28.629722222222224,600.0
82.02388888888889,28.62944444444445,600.0
82.02361111111111,28.62916666666667,600.0
82.02333333333334,28.62888888888889,600.0
82.02305555555556,28.628611111111113,600.0
82.02277777777778,28.628333333333337,599.0
82.02277777777778,28.62805555555556,599.0
82.02277777777778,28.62777777777778,599.0
82.02250000000001,28.6275,599.0
82.02250000000001,28.627222222222226,599.0
82.02250000000001,28.626944444444447,599.0
82.02222222222223,28.62666666666667,599.0
82.02222222222223,28.62638888888889,599.0
82.02222222222223,28.626111111111115,599.0
82.02222222222223,28.625833333333336,599.0
82.02222222222223,28.625555555555557,598.0
82.02222222222223,28.625277777777782,598.0
82.02222222222223,28.625000000000004,598.0
82.02222222222223,28.624722222222225,598.0
82.02222222222223,28.624444444444446,598.0
82.02222222222223,28.62416666666667,598.0
82.02250000000001,28.623888888888892,598.0
82.02277777777778,28.623611111111114,598.0
82.02305555555556,28.623333333333335,598.0
82.02305555555556,28.62305555555556,598.0
82.02305555555556,28.62277777777778,598.0
82.02305555555556,28.622500000000002,597.0
82.02305555555556,28.622222222222224,597.0
82.02333333333334,28.62194444444445,597.0
82.02333333333334,28.62166666666667,597.0
82.02333333333334,28.62138888888889,597.0
82.02361111111111,28.621111111111112,597.0
82.02388888888889,28.620833333333337,597.0
82.02416666666667,28.62055555555556,597.0
82.02444444444444,28.62027777777778,597.0
82.02472222222222,28.620000000000005,597.0
82.025,28.619722222222226,596.0
82.025,28.619444444444447,596.0
82.025,28.61916666666667,596.0
82.02527777777777,28.618888888888893,596.0
82.02555555555556,28.618611111111115,596.0
82.02583333333334,28.618333333333336,596.0
82.02583333333334,28.618055555555557,596.0
82.0261111111111,28.617777777777782,596.0
82.0261111111111,28.617500000000003,596.0
82.0261111111111,28.617222222222225,596.0
82.02638888888889,28.616944444444446,596.0
82.02638888888889,28.61666666666667,595.0
82.02638888888889,28.616388888888892,595.0
82.02638888888889,28.616111111111113,595.0
82.02638888888889,28.615833333333335,595.0
82.02638888888889,28.61555555555556,595.0
82.02638888888889,28.61527777777778,595.0
82.0261111111111,28.615000000000002,595.0
82.02583333333334,28.614722222222223,595.0
82.02555555555556,28.614444444444448,595.0
82.02527777777777,28.61416666666667,595.0
82.025,28.61388888888889,595.0
82.02472222222222,28.613611111111116,594.0
82.02444444444444,28.613611111111116,594.0
82.02416666666667,28.613611111111116,594.0
82.02388888888889,28.613333333333337,594.0
82.02361111111111,28.613055555555558,594.0
82.02333333333334,28.61277777777778,594.0
82.02305555555556,28.61277777777778,594.0
82.02277777777778,28.61277777777778,594.0
82.02250000000001,28.61277777777778,594.0
82.02222222222223,28.61277777777778,594.0
82.02194444444444,28.612500000000004,594.0
82.02166666666666,28.612500000000004,594.0
82.0213888888889,28.612500000000004,593.0
82.02111111111111,28.612500000000004,593.0
82.02083333333333,28.612500000000004,593.0
82.02055555555556,28.612500000000004,593.0
82.02027777777778,28.612500000000004,593.0
82.02,28.612500000000004,593.0
82.01972222222223,28.612500000000004,593.0
82.01944444444445,28.612500000000004,593.0
82.01916666666666,28.612500000000004,593.0
82.0188888888889,28.61277777777778,593.0
82.01861111111111,28.613055555555558,593.0
82.01833333333333,28.613333333333337,593.0
82.01805555555556,28.613611111111116,592.0
82.01777777777778,28.613611111111116,592.0
82.0175,28.613611111111116,592.0
82.01722222222223,28.613611111111116,592.0
82.01694444444445,28.613611111111116,592.0
82.01666666666667,28.61388888888889,592.0
82.01638888888888,28.61416666666667,592.0
82.01611111111112,28.614444444444448,592.0
82.01583333333333,28.614722222222223,592.0
82.01555555555555,28.615000000000002,592.0
82.01527777777778,28.61527777777778,592.0
82.015,28.61555555555556,591.0
82.01472222222222,28.61555555555556,591.0
82.01444444444445,28.61555555555556,591.0
82.01416666666667,28.61555555555556,591.0
82.01388888888889,28.61555555555556,591.0
82.01361111111112,28.61555555555556,591.0
82.01333333333334,28.61555555555556,591.0
82.01305555555555,28.61555555555556,591.0
82.01277777777779,28.61555555555556,591.0
82.0125,28.61555555555556,591.0
82.01222222222222,28.61555555555556,591.0
82.01194444444445,28.61555555555556,591.0
82.01166666666667,28.61555555555556,591.0
82.01138888888889,28.61555555555556,591.0
82.0111111111111,28.61555555555556,591.0
82.01083333333334,28.61555555555556,590.0
82.01055555555556,28.61555555555556,590.0
82.01027777777777,28.61555555555556,590.0
82.01,28.61555555555556,590.0
82.00972222222222,28.61555555555556,590.0
82.00944444444444,28.61555555555556,590.0
82.00916666666667,28.61555555555556,590.0
82.00888888888889,28.61555555555556,590.0
82.00861111111111,28.61555555555556,590.0
82.00833333333334,28.61555555555556,590.0
82.00805555555556,28.61555555555556,590.0
82.00777777777778,28.61555555555556,590.0
82.00750000000001,28.61527777777778,590.0
82.00722222222223,28.615000000000002,589.0
82.00694444444444,28.615000000000002,589.0
82.00666666666667,28.615000000000002,589.0
82.00638888888889,28.615000000000002,589.0
82.00611111111111,28.615000000000002,589.0
82.00583333333333,28.615000000000002,589.0
82.00555555555556,28.615000000000002,589.0
82.00527777777778,28.614722222222223,589.0
82.005,28.614444444444448,589.0
82.00472222222223,28.61416666666667,589.0
82.00444444444445,28.61388888888889,589.0
82.00416666666666,28.613611111111116,588.0
82.00416666666666,28.613333333333337,588.0
82.00416666666666,28.613055555555558,588.0
82.00416666666666,28.61277777777778,588.0
82.00416666666666,28.612500000000004,588.0
82.00416666666666,28.612222222222226,588.0
82.00416666666666,28.611944444444447,588.0
82.00416666666666,28.611666666666668,588.0
82.00416666666666,28.611388888888893,588.0
82.00416666666666,28.611111111111114,588.0
82.00416666666666,28.610833333333336,588.0
82.00444444444445,28.610555555555557,587.0
82.00444444444445,28.61027777777778,587.0
82.00444444444445,28.610000000000003,587.0
82.00444444444445,28.609722222222224,587.0
82.00444444444445,28.609444444444446,587.0
82.00444444444445,28.60916666666667,587.0
82.00444444444445,28.60888888888889,587.0
82.00444444444445,28.608611111111113,587.0
82.00444444444445,28.608333333333334,587.0
82.00472222222223,28.60805555555556,587.0
82.005,28.60777777777778,587.0
82.00527777777778,28.6075,587.0
82.00555555555556,28.607222222222227,586.0
82.00555555555556,28.606944444444448,586.0
82.00583333333333,28.60666666666667,586.0
82.00611111111111,28.60638888888889,586.0
82.00638888888889,28.606111111111115,586.0
82.00638888888889,28.605833333333337,586.0
82.00666666666667,28.605555555555558,586.0
82.00694444444444,28.60527777777778,586.0
82.00694444444444,28.605000000000004,586.0
82.00722222222223,28.604722222222225,586.0
82.00750000000001,28.604444444444447,585.0
82.00777777777778,28.604444444444447,585.0
82.00805555555556,28.604444444444447,585.0
82.00833333333334,28.604166666666668,585.0
82.00861111111111,28.603888888888893,585.0
82.00888888888889,28.603611111111114,585.0
82.00916666666667,28.603333333333335,585.0
82.00944444444444,28.603055555555557,585.0
82.00972222222222,28.60277777777778,585.0
82.01,28.602500000000003,585.0
82.01027777777777,28.602222222222224,585.0
82.01055555555556,28.60194444444445,584.0
82.01055555555556,28.60166666666667,584.0
82.01055555555556,28.60138888888889,584.0
82.01055555555556,28.601111111111113,584.0
82.01055555555556,28.600833333333338,584.0
82.01055555555556,28.60055555555556,584.0
82.01055555555556,28.60027777777778,584.0
82.01055555555556,28.6,584.0
82.01055555555556,28.599722222222226,584.0
82.01083333333334,28.599444444444448,584.0
82.0111111111111,28.59916666666667,584.0
82.01138888888889,28.59888888888889,584.0
82.01166666666667,28.598611111111115,583.0
82.01166666666667,28.598333333333336,583.0
82.01166666666667,28.598055555555558,583.0
82.01166666666667,28.59777777777778,583.0
82.01166666666667,28.597500000000004,583.0
82.01166666666667,28.597222222222225,583.0
82.01166666666667,28.596944444444446,583.0
82.01166666666667,28.59666666666667,583.0
82.01166666666667,28.596388888888892,583.0
82.01166666666667,28.596111111111114,583.0
82.01138888888889,28.595833333333335,583.0
82.0111111111111,28.59555555555556,583.0
82.01083333333334,28.59527777777778,582.0
82.01055555555556,28.595000000000002,582.0
82.01027777777777,28.594722222222224,582.0
82.01,28.59444444444445,582.0
82.00972222222222,28.59416666666667,582.0
82.00944444444444,28.59388888888889,582.0
82.00916666666667,28.593611111111112,582.0
82.00888888888889,28.593333333333337,582.0
82.00861111111111,28.59305555555556,582.0
82.00833333333334,28.59277777777778,581.0
82.00805555555556,28.5925,581.0
82.00777777777778,28.592222222222226,581.0
82.00750000000001,28.591944444444447,581.0
82.00722222222223,28.59166666666667,581.0
82.00694444444444,28.591388888888893,581.0
82.00666666666667,28.591388888888893,581.0
82.00638888888889,28.591111111111115,581.0
82.00611111111111,28.590833333333336,581.0
82.00583333333333,28.590555555555557,581.0
82.00555555555556,28.590277777777782,580.0
82.00527777777778,28.590277777777782,580.0
82.005,28.590277777777782,580.0
82.00472222222223,28.590277777777782,580.0
82.00444444444445,28.590277777777782,580.0
82.00416666666666,28.590277777777782,580.0
82.0038888888889,28.590000000000003,580.0
82.00361111111111,28.589722222222225,580.0
82.00333333333333,28.589722222222225,580.0
82.00305555555556,28.589444444444446,580.0
82.00277777777778,28.58916666666667,580.0
82.0025,28.588888888888892,580.0
82.00222222222223,28.588611111111113,579.0
82.00194444444445,28.588611111111113,579.0
82.00166666666667,28.588333333333335,579.0
82.0013888888889,28.58805555555556,579.0
82.00111111111111,28.58777777777778,579.0
82.00083333333333,28.587500000000002,579.0
82.00083333333333,28.587222222222223,579.0
82.00083333333333,28.58694444444445,579.0
82.00083333333333,28.58666666666667,578.0
82.00083333333333,28.58638888888889,578.0
82.00083333333333,28.586111111111112,578.0
82.00083333333333,28.585833333333337,578.0
82.00083333333333,28.58555555555556,578.0
82.00111111111111,28.58527777777778,578.0
82.00111111111111,28.585000000000004,578.0
82.0013888888889,28.584722222222226,578.0
82.00166666666667,28.584444444444447,578.0
82.00194444444445,28.58416666666667,578.0
82.00222222222223,28.583888888888893,578.0
82.0025,28.583611111111114,577.0
82.0025,28.583333333333336,577.0
82.0025,28.583055555555557,577.0
82.0025,28.582777777777782,577.0
82.0025,28.582500000000003,577.0
82.0025,28.582222222222224,577.0
82.0025,28.581944444444446,577.0
82.0025,28.58166666666667,577.0
82.0025,28.581388888888892,577.0
82.0025,28.581111111111113,577.0
82.0025,28.580833333333334,577.0
82.0025,28.58055555555556,577.0
82.00277777777778,28.58027777777778,577.0
82.00277777777778,28.580000000000002,576.0
82.00277777777778,28.579722222222227,576.0
82.00277777777778,28.579444444444448,576.0
82.00277777777778,28.57916666666667,576.0
82.00277777777778,28.57888888888889,576.0
82.0025,28.578611111111115,576.0
82.00222222222223,28.578333333333337,576.0
82.00194444444445,28.578055555555558,576.0
82.00166666666667,28.57777777777778,576.0
82.0013888888889,28.577500000000004,575.0
82.0013888888889,28.577222222222225,575.0
82.00111111111111,28.576944444444447,575.0
82.00083333333333,28.576666666666668,575.0
82.00055555555555,28.576388888888893,575.0
82.00027777777778,28.576111111111114,575.0
82.0,28.575833333333335,575.0
81.99972222222222,28.575555555555557,575.0
81.99944444444445,28.57527777777778,575.0
81.99916666666667,28.57527777777778,575.0
81.99888888888889,28.575000000000003,575.0
81.99861111111112,28.574722222222224,575.0
81.99833333333333,28.574444444444445,574.0
81.99805555555555,28.574444444444445,574.0
81.99777777777778,28.574444444444445,574.0
81.9975,28.574444444444445,574.0
81.99722222222222,28.57416666666667,574.0
81.99694444444445,28.57416666666667,574.0
81.99666666666667,28.57388888888889,574.0
81.99638888888889,28.573611111111113,574.0
81.99611111111112,28.573333333333338,574.0
81.99611111111112,28.57305555555556,574.0
81.99583333333334,28.57277777777778,574.0
81.99583333333334,28.5725,573.0
81.99555555555555,28.572222222222226,573.0
81.99555555555555,28.571944444444448,573.0
81.99555555555555,28.57166666666667,573.0
81.99555555555555,28.57138888888889,573.0
81.99527777777777,28.571111111111115,573.0
81.99527777777777,28.570833333333336,573.0
81.99527777777777,28.570555555555558,573.0
81.99527777777777,28.57027777777778,573.0
81.99527777777777,28.570000000000004,573.0
81.99527777777777,28.569722222222225,573.0
81.99527777777777,28.569444444444446,573.0
81.99527777777777,28.569166666666668,573.0
81.99527777777777,28.568888888888893,573.0
81.99527777777777,28.568611111111114,573.0
81.99527777777777,28.568333333333335,573.0
81.99527777777777,28.56805555555556,573.0
81.99527777777777,28.56777777777778,573.0
81.99555555555555,28.567500000000003,573.0
81.99583333333334,28.567222222222224,573.0
81.99611111111112,28.56694444444445,573.0
81.99638888888889,28.56666666666667,572.0
81.99666666666667,28.56666666666667,572.0
81.99694444444445,28.56666666666667,572.0
81.99722222222222,28.56638888888889,572.0
81.9975,28.56638888888889,572.0
81.99777777777778,28.566111111111113,572.0
81.99805555555555,28.565833333333337,572.0
81.99833333333333,28.56555555555556,572.0
81.99861111111112,28.56555555555556,572.0
81.99888888888889,28.56527777777778,572.0
81.99916666666667,28.565,572.0
81.99944444444445,28.564722222222226,572.0
81.99972222222222,28.564444444444447,572.0
82.0,28.56416666666667,572.0
82.00027777777778,28.56388888888889,572.0
82.00055555555555,28.563611111111115,572.0
82.00083333333333,28.563333333333336,572.0
82.00111111111111,28.563055555555557,571.0
82.0013888888889,28.563055555555557,571.0
82.00166666666667,28.563055555555557,571.0
82.00194444444445,28.563055555555557,571.0
82.00222222222223,28.563055555555557,571.0
82.0025,28.563055555555557,571.0
82.00277777777778,28.563055555555557,570.0
82.00305555555556,28.563055555555557,570.0
82.00333333333333,28.563055555555557,570.0
82.00361111111111,28.563055555555557,570.0
82.0038888888889,28.562777777777782,570.0
82.00416666666666,28.562500000000004,569.0
82.00416666666666,28.562222222222225,569.0
82.00444444444445,28.561944444444446,569.0
82.00472222222223,28.56166666666667,569.0
82.005,28.561388888888892,569.0
82.00527777777778,28.561111111111114,568.0
82.00527777777778,28.560833333333335,568.0
82.00555555555556,28.56055555555556,568.0
82.00583333333333,28.56027777777778,568.0
82.00611111111111,28.560000000000002,568.0
82.00638888888889,28.559722222222224,567.0
82.00638888888889,28.55944444444445,567.0
82.00666666666667,28.55916666666667,567.0
82.00694444444444,28.55888888888889,567.0
82.00722222222223,28.558611111111112,567.0
82.00750000000001,28.558333333333337,567.0
82.00777777777778,28.55805555555556,566.0
82.00777777777778,28.55777777777778,566.0
82.00777777777778,28.557500000000005,566.0
82.00777777777778,28.557222222222226,566.0
82.00805555555556,28.556944444444447,566.0
82.00833333333334,28.55666666666667,566.0
82.00861111111111,28.556388888888893,565.0
82.00861111111111,28.556111111111115,565.0
82.00861111111111,28.555833333333336,565.0
82.00861111111111,28.555555555555557,565.0
82.00861111111111,28.555277777777782,565.0
82.00888888888889,28.555000000000003,565.0
82.00916666666667,28.554722222222225,565.0
82.00944444444444,28.554444444444446,565.0
82.00972222222222,28.55416666666667,564.0
82.00972222222222,28.553888888888892,564.0
82.00972222222222,28.553611111111113,564.0
82.00972222222222,28.553333333333335,564.0
82.00972222222222,28.55305555555556,564.0
82.00972222222222,28.55277777777778,564.0
82.00972222222222,28.552500000000002,564.0
82.00972222222222,28.552222222222223,564.0
82.00972222222222,28.551944444444448,564.0
82.00972222222222,28.55166666666667,564.0
82.00972222222222,28.55138888888889,564.0
82.00972222222222,28.551111111111116,564.0
82.00972222222222,28.550833333333337,564.0
82.00972222222222,28.550555555555558,564.0
82.01,28.55027777777778,563.0
82.01027777777777,28.55027777777778,563.0
82.01055555555556,28.550000000000004,563.0
82.01083333333334,28.550000000000004,563.0
82.0111111111111,28.550000000000004,563.0
82.01138888888889,28.549722222222226,563.0
82.01166666666667,28.549722222222226,563.0
82.01194444444445,28.549722222222226,563.0
82.01222222222222,28.549444444444447,563.0
82.0125,28.549166666666668,563.0
82.01277777777779,28.548888888888893,563.0
82.01305555555555,28.548611111111114,563.0
82.01333333333334,28.548333333333336,563.0
82.01361111111112,28.548055555555557,562.0
82.01388888888889,28.548055555555557,562.0
82.01416666666667,28.54777777777778,562.0
82.01444444444445,28.547500000000003,562.0
82.01472222222222,28.547222222222224,562.0
82.015,28.546944444444446,562.0
82.01527777777778,28.54666666666667,562.0
82.01555555555555,28.54638888888889,562.0
82.01583333333333,28.546111111111113,562.0
82.01583333333333,28.545833333333334,562.0
82.01611111111112,28.54555555555556,561.0
82.01638888888888,28.54527777777778,561.0
82.01666666666667,28.545,561.0
82.01694444444445,28.544722222222227,561.0
82.01694444444445,28.544444444444448,561.0
82.01722222222223,28.54416666666667,561.0
82.01722222222223,28.54388888888889,561.0
82.0175,28.543611111111115,561.0
82.0175,28.543333333333337,561.0
82.0175,28.543055555555558,561.0
82.01777777777778,28.54277777777778,561.0
82.01805555555556,28.542500000000004,561.0
82.01833333333333,28.542222222222225,560.0
82.01833333333333,28.541944444444447,560.0
82.01833333333333,28.541666666666668,560.0
82.01833333333333,28.541388888888893,560.0
82.01833333333333,28.541111111111114,560.0
82.01833333333333,28.540833333333335,560.0
82.01833333333333,28.540555555555557,560.0
82.01833333333333,28.54027777777778,560.0
82.01833333333333,28.540000000000003,560.0
82.01861111111111,28.539722222222224,560.0
82.01861111111111,28.53944444444445,560.0
82.01861111111111,28.53916666666667,560.0
82.01861111111111,28.53888888888889,560.0
82.01861111111111,28.538611111111113,559.0
82.01861111111111,28.538333333333338,559.0
82.01861111111111,28.53805555555556,559.0
82.01861111111111,28.53777777777778,559.0
82.01861111111111,28.5375,559.0
82.01861111111111,28.537222222222226,559.0
82.01861111111111,28.536944444444448,559.0
82.01861111111111,28.53666666666667,559.0
82.01861111111111,28.53638888888889,559.0
82.01861111111111,28.536111111111115,559.0
82.01861111111111,28.535833333333336,559.0
82.01861111111111,28.535555555555558,559.0
82.0188888888889,28.53527777777778,559.0
82.01916666666666,28.535000000000004,559.0
82.01944444444445,28.534722222222225,558.0
82.01944444444445,28.534444444444446,558.0
82.01944444444445,28.53416666666667,558.0
82.01944444444445,28.533888888888892,558.0
82.01944444444445,28.533611111111114,558.0
82.01944444444445,28.533333333333335,558.0
82.01944444444445,28.53305555555556,558.0
82.01944444444445,28.53277777777778,558.0
82.01944444444445,28.532500000000002,558.0
82.01944444444445,28.532222222222224,558.0
82.01944444444445,28.53194444444445,558.0
82.01944444444445,28.53166666666667,558.0
82.01916666666666,28.53138888888889,558.0
82.01916666666666,28.531111111111112,558.0
82.0188888888889,28.530833333333337,557.0
82.0188888888889,28.53055555555556,557.0
82.0188888888889,28.53027777777778,557.0
82.0188888888889,28.53,557.0
82.0188888888889,28.529722222222226,557.0
82.0188888888889,28.529444444444447,557.0
82.0188888888889,28.52916666666667,557.0
82.0188888888889,28.528888888888893,557.0
82.01861111111111,28.528611111111115,557.0
82.01833333333333,28.528333333333336,557.0
82.01805555555556,28.528055555555557,557.0
82.01777777777778,28.527777777777782,557.0
82.0175,28.527500000000003,557.0
82.01722222222223,28.527222222222225,556.0
82.0175,28.526944444444446,556.0
82.01777777777778,28.526944444444446,556.0
82.01805555555556,28.526944444444446,556.0
82.01833333333333,28.526944444444446,556.0
82.01861111111111,28.52666666666667,556.0
82.0188888888889,28.526388888888892,556.0
82.01916666666666,28.526388888888892,556.0
82.01944444444445,28.526388888888892,556.0
82.01972222222223,28.526388888888892,556.0
82.02,28.526388888888892,556.0
82.02027777777778,28.526388888888892,556.0
82.02055555555556,28.526111111111113,556.0
82.02083333333333,28.525833333333335,556.0
82.02111111111111,28.52555555555556,555.0
82.0213888888889,28.52555555555556,555.0
82.02166666666666,28.52555555555556,555.0
82.02194444444444,28.52555555555556,555.0
82.02222222222223,28.52527777777778,555.0
82.02250000000001,28.525000000000002,555.0
82.02277777777778,28.524722222222223,555.0
82.02305555555556,28.52444444444445,555.0
82.02333333333334,28.52416666666667,555.0
82.02361111111111,28.52388888888889,555.0
82.02388888888889,28.523611111111116,554.0
82.02416666666667,28.523333333333337,554.0
82.02444444444444,28.52305555555556,554.0
82.02472222222222,28.52277777777778,554.0
82.025,28.522500000000004,554.0
82.02527777777777,28.522222222222226,554.0
82.02527777777777,28.521944444444447,554.0
82.02555555555556,28.52166666666667,554.0
82.02583333333334,28.521388888888893,554.0
82.0261111111111,28.521111111111114,553.0
82.0261111111111,28.520833333333336,553.0
82.0261111111111,28.520555555555557,553.0
82.0261111111111,28.520277777777782,553.0
82.02638888888889,28.520000000000003,553.0
82.02666666666667,28.519722222222224,553.0
82.02694444444444,28.519444444444446,553.0
82.02722222222222,28.51916666666667,553.0
82.0275,28.518888888888892,553.0
82.02777777777779,28.518611111111113,553.0
82.02805555555555,28.518333333333334,552.0
82.02805555555555,28.51805555555556,552.0
82.02805555555555,28.51777777777778,552.0
82.02805555555555,28.517500000000002,552.0
82.02777777777779,28.517222222222227,552.0
82.0275,28.516944444444448,552.0
82.02722222222222,28.51666666666667,552.0
82.02694444444444,28.51638888888889,552.0
82.02666666666667,28.516111111111115,552.0
82.02638888888889,28.516111111111115,552.0
82.0261111111111,28.515833333333337,551.0
82.02583333333334,28.515555555555558,551.0
82.02555555555556,28.51527777777778,551.0
82.02527777777777,28.51527777777778,551.0
82.025,28.51527777777778,551.0
82.02472222222222,28.515000000000004,551.0
82.02444444444444,28.515000000000004,551.0
82.02416666666667,28.515000000000004,551.0
82.02388888888889,28.514722222222225,551.0
82.02361111111111,28.514444444444447,551.0
82.02333333333334,28.514166666666668,551.0
82.02305555555556,28.513888888888893,550.0
82.02277777777778,28.513888888888893,550.0
82.02250000000001,28.513611111111114,550.0
82.02222222222223,28.513333333333335,550.0
82.02194444444444,28.513055555555557,550.0
82.02166666666666,28.51277777777778,550.0
82.0213888888889,28.512500000000003,550.0
82.02111111111111,28.512222222222224,550.0
82.02083333333333,28.511944444444445,550.0
82.02055555555556,28.51166666666667,550.0
82.02027777777778,28.51138888888889,549.0
82.02027777777778,28.511111111111113,549.0
82.02027777777778,28.510833333333338,549.0
82.02027777777778,28.51055555555556,549.0
82.02027777777778,28.51027777777778,549.0
82.02027777777778,28.51,549.0
82.02027777777778,28.509722222222226,549.0
82.02027777777778,28.509444444444448,549.0
82.02027777777778,28.50916666666667,549.0
82.02027777777778,28.50888888888889,549.0
82.02027777777778,28.508611111111115,549.0
82.02027777777778,28.508333333333336,549.0
82.02027777777778,28.508055555555558,549.0
82.02027777777778,28.50777777777778,548.0
82.02055555555556,28.507500000000004,548.0
82.02055555555556,28.507222222222225,548.0
82.02055555555556,28.506944444444446,548.0
82.02083333333333,28.506666666666668,548.0
82.02083333333333,28.506388888888893,548.0
82.02111111111111,28.506111111111114,548.0
82.0213888888889,28.505833333333335,548.0
82.02166666666666,28.50555555555556,548.0
82.02194444444444,28.50527777777778,548.0
82.02222222222223,28.505000000000003,547.0
82.02222222222223,28.504722222222224,547.0
82.02222222222223,28.50444444444445,547.0
82.02250000000001,28.50416666666667,547.0
82.02277777777778,28.50388888888889,547.0
82.02305555555556,28.503611111111113,547.0
82.02333333333334,28.503333333333337,547.0
82.02361111111111,28.50305555555556,547.0
82.02388888888889,28.50277777777778,547.0
82.02416666666667,28.5025,547.0
82.02444444444444,28.502222222222226,546.0
82.02444444444444,28.501944444444447,546.0
82.02472222222222,28.50166666666667,546.0
82.025,28.50138888888889,546.0
82.025,28.501111111111115,546.0
82.025,28.500833333333336,546.0
82.025,28.500555555555557,546.0
82.025,28.500277777777782,546.0
82.025,28.500000000000004,546.0
82.025,28.499722222222225,546.0
82.025,28.499444444444446,546.0
82.025,28.49916666666667,546.0
82.025,28.498888888888892,545.0
82.025,28.498611111111114,545.0
82.02472222222222,28.498333333333335,545.0
82.02444444444444,28.49805555555556,545.0
82.02416666666667,28.49777777777778,545.0
82.02388888888889,28.497500000000002,545.0
82.02361111111111,28.497222222222224,545.0
82.02333333333334,28.49694444444445,545.0
82.02305555555556,28.49666666666667,545.0
82.02277777777778,28.49638888888889,544.0
82.02277777777778,28.496111111111112,544.0
82.02277777777778,28.495833333333337,544.0
82.02277777777778,28.49555555555556,544.0
82.02277777777778,28.49527777777778,544.0
82.02250000000001,28.495000000000005,544.0
82.02222222222223,28.494722222222226,544.0
82.02194444444444,28.494444444444447,544.0
82.02166666666666,28.49416666666667,544.0
82.0213888888889,28.493888888888893,543.0
82.0213888888889,28.493611111111115,543.0
82.0213888888889,28.493333333333336,543.0
82.0213888888889,28.493055555555557,543.0
82.0213888888889,28.492777777777782,543.0
82.02111111111111,28.492500000000003,543.0
82.02083333333333,28.492222222222225,543.0
82.02055555555556,28.491944444444446,543.0
82.02027777777778,28.49166666666667,543.0
82.02,28.491388888888892,542.0
82.01972222222223,28.491111111111113,542.0
82.01944444444445,28.490833333333335,542.0
82.01916666666666,28.49055555555556,542.0
82.0188888888889,28.49027777777778,542.0
82.01861111111111,28.490000000000002,542.0
82.01833333333333,28.489722222222223,542.0
82.01805555555556,28.489444444444448,542.0
82.01777777777778,28.48916666666667,541.0
82.01777777777778,28.48888888888889,541.0
82.0175,28.488611111111116,541.0
82.01722222222223,28.488333333333337,541.0
82.01694444444445,28.488055555555558,541.0
82.01666666666667,28.48777777777778,541.0
82.01638888888888,28.487500000000004,541.0
82.01611111111112,28.487222222222226,541.0
82.01583333333333,28.486944444444447,540.0
82.01583333333333,28.486666666666668,540.0
82.01555555555555,28.486388888888893,540.0
82.01527777777778,28.486111111111114,540.0
82.015,28.485833333333336,540.0
82.01472222222222,28.485555555555557,540.0
82.01444444444445,28.48527777777778,540.0
82.01416666666667,28.485000000000003,540.0
82.01388888888889,28.484722222222224,539.0
82.01361111111112,28.484444444444446,539.0
82.01333333333334,28.48416666666667,539.0
82.01305555555555,28.48388888888889,539.0
82.01277777777779,28.483611111111113,539.0
82.0125,28.483333333333334,539.0
82.01222222222222,28.48305555555556,539.0
82.01194444444445,28.48277777777778,539.0
82.01166666666667,28.4825,538.0
82.01166666666667,28.482222222222227,538.0
82.01138888888889,28.481944444444448,538.0
82.0111111111111,28.48166666666667,538.0
82.01083333333334,28.48138888888889,538.0
82.01055555555556,28.481111111111115,538.0
82.01027777777777,28.480833333333337,538.0
82.01,28.480555555555558,538.0
82.00972222222222,28.48027777777778,537.0
82.00972222222222,28.480000000000004,537.0
82.00972222222222,28.479722222222225,537.0
82.00972222222222,28.479444444444447,537.0
82.00972222222222,28.479166666666668,537.0
82.00944444444444,28.478888888888893,537.0
82.00916666666667,28.478611111111114,537.0
82.00916666666667,28.478333333333335,537.0
82.00888888888889,28.478055555555557,537.0
82.00888888888889,28.47777777777778,537.0
82.00888888888889,28.477500000000003,536.0
82.00888888888889,28.477222222222224,536.0
82.00888888888889,28.47694444444445,536.0
82.00888888888889,28.47666666666667,536.0
82.00916666666667,28.47638888888889,536.0
82.00944444444444,28.476111111111113,536.0
82.00972222222222,28.475833333333338,536.0
82.01,28.47555555555556,536.0
82.01027777777777,28.47527777777778,536.0
82.01055555555556,28.475,535.0
82.01055555555556,28.474722222222226,535.0
82.01055555555556,28.474444444444448,535.0
82.01055555555556,28.47416666666667,535.0
82.01083333333334,28.47388888888889,535.0
82.01083333333334,28.473611111111115,535.0
82.01083333333334,28.473333333333336,535.0
82.0111111111111,28.473055555555558,535.0
82.0111111111111,28.47277777777778,535.0
82.0111111111111,28.472500000000004,535.0
82.01083333333334,28.472222222222225,534.0
82.01083333333334,28.471944444444446,534.0
82.01083333333334,28.47166666666667,534.0
82.01083333333334,28.471388888888892,534.0
82.01083333333334,28.471111111111114,534.0
82.01083333333334,28.470833333333335,534.0
82.01083333333334,28.47055555555556,534.0
82.01083333333334,28.47027777777778,534.0
82.01083333333334,28.470000000000002,534.0
82.01083333333334,28.469722222222224,534.0
82.01083333333334,28.46944444444445,533.0
82.01083333333334,28.46916666666667,533.0
82.01055555555556,28.46888888888889,533.0
82.01027777777777,28.468611111111112,533.0
82.01,28.468333333333337,533.0
82.00972222222222,28.46805555555556,533.0
82.00944444444444,28.46777777777778,533.0
82.00916666666667,28.4675,533.0
82.00888888888889,28.467222222222226,532.0
82.00861111111111,28.467222222222226,532.0
82.00833333333334,28.467222222222226,532.0
82.00805555555556,28.467222222222226,532.0
82.00777777777778,28.467222222222226,532.0
82.00750000000001,28.467222222222226,532.0
82.00722222222223,28.467222222222226,532.0
82.00694444444444,28.467222222222226,532.0
82.00666666666667,28.467222222222226,532.0
82.00638888888889,28.467222222222226,532.0
82.00611111111111,28.467222222222226,531.0
82.00583333333333,28.467222222222226,531.0
82.00555555555556,28.467222222222226,531.0
82.00527777777778,28.467222222222226,531.0
82.005,28.467222222222226,531.0
82.00472222222223,28.466944444444447,531.0
82.00444444444445,28.46666666666667,531.0
82.00416666666666,28.466388888888893,531.0
82.0038888888889,28.466111111111115,530.0
82.0038888888889,28.465833333333336,530.0
82.00361111111111,28.465555555555557,530.0
82.00333333333333,28.465277777777782,530.0
82.00305555555556,28.465000000000003,530.0
82.00277777777778,28.464722222222225,530.0
82.0025,28.464444444444446,530.0
82.00222222222223,28.46416666666667,529.0
82.00194444444445,28.46416666666667,529.0
82.00166666666667,28.46416666666667,529.0
82.0013888888889,28.46416666666667,529.0
82.00111111111111,28.46416666666667,529.0
82.00083333333333,28.46416666666667,529.0
82.00055555555555,28.46416666666667,529.0
82.00027777777778,28.46416666666667,529.0
82.0,28.46416666666667,529.0
81.99972222222222,28.46416666666667,529.0
81.99944444444445,28.46416666666667,529.0
81.99916666666667,28.46416666666667,529.0
81.99888888888889,28.46416666666667,528.0
81.99861111111112,28.46416666666667,528.0
81.99833333333333,28.46416666666667,528.0
81.99805555555555,28.463888888888892,528.0
81.99777777777778,28.463888888888892,528.0
81.9975,28.463611111111113,528.0
81.99722222222222,28.463611111111113,528.0
81.99694444444445,28.463611111111113,528.0
81.99666666666667,28.463611111111113,528.0
81.99638888888889,28.463333333333335,528.0
81.99611111111112,28.463333333333335,528.0
81.99583333333334,28.463333333333335,529.0
81.99555555555555,28.463333333333335,529.0
81.99527777777777,28.463333333333335,529.0
81.995,28.463333333333335,527.0
81.99472222222222,28.463333333333335,527.0
81.99444444444444,28.463333333333335,527.0
81.99416666666667,28.463333333333335,527.0
81.99388888888889,28.463333333333335,527.0
81.99361111111111,28.463333333333335,527.0
81.99333333333334,28.463333333333335,527.0
81.99305555555556,28.463333333333335,526.0
81.99277777777777,28.46305555555556,526.0
81.9925,28.46305555555556,526.0
81.99222222222222,28.46277777777778,526.0
81.99194444444444,28.46277777777778,526.0
81.99166666666667,28.46277777777778,526.0
81.99138888888889,28.462500000000002,526.0
81.99111111111111,28.462222222222223,526.0
81.99083333333334,28.46194444444445,526.0
81.99055555555556,28.46166666666667,526.0
81.99027777777778,28.46138888888889,525.0
81.99,28.461111111111116,525.0
81.98972222222223,28.460833333333337,525.0
81.98944444444444,28.46055555555556,525.0
81.98916666666666,28.46027777777778,525.0
81.9888888888889,28.460000000000004,525.0
81.98861111111111,28.459722222222226,525.0
81.98833333333333,28.459444444444447,524.0
81.98805555555556,28.45916666666667,527.0
81.98777777777778,28.458888888888893,528.0
81.9875,28.458611111111114,528.0
81.98722222222223,28.458333333333336,527.0
81.98694444444445,28.458055555555557,526.0
81.98666666666666,28.457777777777782,524.0
81.9863888888889,28.457777777777782,523.0
81.98611111111111,28.457500000000003,523.0
81.98583333333333,28.457222222222224,523.0
81.98555555555556,28.456944444444446,523.0
81.98527777777778,28.45666666666667,523.0
81.985,28.456388888888892,523.0
81.98472222222222,28.456111111111113,523.0
81.98444444444445,28.455833333333334,522.0
81.98444444444445,28.45555555555556,529.0
81.98416666666667,28.45527777777778,522.0
81.98388888888888,28.455000000000002,522.0
81.98388888888888,28.454722222222227,522.0
81.98388888888888,28.454444444444448,522.0
81.98361111111112,28.45416666666667,522.0
81.98333333333333,28.45388888888889,522.0
81.98333333333333,28.453611111111115,521.0
81.98333333333333,28.453333333333337,521.0
81.98333333333333,28.453055555555558,521.0
81.98361111111112,28.45277777777778,521.0
81.98388888888888,28.452500000000004,521.0
81.98416666666667,28.452222222222225,521.0
81.98444444444445,28.451944444444447,521.0
81.98472222222222,28.451666666666668,521.0
81.985,28.451388888888893,521.0
81.98527777777778,28.451111111111114,520.0
81.98555555555556,28.450833333333335,520.0
81.98555555555556,28.450555555555557,528.0
81.98583333333333,28.45027777777778,528.0
81.98611111111111,28.450000000000003,526.0
81.98611111111111,28.449722222222224,529.0
81.9863888888889,28.449444444444445,520.0
81.9863888888889,28.44916666666667,519.0
81.9863888888889,28.44888888888889,522.0
81.9863888888889,28.448611111111113,523.0
81.9863888888889,28.448333333333338,525.0
81.9863888888889,28.44805555555556,519.0
81.98611111111111,28.44777777777778,527.0
81.98583333333333,28.4475,529.0
81.98555555555556,28.447222222222226,525.0
81.98527777777778,28.446944444444448,518.0
81.985,28.446944444444448,518.0
81.98472222222222,28.446944444444448,524.0
81.98444444444445,28.44666666666667,518.0
81.98416666666667,28.44666666666667,518.0
81.98388888888888,28.44638888888889,518.0
81.98361111111112,28.44638888888889,529.0
81.98333333333333,28.446111111111115,518.0
81.98305555555555,28.446111111111115,528.0
81.98277777777778,28.445833333333336,517.0
81.9825,28.445833333333336,517.0
81.98222222222222,28.445833333333336,517.0
81.98194444444445,28.445833333333336,517.0
81.98166666666667,28.445833333333336,517.0
81.98138888888889,28.445833333333336,517.0
81.98111111111112,28.445833333333336,517.0
81.98083333333334,28.445833333333336,528.0
81.98055555555555,28.445555555555558,517.0
81.98027777777779,28.445555555555558,521.0
81.98,28.445555555555558,521.0
81.97972222222222,28.445555555555558,516.0
81.97944444444444,28.445555555555558,516.0
81.97916666666667,28.445555555555558,516.0
81.97888888888889,28.445555555555558,516.0
81.9786111111111,28.445555555555558,516.0
81.97833333333334,28.445555555555558,516.0
81.97805555555556,28.445555555555558,516.0
81.97777777777777,28.445555555555558,516.0
81.9775,28.445555555555558,526.0
81.97722222222222,28.445833333333336,515.0
81.97694444444444,28.445833333333336,515.0
81.97666666666667,28.445833333333336,515.0
81.97638888888889,28.445833333333336,515.0
81.97611111111111,28.445833333333336,515.0
81.97583333333334,28.445833333333336,515.0
81.97555555555556,28.445833333333336,524.0
81.97527777777778,28.445833333333336,529.0
81.97500000000001,28.445833333333336,529.0
81.97472222222223,28.445833333333336,529.0
81.97444444444444,28.446111111111115,515.0
81.97416666666666,28.446111111111115,515.0
81.9738888888889,28.446111111111115,520.0
81.97361111111111,28.446111111111115,524.0
81.97333333333333,28.446111111111115,524.0
81.97305555555556,28.446111111111115,520.0
81.97277777777778,28.446111111111115,521.0
81.9725,28.446111111111115,526.0
81.97222222222223,28.44638888888889,514.0
81.97194444444445,28.44638888888889,514.0
81.97166666666666,28.44638888888889,514.0
81.9713888888889,28.44638888888889,519.0
81.97111111111111,28.44638888888889,524.0
81.97083333333333,28.44638888888889,526.0
81.97055555555556,28.44666666666667,513.0
81.97027777777778,28.44666666666667,518.0
81.97,28.44666666666667,524.0
81.96972222222223,28.446944444444448,517.0
81.96944444444445,28.446944444444448,526.0
81.96916666666667,28.447222222222226,522.0
81.96888888888888,28.447222222222226,526.0
81.96861111111112,28.4475,513.0
81.96833333333333,28.4475,524.0
81.96805555555555,28.44777777777778,512.0
81.96777777777778,28.44777777777778,527.0
81.9675,28.44805555555556,512.0
81.96722222222222,28.448333333333338,512.0
81.96694444444445,28.448611111111113,512.0
81.96666666666667,28.44888888888889,512.0
81.96638888888889,28.44916666666667,512.0
81.96611111111112,28.449444444444445,512.0
81.96583333333334,28.449722222222224,511.0
81.96555555555555,28.450000000000003,511.0
81.96527777777779,28.45027777777778,511.0
81.965,28.450555555555557,511.0
81.96472222222222,28.450833333333335,520.0
81.96444444444444,28.451111111111114,516.0
81.96416666666667,28.451111111111114,518.0
81.96388888888889,28.451111111111114,520.0
81.9636111111111,28.451111111111114,520.0
81.96333333333334,28.451111111111114,520.0
81.96305555555556,28.451111111111114,518.0
81.96277777777777,28.450833333333335,521.0
81.9625,28.450555555555557,521.0
81.96222222222222,28.45027777777778,524.0
81.96222222222222,28.450000000000003,527.0
81.96222222222222,28.449722222222224,527.0
81.96222222222222,28.449444444444445,529.0
81.96194444444444,28.44916666666667,523.0
81.96194444444444,28.44888888888889,524.0
81.96194444444444,28.448611111111113,525.0
81.96194444444444,28.448333333333338,526.0
81.96194444444444,28.44805555555556,523.0
81.96194444444444,28.44777777777778,524.0
81.96166666666667,28.4475,521.0
81.96138888888889,28.447222222222226,508.0
81.96111111111111,28.446944444444448,508.0
81.96083333333334,28.44666666666667,508.0
81.96055555555556,28.44638888888889,508.0
81.96027777777778,28.446111111111115,507.0
81.96000000000001,28.445833333333336,507.0
81.95972222222223,28.445833333333336,524.0
81.95944444444444,28.445555555555558,513.0
81.95916666666666,28.445555555555558,521.0
81.9588888888889,28.44527777777778,507.0
81.95861111111111,28.44527777777778,507.0
81.95833333333333,28.44527777777778,507.0
81.95805555555556,28.44527777777778,514.0
81.95777777777778,28.44527777777778,518.0
81.9575,28.44527777777778,518.0
81.95722222222223,28.44527777777778,516.0
81.95694444444445,28.44527777777778,506.0
81.95666666666666,28.44527777777778,514.0
81.9563888888889,28.44527777777778,516.0
81.95611111111111,28.44527777777778,518.0
81.95583333333333,28.44527777777778,521.0
81.95555555555556,28.44527777777778,520.0
81.95527777777778,28.44527777777778,516.0
81.955,28.44527777777778,505.0
81.95472222222223,28.44527777777778,505.0
81.95444444444445,28.44527777777778,505.0
81.95416666666667,28.44527777777778,505.0
81.95388888888888,28.44527777777778,505.0
81.95361111111112,28.44527777777778,505.0
81.95333333333333,28.44527777777778,505.0
81.95305555555555,28.44527777777778,505.0
81.95277777777778,28.44527777777778,504.0
81.9525,28.44527777777778,504.0
81.95222222222222,28.44527777777778,504.0
81.95194444444445,28.44527777777778,504.0
81.95166666666667,28.44527777777778,504.0
81.95138888888889,28.44527777777778,504.0
81.95111111111112,28.44527777777778,504.0
81.95083333333334,28.44527777777778,504.0
81.95055555555555,28.44527777777778,504.0
81.95027777777779,28.44527777777778,504.0
81.95,28.44527777777778,503.0
81.94972222222222,28.44527777777778,503.0
81.94944444444445,28.44527777777778,503.0
81.94916666666667,28.44527777777778,503.0
81.94888888888889,28.44527777777778,503.0
81.9486111111111,28.44527777777778,508.0
81.94833333333334,28.44527777777778,503.0
81.94805555555556,28.445555555555558,514.0
81.94777777777777,28.445555555555558,525.0
81.9475,28.445833333333336,510.0
81.94722222222222,28.445833333333336,516.0
81.94694444444444,28.445833333333336,526.0
81.94666666666667,28.446111111111115,522.0
81.94638888888889,28.44638888888889,517.0
81.94611111111111,28.44666666666667,502.0
81.94583333333334,28.44666666666667,518.0
81.94555555555556,28.446944444444448,502.0
81.94527777777778,28.446944444444448,519.0
81.94500000000001,28.446944444444448,525.0
81.94472222222223,28.447222222222226,514.0
81.94444444444444,28.447222222222226,523.0
81.94416666666667,28.4475,518.0
81.94388888888889,28.44777777777778,512.0
81.94361111111111,28.44777777777778,523.0
81.94333333333333,28.44805555555556,514.0
81.94305555555556,28.44805555555556,523.0
81.94277777777778,28.448333333333338,515.0
81.9425,28.448333333333338,521.0
81.94222222222223,28.448611111111113,516.0
81.94194444444445,28.448611111111113,521.0
81.94166666666666,28.448611111111113,527.0
81.9413888888889,28.448611111111113,528.0
81.94111111111111,28.44888888888889,527.0
81.94083333333333,28.44916666666667,520.0
81.94055555555556,28.44916666666667,521.0
81.94027777777778,28.44916666666667,525.0
81.94,28.44916666666667,524.0
81.93972222222223,28.44916666666667,522.0
81.93944444444445,28.44916666666667,522.0
81.93916666666667,28.44916666666667,524.0
81.9388888888889,28.44916666666667,526.0
81.93861111111111,28.449444444444445,522.0
81.93833333333333,28.449444444444445,527.0
81.93805555555555,28.449444444444445,528.0
81.93777777777778,28.449722222222224,522.0
81.9375,28.449722222222224,526.0
81.93722222222222,28.450000000000003,521.0
81.93694444444445,28.450000000000003,524.0
81.93666666666667,28.45027777777778,517.0
81.93638888888889,28.45027777777778,519.0
81.93611111111112,28.45027777777778,519.0
81.93583333333333,28.45027777777778,518.0
81.93555555555555,28.45027777777778,515.0
81.93527777777778,28.45027777777778,514.0
81.935,28.450000000000003,516.0
81.93472222222222,28.449722222222224,516.0
81.93444444444445,28.449444444444445,516.0
81.93416666666667,28.44916666666667,515.0
81.93388888888889,28.44888888888889,515.0
81.93361111111112,28.448611111111113,514.0
81.93333333333334,28.448333333333338,513.0
81.93305555555555,28.44805555555556,515.0
81.93277777777777,28.44777777777778,515.0
81.9325,28.4475,521.0
81.93222222222222,28.447222222222226,523.0
81.93194444444444,28.446944444444448,518.0
81.93166666666667,28.44666666666667,508.0
81.93138888888889,28.44638888888889,502.0
81.93111111111111,28.446111111111115,516.0
81.93083333333334,28.445833333333336,512.0
81.93083333333334,28.445555555555558,525.0
81.93055555555556,28.44527777777778,521.0
81.93055555555556,28.445000000000004,526.0
81.93055555555556,28.444722222222225,521.0
81.93055555555556,28.444444444444446,519.0
81.93055555555556,28.444166666666668,519.0
81.93055555555556,28.443888888888893,521.0
81.93055555555556,28.443611111111114,525.0
81.93055555555556,28.443333333333335,529.0
81.93027777777777,28.44305555555556,527.0
81.93027777777777,28.44277777777778,529.0
81.93027777777777,28.442500000000003,527.0
81.93027777777777,28.442222222222224,525.0
81.93027777777777,28.44194444444445,522.0
81.93027777777777,28.44166666666667,520.0
81.93027777777777,28.44138888888889,518.0
81.93027777777777,28.441111111111113,519.0
81.93027777777777,28.440833333333337,518.0
81.93027777777777,28.44055555555556,519.0
81.93027777777777,28.44027777777778,523.0
81.93027777777777,28.44,518.0
81.93027777777777,28.439722222222226,503.0
81.93027777777777,28.439444444444447,490.0
81.93027777777777,28.43916666666667,487.0
81.93027777777777,28.43888888888889,487.0
81.93027777777777,28.438611111111115,487.0
81.93027777777777,28.438333333333336,487.0
81.93,28.438055555555557,487.0
81.93,28.437777777777782,487.0
81.93,28.437500000000004,487.0
81.92972222222222,28.437222222222225,487.0
81.92944444444444,28.436944444444446,487.0
81.92916666666667,28.43666666666667,486.0
81.92888888888889,28.436388888888892,486.0
81.92861111111111,28.436111111111114,486.0
81.92833333333334,28.436111111111114,486.0
81.92805555555556,28.435833333333335,486.0
81.92777777777778,28.435833333333335,486.0
81.9275,28.435833333333335,486.0
81.92722222222223,28.435833333333335,486.0
81.92694444444444,28.435833333333335,486.0
81.92666666666666,28.436111111111114,486.0
81.9263888888889,28.436388888888892,486.0
81.92611111111111,28.436388888888892,486.0
81.92583333333333,28.43666666666667,486.0
81.92555555555556,28.43666666666667,486.0
81.92527777777778,28.43666666666667,486.0
81.925,28.436944444444446,486.0
81.92472222222223,28.436944444444446,486.0
81.92444444444445,28.436944444444446,486.0
81.92416666666666,28.436944444444446,486.0
81.9238888888889,28.436944444444446,486.0
81.92361111111111,28.436944444444446,486.0
81.92333333333333,28.437222222222225,486.0
81.92305555555556,28.437222222222225,486.0
81.92277777777778,28.437222222222225,486.0
81.9225,28.437222222222225,486.0
81.92222222222222,28.437222222222225,486.0
81.92194444444445,28.437222222222225,486.0
81.92166666666667,28.437222222222225,486.0
81.92138888888888,28.437222222222225,486.0
81.92111111111112,28.437500000000004,486.0
81.92083333333333,28.437500000000004,486.0
81.92055555555555,28.437500000000004,486.0
81.92027777777778,28.437500000000004,486.0
81.92,28.437500000000004,485.0
81.91972222222222,28.437500000000004,485.0
81.91944444444445,28.437500000000004,485.0
81.91916666666667,28.437500000000004,485.0
81.91888888888889,28.437777777777782,485.0
81.91861111111112,28.437777777777782,485.0
81.91833333333334,28.438055555555557,485.0
81.91805555555555,28.438055555555557,485.0
81.91777777777779,28.438333333333336,485.0
81.9175,28.438611111111115,485.0
81.91722222222222,28.43888888888889,485.0
81.91694444444444,28.43916666666667,485.0
81.91694444444444,28.439444444444447,485.0
81.91666666666667,28.439722222222226,485.0
81.91638888888889,28.44,485.0
81.9161111111111,28.44027777777778,485.0
81.91583333333334,28.44055555555556,485.0
81.91583333333334,28.440833333333337,485.0
81.91555555555556,28.441111111111113,485.0
81.91527777777777,28.44138888888889,485.0
81.91527777777777,28.44166666666667,485.0
81.91527777777777,28.44194444444445,485.0
81.915,28.442222222222224,485.0
81.915,28.442500000000003,485.0
81.91472222222222,28.44277777777778,485.0
81.91444444444444,28.44305555555556,484.0
81.91416666666667,28.44305555555556,484.0
81.91388888888889,28.443333333333335,484.0
81.91361111111111,28.443611111111114,484.0
81.91333333333334,28.443611111111114,484.0
81.91305555555556,28.443611111111114,484.0
81.91277777777778,28.443611111111114,484.0
81.91250000000001,28.443611111111114,484.0
81.91222222222223,28.443611111111114,484.0
81.91194444444444,28.443333333333335,484.0
81.91166666666666,28.44305555555556,484.0
81.9113888888889,28.44277777777778,484.0
81.91111111111111,28.442500000000003,484.0
81.91083333333333,28.442222222222224,483.0
81.91083333333333,28.44194444444445,483.0
81.91083333333333,28.44166666666667,483.0
81.91055555555556,28.44138888888889,483.0
81.91027777777778,28.441111111111113,483.0
81.91027777777778,28.440833333333337,483.0
81.91027777777778,28.44055555555556,483.0
81.91,28.44027777777778,483.0
81.91,28.44,483.0
81.90972222222223,28.439722222222226,483.0
81.90972222222223,28.439444444444447,483.0
81.90944444444445,28.43916666666667,483.0
81.90944444444445,28.43888888888889,483.0
81.90944444444445,28.438611111111115,483.0
81.90944444444445,28.438333333333336,482.0
81.90944444444445,28.438055555555557,482.0
81.90944444444445,28.437777777777782,482.0
81.90944444444445,28.437500000000004,482.0
81.90944444444445,28.437222222222225,482.0
81.90944444444445,28.436944444444446,482.0
81.90944444444445,28.43666666666667,482.0
81.90944444444445,28.436388888888892,482.0
81.90944444444445,28.436111111111114,482.0
81.90944444444445,28.435833333333335,482.0
81.90944444444445,28.43555555555556,482.0
81.90944444444445,28.43527777777778,482.0
81.90944444444445,28.435000000000002,482.0
81.90944444444445,28.434722222222224,482.0
81.90944444444445,28.43444444444445,482.0
81.90944444444445,28.43416666666667,481.0
81.90944444444445,28.43388888888889,481.0
81.90944444444445,28.433611111111112,481.0
81.90944444444445,28.433333333333337,481.0
81.90944444444445,28.43305555555556,481.0
81.90944444444445,28.43277777777778,481.0
81.90944444444445,28.432500000000005,481.0
81.90916666666666,28.432222222222226,481.0
81.9088888888889,28.431944444444447,481.0
81.90861111111111,28.43166666666667,481.0
81.90833333333333,28.431388888888893,481.0
81.90805555555556,28.431111111111115,481.0
81.90777777777778,28.430833333333336,481.0
81.9075,28.430555555555557,480.0
81.90722222222223,28.430555555555557,480.0
81.90694444444445,28.430555555555557,480.0
81.90666666666667,28.430555555555557,480.0
81.90638888888888,28.430555555555557,480.0
81.90611111111112,28.430555555555557,480.0
81.90583333333333,28.430555555555557,480.0
81.90555555555555,28.430555555555557,480.0
81.90527777777778,28.430555555555557,480.0
81.905,28.430555555555557,480.0
81.90472222222222,28.430555555555557,480.0
81.90444444444445,28.430555555555557,480.0
81.90416666666667,28.430555555555557,480.0
81.90388888888889,28.430555555555557,479.0
81.90361111111112,28.430555555555557,479.0
81.90333333333334,28.430555555555557,479.0
81.90305555555555,28.430555555555557,479.0
81.90277777777779,28.430555555555557,479.0
81.9025,28.430555555555557,479.0
81.90222222222222,28.430555555555557,479.0
81.90194444444444,28.430555555555557,479.0
81.90166666666667,28.430555555555557,479.0
81.90138888888889,28.430555555555557,479.0
81.9011111111111,28.430555555555557,479.0
81.90083333333334,28.430555555555557,479.0
81.90055555555556,28.430555555555557,478.0
81.90027777777777,28.430555555555557,478.0
81.9,28.430555555555557,478.0
81.89972222222222,28.430555555555557,478.0
81.89944444444444,28.430555555555557,478.0
81.89916666666667,28.430555555555557,478.0
81.89888888888889,28.430277777777782,478.0
81.89861111111111,28.430000000000003,478.0
81.89833333333334,28.429722222222225,478.0
81.89805555555556,28.429444444444446,478.0
81.89777777777778,28.42916666666667,478.0
81.89750000000001,28.428888888888892,477.0
81.89750000000001,28.428611111111113,477.0
81.89750000000001,28.428333333333335,477.0
81.89722222222223,28.42805555555556,477.0
81.89722222222223,28.42777777777778,477.0
81.89694444444444,28.427500000000002,477.0
81.89694444444444,28.427222222222223,477.0
81.89694444444444,28.426944444444448,477.0
81.89694444444444,28.42666666666667,477.0
81.89694444444444,28.42638888888889,477.0
81.89694444444444,28.426111111111116,476.0
81.89694444444444,28.425833333333337,476.0
81.89694444444444,28.425555555555558,476.0
81.89694444444444,28.42527777777778,476.0
81.89694444444444,28.425000000000004,476.0
81.89666666666666,28.424722222222226,476.0
81.8963888888889,28.424444444444447,476.0
81.89611111111111,28.424166666666668,476.0
81.89583333333333,28.423888888888893,476.0
81.89555555555556,28.423611111111114,476.0
81.89527777777778,28.423611111111114,476.0
81.895,28.423611111111114,476.0
81.89472222222223,28.423611111111114,476.0
81.89444444444445,28.423611111111114,475.0
81.89416666666666,28.423611111111114,475.0
81.8938888888889,28.423611111111114,475.0
81.89361111111111,28.423611111111114,475.0
81.89333333333333,28.423611111111114,475.0
81.89305555555556,28.423611111111114,475.0
81.89277777777778,28.423611111111114,475.0
81.8925,28.423611111111114,475.0
81.89222222222223,28.423611111111114,475.0
81.89194444444445,28.423611111111114,475.0
81.89166666666667,28.423611111111114,475.0
81.89138888888888,28.423611111111114,475.0
81.89111111111112,28.423611111111114,475.0
81.89083333333333,28.423611111111114,475.0
81.89055555555555,28.423611111111114,475.0
81.89027777777778,28.423611111111114,475.0
81.89,28.423611111111114,475.0
81.88972222222222,28.423611111111114,475.0
81.88944444444445,28.423611111111114,475.0
81.88916666666667,28.423611111111114,475.0
81.88888888888889,28.423611111111114,475.0
81.88861111111112,28.423611111111114,475.0
81.88833333333334,28.423888888888893,475.0
81.88805555555555,28.423888888888893,475.0
81.88777777777779,28.424166666666668,475.0
81.8875,28.424444444444447,475.0
81.88722222222222,28.424722222222226,475.0
81.88694444444445,28.425000000000004,474.0
81.88666666666667,28.425000000000004,474.0
81.88638888888889,28.425000000000004,474.0
81.8861111111111,28.425000000000004,474.0
81.88583333333334,28.425000000000004,474.0
81.88555555555556,28.425000000000004,474.0
81.88527777777777,28.425000000000004,474.0
81.885,28.425000000000004,474.0
81.88472222222222,28.425000000000004,474.0
81.88444444444444,28.425000000000004,474.0
81.88416666666667,28.425000000000004,474.0
81.88388888888889,28.425000000000004,474.0
81.88361111111111,28.425000000000004,474.0
81.88333333333334,28.425000000000004,474.0
81.88305555555556,28.425000000000004,474.0
81.88277777777778,28.425000000000004,474.0
81.88250000000001,28.425000000000004,474.0
81.88222222222223,28.42527777777778,474.0
81.88194444444444,28.425555555555558,473.0
81.88166666666667,28.425555555555558,473.0
81.88138888888889,28.425555555555558,473.0
81.88111111111111,28.425555555555558,473.0
81.88083333333333,28.425555555555558,473.0
81.88055555555556,28.425555555555558,473.0
81.88027777777778,28.425555555555558,473.0
81.88,28.425833333333337,473.0
81.87972222222223,28.426111111111116,473.0
81.87944444444445,28.42638888888889,473.0
81.87916666666666,28.42666666666667,473.0
81.8788888888889,28.426944444444448,473.0
81.87861111111111,28.427222222222223,473.0
81.87833333333333,28.427500000000002,472.0
81.87805555555556,28.427500000000002,472.0
81.87777777777778,28.427500000000002,472.0
81.8775,28.427500000000002,472.0
81.87722222222223,28.427500000000002,472.0
81.87694444444445,28.427500000000002,472.0
81.87666666666667,28.427500000000002,472.0
81.8763888888889,28.427500000000002,472.0
81.87611111111111,28.427500000000002,472.0
81.87583333333333,28.427500000000002,472.0
81.87555555555555,28.427500000000002,472.0
81.87527777777778,28.427500000000002,472.0
81.875,28.42777777777778,472.0
81.87472222222222,28.42805555555556,472.0
81.87444444444445,28.428333333333335,472.0
81.87416666666667,28.428611111111113,471.0
81.87388888888889,28.428611111111113,471.0
81.87361111111112,28.428611111111113,471.0
81.87333333333333,28.428611111111113,471.0
81.87305555555555,28.428611111111113,471.0
81.87277777777778,28.428888888888892,471.0
81.8725,28.42916666666667,471.0
81.87222222222222,28.429444444444446,471.0
81.87194444444445,28.429722222222225,471.0
81.87166666666667,28.430000000000003,471.0
81.87138888888889,28.430277777777782,471.0
81.87111111111112,28.430555555555557,471.0
81.87083333333334,28.430833333333336,470.0
81.87055555555555,28.430833333333336,470.0
81.87027777777777,28.430833333333336,470.0
81.87,28.430833333333336,470.0
81.86972222222222,28.431111111111115,470.0
81.86944444444444,28.431388888888893,470.0
81.86916666666667,28.43166666666667,470.0
81.86888888888889,28.431944444444447,470.0
81.86861111111111,28.432222222222226,470.0
81.86833333333334,28.432500000000005,470.0
81.86805555555556,28.43277777777778,470.0
81.86777777777777,28.43305555555556,469.0
81.86777777777777,28.433333333333337,469.0
81.86777777777777,28.433611111111112,469.0
81.8675,28.43388888888889,469.0
81.8675,28.43416666666667,469.0
81.86722222222222,28.43444444444445,469.0
81.86722222222222,28.434722222222224,469.0
81.86722222222222,28.435000000000002,469.0
81.86694444444444,28.43527777777778,469.0
81.86694444444444,28.43555555555556,469.0
81.86694444444444,28.435833333333335,468.0
81.86666666666667,28.436111111111114,468.0
81.86694444444444,28.436388888888892,468.0
81.86722222222222,28.43666666666667,468.0
81.8675,28.436944444444446,468.0
81.86777777777777,28.437222222222225,468.0
81.86805555555556,28.437500000000004,468.0
81.86833333333334,28.437777777777782,468.0
81.86833333333334,28.438055555555557,468.0
81.86833333333334,28.438333333333336,467.0
81.86805555555556,28.438611111111115,467.0
81.86777777777777,28.43888888888889,467.0
81.8675,28.43888888888889,467.0
81.86722222222222,28.43888888888889,467.0
81.86694444444444,28.43888888888889,467.0
81.86666666666667,28.43888888888889,467.0
81.86638888888889,28.43888888888889,467.0
81.86611111111111,28.43888888888889,467.0
81.86583333333334,28.43888888888889,467.0
81.86555555555556,28.43888888888889,467.0
81.86527777777778,28.43888888888889,467.0
81.865,28.43888888888889,467.0
81.86472222222223,28.43888888888889,466.0
81.86444444444444,28.43888888888889,466.0
81.86416666666666,28.43888888888889,466.0
81.8638888888889,28.43916666666667,466.0
81.86361111111111,28.43916666666667,466.0
81.86333333333333,28.43916666666667,466.0
81.86305555555556,28.43916666666667,466.0
81.86277777777778,28.43916666666667,466.0
81.8625,28.43916666666667,466.0
81.86222222222223,28.439444444444447,466.0
81.86194444444445,28.439444444444447,466.0
81.86166666666666,28.439722222222226,466.0
81.8613888888889,28.44,466.0
81.86111111111111,28.44027777777778,466.0
81.86083333333333,28.44055555555556,465.0
81.86055555555556,28.44055555555556,465.0
81.86027777777778,28.44055555555556,465.0
81.86,28.44055555555556,465.0
81.85972222222222,28.44055555555556,465.0
81.85944444444445,28.44055555555556,465.0
81.85916666666667,28.44055555555556,465.0
81.85888888888888,28.44055555555556,465.0
81.85861111111112,28.44055555555556,465.0
81.85833333333333,28.44055555555556,465.0
81.85805555555555,28.44055555555556,465.0
81.85777777777778,28.44055555555556,465.0
81.8575,28.44055555555556,465.0
81.85722222222222,28.44055555555556,465.0
81.85694444444445,28.44055555555556,465.0
81.85666666666667,28.44055555555556,465.0
81.85638888888889,28.44055555555556,464.0
81.85611111111112,28.44055555555556,464.0
81.85583333333334,28.44055555555556,464.0
81.85555555555555,28.44055555555556,464.0
81.85527777777779,28.44055555555556,464.0
81.855,28.44055555555556,464.0
81.85472222222222,28.44055555555556,464.0
81.85444444444444,28.44055555555556,464.0
81.85416666666667,28.44055555555556,464.0
81.85388888888889,28.44055555555556,464.0
81.8536111111111,28.44055555555556,464.0
81.85333333333334,28.44055555555556,464.0
81.85305555555556,28.44055555555556,464.0
81.85277777777777,28.440833333333337,464.0
81.8525,28.441111111111113,463.0
81.85222222222222,28.441111111111113,463.0
81.85194444444444,28.441111111111113,463.0
81.85166666666667,28.441111111111113,463.0
81.85138888888889,28.441111111111113,463.0
81.85111111111111,28.441111111111113,463.0
81.85083333333334,28.441111111111113,463.0
81.85055555555556,28.441111111111113,463.0
81.85027777777778,28.441111111111113,463.0
81.85000000000001,28.441111111111113,463.0
81.84972222222223,28.441111111111113,463.0
81.84944444444444,28.441111111111113,463.0
81.84916666666666,28.441111111111113,463.0
81.8488888888889,28.441111111111113,463.0
81.84861111111111,28.441111111111113,463.0
81.84833333333333,28.441111111111113,462.0
81.84805555555556,28.441111111111113,462.0
81.84777777777778,28.441111111111113,462.0
81.8475,28.441111111111113,462.0
81.84722222222223,28.441111111111113,462.0
81.84694444444445,28.441111111111113,462.0
81.84666666666666,28.441111111111113,462.0
81.8463888888889,28.441111111111113,462.0
81.84611111111111,28.441111111111113,462.0
81.84583333333333,28.441111111111113,462.0
81.84555555555556,28.441111111111113,462.0
81.84527777777778,28.441111111111113,462.0
81.845,28.441111111111113,462.0
81.84472222222223,28.441111111111113,462.0
81.84444444444445,28.441111111111113,461.0
81.84416666666667,28.441111111111113,461.0
81.84388888888888,28.441111111111113,461.0
81.84361111111112,28.441111111111113,461.0
81.84333333333333,28.441111111111113,461.0
81.84305555555555,28.441111111111113,461.0
81.84277777777778,28.440833333333337,461.0
81.8425,28.440833333333337,461.0
81.84222222222222,28.440833333333337,461.0
81.84194444444445,28.440833333333337,461.0
81.84166666666667,28.440833333333337,461.0
81.84138888888889,28.440833333333337,461.0
81.84111111111112,28.440833333333337,461.0
81.84083333333334,28.440833333333337,461.0
81.84055555555555,28.440833333333337,461.0
81.84027777777779,28.440833333333337,460.0
81.84,28.440833333333337,460.0
81.83972222222222,28.440833333333337,460.0
81.83944444444444,28.440833333333337,460.0
81.83916666666667,28.440833333333337,460.0
81.83888888888889,28.440833333333337,460.0
81.8386111111111,28.440833333333337,460.0
81.83833333333334,28.440833333333337,460.0
81.83805555555556,28.440833333333337,460.0
