longitude,latitude,elevation
86.21222222222222,27.978888888888893,2462.0
86.2125,27.978611111111114,2458.0
86.21277777777777,27.978333333333335,2456.0
86.21305555555556,27.978055555555557,2461.0
86.21333333333334,27.97777777777778,2461.0
86.2136111111111,27.977500000000003,2458.0
86.21388888888889,27.977500000000003,2453.0
86.21416666666667,27.977222222222224,2447.0
86.21444444444444,27.976944444444445,2444.0
86.21472222222222,27.97666666666667,2434.0
86.215,27.97638888888889,2429.0
86.21527777777777,27.976111111111113,2424.0
86.21555555555555,27.975833333333334,2410.0
86.21583333333334,27.975833333333334,2404.0
86.21583333333334,27.97555555555556,2404.0
86.21583333333334,27.97527777777778,2407.0
86.21611111111112,27.975,2406.0
86.21638888888889,27.975,2403.0
86.21666666666667,27.974722222222223,2399.0
86.21666666666667,27.974444444444448,2395.0
86.21666666666667,27.97416666666667,2392.0
86.21666666666667,27.97388888888889,2391.0
86.21666666666667,27.97361111111111,2390.0
86.21666666666667,27.973333333333336,2390.0
86.21694444444445,27.973055555555558,2390.0
86.21722222222222,27.97277777777778,2383.0
86.2175,27.972500000000004,2372.0
86.2175,27.972222222222225,2374.0
86.21777777777778,27.971944444444446,2375.0
86.21805555555555,27.971666666666668,2369.0
86.21833333333333,27.971388888888892,2363.0
86.21833333333333,27.971111111111114,2359.0
86.21833333333333,27.970833333333335,2355.0
86.21833333333333,27.970555555555556,2357.0
86.21833333333333,27.97027777777778,2359.0
86.21861111111112,27.970000000000002,2359.0
86.21888888888888,27.969722222222224,2357.0
86.21916666666667,27.969444444444445,2353.0
86.21916666666667,27.96916666666667,2347.0
86.21916666666667,27.96888888888889,2339.0
86.21916666666667,27.968611111111112,2332.0
86.21916666666667,27.968333333333334,2325.0
86.21916666666667,27.96805555555556,2322.0
86.21916666666667,27.96777777777778,2320.0
86.21916666666667,27.9675,2318.0
86.21916666666667,27.967222222222226,2318.0
86.21916666666667,27.966944444444447,2318.0
86.21944444444445,27.96666666666667,2317.0
86.21944444444445,27.96638888888889,2315.0
86.21944444444445,27.966111111111115,2312.0
86.21944444444445,27.965833333333336,2311.0
86.21944444444445,27.965555555555557,2312.0
86.21916666666667,27.96527777777778,2310.0
86.21916666666667,27.965000000000003,2309.0
86.21888888888888,27.964722222222225,2310.0
86.21888888888888,27.964444444444446,2309.0
86.21861111111112,27.964166666666667,2296.0
86.21833333333333,27.963888888888892,2293.0
86.21805555555555,27.963611111111113,2303.0
86.21777777777778,27.963333333333335,2302.0
86.2175,27.963055555555556,2303.0
86.2175,27.96277777777778,2308.0
86.21722222222222,27.962500000000002,2310.0
86.21722222222222,27.962222222222223,2310.0
86.21694444444445,27.961944444444445,2300.0
86.21694444444445,27.96166666666667,2295.0
86.21694444444445,27.96138888888889,2294.0
86.21694444444445,27.961111111111112,2292.0
86.21694444444445,27.960833333333337,2291.0
86.21694444444445,27.96055555555556,2288.0
86.21694444444445,27.96027777777778,2285.0
86.21694444444445,27.96,2281.0
86.21694444444445,27.959722222222226,2275.0
86.21694444444445,27.959444444444447,2269.0
86.21694444444445,27.95916666666667,2263.0
86.21694444444445,27.95888888888889,2259.0
86.21694444444445,27.958611111111114,2255.0
86.21694444444445,27.958333333333336,2252.0
86.21694444444445,27.958055555555557,2253.0
86.21694444444445,27.95777777777778,2254.0
86.21694444444445,27.957500000000003,2256.0
86.21694444444445,27.957222222222224,2257.0
86.21694444444445,27.956944444444446,2259.0
86.21694444444445,27.956666666666667,2261.0
86.21694444444445,27.956388888888892,2262.0
86.21694444444445,27.956111111111113,2263.0
86.21694444444445,27.955833333333334,2264.0
86.21694444444445,27.95555555555556,2260.0
86.21694444444445,27.95527777777778,2256.0
86.21694444444445,27.955000000000002,2251.0
86.21694444444445,27.954722222222223,2244.0
86.21694444444445,27.954444444444448,2236.0
86.21694444444445,27.95416666666667,2229.0
86.21694444444445,27.95388888888889,2220.0
86.21694444444445,27.953611111111112,2209.0
86.21694444444445,27.953333333333337,2201.0
86.21694444444445,27.953055555555558,2196.0
86.21694444444445,27.95277777777778,2192.0
86.21694444444445,27.9525,2190.0
86.21694444444445,27.952222222222225,2194.0
86.21694444444445,27.951944444444447,2200.0
86.21694444444445,27.951666666666668,2207.0
86.21694444444445,27.95138888888889,2222.0
86.21694444444445,27.951111111111114,2239.0
86.21694444444445,27.950833333333335,2257.0
86.21694444444445,27.950555555555557,2279.0
86.21666666666667,27.95027777777778,2279.0
86.21638888888889,27.950000000000003,2275.0
86.21611111111112,27.949722222222224,2271.0
86.21583333333334,27.949444444444445,2267.0
86.21555555555555,27.94916666666667,2273.0
86.21527777777777,27.94888888888889,2298.0
86.215,27.948611111111113,2306.0
86.215,27.948333333333334,2310.0
86.21472222222222,27.94805555555556,2310.0
86.21444444444444,27.94777777777778,2306.0
86.21444444444444,27.9475,2297.0
86.21416666666667,27.947222222222223,2276.0
86.21388888888889,27.946944444444448,2264.0
86.2136111111111,27.94666666666667,2256.0
86.2136111111111,27.94638888888889,2249.0
86.2136111111111,27.94611111111111,2247.0
86.21333333333334,27.945833333333336,2240.0
86.21305555555556,27.945555555555558,2230.0
86.21277777777777,27.945555555555558,2217.0
86.21277777777777,27.94527777777778,2201.0
86.21277777777777,27.945,2187.0
86.21277777777777,27.944722222222225,2180.0
86.21277777777777,27.944444444444446,2177.0
86.21277777777777,27.944166666666668,2175.0
86.21277777777777,27.943888888888893,2172.0
86.21277777777777,27.943611111111114,2166.0
86.21277777777777,27.943333333333335,2150.0
86.21277777777777,27.943055555555556,2124.0
86.21277777777777,27.94277777777778,2102.0
86.21277777777777,27.942500000000003,2095.0
86.21277777777777,27.942222222222224,2094.0
86.21277777777777,27.941944444444445,2099.0
86.21277777777777,27.94166666666667,2118.0
86.21277777777777,27.94138888888889,2138.0
86.21277777777777,27.941111111111113,2169.0
86.21277777777777,27.940833333333334,2204.0
86.21277777777777,27.94055555555556,2216.0
86.2125,27.94027777777778,2218.0
86.2125,27.94,2219.0
86.21222222222222,27.939722222222223,2219.0
86.2125,27.939444444444447,2217.0
86.21277777777777,27.93916666666667,2193.0
86.21277777777777,27.93888888888889,2161.0
86.21277777777777,27.938611111111115,2135.0
86.21277777777777,27.938333333333336,2118.0
86.21277777777777,27.938055555555557,2107.0
86.21277777777777,27.93777777777778,2093.0
86.21277777777777,27.937500000000004,2082.0
86.21277777777777,27.937222222222225,2080.0
86.21277777777777,27.936944444444446,2082.0
86.21277777777777,27.936666666666667,2093.0
86.21277777777777,27.936388888888892,2101.0
86.21277777777777,27.936111111111114,2110.0
86.21277777777777,27.935833333333335,2121.0
86.21305555555556,27.935555555555556,2119.0
86.21333333333334,27.93527777777778,2120.0
86.21333333333334,27.935000000000002,2126.0
86.2136111111111,27.934722222222224,2119.0
86.2136111111111,27.934444444444445,2112.0
86.2136111111111,27.93416666666667,2107.0
86.2136111111111,27.93388888888889,2107.0
86.2136111111111,27.933611111111112,2112.0
86.21388888888889,27.933333333333337,2110.0
86.21388888888889,27.93305555555556,2100.0
86.21388888888889,27.93277777777778,2085.0
86.21388888888889,27.9325,2080.0
86.21416666666667,27.932222222222226,2074.0
86.21416666666667,27.931944444444447,2067.0
86.21416666666667,27.93166666666667,2054.0
86.21416666666667,27.93138888888889,2041.0
86.21416666666667,27.931111111111115,2022.0
86.21416666666667,27.930833333333336,2011.0
86.21416666666667,27.930555555555557,1990.0
86.21416666666667,27.93027777777778,1959.0
86.21416666666667,27.930000000000003,1948.0
86.21416666666667,27.929722222222225,1946.0
86.21416666666667,27.929444444444446,1952.0
86.21416666666667,27.929166666666667,1958.0
86.21416666666667,27.928888888888892,1966.0
86.21416666666667,27.928611111111113,1972.0
86.21416666666667,27.928333333333335,1980.0
86.21416666666667,27.928055555555556,1985.0
86.21416666666667,27.92777777777778,1985.0
86.21416666666667,27.927500000000002,1993.0
86.21416666666667,27.927222222222223,2003.0
86.21416666666667,27.926944444444448,2006.0
86.21416666666667,27.92666666666667,2005.0
86.21416666666667,27.92638888888889,2007.0
86.21388888888889,27.926111111111112,2006.0
86.2136111111111,27.925833333333337,2009.0
86.21333333333334,27.925555555555558,2006.0
86.21333333333334,27.92527777777778,2007.0
86.21305555555556,27.925,2003.0
86.21305555555556,27.924722222222226,2004.0
86.21305555555556,27.924444444444447,2007.0
86.21277777777777,27.924166666666668,2002.0
86.2125,27.92388888888889,2002.0
86.21222222222222,27.923611111111114,2002.0
86.21222222222222,27.923333333333336,2007.0
86.21194444444444,27.923055555555557,2007.0
86.21166666666667,27.922777777777778,2006.0
86.21166666666667,27.922500000000003,2007.0
86.21138888888889,27.922222222222224,2005.0
86.21111111111111,27.921944444444446,2003.0
86.21111111111111,27.92166666666667,2007.0
86.21083333333334,27.92138888888889,2005.0
86.21083333333334,27.921111111111113,2008.0
86.21055555555556,27.920833333333334,2005.0
86.21055555555556,27.92055555555556,2006.0
86.21055555555556,27.92027777777778,2006.0
86.21055555555556,27.92,2004.0
86.21055555555556,27.919722222222223,2002.0
86.21055555555556,27.919444444444448,2001.0
86.21055555555556,27.91916666666667,2001.0
86.21055555555556,27.91888888888889,2001.0
86.21055555555556,27.91861111111111,2001.0
86.21055555555556,27.918333333333337,2002.0
86.21055555555556,27.918055555555558,2001.0
86.21055555555556,27.91777777777778,2000.0
86.21055555555556,27.9175,1999.0
86.21055555555556,27.917222222222225,2000.0
86.21055555555556,27.916944444444447,2002.0
86.21055555555556,27.916666666666668,2002.0
86.21055555555556,27.916388888888893,2002.0
86.21055555555556,27.916111111111114,2003.0
86.21055555555556,27.915833333333335,2003.0
86.21055555555556,27.915555555555557,2002.0
86.21055555555556,27.91527777777778,2003.0
86.21055555555556,27.915000000000003,2002.0
86.21055555555556,27.914722222222224,2001.0
86.21055555555556,27.914444444444445,2001.0
86.21055555555556,27.91416666666667,2000.0
86.21055555555556,27.91388888888889,2000.0
86.21055555555556,27.913611111111113,2002.0
86.21055555555556,27.913333333333334,2004.0
86.21055555555556,27.91305555555556,2005.0
86.21055555555556,27.91277777777778,2006.0
86.21055555555556,27.9125,2007.0
86.21027777777778,27.912222222222223,2006.0
86.21027777777778,27.911944444444448,2008.0
86.21055555555556,27.91166666666667,2008.0
86.21055555555556,27.91138888888889,2007.0
86.21055555555556,27.91111111111111,2004.0
86.21027777777778,27.910833333333336,2001.0
86.21027777777778,27.910555555555558,1998.0
86.21027777777778,27.91027777777778,1996.0
86.21027777777778,27.910000000000004,1992.0
86.21027777777778,27.909722222222225,1986.0
86.21027777777778,27.909444444444446,1980.0
86.21027777777778,27.909166666666668,1975.0
86.21055555555556,27.908888888888892,1969.0
86.21083333333334,27.908611111111114,1964.0
86.21083333333334,27.908333333333335,1961.0
86.21083333333334,27.908055555555556,1957.0
86.21083333333334,27.90777777777778,1953.0
86.21083333333334,27.907500000000002,1949.0
86.21055555555556,27.907222222222224,1946.0
86.21027777777778,27.907222222222224,1947.0
86.21,27.906944444444445,1949.0
86.20972222222223,27.90666666666667,1949.0
86.20944444444444,27.90638888888889,1947.0
86.20916666666666,27.906111111111112,1942.0
86.20916666666666,27.905833333333334,1941.0
86.20916666666666,27.90555555555556,1940.0
86.20944444444444,27.90527777777778,1940.0
86.20944444444444,27.905,1932.0
86.20944444444444,27.904722222222226,1926.0
86.20944444444444,27.904444444444447,1921.0
86.20944444444444,27.90416666666667,1930.0
86.20972222222223,27.90388888888889,1937.0
86.20972222222223,27.903611111111115,1941.0
86.20972222222223,27.903333333333336,1941.0
86.20972222222223,27.903055555555557,1939.0
86.21,27.90277777777778,1927.0
86.21,27.902500000000003,1917.0
86.21027777777778,27.902500000000003,1914.0
86.21055555555556,27.902500000000003,1911.0
86.21083333333334,27.902500000000003,1908.0
86.21111111111111,27.902222222222225,1905.0
86.21138888888889,27.901944444444446,1907.0
86.21138888888889,27.901666666666667,1899.0
86.21138888888889,27.901388888888892,1886.0
86.21138888888889,27.901111111111113,1871.0
86.21138888888889,27.900833333333335,1859.0
86.21138888888889,27.900555555555556,1850.0
86.21138888888889,27.90027777777778,1845.0
86.21138888888889,27.900000000000002,1840.0
86.21166666666667,27.899722222222223,1837.0
86.21194444444444,27.89944444444445,1820.0
86.21222222222222,27.89916666666667,1795.0
86.2125,27.89888888888889,1775.0
86.21277777777777,27.898611111111112,1764.0
86.21305555555556,27.898333333333337,1749.0
86.21333333333334,27.89805555555556,1737.0
86.2136111111111,27.89805555555556,1732.0
86.21388888888889,27.89777777777778,1723.0
86.21416666666667,27.89777777777778,1716.0
86.21416666666667,27.8975,1714.0
86.21416666666667,27.897222222222226,1713.0
86.21416666666667,27.896944444444447,1709.0
86.21416666666667,27.89666666666667,1703.0
86.21416666666667,27.89638888888889,1696.0
86.21444444444444,27.896111111111114,1695.0
86.21444444444444,27.895833333333336,1693.0
86.21472222222222,27.895555555555557,1688.0
86.215,27.89527777777778,1661.0
86.215,27.895000000000003,1656.0
86.21527777777777,27.895000000000003,1653.0
86.21555555555555,27.894722222222224,1645.0
86.21583333333334,27.894444444444446,1643.0
86.21611111111112,27.894166666666667,1643.0
86.21638888888889,27.893888888888892,1645.0
86.21666666666667,27.893611111111113,1653.0
86.21694444444445,27.893333333333334,1654.0
86.21722222222222,27.89305555555556,1651.0
86.2175,27.89277777777778,1644.0
86.21777777777778,27.892500000000002,1642.0
86.21777777777778,27.892222222222223,1642.0
86.21805555555555,27.891944444444448,1640.0
86.21833333333333,27.891944444444448,1632.0
86.21861111111112,27.89166666666667,1621.0
86.21888888888888,27.89138888888889,1611.0
86.21916666666667,27.891111111111112,1600.0
86.21944444444445,27.890833333333337,1590.0
86.21972222222222,27.890555555555558,1578.0
86.21972222222222,27.89027777777778,1577.0
86.22,27.89,1576.0
86.22027777777778,27.889722222222225,1570.0
86.22055555555555,27.889444444444447,1558.0
86.22083333333333,27.889166666666668,1545.0
86.22111111111111,27.88888888888889,1531.0
86.2213888888889,27.888611111111114,1526.0
86.2213888888889,27.888333333333335,1527.0
86.22166666666666,27.888055555555557,1526.0
86.22166666666666,27.88777777777778,1519.0
86.22166666666666,27.887500000000003,1515.0
86.22194444444445,27.887222222222224,1512.0
86.22222222222223,27.886944444444445,1517.0
86.2225,27.88666666666667,1523.0
86.2225,27.88638888888889,1520.0
86.22277777777778,27.886111111111113,1513.0
86.22277777777778,27.885833333333334,1506.0
86.22277777777778,27.88555555555556,1497.0
86.22277777777778,27.88527777777778,1487.0
86.2225,27.885,1482.0
86.2225,27.884722222222223,1475.0
86.2225,27.884444444444448,1461.0
86.2225,27.88416666666667,1448.0
86.2225,27.88388888888889,1442.0
86.2225,27.88361111111111,1437.0
86.2225,27.883333333333336,1436.0
86.2225,27.883055555555558,1436.0
86.2225,27.88277777777778,1435.0
86.2225,27.8825,1432.0
86.2225,27.882222222222225,1431.0
86.2225,27.881944444444446,1428.0
86.2225,27.881666666666668,1428.0
86.2225,27.881388888888893,1436.0
86.22222222222223,27.881111111111114,1448.0
86.22194444444445,27.880833333333335,1457.0
86.22166666666666,27.880555555555556,1470.0
86.2213888888889,27.88027777777778,1471.0
86.22111111111111,27.880000000000003,1472.0
86.22111111111111,27.879722222222224,1471.0
86.22111111111111,27.879444444444445,1471.0
86.22111111111111,27.87916666666667,1467.0
86.22111111111111,27.87888888888889,1459.0
86.22111111111111,27.878611111111113,1450.0
86.22111111111111,27.878333333333334,1441.0
86.22111111111111,27.87805555555556,1434.0
86.22111111111111,27.87777777777778,1433.0
86.22111111111111,27.8775,1439.0
86.22111111111111,27.877222222222223,1449.0
86.22111111111111,27.876944444444447,1446.0
86.22111111111111,27.87666666666667,1438.0
86.22111111111111,27.87638888888889,1424.0
86.22111111111111,27.876111111111115,1415.0
86.22111111111111,27.875833333333336,1407.0
86.22111111111111,27.875555555555557,1401.0
86.22111111111111,27.87527777777778,1400.0
86.22111111111111,27.875000000000004,1404.0
86.22111111111111,27.874722222222225,1413.0
86.22111111111111,27.874444444444446,1423.0
86.22111111111111,27.874166666666667,1426.0
86.2213888888889,27.873888888888892,1417.0
86.2213888888889,27.873611111111114,1423.0
86.2213888888889,27.873333333333335,1423.0
86.2213888888889,27.873055555555556,1422.0
86.2213888888889,27.87277777777778,1423.0
86.2213888888889,27.872500000000002,1427.0
86.2213888888889,27.872222222222224,1428.0
86.2213888888889,27.871944444444445,1424.0
86.2213888888889,27.87166666666667,1421.0
86.22111111111111,27.87138888888889,1410.0
86.22111111111111,27.871111111111112,1402.0
86.22111111111111,27.870833333333337,1392.0
86.22111111111111,27.87055555555556,1383.0
86.22111111111111,27.87027777777778,1377.0
86.22111111111111,27.87,1372.0
86.22111111111111,27.869722222222226,1367.0
86.22111111111111,27.869444444444447,1364.0
86.22111111111111,27.86916666666667,1366.0
86.22111111111111,27.86888888888889,1366.0
86.22111111111111,27.868611111111115,1366.0
86.22111111111111,27.868333333333336,1367.0
86.22111111111111,27.868055555555557,1368.0
86.22111111111111,27.86777777777778,1370.0
86.22111111111111,27.867500000000003,1375.0
86.22111111111111,27.867222222222225,1377.0
86.22111111111111,27.866944444444446,1378.0
86.22111111111111,27.866666666666667,1375.0
86.22111111111111,27.866388888888892,1372.0
86.22111111111111,27.866111111111113,1372.0
86.22111111111111,27.865833333333335,1376.0
86.2213888888889,27.865555555555556,1374.0
86.2213888888889,27.86527777777778,1378.0
86.2213888888889,27.865000000000002,1374.0
86.2213888888889,27.864722222222223,1370.0
86.2213888888889,27.864444444444448,1364.0
86.2213888888889,27.86416666666667,1361.0
86.2213888888889,27.86388888888889,1359.0
86.2213888888889,27.863611111111112,1356.0
86.2213888888889,27.863333333333337,1349.0
86.2213888888889,27.863055555555558,1346.0
86.2213888888889,27.86277777777778,1350.0
86.2213888888889,27.8625,1355.0
86.2213888888889,27.862222222222226,1356.0
86.2213888888889,27.861944444444447,1355.0
86.2213888888889,27.861666666666668,1352.0
86.2213888888889,27.86138888888889,1346.0
86.2213888888889,27.861111111111114,1339.0
86.2213888888889,27.860833333333336,1337.0
86.2213888888889,27.860555555555557,1344.0
86.2213888888889,27.860277777777778,1349.0
86.2213888888889,27.860000000000003,1349.0
86.2213888888889,27.859722222222224,1351.0
86.2213888888889,27.859444444444446,1354.0
86.2213888888889,27.85916666666667,1358.0
86.2213888888889,27.85888888888889,1360.0
86.2213888888889,27.858611111111113,1361.0
86.2213888888889,27.858333333333334,1366.0
86.2213888888889,27.85805555555556,1378.0
86.22111111111111,27.85777777777778,1376.0
86.22083333333333,27.8575,1375.0
86.22055555555555,27.857222222222223,1373.0
86.22055555555555,27.856944444444448,1378.0
86.22027777777778,27.85666666666667,1374.0
86.22027777777778,27.85638888888889,1368.0
86.22,27.85611111111111,1357.0
86.22,27.855833333333337,1351.0
86.22,27.855555555555558,1349.0
86.22,27.85527777777778,1348.0
86.22,27.855,1345.0
86.22,27.854722222222225,1340.0
86.22,27.854444444444447,1341.0
86.22,27.854166666666668,1343.0
86.21972222222222,27.85388888888889,1341.0
86.21972222222222,27.853611111111114,1341.0
86.21972222222222,27.853333333333335,1342.0
86.21944444444445,27.853055555555557,1335.0
86.21944444444445,27.85277777777778,1336.0
86.21944444444445,27.852500000000003,1331.0
86.21944444444445,27.852222222222224,1327.0
86.21944444444445,27.851944444444445,1329.0
86.21944444444445,27.85166666666667,1333.0
86.21944444444445,27.85138888888889,1343.0
86.21916666666667,27.851111111111113,1344.0
86.21916666666667,27.850833333333334,1347.0
86.21916666666667,27.85055555555556,1346.0
86.21916666666667,27.85027777777778,1341.0
86.21916666666667,27.85,1329.0
86.21916666666667,27.849722222222223,1318.0
86.21888888888888,27.849444444444448,1306.0
86.21861111111112,27.84916666666667,1290.0
86.21861111111112,27.84888888888889,1283.0
86.21861111111112,27.84861111111111,1281.0
86.21861111111112,27.848333333333336,1279.0
86.21861111111112,27.848055555555558,1275.0
86.21861111111112,27.84777777777778,1274.0
86.21861111111112,27.847500000000004,1271.0
86.21861111111112,27.847222222222225,1271.0
86.21833333333333,27.846944444444446,1270.0
86.21833333333333,27.846666666666668,1273.0
86.21833333333333,27.846388888888892,1273.0
86.21861111111112,27.846111111111114,1271.0
86.21861111111112,27.845833333333335,1269.0
86.21861111111112,27.845555555555556,1266.0
86.21861111111112,27.84527777777778,1260.0
86.21861111111112,27.845000000000002,1256.0
86.21861111111112,27.844722222222224,1255.0
86.21861111111112,27.844444444444445,1254.0
86.21861111111112,27.84416666666667,1256.0
86.21861111111112,27.84388888888889,1257.0
86.21861111111112,27.843611111111112,1257.0
86.21833333333333,27.843333333333334,1250.0
86.21833333333333,27.84305555555556,1243.0
86.21833333333333,27.84277777777778,1238.0
86.21805555555555,27.8425,1234.0
86.21805555555555,27.842222222222226,1229.0
86.21805555555555,27.841944444444447,1227.0
86.21805555555555,27.84166666666667,1225.0
86.21805555555555,27.84138888888889,1221.0
86.21805555555555,27.841111111111115,1216.0
86.21805555555555,27.840833333333336,1214.0
86.21805555555555,27.840555555555557,1213.0
86.21805555555555,27.84027777777778,1212.0
86.21805555555555,27.840000000000003,1210.0
86.21805555555555,27.839722222222225,1207.0
86.21833333333333,27.839444444444446,1205.0
86.21833333333333,27.839166666666667,1200.0
86.21833333333333,27.838888888888892,1196.0
86.21861111111112,27.838611111111113,1191.0
86.21861111111112,27.838333333333335,1190.0
86.21861111111112,27.838055555555556,1191.0
86.21888888888888,27.83777777777778,1193.0
86.21916666666667,27.837500000000002,1193.0
86.21916666666667,27.837222222222223,1190.0
86.21944444444445,27.83694444444445,1186.0
86.21944444444445,27.83666666666667,1182.0
86.21944444444445,27.83638888888889,1178.0
86.21944444444445,27.836111111111112,1176.0
86.21944444444445,27.835833333333337,1178.0
86.21972222222222,27.83555555555556,1177.0
86.22,27.83527777777778,1177.0
86.22027777777778,27.835,1178.0
86.22027777777778,27.834722222222226,1179.0
86.22055555555555,27.834444444444447,1173.0
86.22083333333333,27.83416666666667,1173.0
86.22083333333333,27.83388888888889,1170.0
86.22083333333333,27.833611111111114,1171.0
86.22111111111111,27.833333333333336,1169.0
86.22111111111111,27.833055555555557,1169.0
86.2213888888889,27.83277777777778,1167.0
86.22166666666666,27.832500000000003,1162.0
86.22166666666666,27.832222222222224,1164.0
86.22166666666666,27.831944444444446,1164.0
86.22194444444445,27.831666666666667,1164.0
86.22222222222223,27.831388888888892,1159.0
86.2225,27.831388888888892,1157.0
86.22277777777778,27.831111111111113,1156.0
86.22305555555556,27.831111111111113,1159.0
86.22333333333333,27.830833333333334,1153.0
86.22361111111111,27.83055555555556,1153.0
86.2238888888889,27.83027777777778,1155.0
86.22416666666666,27.830000000000002,1155.0
86.22444444444444,27.829722222222223,1156.0
86.22472222222223,27.829444444444448,1155.0
86.225,27.82916666666667,1152.0
86.22527777777778,27.82888888888889,1155.0
86.22555555555556,27.828611111111112,1160.0
86.22555555555556,27.828333333333337,1154.0
86.22583333333333,27.828055555555558,1154.0
86.22611111111111,27.828055555555558,1153.0
86.22638888888889,27.82777777777778,1148.0
86.22666666666667,27.8275,1145.0
86.22666666666667,27.827222222222225,1146.0
86.22694444444444,27.826944444444447,1143.0
86.22722222222222,27.826666666666668,1143.0
86.22722222222222,27.82638888888889,1144.0
86.2275,27.826111111111114,1142.0
86.22777777777777,27.825833333333335,1140.0
86.22777777777777,27.825555555555557,1142.0
86.22777777777777,27.82527777777778,1143.0
86.22805555555556,27.825000000000003,1140.0
86.22805555555556,27.824722222222224,1141.0
86.22805555555556,27.824444444444445,1139.0
86.22805555555556,27.82416666666667,1137.0
86.22805555555556,27.82388888888889,1136.0
86.22805555555556,27.823611111111113,1137.0
86.22805555555556,27.823333333333334,1135.0
86.22805555555556,27.82305555555556,1133.0
86.22805555555556,27.82277777777778,1133.0
86.22805555555556,27.8225,1135.0
86.22805555555556,27.822222222222223,1140.0
86.22777777777777,27.821944444444448,1141.0
86.2275,27.82166666666667,1143.0
86.22722222222222,27.82138888888889,1146.0
86.22722222222222,27.82111111111111,1145.0
86.22694444444444,27.820833333333336,1145.0
86.22666666666667,27.820555555555558,1145.0
86.22666666666667,27.82027777777778,1141.0
86.22666666666667,27.82,1140.0
86.22638888888889,27.819722222222225,1138.0
86.22638888888889,27.819444444444446,1140.0
86.22638888888889,27.819166666666668,1139.0
86.22638888888889,27.818888888888893,1133.0
86.22638888888889,27.818611111111114,1127.0
86.22638888888889,27.818333333333335,1124.0
86.22638888888889,27.818055555555556,1121.0
86.22638888888889,27.81777777777778,1119.0
86.22638888888889,27.817500000000003,1118.0
86.22638888888889,27.817222222222224,1120.0
86.22638888888889,27.816944444444445,1121.0
86.22638888888889,27.81666666666667,1121.0
86.22638888888889,27.81638888888889,1124.0
86.22638888888889,27.816111111111113,1122.0
86.22638888888889,27.815833333333334,1117.0
86.22638888888889,27.81555555555556,1113.0
86.22638888888889,27.81527777777778,1108.0
86.22638888888889,27.815,1111.0
86.22638888888889,27.814722222222223,1115.0
86.22638888888889,27.814444444444447,1115.0
86.22638888888889,27.81416666666667,1113.0
86.22638888888889,27.81388888888889,1113.0
86.22638888888889,27.813611111111115,1116.0
86.22638888888889,27.813333333333336,1127.0
86.22611111111111,27.813055555555557,1130.0
86.22583333333333,27.81277777777778,1126.0
86.22583333333333,27.812500000000004,1134.0
86.22555555555556,27.812222222222225,1130.0
86.22555555555556,27.811944444444446,1134.0
86.22555555555556,27.811666666666667,1134.0
86.22555555555556,27.811388888888892,1135.0
86.22527777777778,27.811111111111114,1130.0
86.22527777777778,27.810833333333335,1131.0
86.22527777777778,27.810555555555556,1127.0
86.22527777777778,27.81027777777778,1124.0
86.22527777777778,27.810000000000002,1119.0
86.22527777777778,27.809722222222224,1117.0
86.22527777777778,27.809444444444445,1116.0
86.22527777777778,27.80916666666667,1115.0
86.22527777777778,27.80888888888889,1111.0
86.22527777777778,27.808611111111112,1107.0
86.22527777777778,27.808333333333337,1110.0
86.22527777777778,27.80805555555556,1122.0
86.225,27.80777777777778,1114.0
86.22472222222223,27.8075,1115.0
86.22444444444444,27.807222222222226,1114.0
86.22416666666666,27.806944444444447,1120.0
86.2238888888889,27.80666666666667,1113.0
86.2238888888889,27.80638888888889,1133.0
86.22361111111111,27.806111111111115,1123.0
86.22333333333333,27.805833333333336,1116.0
86.22305555555556,27.805555555555557,1121.0
86.22277777777778,27.80527777777778,1104.0
86.2225,27.805000000000003,1093.0
86.22222222222223,27.804722222222225,1087.0
86.22194444444445,27.804444444444446,1087.0
86.22166666666666,27.804166666666667,1088.0
86.2213888888889,27.803888888888892,1090.0
86.22111111111111,27.803611111111113,1102.0
86.22083333333333,27.803333333333335,1125.0
86.22055555555555,27.803055555555556,1136.0
86.22027777777778,27.80277777777778,1132.0
86.22,27.802500000000002,1116.0
86.22,27.802222222222223,1110.0
86.21972222222222,27.801944444444448,1108.0
86.21944444444445,27.80166666666667,1102.0
86.21944444444445,27.80138888888889,1097.0
86.21916666666667,27.801111111111112,1099.0
86.21916666666667,27.800833333333337,1101.0
86.21888888888888,27.800555555555558,1100.0
86.21888888888888,27.80027777777778,1095.0
86.21888888888888,27.8,1090.0
86.21861111111112,27.799722222222226,1081.0
86.21833333333333,27.799444444444447,1075.0
86.21833333333333,27.799166666666668,1072.0
86.21805555555555,27.79888888888889,1076.0
86.21805555555555,27.798611111111114,1075.0
86.21777777777778,27.798333333333336,1073.0
86.2175,27.798055555555557,1072.0
86.2175,27.797777777777778,1075.0
86.21722222222222,27.797500000000003,1072.0
86.21694444444445,27.797222222222224,1070.0
86.21694444444445,27.796944444444446,1073.0
86.21694444444445,27.79666666666667,1074.0
86.21666666666667,27.79638888888889,1067.0
86.21666666666667,27.796111111111113,1072.0
86.21638888888889,27.795833333333334,1071.0
86.21638888888889,27.79555555555556,1074.0
86.21611111111112,27.79527777777778,1069.0
86.21611111111112,27.795,1066.0
86.21611111111112,27.794722222222223,1067.0
86.21611111111112,27.794444444444448,1070.0
86.21583333333334,27.79416666666667,1066.0
86.21555555555555,27.79388888888889,1067.0
86.21527777777777,27.79361111111111,1070.0
86.215,27.793333333333337,1075.0
86.21472222222222,27.793055555555558,1073.0
86.21444444444444,27.79277777777778,1065.0
86.21444444444444,27.7925,1061.0
86.21444444444444,27.792222222222225,1064.0
86.21444444444444,27.791944444444447,1064.0
86.21444444444444,27.791666666666668,1069.0
86.21416666666667,27.79138888888889,1070.0
86.21416666666667,27.791111111111114,1070.0
86.21388888888889,27.790833333333335,1064.0
86.21388888888889,27.790555555555557,1070.0
86.2136111111111,27.79027777777778,1066.0
86.2136111111111,27.790000000000003,1068.0
86.2136111111111,27.789722222222224,1066.0
86.2136111111111,27.789444444444445,1070.0
86.21333333333334,27.78916666666667,1070.0
86.21333333333334,27.78888888888889,1067.0
86.21333333333334,27.788611111111113,1066.0
86.21333333333334,27.788333333333334,1064.0
86.21305555555556,27.78805555555556,1062.0
86.21305555555556,27.78777777777778,1062.0
86.21277777777777,27.7875,1058.0
86.2125,27.787222222222223,1059.0
86.2125,27.786944444444448,1058.0
86.21222222222222,27.78666666666667,1057.0
86.21194444444444,27.78638888888889,1053.0
86.21166666666667,27.78611111111111,1056.0
86.21166666666667,27.785833333333336,1059.0
86.21138888888889,27.785555555555558,1054.0
86.21138888888889,27.78527777777778,1053.0
86.21111111111111,27.785000000000004,1056.0
86.21083333333334,27.784722222222225,1059.0
86.21083333333334,27.784444444444446,1056.0
86.21083333333334,27.784166666666668,1053.0
86.21055555555556,27.783888888888892,1049.0
86.21055555555556,27.783611111111114,1049.0
86.21027777777778,27.783333333333335,1049.0
86.21,27.783333333333335,1049.0
86.20972222222223,27.783055555555556,1049.0
86.20944444444444,27.78277777777778,1048.0
86.20916666666666,27.782500000000002,1040.0
86.2088888888889,27.782500000000002,1039.0
86.20861111111111,27.782222222222224,1035.0
86.20833333333333,27.782222222222224,1037.0
86.20805555555556,27.781944444444445,1040.0
86.20777777777778,27.781944444444445,1041.0
86.2075,27.781944444444445,1041.0
86.20722222222223,27.78166666666667,1041.0
86.20694444444445,27.78138888888889,1041.0
86.20666666666666,27.781111111111112,1040.0
86.2063888888889,27.780833333333334,1040.0
86.20611111111111,27.78055555555556,1038.0
86.20611111111111,27.78027777777778,1039.0
86.20583333333333,27.78,1038.0
86.20583333333333,27.779722222222226,1037.0
86.20555555555556,27.779444444444447,1034.0
86.20555555555556,27.77916666666667,1033.0
86.20555555555556,27.77888888888889,1034.0
86.20527777777778,27.778611111111115,1039.0
86.205,27.778333333333336,1039.0
86.205,27.778055555555557,1031.0
86.205,27.77777777777778,1031.0
86.205,27.777500000000003,1030.0
86.205,27.777222222222225,1029.0
86.20472222222222,27.776944444444446,1030.0
86.20444444444445,27.776666666666667,1029.0
86.20416666666667,27.776388888888892,1027.0
86.20388888888888,27.776111111111113,1029.0
86.20361111111112,27.775833333333335,1031.0
86.20361111111112,27.775555555555556,1033.0
86.20333333333333,27.77527777777778,1026.0
86.20333333333333,27.775000000000002,1027.0
86.20333333333333,27.774722222222223,1032.0
86.20305555555555,27.77444444444445,1026.0
86.20305555555555,27.77416666666667,1027.0
86.20305555555555,27.77388888888889,1026.0
86.20305555555555,27.773611111111112,1025.0
86.20305555555555,27.773333333333337,1023.0
86.20305555555555,27.77305555555556,1026.0
86.20305555555555,27.77277777777778,1032.0
86.20277777777778,27.7725,1031.0
86.20277777777778,27.772222222222226,1031.0
86.20277777777778,27.771944444444447,1033.0
86.2025,27.77166666666667,1031.0
86.20222222222222,27.77138888888889,1027.0
86.20222222222222,27.771111111111114,1028.0
86.20194444444445,27.770833333333336,1031.0
86.20194444444445,27.770555555555557,1033.0
86.20194444444445,27.77027777777778,1033.0
86.20166666666667,27.770000000000003,1026.0
86.20166666666667,27.769722222222224,1028.0
86.20166666666667,27.769444444444446,1031.0
86.20138888888889,27.769166666666667,1021.0
86.20138888888889,27.768888888888892,1022.0
86.20138888888889,27.768611111111113,1026.0
86.20111111111112,27.768333333333334,1025.0
86.20083333333334,27.76805555555556,1027.0
86.20083333333334,27.76777777777778,1032.0
86.20055555555555,27.767500000000002,1029.0
86.20027777777779,27.767222222222223,1025.0
86.20027777777779,27.766944444444448,1029.0
86.2,27.76666666666667,1028.0
86.2,27.76638888888889,1033.0
86.2,27.766111111111112,1033.0
86.2,27.765833333333337,1030.0
86.2,27.765555555555558,1028.0
86.2,27.76527777777778,1032.0
86.2,27.765,1031.0
86.2,27.764722222222225,1028.0
86.2,27.764444444444447,1031.0
86.19972222222222,27.764166666666668,1020.0
86.19972222222222,27.76388888888889,1023.0
86.19944444444444,27.763611111111114,1031.0
86.19916666666667,27.763333333333335,1032.0
86.19916666666667,27.763055555555557,1027.0
86.19916666666667,27.76277777777778,1024.0
86.19916666666667,27.762500000000003,1022.0
86.19888888888889,27.762222222222224,1019.0
86.1986111111111,27.761944444444445,1023.0
86.19833333333334,27.76166666666667,1025.0
86.19805555555556,27.76138888888889,1024.0
86.19805555555556,27.761111111111113,1027.0
86.19777777777777,27.760833333333334,1027.0
86.1975,27.76055555555556,1020.0
86.19722222222222,27.76027777777778,1018.0
86.19694444444444,27.76,1013.0
86.19666666666667,27.759722222222223,1003.0
86.19638888888889,27.759722222222223,1001.0
86.19611111111111,27.759444444444448,1000.0
86.19583333333334,27.759444444444448,999.0
86.19555555555556,27.75916666666667,998.0
86.19527777777778,27.75916666666667,998.0
86.19500000000001,27.75916666666667,997.0
86.19472222222223,27.75916666666667,997.0
86.19444444444444,27.75888888888889,995.0
86.19416666666666,27.75861111111111,994.0
86.19388888888889,27.758333333333336,993.0
86.19361111111111,27.758055555555558,991.0
86.19333333333333,27.75777777777778,994.0
86.19305555555556,27.7575,993.0
86.19277777777778,27.7575,997.0
86.1925,27.757222222222225,994.0
86.19222222222223,27.757222222222225,996.0
86.19194444444445,27.756944444444446,989.0
86.19166666666666,27.756944444444446,988.0
86.1913888888889,27.756944444444446,991.0
86.19111111111111,27.756666666666668,989.0
86.19083333333333,27.756666666666668,993.0
86.19055555555556,27.756388888888893,991.0
86.19027777777778,27.756388888888893,996.0
86.19,27.756111111111114,996.0
86.18972222222223,27.755833333333335,996.0
86.18944444444445,27.755555555555556,992.0
86.18916666666667,27.75527777777778,995.0
86.18888888888888,27.755000000000003,995.0
86.18861111111111,27.754722222222224,997.0
86.18833333333333,27.754444444444445,994.0
86.18805555555555,27.754444444444445,993.0
86.18777777777778,27.75416666666667,990.0
86.1875,27.75388888888889,984.0
86.18722222222222,27.75388888888889,990.0
86.18694444444445,27.753611111111113,979.0
86.18666666666667,27.753611111111113,988.0
86.18638888888889,27.753333333333334,976.0
86.18611111111112,27.753333333333334,983.0
86.18583333333333,27.75305555555556,981.0
86.18555555555555,27.75277777777778,987.0
86.18527777777778,27.7525,988.0
86.185,27.7525,985.0
86.18472222222222,27.7525,986.0
86.18444444444445,27.752222222222223,981.0
86.18416666666667,27.752222222222223,989.0
86.18388888888889,27.751944444444447,988.0
86.1836111111111,27.751944444444447,992.0
86.18333333333334,27.75166666666667,984.0
86.18305555555555,27.75138888888889,979.0
86.18277777777777,27.75138888888889,984.0
86.1825,27.75138888888889,991.0
86.18222222222222,27.751111111111115,985.0
86.18194444444444,27.751111111111115,990.0
86.18166666666667,27.750833333333336,992.0
86.18138888888889,27.750555555555557,992.0
86.18111111111111,27.75027777777778,989.0
86.18083333333334,27.750000000000004,975.0
86.18055555555556,27.750000000000004,972.0
86.18027777777777,27.749722222222225,971.0
86.18,27.749722222222225,971.0
86.17972222222222,27.749722222222225,971.0
86.17944444444444,27.749444444444446,971.0
86.17916666666667,27.749444444444446,973.0
86.17888888888889,27.749166666666667,972.0
86.17861111111111,27.748888888888892,971.0
86.17833333333333,27.748611111111114,971.0
86.17833333333333,27.748333333333335,969.0
86.17833333333333,27.748055555555556,968.0
86.17833333333333,27.74777777777778,967.0
86.17805555555556,27.747500000000002,967.0
86.17777777777778,27.747222222222224,969.0
86.1775,27.746944444444445,968.0
86.17722222222223,27.74666666666667,968.0
86.17694444444444,27.74666666666667,966.0
86.17666666666666,27.74638888888889,965.0
86.17666666666666,27.746111111111112,962.0
86.1763888888889,27.745833333333337,960.0
86.17611111111111,27.74555555555556,954.0
86.17611111111111,27.74527777777778,961.0
86.17583333333333,27.745,962.0
86.17555555555556,27.744722222222226,961.0
86.17555555555556,27.744444444444447,958.0
86.17527777777778,27.74416666666667,953.0
86.17527777777778,27.74388888888889,955.0
86.17527777777778,27.743611111111115,959.0
86.175,27.743333333333336,959.0
86.17472222222223,27.743055555555557,956.0
86.17444444444445,27.74277777777778,958.0
86.17416666666666,27.742500000000003,959.0
86.1738888888889,27.742222222222225,958.0
86.17361111111111,27.742222222222225,958.0
86.17333333333333,27.741944444444446,957.0
86.17305555555555,27.741944444444446,957.0
86.17277777777778,27.741944444444446,957.0
86.1725,27.741666666666667,956.0
86.17222222222222,27.741388888888892,957.0
86.17194444444445,27.741111111111113,955.0
86.17166666666667,27.741111111111113,956.0
86.17138888888888,27.740833333333335,951.0
86.17111111111112,27.740833333333335,954.0
86.17083333333333,27.740833333333335,953.0
86.17055555555555,27.740833333333335,953.0
86.17027777777778,27.740555555555556,952.0
86.17,27.74027777777778,954.0
86.16972222222222,27.740000000000002,953.0
86.16944444444445,27.739722222222223,955.0
86.16916666666667,27.739444444444448,955.0
86.16916666666667,27.73916666666667,956.0
86.16888888888889,27.73888888888889,950.0
86.16888888888889,27.738611111111112,954.0
86.16888888888889,27.738333333333337,956.0
86.1686111111111,27.738055555555558,950.0
86.16833333333334,27.73777777777778,946.0
86.16805555555555,27.7375,950.0
86.16777777777777,27.737222222222226,954.0
86.1675,27.736944444444447,956.0
86.16722222222222,27.736666666666668,957.0
86.16694444444444,27.736666666666668,957.0
86.16666666666667,27.736666666666668,957.0
86.16638888888889,27.736666666666668,956.0
86.1661111111111,27.736666666666668,955.0
86.16583333333334,27.736666666666668,956.0
86.16555555555556,27.73638888888889,953.0
86.16527777777777,27.736111111111114,951.0
86.165,27.735833333333336,949.0
86.16472222222222,27.735555555555557,957.0
86.16444444444444,27.735277777777778,952.0
86.16416666666667,27.735000000000003,957.0
86.16388888888889,27.734722222222224,955.0
86.16361111111111,27.734444444444446,955.0
86.16333333333333,27.734444444444446,955.0
86.16305555555556,27.73416666666667,954.0
86.16305555555556,27.73388888888889,952.0
86.16277777777778,27.733611111111113,951.0
86.1625,27.733333333333334,952.0
86.1625,27.73305555555556,945.0
86.1625,27.73277777777778,948.0
86.16222222222223,27.7325,942.0
86.16222222222223,27.732222222222223,943.0
86.16194444444444,27.731944444444448,943.0
86.16166666666666,27.73166666666667,942.0
86.1613888888889,27.73138888888889,942.0
86.16111111111111,27.73111111111111,944.0
86.16083333333333,27.730833333333337,942.0
86.16083333333333,27.730555555555558,941.0
86.16083333333333,27.73027777777778,945.0
86.16083333333333,27.73,948.0
86.16055555555556,27.729722222222225,945.0
86.16055555555556,27.729444444444447,948.0
86.16027777777778,27.729166666666668,946.0
86.16,27.72888888888889,944.0
86.16,27.728611111111114,940.0
86.16,27.728333333333335,939.0
86.16,27.728055555555557,940.0
86.16,27.72777777777778,940.0
86.16,27.727500000000003,944.0
86.16,27.727222222222224,947.0
86.16,27.726944444444445,946.0
86.15972222222223,27.72666666666667,938.0
86.15944444444445,27.72638888888889,938.0
86.15916666666666,27.726111111111113,938.0
86.1588888888889,27.725833333333334,938.0
86.15861111111111,27.72555555555556,938.0
86.15833333333333,27.72527777777778,937.0
86.15805555555555,27.725,937.0
86.15777777777778,27.724722222222223,938.0
86.1575,27.724444444444448,938.0
86.15722222222222,27.72416666666667,938.0
86.15694444444445,27.72388888888889,935.0
86.15666666666667,27.72361111111111,935.0
86.15638888888888,27.723333333333336,937.0
86.15611111111112,27.723055555555558,936.0
86.15583333333333,27.72277777777778,939.0
86.15555555555555,27.722500000000004,946.0
86.15527777777778,27.722222222222225,946.0
86.15527777777778,27.721944444444446,948.0
86.155,27.721666666666668,946.0
86.15472222222222,27.721388888888892,944.0
86.15444444444445,27.721111111111114,945.0
86.15416666666667,27.720833333333335,948.0
86.15388888888889,27.720555555555556,947.0
86.15361111111112,27.72027777777778,944.0
86.15361111111112,27.720000000000002,937.0
86.15333333333334,27.720000000000002,936.0
86.15305555555555,27.719722222222224,933.0
86.15277777777777,27.719722222222224,934.0
86.1525,27.719722222222224,934.0
86.15222222222222,27.719722222222224,935.0
86.15194444444444,27.719444444444445,931.0
86.15166666666667,27.71916666666667,932.0
86.15138888888889,27.71916666666667,929.0
86.1511111111111,27.71916666666667,930.0
86.15083333333334,27.71916666666667,930.0
86.15055555555556,27.71888888888889,931.0
86.15027777777777,27.718611111111112,934.0
86.15,27.718333333333334,937.0
86.14972222222222,27.71805555555556,936.0
86.14944444444444,27.71777777777778,936.0
86.14916666666667,27.7175,933.0
86.14916666666667,27.717222222222226,932.0
86.14916666666667,27.716944444444447,932.0
86.14916666666667,27.71666666666667,932.0
86.14916666666667,27.71638888888889,931.0
86.14916666666667,27.716111111111115,927.0
86.14916666666667,27.715833333333336,920.0
86.14916666666667,27.715555555555557,918.0
86.14916666666667,27.71527777777778,921.0
86.14916666666667,27.715000000000003,925.0
86.14944444444444,27.714722222222225,928.0
86.14972222222222,27.714444444444446,933.0
86.15,27.714166666666667,937.0
86.15027777777777,27.713888888888892,937.0
86.15027777777777,27.713611111111113,931.0
86.15027777777777,27.713333333333335,926.0
86.15027777777777,27.713055555555556,923.0
86.15027777777777,27.71277777777778,921.0
86.15027777777777,27.712500000000002,920.0
86.15027777777777,27.712222222222223,921.0
86.15055555555556,27.71194444444445,921.0
86.15055555555556,27.71166666666667,920.0
86.15055555555556,27.71138888888889,921.0
86.15027777777777,27.711111111111112,918.0
86.15027777777777,27.710833333333337,921.0
86.15,27.71055555555556,921.0
86.14972222222222,27.71027777777778,919.0
86.14944444444444,27.71,922.0
86.14916666666667,27.709722222222226,922.0
86.14888888888889,27.709444444444447,919.0
86.14861111111111,27.70916666666667,917.0
86.14833333333334,27.70916666666667,916.0
86.14805555555556,27.70888888888889,916.0
86.14777777777778,27.708611111111114,918.0
86.1475,27.708333333333336,916.0
86.14722222222223,27.708055555555557,916.0
86.14694444444444,27.70777777777778,916.0
86.14666666666666,27.707500000000003,915.0
86.14666666666666,27.707222222222224,916.0
86.14666666666666,27.706944444444446,919.0
86.1463888888889,27.706666666666667,917.0
86.14611111111111,27.706388888888892,919.0
86.14611111111111,27.706111111111113,918.0
86.14611111111111,27.705833333333334,917.0
86.14583333333333,27.70555555555556,916.0
86.14555555555556,27.70527777777778,915.0
86.14527777777778,27.705000000000002,915.0
86.145,27.704722222222223,917.0
86.14472222222223,27.704722222222223,912.0
86.14472222222223,27.704444444444448,912.0
86.14444444444445,27.70416666666667,912.0
86.14416666666666,27.70388888888889,912.0
86.1438888888889,27.703611111111112,911.0
86.14361111111111,27.703333333333337,911.0
86.14333333333333,27.703055555555558,911.0
86.14305555555556,27.70277777777778,911.0
86.14277777777778,27.7025,910.0
86.1425,27.702222222222225,910.0
86.14222222222222,27.701944444444447,910.0
86.14194444444445,27.701666666666668,910.0
86.14166666666667,27.70138888888889,909.0
86.14138888888888,27.70138888888889,909.0
86.14111111111112,27.70138888888889,909.0
86.14083333333333,27.701111111111114,909.0
86.14055555555555,27.701111111111114,909.0
86.14027777777778,27.701111111111114,909.0
86.14,27.700833333333335,909.0
86.13972222222222,27.700833333333335,908.0
86.13944444444445,27.700833333333335,908.0
86.13916666666667,27.700555555555557,908.0
86.13888888888889,27.700555555555557,908.0
86.13861111111112,27.70027777777778,908.0
86.13833333333334,27.70027777777778,907.0
86.13805555555555,27.70027777777778,907.0
86.13777777777779,27.700000000000003,907.0
86.1375,27.700000000000003,907.0
86.13722222222222,27.699722222222224,907.0
86.13694444444444,27.699722222222224,907.0
86.13666666666667,27.699444444444445,906.0
86.13638888888889,27.699444444444445,906.0
86.1361111111111,27.69916666666667,906.0
86.13583333333334,27.69916666666667,906.0
86.13555555555556,27.69916666666667,906.0
86.13527777777777,27.69888888888889,905.0
86.135,27.698611111111113,905.0
86.13472222222222,27.698611111111113,905.0
86.13444444444444,27.698611111111113,905.0
86.13416666666667,27.698611111111113,905.0
86.13388888888889,27.698611111111113,905.0
86.13361111111111,27.698611111111113,904.0
86.13333333333334,27.698611111111113,904.0
86.13305555555556,27.698611111111113,904.0
86.13277777777778,27.698611111111113,904.0
86.13250000000001,27.698333333333334,906.0
86.13222222222223,27.69805555555556,903.0
86.13222222222223,27.69777777777778,905.0
86.13222222222223,27.6975,906.0
86.13194444444444,27.697222222222223,903.0
86.13166666666666,27.696944444444448,903.0
86.13166666666666,27.69666666666667,907.0
86.13138888888889,27.69638888888889,906.0
86.13111111111111,27.69611111111111,906.0
86.13111111111111,27.695833333333336,907.0
86.13111111111111,27.695555555555558,907.0
86.13111111111111,27.69527777777778,907.0
86.13111111111111,27.695,906.0
86.13111111111111,27.694722222222225,906.0
86.13111111111111,27.694444444444446,904.0
86.13111111111111,27.694166666666668,901.0
86.13111111111111,27.693888888888893,904.0
86.13111111111111,27.693611111111114,903.0
86.13111111111111,27.693333333333335,904.0
86.13111111111111,27.693055555555556,904.0
86.13083333333333,27.69277777777778,905.0
86.13083333333333,27.692500000000003,899.0
86.13055555555556,27.692222222222224,899.0
86.13027777777778,27.692222222222224,899.0
86.13,27.691944444444445,899.0
86.12972222222223,27.691944444444445,898.0
86.12944444444445,27.69166666666667,898.0
86.12916666666666,27.69166666666667,898.0
86.1288888888889,27.69166666666667,898.0
86.12861111111111,27.69138888888889,898.0
86.12833333333333,27.69138888888889,898.0
86.12805555555556,27.69138888888889,897.0
86.12777777777778,27.69138888888889,897.0
86.1275,27.69166666666667,897.0
86.1275,27.691944444444445,897.0
86.1275,27.692222222222224,897.0
86.12722222222223,27.692500000000003,896.0
86.12694444444445,27.69277777777778,899.0
86.12666666666667,27.69277777777778,900.0
86.12638888888888,27.69277777777778,900.0
86.12611111111111,27.69277777777778,900.0
86.12583333333333,27.69277777777778,900.0
86.12555555555555,27.69277777777778,900.0
86.12527777777778,27.69277777777778,895.0
86.125,27.69277777777778,895.0
86.12472222222222,27.69277777777778,895.0
86.12444444444445,27.69277777777778,895.0
86.12416666666667,27.692500000000003,894.0
86.12388888888889,27.692500000000003,894.0
86.12361111111112,27.692500000000003,894.0
86.12333333333333,27.692500000000003,899.0
86.12305555555555,27.692222222222224,894.0
86.12277777777778,27.692222222222224,894.0
86.1225,27.692222222222224,893.0
86.12222222222222,27.691944444444445,893.0
86.12194444444445,27.69166666666667,893.0
86.12166666666667,27.69138888888889,893.0
86.12166666666667,27.691111111111113,900.0
86.12138888888889,27.690833333333334,897.0
86.12138888888889,27.69055555555556,899.0
86.12138888888889,27.69027777777778,899.0
86.1211111111111,27.69,897.0
86.1211111111111,27.689722222222223,898.0
86.12083333333334,27.689444444444447,893.0
86.12083333333334,27.68916666666667,895.0
86.12083333333334,27.68888888888889,895.0
86.12083333333334,27.688611111111115,892.0
86.12083333333334,27.688333333333336,892.0
86.12083333333334,27.688055555555557,896.0
86.12083333333334,27.68777777777778,899.0
86.12083333333334,27.687500000000004,900.0
86.12083333333334,27.687222222222225,898.0
86.12083333333334,27.686944444444446,893.0
86.12083333333334,27.686666666666667,890.0
86.12083333333334,27.686388888888892,890.0
86.12055555555555,27.686111111111114,889.0
86.12055555555555,27.685833333333335,889.0
86.12055555555555,27.685555555555556,888.0
86.12027777777777,27.68527777777778,887.0
86.12,27.685000000000002,887.0
86.11972222222222,27.685000000000002,887.0
86.11944444444444,27.684722222222224,886.0
86.11916666666667,27.684722222222224,886.0
86.11888888888889,27.684722222222224,886.0
86.11861111111111,27.684722222222224,886.0
86.11833333333334,27.684722222222224,886.0
86.11805555555556,27.684722222222224,886.0
86.11777777777777,27.684722222222224,885.0
86.1175,27.684722222222224,885.0
86.11722222222222,27.684444444444445,885.0
86.11694444444444,27.684444444444445,885.0
86.11666666666667,27.684444444444445,885.0
86.11638888888889,27.684444444444445,885.0
86.11611111111111,27.684444444444445,884.0
86.11583333333333,27.684444444444445,884.0
86.11555555555556,27.684444444444445,884.0
86.11527777777778,27.68416666666667,884.0
86.115,27.68416666666667,884.0
86.11472222222223,27.68416666666667,884.0
86.11444444444444,27.68416666666667,883.0
86.11416666666666,27.68416666666667,883.0
86.1138888888889,27.68388888888889,884.0
86.11361111111111,27.683611111111112,885.0
86.11333333333333,27.683333333333337,884.0
86.11305555555556,27.683333333333337,885.0
86.11277777777778,27.683333333333337,885.0
86.1125,27.683333333333337,884.0
86.11222222222223,27.683333333333337,882.0
86.11194444444445,27.683333333333337,882.0
86.11166666666666,27.683333333333337,882.0
86.1113888888889,27.68305555555556,881.0
86.11111111111111,27.68277777777778,881.0
86.11083333333333,27.68277777777778,881.0
86.11055555555555,27.6825,881.0
86.11027777777778,27.682222222222226,881.0
86.11,27.681944444444447,880.0
86.10972222222222,27.681944444444447,884.0
86.10944444444445,27.68166666666667,880.0
86.10916666666667,27.68166666666667,882.0
86.10888888888888,27.68166666666667,884.0
86.10861111111112,27.68166666666667,884.0
86.10833333333333,27.68166666666667,879.0
86.10805555555555,27.68166666666667,879.0
86.10777777777778,27.681944444444447,879.0
86.1075,27.682222222222226,879.0
86.10722222222222,27.6825,884.0
86.10694444444445,27.68277777777778,882.0
86.10666666666667,27.68277777777778,884.0
86.10638888888889,27.68277777777778,883.0
86.1061111111111,27.6825,883.0
86.10583333333334,27.682222222222226,884.0
86.10555555555555,27.681944444444447,884.0
86.10555555555555,27.68166666666667,883.0
86.10555555555555,27.68138888888889,882.0
86.10555555555555,27.681111111111115,878.0
86.10555555555555,27.680833333333336,877.0
86.10555555555555,27.680555555555557,878.0
86.10555555555555,27.68027777777778,880.0
86.10555555555555,27.680000000000003,883.0
86.10555555555555,27.679722222222225,883.0
86.10555555555555,27.679444444444446,883.0
86.10555555555555,27.679166666666667,884.0
86.10555555555555,27.678888888888892,880.0
86.10555555555555,27.678611111111113,878.0
86.10527777777777,27.678333333333335,882.0
86.105,27.678055555555556,885.0
86.10472222222222,27.67777777777778,885.0
86.10444444444444,27.677500000000002,885.0
86.10416666666667,27.677222222222223,883.0
86.10388888888889,27.677222222222223,884.0
86.1036111111111,27.676944444444448,882.0
86.10333333333334,27.676944444444448,882.0
86.10305555555556,27.676944444444448,882.0
86.10277777777777,27.676944444444448,883.0
86.1025,27.67666666666667,879.0
86.10222222222222,27.67638888888889,873.0
86.10194444444444,27.676111111111112,873.0
86.10166666666667,27.675833333333337,872.0
86.10138888888889,27.675555555555558,870.0
86.10111111111111,27.67527777777778,868.0
86.10083333333333,27.675,871.0
86.10055555555556,27.674722222222226,877.0
86.10027777777778,27.674444444444447,879.0
86.1,27.674166666666668,881.0
86.09972222222223,27.67388888888889,882.0
86.09944444444444,27.673611111111114,877.0
86.09916666666666,27.673611111111114,878.0
86.0988888888889,27.673333333333336,879.0
86.09861111111111,27.673055555555557,870.0
86.09833333333333,27.673055555555557,880.0
86.09805555555556,27.672777777777778,873.0
86.09777777777778,27.672777777777778,882.0
86.0975,27.672500000000003,868.0
86.09722222222223,27.672500000000003,881.0
86.09694444444445,27.672222222222224,879.0
86.09666666666666,27.671944444444446,880.0
86.0963888888889,27.671944444444446,878.0
86.09611111111111,27.671944444444446,879.0
86.09583333333333,27.671944444444446,884.0
86.09555555555555,27.67166666666667,881.0
86.09527777777778,27.67138888888889,880.0
86.095,27.671111111111113,880.0
86.09472222222222,27.670833333333334,873.0
86.09444444444445,27.67055555555556,871.0
86.09416666666667,27.67027777777778,873.0
86.09388888888888,27.67,878.0
86.09388888888888,27.669722222222223,885.0
86.09361111111112,27.669444444444448,873.0
86.09361111111112,27.66916666666667,883.0
86.09333333333333,27.66888888888889,878.0
86.09305555555555,27.66861111111111,868.0
86.09305555555555,27.668333333333337,874.0
86.09305555555555,27.668055555555558,882.0
86.09277777777778,27.66777777777778,875.0
86.09277777777778,27.6675,884.0
86.0925,27.667222222222225,875.0
86.0925,27.666944444444447,880.0
86.09222222222222,27.666666666666668,873.0
86.09194444444445,27.66638888888889,870.0
86.09194444444445,27.666111111111114,880.0
86.09166666666667,27.665833333333335,873.0
86.09166666666667,27.665555555555557,882.0
86.09138888888889,27.66527777777778,864.0
86.09111111111112,27.665000000000003,864.0
86.09083333333334,27.664722222222224,864.0
86.09083333333334,27.664444444444445,881.0
86.09055555555555,27.66416666666667,871.0
86.09055555555555,27.66388888888889,878.0
86.09055555555555,27.663611111111113,882.0
86.09027777777777,27.663333333333334,875.0
86.09,27.66305555555556,873.0
86.09,27.66277777777778,883.0
86.08972222222222,27.6625,873.0
86.08972222222222,27.662222222222223,880.0
86.08972222222222,27.661944444444448,883.0
86.08944444444444,27.66166666666667,875.0
86.08916666666667,27.66138888888889,862.0
86.08916666666667,27.66111111111111,873.0
86.08916666666667,27.660833333333336,882.0
86.08888888888889,27.660555555555558,875.0
86.0886111111111,27.66027777777778,882.0
86.08833333333334,27.660000000000004,883.0
86.08805555555556,27.659722222222225,884.0
86.08777777777777,27.659444444444446,872.0
86.08777777777777,27.659166666666668,875.0
86.08777777777777,27.658888888888892,872.0
86.08777777777777,27.658611111111114,874.0
86.08777777777777,27.658333333333335,869.0
86.08777777777777,27.658055555555556,868.0
86.08777777777777,27.65777777777778,871.0
86.08777777777777,27.657500000000002,878.0
86.0875,27.657222222222224,866.0
86.0875,27.656944444444445,869.0
86.0875,27.65666666666667,870.0
86.0875,27.65638888888889,862.0
86.0875,27.656111111111112,862.0
86.0875,27.655833333333334,867.0
86.0875,27.65555555555556,870.0
86.0875,27.65527777777778,869.0
86.0875,27.655,873.0
86.08777777777777,27.654722222222226,874.0
86.08777777777777,27.654444444444447,882.0
86.08777777777777,27.65416666666667,885.0
86.08777777777777,27.65388888888889,883.0
86.08777777777777,27.653611111111115,876.0
86.08777777777777,27.653333333333336,871.0
86.08777777777777,27.653055555555557,871.0
86.08777777777777,27.65277777777778,871.0
86.08777777777777,27.652500000000003,873.0
86.08777777777777,27.652222222222225,875.0
86.0875,27.651944444444446,874.0
86.0875,27.651666666666667,872.0
86.0875,27.651388888888892,867.0
86.0875,27.651111111111113,866.0
86.0875,27.650833333333335,872.0
86.08722222222222,27.650555555555556,872.0
86.08694444444444,27.65027777777778,869.0
86.08694444444444,27.650000000000002,872.0
86.08666666666667,27.649722222222223,870.0
86.08666666666667,27.64944444444445,867.0
86.08666666666667,27.64916666666667,868.0
86.08666666666667,27.64888888888889,868.0
86.08666666666667,27.648611111111112,864.0
86.08666666666667,27.648333333333337,858.0
86.08666666666667,27.64805555555556,864.0
86.08666666666667,27.64777777777778,865.0
86.08666666666667,27.6475,868.0
86.08666666666667,27.647222222222226,870.0
86.08666666666667,27.646944444444447,867.0
86.08666666666667,27.64666666666667,862.0
86.08666666666667,27.64638888888889,861.0
86.08666666666667,27.646111111111114,861.0
86.08666666666667,27.645833333333336,862.0
86.08666666666667,27.645555555555557,863.0
86.08666666666667,27.64527777777778,865.0
86.08666666666667,27.645000000000003,867.0
86.08666666666667,27.644722222222224,870.0
86.08666666666667,27.644444444444446,872.0
86.08666666666667,27.644166666666667,872.0
86.08666666666667,27.643888888888892,869.0
86.08666666666667,27.643611111111113,866.0
86.08638888888889,27.643333333333334,863.0
86.08638888888889,27.64305555555556,861.0
86.08638888888889,27.64277777777778,856.0
86.08638888888889,27.642500000000002,858.0
86.08611111111111,27.642222222222223,854.0
86.08611111111111,27.641944444444448,855.0
86.08583333333334,27.64166666666667,848.0
86.08555555555556,27.64138888888889,847.0
86.08527777777778,27.641111111111112,851.0
86.085,27.640833333333337,848.0
86.085,27.640555555555558,854.0
86.085,27.64027777777778,862.0
86.08472222222223,27.64,851.0
86.08472222222223,27.639722222222225,862.0
86.08472222222223,27.639444444444447,856.0
86.08472222222223,27.639166666666668,848.0
86.08472222222223,27.63888888888889,845.0
86.08472222222223,27.638611111111114,842.0
86.08472222222223,27.638333333333335,842.0
86.08472222222223,27.638055555555557,846.0
86.08472222222223,27.63777777777778,853.0
86.08472222222223,27.637500000000003,853.0
86.08472222222223,27.637222222222224,852.0
86.08472222222223,27.636944444444445,858.0
86.08472222222223,27.63666666666667,860.0
86.08472222222223,27.63638888888889,855.0
86.08472222222223,27.636111111111113,853.0
86.08472222222223,27.635833333333334,852.0
86.08472222222223,27.63555555555556,856.0
86.08472222222223,27.63527777777778,857.0
86.08472222222223,27.635,849.0
86.08472222222223,27.634722222222223,852.0
86.08444444444444,27.634444444444448,850.0
86.08444444444444,27.63416666666667,863.0
86.08416666666666,27.63388888888889,862.0
86.0838888888889,27.63361111111111,856.0
86.08361111111111,27.633333333333336,855.0
86.08361111111111,27.633055555555558,862.0
86.08333333333333,27.63277777777778,850.0
86.08333333333333,27.6325,862.0
86.08305555555556,27.632222222222225,845.0
86.08305555555556,27.631944444444446,850.0
86.08305555555556,27.631666666666668,857.0
86.08277777777778,27.631388888888893,859.0
86.08277777777778,27.631111111111114,856.0
86.08277777777778,27.630833333333335,848.0
86.08277777777778,27.630555555555556,855.0
86.0825,27.63027777777778,846.0
86.0825,27.630000000000003,856.0
86.0825,27.629722222222224,860.0
86.0825,27.629444444444445,853.0
86.0825,27.62916666666667,858.0
86.08222222222223,27.62888888888889,844.0
86.08222222222223,27.628611111111113,858.0
86.08194444444445,27.628333333333334,861.0
86.08194444444445,27.62805555555556,861.0
86.08166666666666,27.62777777777778,863.0
86.08166666666666,27.6275,858.0
86.08166666666666,27.627222222222223,847.0
86.08166666666666,27.626944444444447,841.0
86.08166666666666,27.62666666666667,842.0
86.08166666666666,27.62638888888889,844.0
86.08166666666666,27.626111111111115,845.0
86.08166666666666,27.625833333333336,850.0
86.0813888888889,27.625555555555557,845.0
86.0813888888889,27.62527777777778,850.0
86.08111111111111,27.625000000000004,849.0
86.08083333333333,27.624722222222225,852.0
86.08055555555556,27.624444444444446,848.0
86.08055555555556,27.624166666666667,840.0
86.08055555555556,27.623888888888892,838.0
86.08055555555556,27.623611111111114,838.0
86.08055555555556,27.623333333333335,838.0
86.08055555555556,27.623055555555556,838.0
86.08055555555556,27.62277777777778,839.0
86.08027777777778,27.622500000000002,842.0
86.08027777777778,27.622222222222224,842.0
86.08027777777778,27.621944444444445,843.0
86.08027777777778,27.62166666666667,843.0
86.08,27.62138888888889,838.0
86.07972222222222,27.621111111111112,838.0
86.07944444444445,27.620833333333337,839.0
86.07916666666667,27.62055555555556,837.0
86.07888888888888,27.62027777777778,844.0
86.07861111111112,27.62,839.0
86.07861111111112,27.619722222222226,839.0
86.07833333333333,27.619444444444447,838.0
86.07805555555555,27.61916666666667,838.0
86.07777777777778,27.61888888888889,838.0
86.0775,27.618611111111115,837.0
86.07722222222222,27.618333333333336,837.0
86.07694444444445,27.618055555555557,836.0
86.07666666666667,27.61777777777778,836.0
86.07638888888889,27.617500000000003,836.0
86.07611111111112,27.617222222222225,835.0
86.07583333333334,27.616944444444446,838.0
86.07583333333334,27.616666666666667,842.0
86.07555555555555,27.616388888888892,836.0
86.07555555555555,27.616111111111113,839.0
86.07555555555555,27.615833333333335,841.0
86.07555555555555,27.615555555555556,841.0
86.07555555555555,27.61527777777778,836.0
86.07555555555555,27.615000000000002,832.0
86.07555555555555,27.614722222222223,832.0
86.07555555555555,27.614444444444448,832.0
86.07555555555555,27.61416666666667,833.0
86.07555555555555,27.61388888888889,834.0
86.07555555555555,27.613611111111112,833.0
86.07555555555555,27.613333333333337,830.0
86.07555555555555,27.613055555555558,830.0
86.07555555555555,27.61277777777778,830.0
86.07555555555555,27.6125,830.0
86.07555555555555,27.612222222222226,833.0
86.07555555555555,27.611944444444447,833.0
86.07555555555555,27.611666666666668,832.0
86.07555555555555,27.61138888888889,828.0
86.07555555555555,27.611111111111114,828.0
86.07555555555555,27.610833333333336,828.0
86.07583333333334,27.610555555555557,828.0
86.07611111111112,27.610277777777778,839.0
86.07638888888889,27.610000000000003,841.0
86.07666666666667,27.609722222222224,839.0
86.07694444444445,27.609444444444446,838.0
86.07694444444445,27.60916666666667,843.0
86.07722222222222,27.60888888888889,839.0
86.07722222222222,27.608611111111113,841.0
86.0775,27.608333333333334,836.0
86.0775,27.60805555555556,838.0
86.0775,27.60777777777778,839.0
86.07777777777778,27.6075,831.0
86.07777777777778,27.607222222222223,838.0
86.07777777777778,27.606944444444448,841.0
86.07777777777778,27.60666666666667,841.0
86.07777777777778,27.60638888888889,840.0
86.07777777777778,27.60611111111111,840.0
86.07777777777778,27.605833333333337,843.0
86.07805555555555,27.605555555555558,842.0
86.07833333333333,27.60527777777778,843.0
86.07833333333333,27.605,841.0
86.07833333333333,27.604722222222225,827.0
86.07833333333333,27.604444444444447,824.0
86.07833333333333,27.604166666666668,830.0
86.07861111111112,27.60388888888889,828.0
86.07861111111112,27.603611111111114,830.0
86.07861111111112,27.603333333333335,831.0
86.07861111111112,27.603055555555557,832.0
86.07861111111112,27.60277777777778,831.0
86.07861111111112,27.602500000000003,831.0
86.07861111111112,27.602222222222224,833.0
86.07888888888888,27.601944444444445,830.0
86.07916666666667,27.60166666666667,831.0
86.07916666666667,27.60138888888889,831.0
86.07916666666667,27.601111111111113,830.0
86.07916666666667,27.600833333333334,826.0
86.07916666666667,27.60055555555556,821.0
86.07916666666667,27.60027777777778,823.0
86.07916666666667,27.6,825.0
86.07916666666667,27.599722222222223,825.0
86.07916666666667,27.599444444444448,825.0
86.07916666666667,27.59916666666667,827.0
86.07944444444445,27.59888888888889,827.0
86.07944444444445,27.59861111111111,832.0
86.07972222222222,27.598333333333336,831.0
86.08,27.598055555555558,833.0
86.08,27.59777777777778,831.0
86.08027777777778,27.597500000000004,828.0
86.08027777777778,27.597222222222225,825.0
86.08027777777778,27.596944444444446,827.0
86.08027777777778,27.596666666666668,830.0
86.08027777777778,27.596388888888892,830.0
86.08055555555556,27.596111111111114,829.0
86.08055555555556,27.595833333333335,819.0
86.08055555555556,27.595555555555556,810.0
86.08055555555556,27.59527777777778,805.0
86.08055555555556,27.595000000000002,804.0
86.08055555555556,27.594722222222224,815.0
86.08027777777778,27.594444444444445,813.0
86.08027777777778,27.59416666666667,814.0
86.08027777777778,27.59388888888889,808.0
86.08027777777778,27.593611111111112,809.0
86.08027777777778,27.593333333333334,812.0
86.08027777777778,27.59305555555556,817.0
86.08055555555556,27.59277777777778,807.0
86.08055555555556,27.5925,807.0
86.08083333333333,27.592222222222226,806.0
86.08111111111111,27.591944444444447,808.0
86.0813888888889,27.59166666666667,815.0
86.08166666666666,27.59138888888889,817.0
86.08166666666666,27.591111111111115,814.0
86.08194444444445,27.590833333333336,808.0
86.08222222222223,27.590555555555557,801.0
86.08222222222223,27.59027777777778,800.0
86.0825,27.590000000000003,797.0
86.0825,27.589722222222225,798.0
86.0825,27.589444444444446,794.0
86.0825,27.589166666666667,794.0
86.0825,27.588888888888892,792.0
86.0825,27.588611111111113,792.0
86.08277777777778,27.588333333333335,790.0
86.08277777777778,27.588055555555556,789.0
86.08277777777778,27.58777777777778,790.0
86.0825,27.587500000000002,790.0
86.0825,27.587222222222223,788.0
86.0825,27.58694444444445,789.0
86.08222222222223,27.58666666666667,789.0
86.08194444444445,27.58638888888889,788.0
86.08194444444445,27.586111111111112,788.0
86.08194444444445,27.585833333333337,787.0
86.08194444444445,27.58555555555556,786.0
86.08194444444445,27.58527777777778,786.0
86.08194444444445,27.585,785.0
86.08194444444445,27.584722222222226,787.0
86.08194444444445,27.584444444444447,784.0
86.08194444444445,27.58416666666667,785.0
86.08194444444445,27.58388888888889,786.0
86.08194444444445,27.583611111111114,785.0
86.08166666666666,27.583333333333336,786.0
86.08166666666666,27.583055555555557,785.0
86.08166666666666,27.58277777777778,782.0
86.08166666666666,27.582500000000003,781.0
86.08166666666666,27.582222222222224,778.0
86.08166666666666,27.581944444444446,780.0
86.08194444444445,27.581666666666667,780.0
86.08222222222223,27.581388888888892,780.0
86.0825,27.581111111111113,779.0
86.0825,27.580833333333334,778.0
86.08277777777778,27.58055555555556,774.0
86.08277777777778,27.58027777777778,778.0
86.08305555555556,27.580000000000002,778.0
86.08333333333333,27.579722222222223,778.0
86.08361111111111,27.579444444444448,778.0
86.08361111111111,27.57916666666667,778.0
86.08361111111111,27.57888888888889,778.0
86.0838888888889,27.578611111111112,778.0
86.0838888888889,27.578333333333337,778.0
86.0838888888889,27.578055555555558,778.0
86.0838888888889,27.57777777777778,778.0
86.08416666666666,27.5775,775.0
86.08416666666666,27.577222222222225,778.0
86.08416666666666,27.576944444444447,774.0
86.08416666666666,27.576666666666668,775.0
86.08416666666666,27.57638888888889,775.0
86.08416666666666,27.576111111111114,776.0
86.08416666666666,27.575833333333335,774.0
86.08416666666666,27.575555555555557,773.0
86.08416666666666,27.57527777777778,773.0
86.08416666666666,27.575000000000003,773.0
86.08416666666666,27.574722222222224,773.0
86.08416666666666,27.574444444444445,772.0
86.08416666666666,27.57416666666667,773.0
86.08416666666666,27.57388888888889,772.0
86.08416666666666,27.573611111111113,773.0
86.08416666666666,27.573333333333334,773.0
86.08416666666666,27.57305555555556,773.0
86.08444444444444,27.57277777777778,772.0
86.08444444444444,27.5725,772.0
86.08444444444444,27.572222222222223,776.0
86.08444444444444,27.571944444444448,776.0
86.08444444444444,27.57166666666667,774.0
86.08444444444444,27.57138888888889,776.0
86.08444444444444,27.57111111111111,776.0
86.08416666666666,27.570833333333336,774.0
86.0838888888889,27.570555555555558,771.0
86.08361111111111,27.57027777777778,775.0
86.08361111111111,27.57,773.0
86.08333333333333,27.569722222222225,766.0
86.08305555555556,27.569444444444446,766.0
86.08305555555556,27.569166666666668,766.0
86.08305555555556,27.568888888888893,766.0
86.08305555555556,27.568611111111114,766.0
86.08305555555556,27.568333333333335,766.0
86.08305555555556,27.568055555555556,766.0
86.08305555555556,27.56777777777778,761.0
86.08305555555556,27.567500000000003,758.0
86.08305555555556,27.567222222222224,758.0
86.08333333333333,27.566944444444445,755.0
86.08361111111111,27.56666666666667,752.0
86.0838888888889,27.56638888888889,752.0
86.08416666666666,27.566111111111113,749.0
86.08416666666666,27.565833333333334,749.0
86.08416666666666,27.56555555555556,750.0
86.08416666666666,27.56527777777778,748.0
86.08416666666666,27.565,745.0
86.08416666666666,27.564722222222223,744.0
86.08416666666666,27.564444444444447,742.0
86.0838888888889,27.56416666666667,740.0
86.0838888888889,27.56388888888889,741.0
86.08361111111111,27.563611111111115,738.0
86.08361111111111,27.563333333333336,738.0
86.08333333333333,27.563055555555557,735.0
86.08333333333333,27.56277777777778,735.0
86.08333333333333,27.562500000000004,736.0
86.08333333333333,27.562222222222225,733.0
86.08361111111111,27.561944444444446,735.0
86.08361111111111,27.561666666666667,734.0
86.08361111111111,27.561388888888892,733.0
86.0838888888889,27.561111111111114,731.0
86.08416666666666,27.561111111111114,730.0
86.08444444444444,27.560833333333335,730.0
86.08472222222223,27.560833333333335,729.0
86.085,27.560833333333335,729.0
86.08527777777778,27.560555555555556,727.0
86.08527777777778,27.56027777777778,724.0
86.08555555555556,27.560000000000002,725.0
86.08555555555556,27.559722222222224,724.0
86.08527777777778,27.559444444444445,722.0
86.08527777777778,27.55916666666667,721.0
86.085,27.55888888888889,721.0
86.085,27.558611111111112,719.0
86.08472222222223,27.558333333333337,716.0
86.08472222222223,27.55805555555556,718.0
86.08444444444444,27.55777777777778,715.0
86.08444444444444,27.5575,717.0
86.08444444444444,27.557222222222226,719.0
86.08444444444444,27.556944444444447,718.0
86.08416666666666,27.55666666666667,714.0
86.08416666666666,27.55638888888889,713.0
86.08444444444444,27.556111111111115,716.0
86.08444444444444,27.555833333333336,716.0
86.08416666666666,27.555555555555557,711.0
86.08416666666666,27.55527777777778,711.0
86.08416666666666,27.555000000000003,708.0
86.08416666666666,27.554722222222225,709.0
86.08416666666666,27.554444444444446,710.0
86.0838888888889,27.554166666666667,708.0
86.0838888888889,27.553888888888892,708.0
86.08361111111111,27.553611111111113,708.0
86.08361111111111,27.553333333333335,707.0
86.08333333333333,27.553055555555556,707.0
86.08333333333333,27.55277777777778,707.0
86.08333333333333,27.552500000000002,705.0
86.08305555555556,27.552222222222223,705.0
86.08305555555556,27.551944444444448,701.0
86.08305555555556,27.55166666666667,703.0
86.08305555555556,27.55138888888889,705.0
86.08305555555556,27.551111111111112,702.0
86.08305555555556,27.550833333333337,705.0
86.08333333333333,27.550555555555558,704.0
86.08333333333333,27.55027777777778,704.0
86.08361111111111,27.55,700.0
86.08361111111111,27.549722222222226,702.0
86.0838888888889,27.549444444444447,701.0
86.0838888888889,27.549166666666668,701.0
86.0838888888889,27.54888888888889,701.0
86.0838888888889,27.548611111111114,697.0
86.0838888888889,27.548333333333336,698.0
86.0838888888889,27.548055555555557,697.0
86.0838888888889,27.547777777777778,696.0
86.0838888888889,27.547500000000003,694.0
86.08361111111111,27.547222222222224,694.0
86.08333333333333,27.546944444444446,692.0
86.08305555555556,27.54666666666667,693.0
86.08305555555556,27.54638888888889,692.0
86.08277777777778,27.546111111111113,690.0
86.0825,27.545833333333334,689.0
86.08222222222223,27.54555555555556,690.0
86.08194444444445,27.54527777777778,691.0
86.08166666666666,27.545,687.0
86.0813888888889,27.544722222222223,688.0
86.08111111111111,27.544444444444448,686.0
86.08083333333333,27.54416666666667,687.0
86.08083333333333,27.54388888888889,685.0
86.08083333333333,27.54361111111111,683.0
86.08083333333333,27.543333333333337,686.0
86.08111111111111,27.543055555555558,684.0
86.0813888888889,27.543055555555558,684.0
86.08166666666666,27.54277777777778,681.0
86.08194444444445,27.54277777777778,685.0
86.08222222222223,27.5425,684.0
86.08222222222223,27.542222222222225,683.0
86.0825,27.541944444444447,682.0
86.0825,27.541666666666668,681.0
86.0825,27.54138888888889,680.0
86.08222222222223,27.541111111111114,676.0
86.08222222222223,27.540833333333335,677.0
86.08194444444445,27.540555555555557,679.0
86.08194444444445,27.54027777777778,678.0
86.08194444444445,27.540000000000003,677.0
86.08194444444445,27.539722222222224,677.0
86.08166666666666,27.539444444444445,678.0
86.08166666666666,27.53916666666667,678.0
86.08166666666666,27.53888888888889,677.0
86.08166666666666,27.538611111111113,678.0
86.08166666666666,27.538333333333334,678.0
86.08166666666666,27.53805555555556,679.0
86.08194444444445,27.53777777777778,677.0
86.08194444444445,27.5375,679.0
86.08222222222223,27.537222222222223,677.0
86.08222222222223,27.536944444444448,678.0
86.08222222222223,27.53666666666667,678.0
86.08222222222223,27.53638888888889,678.0
86.0825,27.53611111111111,677.0
86.0825,27.535833333333336,679.0
86.08277777777778,27.535555555555558,674.0
86.08277777777778,27.53527777777778,674.0
86.08305555555556,27.535000000000004,674.0
86.08333333333333,27.534722222222225,675.0
86.08361111111111,27.534444444444446,673.0
86.0838888888889,27.534166666666668,675.0
86.08416666666666,27.533888888888892,677.0
86.08416666666666,27.533611111111114,679.0
86.08444444444444,27.533333333333335,676.0
86.08444444444444,27.533055555555556,673.0
86.08472222222223,27.53277777777778,670.0
86.085,27.532500000000002,669.0
86.08527777777778,27.532222222222224,668.0
86.08527777777778,27.531944444444445,668.0
86.08555555555556,27.53166666666667,667.0
86.08555555555556,27.53138888888889,667.0
86.08583333333334,27.531111111111112,666.0
86.08583333333334,27.530833333333334,665.0
86.08583333333334,27.53055555555556,665.0
86.08583333333334,27.53027777777778,665.0
86.08583333333334,27.53,665.0
86.08583333333334,27.529722222222226,665.0
86.08555555555556,27.529444444444447,661.0
86.08555555555556,27.52916666666667,665.0
86.08527777777778,27.52888888888889,662.0
86.08527777777778,27.528611111111115,666.0
86.085,27.528333333333336,666.0
86.085,27.528055555555557,662.0
86.085,27.52777777777778,664.0
86.08472222222223,27.527500000000003,661.0
86.08472222222223,27.527222222222225,660.0
86.08444444444444,27.526944444444446,659.0
86.08444444444444,27.526666666666667,656.0
86.08444444444444,27.526388888888892,656.0
86.08472222222223,27.526111111111113,658.0
86.085,27.525833333333335,657.0
86.08527777777778,27.525555555555556,658.0
86.08527777777778,27.52527777777778,655.0
86.08555555555556,27.525000000000002,656.0
86.08555555555556,27.524722222222223,653.0
86.08555555555556,27.52444444444445,652.0
86.08583333333334,27.52416666666667,654.0
86.08583333333334,27.52388888888889,653.0
86.08583333333334,27.523611111111112,651.0
86.08583333333334,27.523333333333337,651.0
86.08583333333334,27.52305555555556,652.0
86.08583333333334,27.52277777777778,651.0
86.08583333333334,27.5225,652.0
86.08583333333334,27.522222222222226,652.0
86.08583333333334,27.521944444444447,652.0
86.08583333333334,27.52166666666667,650.0
86.08583333333334,27.52138888888889,649.0
86.08583333333334,27.521111111111114,648.0
86.08611111111111,27.520833333333336,648.0
86.08611111111111,27.520555555555557,645.0
86.08611111111111,27.52027777777778,643.0
86.08638888888889,27.520000000000003,644.0
86.08638888888889,27.519722222222224,643.0
86.08666666666667,27.519444444444446,646.0
86.08694444444444,27.519166666666667,646.0
86.08694444444444,27.518888888888892,644.0
86.08694444444444,27.518611111111113,645.0
86.08722222222222,27.518333333333334,645.0
86.08722222222222,27.51805555555556,645.0
86.0875,27.51777777777778,644.0
86.0875,27.517500000000002,643.0
86.0875,27.517222222222223,646.0
86.08722222222222,27.516944444444448,646.0
86.08722222222222,27.51666666666667,645.0
86.08722222222222,27.51638888888889,643.0
86.08722222222222,27.516111111111112,642.0
86.08722222222222,27.515833333333337,638.0
86.08722222222222,27.515555555555558,641.0
86.08722222222222,27.51527777777778,642.0
86.08694444444444,27.515,635.0
86.08694444444444,27.514722222222225,638.0
86.08694444444444,27.514444444444447,641.0
86.08694444444444,27.514166666666668,642.0
86.08666666666667,27.51388888888889,640.0
86.08666666666667,27.513611111111114,640.0
86.08666666666667,27.513333333333335,641.0
86.08638888888889,27.513055555555557,639.0
86.08666666666667,27.512777777777778,641.0
86.08638888888889,27.512500000000003,641.0
86.08638888888889,27.512222222222224,638.0
86.08638888888889,27.511944444444445,639.0
86.08638888888889,27.51166666666667,639.0
86.08638888888889,27.51138888888889,639.0
86.08638888888889,27.511111111111113,639.0
86.08611111111111,27.510833333333334,639.0
86.08583333333334,27.51055555555556,639.0
86.08583333333334,27.51027777777778,642.0
86.08583333333334,27.51,639.0
86.08611111111111,27.509722222222223,637.0
86.08638888888889,27.509722222222223,637.0
86.08666666666667,27.509444444444448,636.0
86.08694444444444,27.50916666666667,635.0
86.08722222222222,27.50916666666667,636.0
86.0875,27.50916666666667,634.0
86.08777777777777,27.50916666666667,635.0
86.08805555555556,27.50888888888889,634.0
86.08833333333334,27.50888888888889,635.0
86.0886111111111,27.50861111111111,633.0
86.08888888888889,27.50861111111111,635.0
86.08916666666667,27.508333333333336,633.0
86.08944444444444,27.508333333333336,632.0
86.08972222222222,27.508333333333336,634.0
86.09,27.508055555555558,633.0
86.09027777777777,27.508055555555558,628.0
86.09055555555555,27.50777777777778,633.0
86.09083333333334,27.5075,633.0
86.09111111111112,27.5075,634.0
86.09138888888889,27.507222222222225,632.0
86.09166666666667,27.507222222222225,633.0
86.09194444444445,27.506944444444446,633.0
86.09222222222222,27.506666666666668,632.0
86.0925,27.506388888888893,634.0
86.09277777777778,27.506388888888893,632.0
86.09305555555555,27.506111111111114,632.0
86.09305555555555,27.505833333333335,632.0
86.09305555555555,27.505555555555556,632.0
86.09333333333333,27.50527777777778,633.0
86.09333333333333,27.505000000000003,632.0
86.09333333333333,27.504722222222224,631.0
86.09333333333333,27.504444444444445,630.0
86.09333333333333,27.50416666666667,631.0
86.09333333333333,27.50388888888889,632.0
86.09305555555555,27.503611111111113,631.0
86.09305555555555,27.503333333333334,632.0
86.09277777777778,27.50305555555556,632.0
86.09277777777778,27.50277777777778,631.0
86.09305555555555,27.5025,630.0
86.09305555555555,27.502222222222223,630.0
86.09305555555555,27.501944444444447,630.0
86.09277777777778,27.50166666666667,630.0
86.09277777777778,27.50138888888889,628.0
86.09277777777778,27.501111111111115,630.0
86.09305555555555,27.500833333333336,628.0
86.09305555555555,27.500555555555557,626.0
86.09333333333333,27.50027777777778,627.0
86.09361111111112,27.500000000000004,627.0
86.09361111111112,27.499722222222225,628.0
86.09388888888888,27.499444444444446,627.0
86.09416666666667,27.499166666666667,626.0
86.09444444444445,27.499166666666667,625.0
86.09472222222222,27.499166666666667,626.0
86.095,27.499166666666667,626.0
86.09527777777778,27.498888888888892,625.0
86.09555555555555,27.498611111111114,624.0
86.09583333333333,27.498333333333335,624.0
86.09611111111111,27.498055555555556,621.0
86.0963888888889,27.498055555555556,622.0
86.09666666666666,27.498055555555556,621.0
86.09694444444445,27.498055555555556,620.0
86.09722222222223,27.498055555555556,620.0
86.0975,27.498055555555556,620.0
86.09777777777778,27.498333333333335,620.0
86.09805555555556,27.498333333333335,619.0
86.09833333333333,27.498333333333335,618.0
86.09861111111111,27.498333333333335,618.0
86.0988888888889,27.498055555555556,618.0
86.09916666666666,27.49777777777778,617.0
86.09944444444444,27.497500000000002,616.0
86.09972222222223,27.497222222222224,615.0
86.1,27.496944444444445,615.0
86.10027777777778,27.49666666666667,615.0
86.10055555555556,27.49638888888889,616.0
86.10083333333333,27.496111111111112,616.0
86.10111111111111,27.495833333333337,616.0
86.10138888888889,27.49555555555556,613.0
86.10138888888889,27.49527777777778,614.0
86.10166666666667,27.495,611.0
86.10194444444444,27.494722222222226,611.0
86.10222222222222,27.494444444444447,612.0
86.10222222222222,27.49416666666667,610.0
86.10222222222222,27.49388888888889,611.0
86.1025,27.493611111111115,610.0
86.1025,27.493333333333336,609.0
86.10277777777777,27.493055555555557,609.0
86.10277777777777,27.49277777777778,608.0
86.10305555555556,27.492500000000003,607.0
86.10333333333334,27.492222222222225,606.0
86.1036111111111,27.491944444444446,604.0
86.10388888888889,27.491666666666667,605.0
86.10416666666667,27.491388888888892,603.0
86.10444444444444,27.491111111111113,604.0
86.10472222222222,27.490833333333335,604.0
86.105,27.49055555555556,604.0
86.10527777777777,27.49027777777778,608.0
86.10555555555555,27.49027777777778,603.0
86.10583333333334,27.490000000000002,603.0
86.1061111111111,27.489722222222223,603.0
86.10638888888889,27.489444444444448,600.0
86.10666666666667,27.48916666666667,602.0
86.10666666666667,27.48888888888889,601.0
86.10666666666667,27.488611111111112,602.0
86.10694444444445,27.488333333333337,602.0
86.10694444444445,27.488055555555558,601.0
86.10694444444445,27.48777777777778,601.0
86.10694444444445,27.4875,598.0
86.10694444444445,27.487222222222226,599.0
86.10694444444445,27.486944444444447,598.0
86.10722222222222,27.486666666666668,600.0
86.1075,27.48638888888889,601.0
86.10777777777778,27.48638888888889,598.0
86.10805555555555,27.48638888888889,599.0
86.10833333333333,27.486111111111114,597.0
86.10861111111112,27.486111111111114,599.0
86.10888888888888,27.485833333333336,597.0
86.10888888888888,27.485555555555557,596.0
86.10916666666667,27.485277777777778,595.0
86.10944444444445,27.485000000000003,594.0
86.10944444444445,27.484722222222224,594.0
86.10944444444445,27.484444444444446,593.0
86.10972222222222,27.48416666666667,594.0
86.10972222222222,27.48388888888889,593.0
86.10972222222222,27.483611111111113,592.0
86.10972222222222,27.483333333333334,589.0
86.10972222222222,27.48305555555556,589.0
86.10972222222222,27.48277777777778,592.0
86.11,27.4825,590.0
86.11027777777778,27.482222222222223,590.0
86.11055555555555,27.481944444444448,591.0
86.11083333333333,27.481944444444448,592.0
86.11111111111111,27.48166666666667,591.0
86.1113888888889,27.48166666666667,591.0
86.11166666666666,27.48166666666667,591.0
86.11194444444445,27.48166666666667,589.0
86.11222222222223,27.48166666666667,588.0
86.1125,27.48166666666667,588.0
86.11277777777778,27.48166666666667,587.0
86.11305555555556,27.48166666666667,587.0
86.11333333333333,27.48166666666667,589.0
86.11361111111111,27.48138888888889,584.0
86.1138888888889,27.48111111111111,586.0
86.11416666666666,27.480833333333337,587.0
86.11444444444444,27.480555555555558,590.0
86.11472222222223,27.48027777777778,590.0
86.115,27.48,592.0
86.115,27.479722222222225,588.0
86.115,27.479444444444447,587.0
86.115,27.479166666666668,586.0
86.11527777777778,27.47888888888889,584.0
86.11527777777778,27.478611111111114,583.0
86.11527777777778,27.478333333333335,582.0
86.11527777777778,27.478055555555557,583.0
86.115,27.47777777777778,583.0
86.115,27.477500000000003,583.0
86.11472222222223,27.477222222222224,582.0
86.11444444444444,27.476944444444445,582.0
86.11416666666666,27.47666666666667,582.0
86.1138888888889,27.47638888888889,582.0
86.11361111111111,27.476111111111113,580.0
86.11361111111111,27.475833333333334,580.0
86.11333333333333,27.47555555555556,579.0
86.11305555555556,27.47527777777778,579.0
86.11277777777778,27.475,578.0
86.1125,27.474722222222223,577.0
86.11222222222223,27.474444444444448,577.0
86.11194444444445,27.47416666666667,578.0
86.11166666666666,27.47388888888889,576.0
86.11166666666666,27.47361111111111,572.0
86.1113888888889,27.473333333333336,577.0
86.1113888888889,27.473055555555558,576.0
86.1113888888889,27.47277777777778,576.0
86.1113888888889,27.472500000000004,573.0
86.1113888888889,27.472222222222225,574.0
86.11111111111111,27.471944444444446,572.0
86.11111111111111,27.471666666666668,572.0
86.11111111111111,27.471388888888892,571.0
86.11111111111111,27.471111111111114,571.0
86.11111111111111,27.470833333333335,571.0
86.11111111111111,27.470555555555556,571.0
86.11111111111111,27.47027777777778,572.0
86.1113888888889,27.470000000000002,570.0
86.11166666666666,27.469722222222224,567.0
86.11166666666666,27.469444444444445,566.0
86.11166666666666,27.46916666666667,569.0
86.11166666666666,27.46888888888889,569.0
86.11166666666666,27.468611111111112,569.0
86.11166666666666,27.468333333333334,569.0
86.11166666666666,27.46805555555556,568.0
86.11166666666666,27.46777777777778,568.0
86.11166666666666,27.4675,568.0
86.11166666666666,27.467222222222226,562.0
86.11166666666666,27.466944444444447,564.0
86.11166666666666,27.46666666666667,565.0
86.11166666666666,27.46638888888889,564.0
86.11166666666666,27.466111111111115,564.0
86.1113888888889,27.465833333333336,563.0
86.1113888888889,27.465555555555557,562.0
86.11111111111111,27.46527777777778,561.0
86.11111111111111,27.465000000000003,560.0
86.11111111111111,27.464722222222225,561.0
86.11111111111111,27.464444444444446,560.0
86.11111111111111,27.464166666666667,561.0
86.1113888888889,27.463888888888892,561.0
86.1113888888889,27.463611111111113,561.0
86.11166666666666,27.463333333333335,560.0
86.11166666666666,27.463055555555556,559.0
86.11194444444445,27.46277777777778,558.0
86.11194444444445,27.462500000000002,559.0
86.11222222222223,27.462222222222223,560.0
86.11222222222223,27.46194444444445,558.0
86.11222222222223,27.46166666666667,557.0
86.11222222222223,27.46138888888889,555.0
86.11222222222223,27.461111111111112,556.0
86.11222222222223,27.460833333333337,557.0
86.11194444444445,27.46055555555556,556.0
86.11194444444445,27.46027777777778,555.0
86.11166666666666,27.46,554.0
86.1113888888889,27.459722222222226,556.0
86.11111111111111,27.459444444444447,554.0
86.11083333333333,27.459444444444447,551.0
86.11055555555555,27.459444444444447,553.0
86.11027777777778,27.45916666666667,551.0
86.11,27.45888888888889,552.0
86.10972222222222,27.458611111111114,553.0
86.10944444444445,27.458333333333336,555.0
86.10916666666667,27.458055555555557,553.0
86.10888888888888,27.45777777777778,555.0
86.10861111111112,27.457500000000003,554.0
86.10861111111112,27.457222222222224,551.0
86.10833333333333,27.457222222222224,548.0
86.10833333333333,27.456944444444446,550.0
86.10833333333333,27.456666666666667,548.0
86.10833333333333,27.456388888888892,549.0
86.10805555555555,27.456111111111113,547.0
86.10805555555555,27.455833333333334,545.0
86.10777777777778,27.45555555555556,549.0
86.10777777777778,27.45527777777778,544.0
86.10777777777778,27.455000000000002,546.0
86.10777777777778,27.454722222222223,546.0
86.10777777777778,27.454444444444448,546.0
86.10777777777778,27.45416666666667,546.0
86.10777777777778,27.45388888888889,545.0
86.10805555555555,27.453611111111112,545.0
86.10805555555555,27.453333333333337,545.0
86.10833333333333,27.453055555555558,547.0
86.10861111111112,27.45277777777778,546.0
86.10888888888888,27.4525,547.0
86.10916666666667,27.452222222222225,547.0
86.10916666666667,27.451944444444447,546.0
86.10916666666667,27.451666666666668,546.0
86.10916666666667,27.45138888888889,546.0
86.10888888888888,27.451111111111114,545.0
86.10888888888888,27.450833333333335,542.0
86.10861111111112,27.450555555555557,544.0
86.10833333333333,27.450277777777778,544.0
86.10805555555555,27.450277777777778,543.0
86.10777777777778,27.450000000000003,543.0
86.1075,27.449722222222224,544.0
86.10722222222222,27.449444444444445,543.0
86.10694444444445,27.44916666666667,543.0
86.10666666666667,27.44888888888889,543.0
86.10638888888889,27.448611111111113,542.0
86.1061111111111,27.448333333333334,543.0
86.10583333333334,27.44805555555556,543.0
86.10583333333334,27.44777777777778,540.0
86.10555555555555,27.4475,538.0
86.10555555555555,27.447222222222223,540.0
86.10555555555555,27.446944444444448,540.0
86.10555555555555,27.44666666666667,540.0
86.10555555555555,27.44638888888889,539.0
86.10555555555555,27.44611111111111,540.0
86.10527777777777,27.445833333333336,537.0
86.10527777777777,27.445555555555558,540.0
86.10527777777777,27.44527777777778,538.0
86.10527777777777,27.445,537.0
86.105,27.444722222222225,538.0
86.105,27.444444444444446,538.0
86.105,27.444166666666668,538.0
86.10472222222222,27.443888888888893,539.0
86.105,27.443611111111114,536.0
86.105,27.443333333333335,536.0
86.10472222222222,27.443055555555556,535.0
86.10444444444444,27.44277777777778,536.0
86.10444444444444,27.442500000000003,531.0
86.10416666666667,27.442222222222224,532.0
86.10388888888889,27.441944444444445,531.0
86.1036111111111,27.441944444444445,530.0
86.10333333333334,27.44166666666667,529.0
86.10305555555556,27.44166666666667,528.0
86.10277777777777,27.44138888888889,527.0
86.1025,27.441111111111113,527.0
86.10222222222222,27.440833333333334,527.0
86.10194444444444,27.440833333333334,527.0
86.10166666666667,27.44055555555556,526.0
86.10138888888889,27.44027777777778,526.0
86.10111111111111,27.44,526.0
86.10083333333333,27.44,526.0
86.10055555555556,27.44,527.0
86.10027777777778,27.439722222222223,525.0
86.1,27.439722222222223,525.0
86.09972222222223,27.439722222222223,525.0
86.09944444444444,27.439722222222223,525.0
86.09916666666666,27.439722222222223,525.0
86.0988888888889,27.439722222222223,527.0
86.09861111111111,27.439444444444447,524.0
86.09833333333333,27.439444444444447,525.0
86.09805555555556,27.439444444444447,527.0
86.09777777777778,27.43916666666667,524.0
86.0975,27.43916666666667,524.0
86.09722222222223,27.43888888888889,523.0
86.09694444444445,27.43888888888889,523.0
86.09666666666666,27.438611111111115,523.0
86.0963888888889,27.438611111111115,522.0
86.09611111111111,27.438333333333336,522.0
86.09583333333333,27.438333333333336,526.0
86.09555555555555,27.438055555555557,522.0
86.09527777777778,27.438055555555557,522.0
86.095,27.43777777777778,525.0
86.09472222222222,27.437500000000004,524.0
86.09444444444445,27.437222222222225,521.0
86.09416666666667,27.436944444444446,518.0
86.09388888888888,27.436666666666667,527.0
86.09361111111112,27.436388888888892,526.0
86.09333333333333,27.436111111111114,524.0
86.09333333333333,27.435833333333335,523.0
86.09305555555555,27.435555555555556,523.0
86.09305555555555,27.43527777777778,525.0
86.09305555555555,27.435000000000002,524.0
86.09277777777778,27.434722222222224,525.0
86.09277777777778,27.434444444444445,522.0
86.09277777777778,27.43416666666667,520.0
86.09277777777778,27.43388888888889,519.0
86.09277777777778,27.433611111111112,521.0
86.09277777777778,27.433333333333337,519.0
86.09277777777778,27.43305555555556,519.0
86.09277777777778,27.43277777777778,516.0
86.09277777777778,27.4325,516.0
86.09277777777778,27.432222222222226,517.0
86.09277777777778,27.431944444444447,515.0
86.09277777777778,27.43166666666667,515.0
86.09277777777778,27.43138888888889,515.0
86.0925,27.431111111111115,515.0
86.0925,27.430833333333336,515.0
86.0925,27.430555555555557,514.0
86.09222222222222,27.43027777777778,514.0
86.09222222222222,27.430000000000003,514.0
86.09194444444445,27.429722222222225,514.0
86.09166666666667,27.429444444444446,513.0
86.09138888888889,27.429166666666667,513.0
86.09111111111112,27.429166666666667,513.0
86.09083333333334,27.428888888888892,512.0
86.09055555555555,27.428888888888892,512.0
86.09027777777777,27.428611111111113,512.0
86.09,27.428611111111113,512.0
86.08972222222222,27.428333333333335,512.0
86.08944444444444,27.428333333333335,511.0
86.08916666666667,27.428333333333335,511.0
86.08888888888889,27.428333333333335,511.0
86.0886111111111,27.428333333333335,511.0
86.08833333333334,27.42805555555556,510.0
86.08805555555556,27.42805555555556,510.0
86.08777777777777,27.42805555555556,510.0
86.0875,27.42805555555556,510.0
86.08722222222222,27.42777777777778,510.0
86.08694444444444,27.427500000000002,509.0
86.08666666666667,27.427500000000002,509.0
86.08638888888889,27.427222222222223,509.0
86.08611111111111,27.426944444444448,509.0
86.08583333333334,27.42666666666667,509.0
86.08555555555556,27.42638888888889,508.0
86.08527777777778,27.426111111111112,508.0
86.08527777777778,27.425833333333337,508.0
86.08527777777778,27.425555555555558,511.0
86.085,27.42527777777778,508.0
86.085,27.425,507.0
86.085,27.424722222222226,508.0
86.085,27.424444444444447,509.0
86.08472222222223,27.424166666666668,507.0
86.08472222222223,27.42388888888889,508.0
86.08472222222223,27.423611111111114,506.0
86.08472222222223,27.423333333333336,505.0
86.08472222222223,27.423055555555557,507.0
86.08472222222223,27.422777777777778,509.0
86.08472222222223,27.422500000000003,510.0
86.08444444444444,27.422222222222224,506.0
86.08444444444444,27.421944444444446,505.0
86.08444444444444,27.42166666666667,509.0
86.08444444444444,27.42138888888889,511.0
86.08444444444444,27.421111111111113,510.0
86.08444444444444,27.420833333333334,511.0
86.08416666666666,27.42055555555556,504.0
86.08416666666666,27.42027777777778,504.0
86.08416666666666,27.42,504.0
86.08416666666666,27.419722222222223,504.0
86.08416666666666,27.419444444444448,504.0
86.08416666666666,27.41916666666667,504.0
86.08416666666666,27.41888888888889,503.0
86.08416666666666,27.41861111111111,503.0
86.08416666666666,27.418333333333337,505.0
86.08416666666666,27.418055555555558,508.0
86.08416666666666,27.41777777777778,511.0
86.08444444444444,27.4175,505.0
86.08444444444444,27.417222222222225,505.0
86.08444444444444,27.416944444444447,506.0
86.08444444444444,27.416666666666668,503.0
86.08416666666666,27.41638888888889,506.0
86.0838888888889,27.416111111111114,511.0
86.08361111111111,27.415833333333335,502.0
86.08333333333333,27.415833333333335,502.0
86.08305555555556,27.415555555555557,502.0
86.08277777777778,27.41527777777778,501.0
86.0825,27.41527777777778,501.0
86.08222222222223,27.41527777777778,501.0
86.08194444444445,27.415000000000003,501.0
86.08166666666666,27.414722222222224,501.0
86.0813888888889,27.414444444444445,501.0
86.0813888888889,27.41416666666667,501.0
86.08111111111111,27.41388888888889,501.0
86.08111111111111,27.413611111111113,500.0
86.08083333333333,27.413333333333334,500.0
86.08055555555556,27.41305555555556,500.0
86.08027777777778,27.41277777777778,500.0
86.08,27.4125,500.0
86.07972222222222,27.412222222222223,500.0
86.07944444444445,27.411944444444448,499.0
86.07916666666667,27.41166666666667,499.0
86.07888888888888,27.41166666666667,499.0
86.07861111111112,27.41138888888889,499.0
86.07833333333333,27.41111111111111,499.0
86.07805555555555,27.41111111111111,499.0
86.07777777777778,27.41111111111111,499.0
86.0775,27.410833333333336,499.0
86.07722222222222,27.410833333333336,498.0
86.07694444444445,27.410833333333336,498.0
86.07666666666667,27.410833333333336,498.0
86.07638888888889,27.410833333333336,498.0
86.07611111111112,27.410555555555558,498.0
86.07583333333334,27.410555555555558,498.0
86.07555555555555,27.410555555555558,498.0
86.07527777777779,27.410555555555558,498.0
86.075,27.410555555555558,498.0
86.07472222222222,27.410555555555558,497.0
86.07444444444444,27.410555555555558,497.0
86.07416666666667,27.410555555555558,497.0
86.07388888888889,27.410555555555558,497.0
86.0736111111111,27.410555555555558,497.0
86.07333333333334,27.410555555555558,497.0
86.07305555555556,27.410555555555558,497.0
86.07277777777777,27.410555555555558,497.0
86.0725,27.41027777777778,497.0
86.07222222222222,27.41027777777778,496.0
86.07194444444444,27.41027777777778,496.0
86.07166666666667,27.410000000000004,496.0
86.07138888888889,27.409722222222225,496.0
86.07111111111111,27.409444444444446,496.0
86.07083333333334,27.409166666666668,496.0
86.07055555555556,27.408888888888892,496.0
86.07027777777778,27.408611111111114,495.0
86.07027777777778,27.408333333333335,495.0
86.07027777777778,27.408055555555556,495.0
86.07027777777778,27.40777777777778,495.0
86.07027777777778,27.407500000000002,495.0
86.07027777777778,27.407222222222224,495.0
86.07000000000001,27.406944444444445,495.0
86.07000000000001,27.40666666666667,495.0
86.07000000000001,27.40638888888889,494.0
86.07000000000001,27.406111111111112,494.0
86.07000000000001,27.405833333333334,494.0
86.07000000000001,27.40555555555556,494.0
86.06972222222223,27.40527777777778,494.0
86.06972222222223,27.405,494.0
86.06972222222223,27.404722222222226,494.0
86.06944444444444,27.404444444444447,494.0
86.06916666666666,27.40416666666667,493.0
86.06916666666666,27.40388888888889,493.0
86.06888888888889,27.403611111111115,493.0
86.06861111111111,27.403333333333336,493.0
86.06833333333333,27.403055555555557,493.0
86.06805555555556,27.40277777777778,493.0
86.06777777777778,27.402500000000003,493.0
86.0675,27.402222222222225,492.0
86.06722222222223,27.402222222222225,492.0
86.06694444444445,27.402222222222225,492.0
86.06666666666666,27.402222222222225,492.0
86.0663888888889,27.402222222222225,492.0
86.06611111111111,27.401944444444446,492.0
86.06583333333333,27.401666666666667,492.0
86.06555555555556,27.401388888888892,492.0
86.06527777777778,27.401111111111113,492.0
86.065,27.400833333333335,491.0
86.06472222222223,27.400555555555556,491.0
86.06444444444445,27.40027777777778,491.0
86.06416666666667,27.400000000000002,491.0
86.06388888888888,27.399722222222223,491.0
86.06361111111111,27.39944444444445,491.0
86.06333333333333,27.39916666666667,491.0
86.06305555555555,27.39888888888889,491.0
86.06277777777778,27.398611111111112,490.0
86.0625,27.398611111111112,490.0
86.06222222222222,27.398611111111112,490.0
86.06194444444445,27.398333333333337,490.0
86.06166666666667,27.39805555555556,490.0
86.06138888888889,27.39777777777778,490.0
86.06111111111112,27.3975,490.0
86.06083333333333,27.397222222222226,490.0
86.06055555555555,27.396944444444447,489.0
86.06027777777778,27.39666666666667,489.0
86.06,27.39638888888889,489.0
86.05972222222222,27.396111111111114,489.0
86.05944444444445,27.395833333333336,489.0
86.05916666666667,27.395555555555557,489.0
86.05888888888889,27.39527777777778,489.0
86.0586111111111,27.395000000000003,489.0
86.05833333333334,27.394722222222224,488.0
86.05833333333334,27.394444444444446,488.0
86.05833333333334,27.394166666666667,488.0
86.05833333333334,27.393888888888892,488.0
86.05833333333334,27.393611111111113,488.0
86.05833333333334,27.393333333333334,488.0
86.05805555555555,27.39305555555556,488.0
86.05805555555555,27.39277777777778,488.0
86.05777777777777,27.392500000000002,488.0
86.0575,27.392222222222223,488.0
86.0575,27.391944444444448,487.0
86.0575,27.39166666666667,487.0
86.0575,27.39138888888889,487.0
86.05722222222222,27.391111111111112,487.0
86.05722222222222,27.390833333333337,487.0
86.05694444444444,27.390555555555558,487.0
86.05666666666667,27.39027777777778,487.0
86.05638888888889,27.39,487.0
86.05611111111111,27.389722222222225,487.0
86.05583333333334,27.389444444444447,486.0
86.05583333333334,27.389166666666668,486.0
86.05555555555556,27.38888888888889,486.0
86.05527777777777,27.388611111111114,486.0
86.055,27.388333333333335,486.0
86.05472222222222,27.388055555555557,486.0
86.05444444444444,27.387777777777778,486.0
86.05416666666667,27.387500000000003,486.0
86.05388888888889,27.387222222222224,485.0
86.05361111111111,27.387222222222224,485.0
86.05333333333333,27.387222222222224,485.0
86.05305555555556,27.387222222222224,485.0
86.05277777777778,27.387222222222224,485.0
86.0525,27.387222222222224,485.0
86.05222222222223,27.386944444444445,485.0
86.05194444444444,27.38666666666667,485.0
86.05166666666666,27.38638888888889,485.0
86.0513888888889,27.386111111111113,485.0
86.05111111111111,27.386111111111113,484.0
86.05083333333333,27.386111111111113,484.0
86.05055555555556,27.386111111111113,484.0
86.05027777777778,27.386111111111113,484.0
86.05,27.386111111111113,484.0
86.04972222222223,27.386111111111113,484.0
86.04944444444445,27.386111111111113,484.0
86.04916666666666,27.386111111111113,484.0
86.0488888888889,27.386111111111113,484.0
86.04861111111111,27.386111111111113,484.0
86.04833333333333,27.386111111111113,484.0
86.04805555555555,27.386111111111113,484.0
86.04777777777778,27.386111111111113,483.0
86.04777777777778,27.385833333333334,483.0
86.0475,27.38555555555556,483.0
86.0475,27.38527777777778,483.0
86.04722222222222,27.385,483.0
86.04694444444445,27.384722222222223,483.0
86.04666666666667,27.384444444444448,483.0
86.04638888888888,27.38416666666667,483.0
86.04611111111112,27.38388888888889,482.0
86.04611111111112,27.38361111111111,482.0
86.04611111111112,27.383333333333336,482.0
86.04611111111112,27.383055555555558,482.0
86.04583333333333,27.38277777777778,482.0
86.04583333333333,27.3825,482.0
86.04555555555555,27.382222222222225,482.0
86.04527777777778,27.381944444444446,482.0
86.045,27.381666666666668,482.0
86.04472222222222,27.381388888888893,481.0
86.04444444444445,27.381111111111114,481.0
86.04416666666667,27.380833333333335,481.0
86.04388888888889,27.380833333333335,481.0
86.0436111111111,27.380555555555556,481.0
86.04333333333334,27.38027777777778,481.0
86.04305555555555,27.38027777777778,481.0
86.04277777777777,27.38027777777778,481.0
86.0425,27.380000000000003,481.0
86.04222222222222,27.380000000000003,480.0
86.04194444444444,27.380000000000003,480.0
86.04166666666667,27.380000000000003,480.0
86.04138888888889,27.379722222222224,480.0
86.0411111111111,27.379722222222224,480.0
86.04083333333334,27.379722222222224,480.0
86.04055555555556,27.379722222222224,480.0
86.04027777777777,27.379722222222224,480.0
86.04,27.379722222222224,480.0
86.03972222222222,27.379722222222224,480.0
86.03944444444444,27.380000000000003,480.0
86.03916666666667,27.380000000000003,479.0
86.03888888888889,27.380000000000003,479.0
86.03861111111111,27.380000000000003,479.0
86.03833333333333,27.380000000000003,479.0
86.03805555555556,27.380000000000003,479.0
86.03777777777778,27.380000000000003,479.0
86.0375,27.379722222222224,479.0
86.03722222222223,27.379722222222224,479.0
86.03694444444444,27.379444444444445,479.0
86.03666666666666,27.37916666666667,479.0
86.0363888888889,27.37888888888889,478.0
86.03611111111111,27.37888888888889,478.0
86.03583333333333,27.37888888888889,478.0
86.03555555555556,27.378611111111113,478.0
86.03527777777778,27.378333333333334,478.0
86.035,27.37805555555556,478.0
86.03472222222223,27.37805555555556,478.0
86.03444444444445,27.37777777777778,478.0
86.03416666666666,27.3775,478.0
86.0338888888889,27.377222222222223,477.0
86.03361111111111,27.377222222222223,477.0
86.03333333333333,27.377222222222223,477.0
86.03305555555555,27.376944444444447,477.0
86.03277777777778,27.376944444444447,477.0
86.0325,27.37666666666667,477.0
86.03222222222222,27.37666666666667,477.0
86.03194444444445,27.37638888888889,477.0
86.03166666666667,27.37638888888889,477.0
86.03138888888888,27.37638888888889,477.0
86.03111111111112,27.37638888888889,477.0
86.03083333333333,27.37638888888889,476.0
86.03055555555555,27.37666666666667,476.0
86.03027777777778,27.37638888888889,476.0
86.03,27.376111111111115,476.0
86.02972222222222,27.375833333333336,476.0
86.02944444444445,27.375555555555557,476.0
86.02916666666667,27.37527777777778,476.0
86.02888888888889,27.375000000000004,475.0
86.02888888888889,27.374722222222225,475.0
86.02888888888889,27.374444444444446,475.0
86.02888888888889,27.374166666666667,475.0
86.02861111111112,27.373888888888892,475.0
86.02833333333334,27.373611111111114,475.0
86.02805555555555,27.373333333333335,475.0
86.02777777777777,27.373055555555556,475.0
86.0275,27.373055555555556,475.0
86.02722222222222,27.373055555555556,475.0
86.02694444444444,27.373055555555556,474.0
86.02666666666667,27.373055555555556,474.0
86.02638888888889,27.373333333333335,474.0
86.0261111111111,27.373333333333335,474.0
86.02583333333334,27.373333333333335,474.0
86.02555555555556,27.373611111111114,474.0
86.02527777777777,27.373611111111114,474.0
86.025,27.373888888888892,474.0
86.02472222222222,27.373888888888892,474.0
86.02444444444444,27.374166666666667,474.0
86.02416666666667,27.374166666666667,473.0
86.02388888888889,27.374444444444446,473.0
86.02361111111111,27.374444444444446,473.0
86.02333333333334,27.374722222222225,473.0
86.02305555555556,27.374722222222225,473.0
86.02277777777778,27.374722222222225,473.0
86.0225,27.375000000000004,473.0
86.02222222222223,27.37527777777778,473.0
86.02194444444444,27.375555555555557,473.0
86.02166666666666,27.375833333333336,472.0
86.0213888888889,27.375833333333336,472.0
86.02111111111111,27.375833333333336,472.0
86.02083333333333,27.375833333333336,472.0
86.02055555555556,27.375833333333336,472.0
86.02027777777778,27.375833333333336,472.0
86.02,27.375833333333336,472.0
86.01972222222223,27.375833333333336,472.0
86.01944444444445,27.375833333333336,472.0
86.01916666666666,27.375833333333336,472.0
86.0188888888889,27.375833333333336,472.0
86.01861111111111,27.375833333333336,472.0
86.01833333333333,27.376111111111115,471.0
86.01805555555556,27.376111111111115,471.0
86.01777777777778,27.376111111111115,471.0
86.0175,27.376111111111115,471.0
86.01722222222222,27.37638888888889,471.0
86.01694444444445,27.37638888888889,471.0
86.01666666666667,27.37638888888889,471.0
86.01638888888888,27.37666666666667,471.0
86.01611111111112,27.37666666666667,471.0
86.01583333333333,27.37666666666667,471.0
86.01555555555555,27.37666666666667,471.0
86.01527777777778,27.376944444444447,471.0
86.015,27.377222222222223,471.0
86.01472222222222,27.3775,470.0
86.01444444444445,27.3775,470.0
86.01416666666667,27.3775,470.0
86.01388888888889,27.3775,470.0
86.01361111111112,27.3775,470.0
86.01333333333334,27.3775,470.0
86.01305555555555,27.3775,470.0
86.01277777777779,27.3775,470.0
86.0125,27.37777777777778,470.0
86.01222222222222,27.37805555555556,470.0
86.01194444444444,27.378333333333334,470.0
86.01166666666667,27.378611111111113,470.0
86.01166666666667,27.37888888888889,470.0
86.01138888888889,27.37916666666667,469.0
86.0111111111111,27.379444444444445,469.0
86.01083333333334,27.379444444444445,469.0
86.01055555555556,27.379722222222224,469.0
86.01027777777777,27.379722222222224,469.0
86.01,27.379722222222224,469.0
86.00972222222222,27.379722222222224,469.0
86.00944444444444,27.379444444444445,469.0
86.00916666666667,27.379444444444445,469.0
86.00888888888889,27.379444444444445,469.0
86.00861111111111,27.379444444444445,469.0
86.00833333333334,27.37916666666667,469.0
86.00805555555556,27.37916666666667,469.0
86.00777777777778,27.37888888888889,469.0
86.00750000000001,27.378611111111113,468.0
86.00722222222223,27.378611111111113,468.0
86.00694444444444,27.378333333333334,468.0
86.00666666666666,27.37805555555556,468.0
86.00638888888889,27.37777777777778,468.0
86.00611111111111,27.3775,468.0
86.00583333333333,27.377222222222223,468.0
86.00555555555556,27.376944444444447,468.0
86.00527777777778,27.37666666666667,468.0
86.005,27.37638888888889,468.0
86.005,27.376111111111115,467.0
86.005,27.375833333333336,467.0
86.005,27.375555555555557,467.0
86.005,27.37527777777778,467.0
86.00527777777778,27.375000000000004,467.0
86.00555555555556,27.374722222222225,467.0
86.00583333333333,27.374444444444446,467.0
86.00583333333333,27.374166666666667,467.0
86.00611111111111,27.373888888888892,467.0
86.00638888888889,27.373611111111114,467.0
86.00638888888889,27.373333333333335,467.0
86.00638888888889,27.373055555555556,467.0
86.00638888888889,27.37277777777778,466.0
86.00638888888889,27.372500000000002,466.0
86.00611111111111,27.372222222222224,466.0
86.00583333333333,27.371944444444445,466.0
86.00555555555556,27.371944444444445,466.0
86.00527777777778,27.371944444444445,466.0
86.005,27.371944444444445,466.0
86.00472222222223,27.371944444444445,466.0
86.00444444444445,27.371944444444445,466.0
86.00416666666666,27.371944444444445,466.0
86.0038888888889,27.372222222222224,466.0
86.00361111111111,27.372222222222224,466.0
86.00333333333333,27.372500000000002,465.0
86.00305555555556,27.372500000000002,465.0
86.00277777777778,27.372500000000002,465.0
86.0025,27.372500000000002,465.0
86.00222222222223,27.372500000000002,465.0
86.00194444444445,27.372500000000002,465.0
86.00166666666667,27.37277777777778,465.0
86.00138888888888,27.37277777777778,465.0
86.00111111111111,27.37277777777778,465.0
86.00083333333333,27.373055555555556,465.0
86.00055555555555,27.373333333333335,465.0
86.00027777777778,27.373611111111114,465.0
86.0,27.373888888888892,465.0
85.99972222222222,27.374166666666667,465.0
85.99944444444445,27.374444444444446,465.0
85.99916666666667,27.374722222222225,465.0
85.99888888888889,27.375000000000004,464.0
85.99861111111112,27.375000000000004,464.0
85.99833333333333,27.375000000000004,464.0
85.99805555555555,27.375000000000004,464.0
85.99777777777778,27.375000000000004,464.0
85.9975,27.374722222222225,464.0
85.99722222222222,27.374444444444446,464.0
85.99694444444445,27.374166666666667,464.0
85.99666666666667,27.373888888888892,464.0
85.99638888888889,27.373611111111114,464.0
85.9961111111111,27.373333333333335,464.0
85.99583333333334,27.373055555555556,464.0
85.99583333333334,27.37277777777778,464.0
85.99555555555555,27.372500000000002,464.0
85.99527777777777,27.372222222222224,463.0
85.995,27.371944444444445,463.0
85.995,27.37166666666667,463.0
85.995,27.37138888888889,463.0
85.995,27.371111111111112,463.0
85.995,27.370833333333337,463.0
85.995,27.37055555555556,463.0
85.995,27.37027777777778,463.0
85.99472222222222,27.37,463.0
85.99472222222222,27.369722222222226,463.0
85.99444444444444,27.369444444444447,463.0
85.99444444444444,27.36916666666667,463.0
85.99416666666667,27.36888888888889,463.0
85.99388888888889,27.368611111111115,463.0
85.99361111111111,27.368333333333336,462.0
85.99333333333334,27.368333333333336,462.0
85.99305555555556,27.368055555555557,462.0
85.99277777777777,27.368055555555557,462.0
85.9925,27.36777777777778,462.0
85.99222222222222,27.36777777777778,462.0
85.99194444444444,27.367500000000003,462.0
85.99166666666667,27.367222222222225,462.0
85.99138888888889,27.367222222222225,462.0
85.99111111111111,27.367222222222225,462.0
85.99083333333333,27.366944444444446,462.0
85.99055555555556,27.366666666666667,462.0
85.99027777777778,27.366388888888892,462.0
85.99,27.366111111111113,462.0
85.98972222222223,27.365833333333335,461.0
85.98944444444444,27.36555555555556,461.0
85.98916666666666,27.36527777777778,461.0
85.98916666666666,27.365000000000002,461.0
85.98916666666666,27.364722222222223,461.0
85.98916666666666,27.364444444444448,461.0
85.98916666666666,27.36416666666667,461.0
85.98916666666666,27.36388888888889,461.0
85.98916666666666,27.363611111111112,461.0
85.98916666666666,27.363333333333337,461.0
85.98916666666666,27.363055555555558,461.0
85.98916666666666,27.36277777777778,461.0
85.98916666666666,27.3625,461.0
85.98916666666666,27.362222222222226,461.0
85.98916666666666,27.361944444444447,460.0
85.98916666666666,27.361666666666668,460.0
85.98916666666666,27.36138888888889,460.0
85.98916666666666,27.361111111111114,460.0
85.98916666666666,27.360833333333336,460.0
85.98916666666666,27.360555555555557,460.0
85.98916666666666,27.360277777777778,460.0
85.98916666666666,27.360000000000003,460.0
85.98916666666666,27.359722222222224,460.0
85.9888888888889,27.359444444444446,460.0
85.9888888888889,27.35916666666667,460.0
85.9888888888889,27.35888888888889,460.0
85.9888888888889,27.358611111111113,460.0
85.9888888888889,27.358333333333334,460.0
85.98861111111111,27.35805555555556,460.0
85.98833333333333,27.35777777777778,460.0
85.98805555555556,27.3575,459.0
85.98777777777778,27.3575,459.0
85.9875,27.357222222222223,459.0
85.98722222222223,27.357222222222223,459.0
85.98694444444445,27.356944444444448,459.0
85.98666666666666,27.356944444444448,459.0
85.9863888888889,27.35666666666667,459.0
85.98611111111111,27.35638888888889,459.0
85.98583333333333,27.35611111111111,459.0
85.98555555555555,27.355833333333337,459.0
85.98527777777778,27.355555555555558,459.0
85.985,27.35527777777778,459.0
85.98472222222222,27.355,459.0
85.98444444444445,27.354722222222225,458.0
85.98444444444445,27.354444444444447,458.0
85.98416666666667,27.354166666666668,458.0
85.98416666666667,27.35388888888889,458.0
85.98388888888888,27.353611111111114,458.0
85.98361111111112,27.353333333333335,458.0
85.98361111111112,27.353055555555557,458.0
85.98361111111112,27.35277777777778,458.0
85.98333333333333,27.352500000000003,458.0
85.98333333333333,27.352222222222224,458.0
85.98305555555555,27.351944444444445,458.0
