longitude,latitude,elevation
78.64472222222223,31.80527777777778,2564.0
78.64444444444445,31.80527777777778,2572.0
78.64416666666668,31.805,2572.0
78.6438888888889,31.804722222222225,2564.0
78.64361111111111,31.804722222222225,2561.0
78.64333333333335,31.804722222222225,2563.0
78.64305555555556,31.804722222222225,2567.0
78.64277777777778,31.80444444444445,2567.0
78.64250000000001,31.804166666666667,2567.0
78.64222222222223,31.803888888888892,2560.0
78.64194444444445,31.803611111111113,2549.0
78.64166666666668,31.803333333333335,2558.0
78.6413888888889,31.803055555555556,2569.0
78.64111111111112,31.80277777777778,2574.0
78.64111111111112,31.8025,2573.0
78.64083333333335,31.802222222222223,2573.0
78.64055555555557,31.801944444444445,2571.0
78.64055555555557,31.80166666666667,2569.0
78.64055555555557,31.80138888888889,2569.0
78.64027777777778,31.801111111111112,2562.0
78.64,31.800833333333333,2566.0
78.63972222222223,31.80055555555556,2572.0
78.63944444444445,31.80027777777778,2573.0
78.63916666666667,31.8,2573.0
78.6388888888889,31.799722222222226,2573.0
78.6388888888889,31.799444444444447,2568.0
78.6388888888889,31.799166666666668,2560.0
78.6388888888889,31.79888888888889,2544.0
78.6388888888889,31.79861111111111,2531.0
78.6388888888889,31.798333333333336,2521.0
78.6388888888889,31.798055555555557,2522.0
78.6388888888889,31.797777777777775,2530.0
78.6388888888889,31.797500000000003,2540.0
78.6388888888889,31.797222222222224,2546.0
78.6388888888889,31.79694444444445,2547.0
78.6388888888889,31.796666666666667,2550.0
78.6388888888889,31.79638888888889,2555.0
78.6388888888889,31.796111111111113,2560.0
78.6388888888889,31.795833333333334,2566.0
78.6388888888889,31.795555555555556,2568.0
78.6388888888889,31.79527777777778,2573.0
78.63861111111112,31.795,2569.0
78.63861111111112,31.794722222222223,2573.0
78.63833333333334,31.794444444444444,2567.0
78.63833333333334,31.79416666666667,2572.0
78.63805555555557,31.79388888888889,2567.0
78.63777777777779,31.79361111111111,2561.0
78.6375,31.793333333333333,2560.0
78.63722222222223,31.79305555555556,2562.0
78.63694444444445,31.79277777777778,2560.0
78.63666666666667,31.7925,2557.0
78.6363888888889,31.792222222222225,2543.0
78.6363888888889,31.791944444444447,2558.0
78.63611111111112,31.791666666666668,2548.0
78.63611111111112,31.79138888888889,2562.0
78.63611111111112,31.79111111111111,2572.0
78.63583333333334,31.790833333333335,2564.0
78.63583333333334,31.790555555555557,2563.0
78.63583333333334,31.790277777777774,2560.0
78.63583333333334,31.790000000000003,2560.0
78.63583333333334,31.789722222222224,2563.0
78.63583333333334,31.789444444444445,2568.0
78.63583333333334,31.789166666666667,2571.0
78.63583333333334,31.78888888888889,2567.0
78.63583333333334,31.788611111111113,2562.0
78.63583333333334,31.788333333333338,2565.0
78.63583333333334,31.788055555555555,2563.0
78.63583333333334,31.78777777777778,2555.0
78.63583333333334,31.7875,2546.0
78.63583333333334,31.787222222222223,2537.0
78.63583333333334,31.786944444444444,2524.0
78.63583333333334,31.78666666666667,2516.0
78.63583333333334,31.78638888888889,2507.0
78.63583333333334,31.78611111111111,2508.0
78.63583333333334,31.785833333333336,2505.0
78.63583333333334,31.78555555555556,2502.0
78.63583333333334,31.78527777777778,2498.0
78.63583333333334,31.785,2495.0
78.63583333333334,31.784722222222225,2496.0
78.63583333333334,31.784444444444446,2497.0
78.63583333333334,31.784166666666668,2502.0
78.63583333333334,31.78388888888889,2510.0
78.63583333333334,31.783611111111114,2520.0
78.63583333333334,31.783333333333335,2534.0
78.63583333333334,31.783055555555556,2551.0
78.63583333333334,31.782777777777778,2565.0
78.63583333333334,31.7825,2573.0
78.63611111111112,31.782222222222224,2564.0
78.6363888888889,31.781944444444445,2544.0
78.6363888888889,31.781666666666663,2546.0
78.6363888888889,31.78138888888889,2555.0
78.6363888888889,31.781111111111112,2553.0
78.6363888888889,31.780833333333337,2551.0
78.6363888888889,31.78055555555556,2557.0
78.6363888888889,31.78027777777778,2565.0
78.63666666666667,31.78,2547.0
78.63666666666667,31.779722222222222,2562.0
78.63666666666667,31.779444444444447,2573.0
78.63694444444445,31.77916666666667,2571.0
78.63722222222223,31.77888888888889,2572.0
78.63722222222223,31.77861111111111,2574.0
78.63722222222223,31.778333333333336,2568.0
78.63722222222223,31.778055555555557,2555.0
78.63722222222223,31.77777777777778,2545.0
78.63722222222223,31.7775,2533.0
78.63722222222223,31.777222222222225,2523.0
78.63722222222223,31.77694444444445,2521.0
78.63722222222223,31.776666666666667,2520.0
78.63722222222223,31.77638888888889,2511.0
78.63722222222223,31.776111111111113,2494.0
78.63722222222223,31.775833333333335,2476.0
78.63722222222223,31.775555555555556,2466.0
78.63722222222223,31.77527777777778,2455.0
78.63722222222223,31.775,2454.0
78.63722222222223,31.774722222222223,2454.0
78.63722222222223,31.774444444444445,2453.0
78.63722222222223,31.77416666666667,2460.0
78.63722222222223,31.77388888888889,2467.0
78.63722222222223,31.773611111111112,2472.0
78.63722222222223,31.773333333333333,2476.0
78.63722222222223,31.77305555555556,2475.0
78.63722222222223,31.77277777777778,2475.0
78.63722222222223,31.7725,2471.0
78.63722222222223,31.772222222222226,2470.0
78.63722222222223,31.771944444444447,2468.0
78.63722222222223,31.77166666666667,2465.0
78.63722222222223,31.77138888888889,2462.0
78.63722222222223,31.77111111111111,2461.0
78.63722222222223,31.770833333333336,2464.0
78.63722222222223,31.770555555555557,2470.0
78.63722222222223,31.77027777777778,2473.0
78.63722222222223,31.77,2471.0
78.63722222222223,31.769722222222224,2471.0
78.63722222222223,31.76944444444445,2477.0
78.63722222222223,31.769166666666667,2483.0
78.63722222222223,31.768888888888892,2493.0
78.63722222222223,31.768611111111113,2500.0
78.63722222222223,31.768333333333334,2503.0
78.63722222222223,31.768055555555556,2503.0
78.63722222222223,31.76777777777778,2502.0
78.63722222222223,31.7675,2495.0
78.63722222222223,31.767222222222223,2491.0
78.63722222222223,31.766944444444444,2492.0
78.63722222222223,31.76666666666667,2494.0
78.63722222222223,31.76638888888889,2495.0
78.63722222222223,31.766111111111112,2494.0
78.63722222222223,31.765833333333333,2491.0
78.63722222222223,31.76555555555556,2493.0
78.63722222222223,31.76527777777778,2496.0
78.63722222222223,31.765,2498.0
78.63722222222223,31.764722222222225,2500.0
78.63722222222223,31.764444444444447,2498.0
78.63722222222223,31.764166666666668,2496.0
78.63722222222223,31.76388888888889,2497.0
78.63722222222223,31.76361111111111,2500.0
78.63722222222223,31.763333333333335,2506.0
78.63722222222223,31.763055555555557,2506.0
78.63722222222223,31.762777777777774,2506.0
78.63722222222223,31.762500000000003,2511.0
78.63722222222223,31.762222222222224,2513.0
78.63722222222223,31.761944444444445,2521.0
78.63722222222223,31.761666666666667,2528.0
78.63694444444445,31.76138888888889,2531.0
78.63666666666667,31.761111111111113,2539.0
78.6363888888889,31.760833333333338,2541.0
78.63611111111112,31.760555555555555,2534.0
78.63583333333334,31.76027777777778,2528.0
78.63555555555556,31.76,2525.0
78.63527777777779,31.759722222222223,2525.0
78.635,31.759444444444444,2511.0
78.63472222222222,31.75916666666667,2510.0
78.63444444444445,31.75888888888889,2514.0
78.63416666666667,31.75861111111111,2515.0
78.63388888888889,31.758333333333336,2522.0
78.63361111111112,31.75805555555556,2532.0
78.63333333333334,31.75777777777778,2540.0
78.63305555555556,31.7575,2550.0
78.63277777777779,31.757222222222225,2547.0
78.63250000000001,31.756944444444446,2535.0
78.63222222222223,31.756666666666668,2520.0
78.63194444444446,31.75638888888889,2506.0
78.63166666666667,31.75611111111111,2500.0
78.63138888888889,31.755833333333335,2504.0
78.63111111111112,31.755555555555556,2524.0
78.63083333333334,31.755277777777778,2539.0
78.63055555555556,31.755000000000003,2543.0
78.63027777777779,31.754722222222224,2548.0
78.63000000000001,31.754444444444445,2551.0
78.62972222222223,31.754166666666663,2534.0
78.62944444444445,31.754166666666663,2533.0
78.62916666666668,31.754166666666663,2524.0
78.6288888888889,31.754166666666663,2520.0
78.62861111111111,31.754166666666663,2518.0
78.62833333333334,31.754166666666663,2514.0
78.62805555555556,31.754166666666663,2515.0
78.62777777777778,31.754166666666663,2528.0
78.62750000000001,31.754166666666663,2551.0
78.62722222222223,31.75388888888889,2551.0
78.62694444444445,31.753611111111113,2553.0
78.62666666666668,31.753333333333337,2546.0
78.6263888888889,31.753333333333337,2547.0
78.62611111111111,31.753333333333337,2546.0
78.62583333333335,31.753333333333337,2547.0
78.62555555555556,31.753333333333337,2546.0
78.62527777777778,31.753333333333337,2543.0
78.625,31.753333333333337,2541.0
78.62472222222223,31.753333333333337,2536.0
78.62444444444445,31.753333333333337,2530.0
78.62416666666667,31.753333333333337,2528.0
78.6238888888889,31.753333333333337,2526.0
78.62361111111112,31.753333333333337,2525.0
78.62333333333333,31.753333333333337,2530.0
78.62305555555557,31.753333333333337,2540.0
78.62277777777778,31.753055555555555,2553.0
78.6225,31.75277777777778,2557.0
78.62222222222223,31.7525,2552.0
78.62194444444445,31.752222222222223,2540.0
78.62166666666667,31.752222222222223,2546.0
78.6213888888889,31.752222222222223,2551.0
78.62111111111112,31.752222222222223,2552.0
78.62083333333334,31.752222222222223,2550.0
78.62055555555557,31.752222222222223,2544.0
78.62027777777779,31.752222222222223,2540.0
78.62,31.752222222222223,2544.0
78.61972222222224,31.752222222222223,2549.0
78.61944444444445,31.752222222222223,2551.0
78.61916666666667,31.752222222222223,2558.0
78.61888888888889,31.751944444444447,2521.0
78.61861111111112,31.751944444444447,2521.0
78.61833333333334,31.751944444444447,2516.0
78.61805555555556,31.751944444444447,2511.0
78.61777777777779,31.751944444444447,2509.0
78.6175,31.751944444444447,2507.0
78.61722222222222,31.751944444444447,2507.0
78.61694444444446,31.751944444444447,2505.0
78.61666666666667,31.751944444444447,2507.0
78.61638888888889,31.751944444444447,2510.0
78.61611111111112,31.751944444444447,2515.0
78.61583333333334,31.751944444444447,2517.0
78.61555555555556,31.751944444444447,2526.0
78.61527777777779,31.751944444444447,2550.0
78.61500000000001,31.75166666666667,2517.0
78.61472222222223,31.75166666666667,2532.0
78.61444444444444,31.75166666666667,2538.0
78.61416666666668,31.75166666666667,2531.0
78.6138888888889,31.75166666666667,2528.0
78.61361111111111,31.75166666666667,2529.0
78.61333333333334,31.75166666666667,2528.0
78.61305555555556,31.75166666666667,2531.0
78.61277777777778,31.75166666666667,2523.0
78.61250000000001,31.75166666666667,2517.0
78.61222222222223,31.75166666666667,2509.0
78.61194444444445,31.75166666666667,2502.0
78.61166666666668,31.75166666666667,2495.0
78.6113888888889,31.75166666666667,2493.0
78.61111111111111,31.75166666666667,2490.0
78.61083333333335,31.75166666666667,2483.0
78.61055555555556,31.75166666666667,2480.0
78.61027777777778,31.75166666666667,2484.0
78.61000000000001,31.75166666666667,2487.0
78.60972222222223,31.75166666666667,2492.0
78.60944444444445,31.75166666666667,2499.0
78.60916666666668,31.75166666666667,2500.0
78.6088888888889,31.75166666666667,2500.0
78.60861111111112,31.75166666666667,2494.0
78.60833333333333,31.75166666666667,2488.0
78.60805555555557,31.75166666666667,2483.0
78.60777777777778,31.75166666666667,2480.0
78.6075,31.75166666666667,2475.0
78.60722222222223,31.75166666666667,2471.0
78.60694444444445,31.75166666666667,2469.0
78.60666666666667,31.75166666666667,2467.0
78.6063888888889,31.75166666666667,2463.0
78.60611111111112,31.75166666666667,2460.0
78.60583333333334,31.75166666666667,2459.0
78.60555555555557,31.75166666666667,2456.0
78.60527777777779,31.75166666666667,2451.0
78.605,31.75166666666667,2446.0
78.60472222222224,31.75166666666667,2439.0
78.60444444444445,31.75166666666667,2434.0
78.60416666666667,31.75166666666667,2431.0
78.60388888888889,31.75166666666667,2426.0
78.60361111111112,31.75166666666667,2426.0
78.60333333333334,31.75166666666667,2426.0
78.60305555555556,31.75166666666667,2426.0
78.60277777777779,31.75166666666667,2426.0
78.6025,31.75166666666667,2425.0
78.60222222222222,31.75166666666667,2430.0
78.60194444444446,31.75166666666667,2435.0
78.60166666666667,31.75166666666667,2442.0
78.60138888888889,31.75166666666667,2451.0
78.60111111111112,31.75166666666667,2460.0
78.60083333333334,31.75166666666667,2467.0
78.60055555555556,31.75166666666667,2474.0
78.60027777777779,31.75166666666667,2483.0
78.60000000000001,31.75166666666667,2490.0
78.59972222222223,31.75166666666667,2495.0
78.59944444444446,31.75166666666667,2511.0
78.59916666666668,31.751944444444447,2514.0
78.5988888888889,31.752222222222223,2526.0
78.59861111111111,31.7525,2525.0
78.59833333333334,31.75277777777778,2521.0
78.59805555555556,31.753055555555555,2527.0
78.59777777777778,31.753333333333337,2522.0
78.59750000000001,31.753333333333337,2543.0
78.59722222222223,31.753611111111113,2526.0
78.59694444444445,31.753611111111113,2554.0
78.59666666666668,31.75388888888889,2525.0
78.5963888888889,31.75388888888889,2543.0
78.59611111111111,31.75388888888889,2556.0
78.59583333333335,31.754166666666663,2546.0
78.59555555555556,31.754444444444445,2542.0
78.59527777777778,31.754444444444445,2557.0
78.59500000000001,31.754722222222224,2545.0
78.59472222222223,31.755000000000003,2528.0
78.59444444444445,31.755000000000003,2549.0
78.59416666666668,31.755000000000003,2560.0
78.5938888888889,31.755277777777778,2550.0
78.59361111111112,31.755277777777778,2557.0
78.59333333333333,31.755555555555556,2537.0
78.59305555555557,31.755555555555556,2539.0
78.59277777777778,31.755555555555556,2544.0
78.5925,31.755555555555556,2549.0
78.59222222222223,31.755555555555556,2552.0
78.59194444444445,31.755555555555556,2544.0
78.59166666666667,31.755555555555556,2533.0
78.5913888888889,31.755555555555556,2526.0
78.59111111111112,31.755555555555556,2522.0
78.59083333333334,31.755555555555556,2519.0
78.59055555555557,31.755555555555556,2513.0
78.59027777777779,31.755555555555556,2507.0
78.59,31.755555555555556,2500.0
78.58972222222224,31.755555555555556,2489.0
78.58944444444445,31.755555555555556,2479.0
78.58916666666667,31.755555555555556,2477.0
78.5888888888889,31.755555555555556,2474.0
78.58861111111112,31.755555555555556,2454.0
78.58833333333334,31.755555555555556,2435.0
78.58805555555556,31.755555555555556,2424.0
78.58777777777779,31.755555555555556,2420.0
78.5875,31.755555555555556,2417.0
78.58722222222222,31.755555555555556,2414.0
78.58694444444446,31.755555555555556,2415.0
78.58666666666667,31.755555555555556,2417.0
78.58638888888889,31.755555555555556,2417.0
78.58611111111112,31.755555555555556,2417.0
78.58583333333334,31.755555555555556,2417.0
78.58555555555556,31.755555555555556,2418.0
78.58527777777779,31.755555555555556,2418.0
78.58500000000001,31.755555555555556,2418.0
78.58472222222223,31.755555555555556,2419.0
78.58444444444446,31.755277777777778,2417.0
78.58416666666668,31.755000000000003,2417.0
78.5838888888889,31.754722222222224,2418.0
78.58361111111113,31.754444444444445,2428.0
78.58333333333334,31.754166666666663,2453.0
78.58305555555556,31.75388888888889,2468.0
78.58277777777778,31.753611111111113,2456.0
78.58250000000001,31.753333333333337,2441.0
78.58222222222223,31.753055555555555,2433.0
78.58194444444445,31.75277777777778,2423.0
78.58166666666668,31.7525,2417.0
78.5813888888889,31.752222222222223,2412.0
78.58111111111111,31.751944444444447,2412.0
78.58083333333335,31.75166666666667,2422.0
78.58055555555556,31.75138888888889,2445.0
78.58027777777778,31.75111111111111,2462.0
78.58000000000001,31.750833333333336,2481.0
78.57972222222223,31.750555555555557,2499.0
78.57944444444445,31.75027777777778,2515.0
78.57916666666668,31.75,2528.0
78.5788888888889,31.749722222222225,2546.0
78.57861111111112,31.74944444444445,2555.0
78.57833333333335,31.749166666666667,2549.0
78.57805555555557,31.749166666666667,2554.0
78.57777777777778,31.74888888888889,2547.0
78.5775,31.74888888888889,2553.0
78.57722222222223,31.74888888888889,2558.0
78.57694444444445,31.74888888888889,2557.0
78.57666666666667,31.74888888888889,2549.0
78.5763888888889,31.74888888888889,2540.0
78.57611111111112,31.74888888888889,2532.0
78.57583333333334,31.74888888888889,2517.0
78.57555555555557,31.748611111111114,2496.0
78.57527777777779,31.748333333333335,2497.0
78.575,31.748055555555556,2519.0
78.57472222222223,31.747777777777777,2539.0
78.57444444444445,31.7475,2552.0
78.57416666666667,31.747222222222224,2552.0
78.5738888888889,31.746944444444445,2552.0
78.57361111111112,31.74666666666667,2554.0
78.57333333333334,31.74666666666667,2558.0
78.57305555555556,31.74638888888889,2546.0
78.57277777777779,31.746111111111112,2542.0
78.5725,31.746111111111112,2560.0
78.57222222222222,31.745833333333337,2552.0
78.57194444444445,31.745833333333337,2557.0
78.57166666666667,31.74555555555556,2534.0
78.57138888888889,31.74555555555556,2531.0
78.57111111111112,31.74555555555556,2528.0
78.57083333333334,31.74555555555556,2531.0
78.57055555555556,31.74555555555556,2536.0
78.57027777777779,31.74555555555556,2539.0
78.57000000000001,31.74555555555556,2536.0
78.56972222222223,31.74555555555556,2534.0
78.56944444444446,31.74555555555556,2534.0
78.56916666666667,31.74555555555556,2533.0
78.56888888888889,31.74555555555556,2526.0
78.56861111111112,31.74555555555556,2506.0
78.56833333333334,31.74555555555556,2475.0
78.56805555555556,31.74555555555556,2457.0
78.56777777777779,31.74555555555556,2439.0
78.56750000000001,31.74555555555556,2412.0
78.56722222222223,31.74555555555556,2398.0
78.56694444444445,31.74555555555556,2392.0
78.56666666666668,31.74555555555556,2394.0
78.5663888888889,31.74555555555556,2401.0
78.56611111111111,31.74555555555556,2414.0
78.56583333333334,31.74555555555556,2435.0
78.56555555555556,31.74555555555556,2457.0
78.56527777777778,31.74555555555556,2473.0
78.56500000000001,31.74555555555556,2481.0
78.56472222222223,31.74555555555556,2500.0
78.56444444444445,31.74555555555556,2522.0
78.56416666666668,31.74555555555556,2525.0
78.5638888888889,31.74555555555556,2511.0
78.56361111111111,31.74555555555556,2495.0
78.56333333333335,31.74555555555556,2478.0
78.56305555555556,31.74555555555556,2459.0
78.56277777777778,31.74555555555556,2440.0
78.5625,31.74527777777778,2440.0
78.56222222222223,31.745,2447.0
78.56194444444445,31.744722222222222,2462.0
78.56166666666667,31.744444444444447,2495.0
78.5613888888889,31.74416666666667,2523.0
78.56111111111112,31.74388888888889,2533.0
78.56083333333333,31.74361111111111,2537.0
78.56055555555557,31.743333333333336,2536.0
78.56055555555557,31.743055555555557,2551.0
78.56027777777778,31.74277777777778,2528.0
78.56027777777778,31.7425,2547.0
78.56,31.742222222222225,2540.0
78.55972222222223,31.74194444444445,2544.0
78.55944444444445,31.741666666666667,2542.0
78.55916666666667,31.741388888888892,2539.0
78.55916666666667,31.741111111111113,2545.0
78.55916666666667,31.740833333333335,2560.0
78.5588888888889,31.740555555555556,2552.0
78.5588888888889,31.74027777777778,2545.0
78.5588888888889,31.74,2545.0
78.55861111111112,31.739722222222223,2536.0
78.55833333333334,31.739444444444445,2533.0
78.55805555555557,31.73916666666667,2530.0
78.55805555555557,31.73888888888889,2553.0
78.55777777777779,31.738611111111112,2536.0
78.55777777777779,31.738333333333333,2550.0
78.5575,31.73805555555556,2539.0
78.5575,31.73777777777778,2548.0
78.5575,31.7375,2550.0
78.5575,31.737222222222226,2549.0
78.5575,31.736944444444447,2553.0
78.55722222222224,31.736666666666668,2534.0
78.55694444444445,31.73638888888889,2519.0
78.55666666666667,31.73611111111111,2496.0
78.55638888888889,31.735833333333336,2478.0
78.55611111111112,31.735555555555557,2463.0
78.55583333333334,31.735277777777775,2474.0
78.55555555555556,31.735000000000003,2490.0
78.55527777777779,31.734722222222224,2492.0
78.555,31.73444444444445,2498.0
78.55472222222222,31.734166666666667,2524.0
78.55444444444446,31.73388888888889,2540.0
78.55416666666667,31.733611111111113,2551.0
78.55388888888889,31.733333333333334,2554.0
78.55361111111112,31.733055555555556,2547.0
78.55333333333334,31.73277777777778,2535.0
78.55305555555556,31.7325,2532.0
78.55277777777779,31.732222222222223,2514.0
78.55250000000001,31.731944444444444,2507.0
78.55222222222223,31.73166666666667,2496.0
78.55194444444444,31.73138888888889,2490.0
78.55166666666668,31.73111111111111,2513.0
78.5513888888889,31.730833333333333,2537.0
78.55111111111111,31.73055555555556,2557.0
78.55083333333334,31.73027777777778,2551.0
78.55083333333334,31.73,2548.0
78.55083333333334,31.729722222222225,2542.0
78.55083333333334,31.729444444444447,2544.0
78.55083333333334,31.729166666666668,2541.0
78.55083333333334,31.72888888888889,2550.0
78.55055555555556,31.72861111111111,2546.0
78.55055555555556,31.728333333333335,2557.0
78.55027777777778,31.728055555555557,2550.0
78.55000000000001,31.727777777777774,2548.0
78.54972222222223,31.727500000000003,2535.0
78.54972222222223,31.727222222222224,2536.0
78.54972222222223,31.726944444444445,2528.0
78.54972222222223,31.726666666666667,2520.0
78.54972222222223,31.72638888888889,2512.0
78.54972222222223,31.726111111111113,2506.0
78.54972222222223,31.725833333333338,2514.0
78.54972222222223,31.725555555555555,2529.0
78.54972222222223,31.72527777777778,2546.0
78.55000000000001,31.725,2547.0
78.55000000000001,31.724722222222223,2553.0
78.55000000000001,31.724444444444444,2558.0
78.55000000000001,31.72416666666667,2560.0
78.54972222222223,31.72388888888889,2557.0
78.54944444444445,31.72361111111111,2528.0
78.54916666666668,31.723333333333336,2508.0
78.5488888888889,31.72305555555556,2488.0
78.54861111111111,31.72305555555556,2478.0
78.54833333333335,31.72277777777778,2471.0
78.54805555555556,31.72277777777778,2473.0
78.54777777777778,31.72277777777778,2472.0
78.54750000000001,31.72277777777778,2468.0
78.54722222222223,31.72277777777778,2460.0
78.54694444444445,31.72277777777778,2455.0
78.54666666666668,31.7225,2451.0
78.5463888888889,31.722222222222225,2443.0
78.5463888888889,31.721944444444446,2436.0
78.5463888888889,31.721666666666668,2428.0
78.5463888888889,31.72138888888889,2422.0
78.5463888888889,31.721111111111114,2424.0
78.5463888888889,31.720833333333335,2423.0
78.5463888888889,31.720555555555556,2424.0
78.5463888888889,31.720277777777778,2437.0
78.54611111111112,31.72,2435.0
78.54583333333333,31.719722222222224,2424.0
78.54583333333333,31.719444444444445,2428.0
78.54583333333333,31.719166666666663,2437.0
78.54555555555557,31.71888888888889,2433.0
78.54527777777778,31.718611111111112,2435.0
78.545,31.718333333333337,2430.0
78.54472222222223,31.71805555555556,2434.0
78.54472222222223,31.71777777777778,2447.0
78.54444444444445,31.7175,2438.0
78.54416666666667,31.717222222222222,2432.0
78.5438888888889,31.716944444444447,2443.0
78.54361111111112,31.71666666666667,2441.0
78.54333333333334,31.71638888888889,2425.0
78.54333333333334,31.71611111111111,2438.0
78.54305555555557,31.715833333333336,2434.0
78.54277777777779,31.715555555555557,2433.0
78.5425,31.71527777777778,2432.0
78.54222222222224,31.715,2431.0
78.54194444444445,31.714722222222225,2440.0
78.54166666666667,31.71444444444445,2440.0
78.54138888888889,31.714166666666667,2447.0
78.54138888888889,31.71388888888889,2448.0
78.54111111111112,31.713611111111113,2437.0
78.54111111111112,31.713333333333335,2424.0
78.54111111111112,31.713055555555556,2414.0
78.54111111111112,31.71277777777778,2400.0
78.54111111111112,31.7125,2389.0
78.54111111111112,31.712222222222223,2383.0
78.54111111111112,31.711944444444445,2380.0
78.54111111111112,31.71166666666667,2376.0
78.54083333333334,31.71138888888889,2371.0
78.54055555555556,31.711111111111112,2369.0
78.54027777777779,31.710833333333333,2368.0
78.54,31.71055555555556,2366.0
78.53972222222222,31.71027777777778,2369.0
78.53944444444446,31.71,2369.0
78.53916666666667,31.709722222222226,2370.0
78.53888888888889,31.709444444444447,2369.0
78.53861111111112,31.70916666666667,2368.0
78.53833333333334,31.70916666666667,2379.0
78.53805555555556,31.70888888888889,2372.0
78.53777777777779,31.70861111111111,2374.0
78.53750000000001,31.708333333333336,2361.0
78.53722222222223,31.708055555555557,2355.0
78.53694444444446,31.70777777777778,2352.0
78.53666666666668,31.7075,2351.0
78.5363888888889,31.707222222222224,2358.0
78.53611111111111,31.70694444444445,2362.0
78.53583333333334,31.706666666666667,2369.0
78.53583333333334,31.706388888888892,2381.0
78.53555555555556,31.706111111111113,2371.0
78.53527777777778,31.705833333333334,2364.0
78.53500000000001,31.705555555555556,2372.0
78.53472222222223,31.70527777777778,2379.0
78.53444444444445,31.705,2379.0
78.53416666666668,31.704722222222223,2381.0
78.5338888888889,31.704722222222223,2382.0
78.53361111111111,31.704444444444444,2365.0
78.53333333333335,31.704444444444444,2376.0
78.53305555555556,31.70416666666667,2374.0
78.53277777777778,31.70388888888889,2360.0
78.53250000000001,31.70388888888889,2364.0
78.53222222222223,31.70388888888889,2372.0
78.53194444444445,31.703611111111112,2360.0
78.53166666666668,31.703611111111112,2372.0
78.5313888888889,31.703333333333333,2363.0
78.53111111111112,31.703333333333333,2374.0
78.53083333333333,31.70305555555556,2365.0
78.53055555555557,31.70305555555556,2373.0
78.53027777777778,31.70305555555556,2381.0
78.53,31.70277777777778,2366.0
78.52972222222223,31.70277777777778,2371.0
78.52944444444445,31.70277777777778,2378.0
78.52916666666667,31.7025,2365.0
78.5288888888889,31.7025,2373.0
78.52861111111112,31.7025,2376.0
78.52833333333334,31.7025,2379.0
78.52805555555557,31.702222222222225,2364.0
78.52777777777779,31.702222222222225,2370.0
78.5275,31.702222222222225,2374.0
78.52722222222224,31.701944444444447,2354.0
78.52694444444445,31.701666666666668,2340.0
78.52666666666667,31.70138888888889,2337.0
78.5263888888889,31.70111111111111,2336.0
78.52611111111112,31.700833333333335,2337.0
78.52583333333334,31.700555555555557,2339.0
78.52555555555556,31.700277777777774,2347.0
78.52527777777779,31.700000000000003,2356.0
78.525,31.699722222222224,2359.0
78.52472222222222,31.699444444444445,2354.0
78.52444444444446,31.699166666666667,2349.0
78.52416666666667,31.69888888888889,2356.0
78.52388888888889,31.698611111111113,2370.0
78.52361111111112,31.698333333333338,2377.0
78.52333333333334,31.698055555555555,2381.0
78.52305555555556,31.69777777777778,2380.0
78.52277777777779,31.6975,2381.0
78.52250000000001,31.697222222222223,2382.0
78.52222222222223,31.696944444444444,2379.0
78.52194444444446,31.696944444444444,2377.0
78.52166666666668,31.69666666666667,2372.0
78.5213888888889,31.69638888888889,2368.0
78.52111111111113,31.69638888888889,2380.0
78.52083333333334,31.69638888888889,2380.0
78.52055555555556,31.69638888888889,2380.0
78.52027777777778,31.69611111111111,2369.0
78.52000000000001,31.69611111111111,2373.0
78.51972222222223,31.69611111111111,2380.0
78.51944444444445,31.695833333333336,2361.0
78.51916666666668,31.695833333333336,2363.0
78.5188888888889,31.695833333333336,2366.0
78.51861111111111,31.695833333333336,2367.0
78.51833333333335,31.695833333333336,2368.0
78.51805555555556,31.695833333333336,2371.0
78.51777777777778,31.695833333333336,2373.0
78.51750000000001,31.695833333333336,2376.0
78.51722222222223,31.695833333333336,2377.0
78.51694444444445,31.695833333333336,2379.0
78.51666666666668,31.695833333333336,2378.0
78.5163888888889,31.695833333333336,2378.0
78.51611111111112,31.69555555555556,2366.0
78.51583333333335,31.69555555555556,2366.0
78.51555555555557,31.69555555555556,2367.0
78.51527777777778,31.69555555555556,2372.0
78.515,31.69555555555556,2377.0
78.51472222222223,31.69527777777778,2362.0
78.51444444444445,31.69527777777778,2367.0
78.51416666666667,31.69527777777778,2369.0
78.5138888888889,31.69527777777778,2373.0
78.51361111111112,31.695,2359.0
78.51333333333334,31.694722222222225,2340.0
78.51305555555557,31.694444444444446,2329.0
78.51277777777779,31.694166666666668,2327.0
78.5125,31.69388888888889,2325.0
78.51222222222223,31.69361111111111,2325.0
78.51194444444445,31.693333333333335,2326.0
78.51166666666667,31.693055555555556,2339.0
78.5113888888889,31.692777777777778,2355.0
78.51111111111112,31.692500000000003,2348.0
78.51083333333334,31.692222222222224,2343.0
78.51055555555556,31.691944444444445,2344.0
78.51027777777779,31.691666666666663,2345.0
78.51,31.69138888888889,2346.0
78.50972222222222,31.691111111111113,2345.0
78.50944444444445,31.690833333333337,2350.0
78.50916666666667,31.690555555555555,2366.0
78.50888888888889,31.69027777777778,2363.0
78.50861111111112,31.69027777777778,2376.0
78.50833333333334,31.69,2365.0
78.50805555555556,31.69,2369.0
78.50777777777779,31.69,2370.0
78.50750000000001,31.69,2371.0
78.50722222222223,31.689722222222223,2354.0
78.50694444444446,31.689444444444447,2353.0
78.50666666666667,31.68916666666667,2359.0
78.50638888888889,31.68888888888889,2366.0
78.50611111111112,31.68861111111111,2371.0
78.50583333333334,31.688333333333336,2364.0
78.50555555555556,31.688333333333336,2372.0
78.50527777777779,31.688333333333336,2379.0
78.50500000000001,31.688055555555557,2364.0
78.50472222222223,31.688055555555557,2374.0
78.50444444444445,31.68777777777778,2362.0
78.50416666666668,31.68777777777778,2371.0
78.5038888888889,31.68777777777778,2380.0
78.50361111111111,31.6875,2363.0
78.50333333333334,31.6875,2369.0
78.50305555555556,31.6875,2378.0
78.50277777777778,31.687222222222225,2371.0
78.50250000000001,31.687222222222225,2380.0
78.50222222222223,31.68694444444445,2361.0
78.50194444444445,31.68694444444445,2372.0
78.50166666666668,31.686666666666667,2366.0
78.5013888888889,31.686666666666667,2376.0
78.50111111111111,31.686666666666667,2377.0
78.50083333333335,31.68638888888889,2359.0
78.50055555555556,31.68638888888889,2368.0
78.50027777777778,31.68638888888889,2374.0
78.5,31.686111111111114,2358.0
78.49972222222223,31.686111111111114,2364.0
78.49944444444445,31.686111111111114,2369.0
78.49916666666667,31.686111111111114,2373.0
78.4988888888889,31.685833333333335,2358.0
78.49861111111112,31.685833333333335,2363.0
78.49833333333333,31.685833333333335,2365.0
78.49805555555557,31.685833333333335,2367.0
78.49777777777778,31.685833333333335,2367.0
78.4975,31.685833333333335,2367.0
78.49722222222223,31.685833333333335,2367.0
78.49694444444445,31.685833333333335,2369.0
78.49666666666667,31.685833333333335,2368.0
78.4963888888889,31.685833333333335,2364.0
78.49611111111112,31.685833333333335,2359.0
78.49583333333334,31.685833333333335,2355.0
78.49555555555557,31.685833333333335,2351.0
78.49527777777779,31.685833333333335,2348.0
78.495,31.685833333333335,2355.0
78.49472222222224,31.685833333333335,2361.0
78.49444444444445,31.685833333333335,2361.0
78.49416666666667,31.685833333333335,2362.0
78.49388888888889,31.685555555555556,2341.0
78.49361111111112,31.685277777777777,2335.0
78.49333333333334,31.685,2340.0
78.49305555555556,31.684722222222224,2354.0
78.49277777777779,31.684444444444445,2364.0
78.4925,31.68416666666667,2367.0
78.49222222222222,31.68388888888889,2359.0
78.49222222222222,31.683611111111112,2372.0
78.49222222222222,31.683333333333337,2379.0
78.49222222222222,31.68305555555556,2373.0
78.49222222222222,31.68277777777778,2369.0
78.49222222222222,31.6825,2374.0
78.49194444444446,31.682222222222222,2364.0
78.49166666666667,31.681944444444447,2365.0
78.49138888888889,31.68166666666667,2370.0
78.49111111111112,31.68138888888889,2380.0
78.49083333333334,31.68111111111111,2376.0
78.49083333333334,31.680833333333336,2363.0
78.49083333333334,31.680555555555557,2342.0
78.49083333333334,31.68027777777778,2324.0
78.49055555555556,31.68027777777778,2328.0
78.49027777777779,31.68027777777778,2328.0
78.49000000000001,31.68027777777778,2332.0
78.48972222222223,31.68,2335.0
78.48944444444444,31.679722222222225,2334.0
78.48916666666668,31.67944444444445,2327.0
78.4888888888889,31.67944444444445,2339.0
78.48861111111111,31.679166666666667,2330.0
78.48833333333334,31.678888888888892,2322.0
78.48805555555556,31.678888888888892,2331.0
78.48777777777778,31.678888888888892,2339.0
78.48750000000001,31.678611111111113,2323.0
78.48722222222223,31.678611111111113,2331.0
78.48694444444445,31.678333333333335,2323.0
78.48666666666668,31.678333333333335,2332.0
78.4863888888889,31.678333333333335,2339.0
78.48611111111111,31.678055555555556,2323.0
78.48583333333335,31.678055555555556,2328.0
78.48555555555556,31.678055555555556,2333.0
78.48527777777778,31.678055555555556,2338.0
78.48500000000001,31.67777777777778,2320.0
78.48472222222223,31.67777777777778,2327.0
78.48444444444445,31.67777777777778,2331.0
78.48416666666668,31.67777777777778,2335.0
78.4838888888889,31.67777777777778,2340.0
78.48361111111112,31.6775,2333.0
78.48333333333333,31.677222222222223,2336.0
78.48305555555557,31.676944444444445,2334.0
78.48277777777778,31.67666666666667,2323.0
78.4825,31.67666666666667,2327.0
78.48222222222223,31.67666666666667,2334.0
78.48194444444445,31.67638888888889,2325.0
78.48166666666667,31.67638888888889,2332.0
78.4813888888889,31.676111111111112,2323.0
78.48111111111112,31.675833333333333,2317.0
78.48083333333334,31.67555555555556,2320.0
78.48055555555557,31.67527777777778,2316.0
78.48027777777779,31.67527777777778,2335.0
78.48,31.675,2336.0
78.47972222222224,31.674722222222226,2326.0
78.47944444444445,31.674722222222226,2340.0
78.47916666666667,31.674444444444447,2319.0
78.47888888888889,31.674444444444447,2332.0
78.47861111111112,31.674166666666668,2321.0
78.47833333333334,31.67388888888889,2328.0
78.47805555555556,31.67361111111111,2337.0
78.47777777777779,31.673333333333336,2338.0
78.4775,31.673055555555557,2333.0
78.4775,31.672777777777775,2339.0
78.47722222222222,31.672500000000003,2334.0
78.47694444444446,31.672222222222224,2335.0
78.47666666666667,31.67194444444445,2337.0
78.47638888888889,31.671666666666667,2340.0
78.47611111111112,31.67138888888889,2338.0
78.47583333333334,31.671111111111113,2339.0
78.47555555555556,31.670833333333334,2337.0
78.47527777777779,31.670833333333334,2335.0
78.47500000000001,31.670555555555556,2334.0
78.47472222222223,31.670555555555556,2335.0
78.47444444444446,31.670555555555556,2337.0
78.47416666666668,31.67027777777778,2337.0
78.4738888888889,31.67,2332.0
78.47361111111111,31.669722222222223,2325.0
78.47361111111111,31.669444444444444,2322.0
78.47361111111111,31.66916666666667,2322.0
78.47361111111111,31.66888888888889,2323.0
78.47361111111111,31.66861111111111,2321.0
78.47361111111111,31.668333333333333,2320.0
78.47361111111111,31.66805555555556,2324.0
78.47333333333334,31.66777777777778,2310.0
78.47333333333334,31.6675,2305.0
78.47333333333334,31.667222222222225,2301.0
78.47333333333334,31.666944444444447,2298.0
78.47333333333334,31.666666666666668,2297.0
78.47333333333334,31.66638888888889,2298.0
78.47305555555556,31.66611111111111,2300.0
78.47277777777778,31.665833333333335,2305.0
78.47250000000001,31.665555555555557,2314.0
78.47222222222223,31.665277777777774,2316.0
78.47194444444445,31.665000000000003,2308.0
78.47166666666668,31.665000000000003,2316.0
78.4713888888889,31.665000000000003,2322.0
78.47111111111111,31.664722222222224,2306.0
78.47083333333335,31.664722222222224,2309.0
78.47055555555556,31.664722222222224,2310.0
78.47027777777778,31.664722222222224,2310.0
78.47000000000001,31.664722222222224,2308.0
78.46972222222223,31.664722222222224,2306.0
78.46944444444445,31.664722222222224,2303.0
78.46916666666668,31.664722222222224,2307.0
78.4688888888889,31.664722222222224,2306.0
78.46861111111112,31.664722222222224,2299.0
78.46833333333333,31.664722222222224,2296.0
78.46805555555557,31.664722222222224,2294.0
78.46777777777778,31.664722222222224,2295.0
78.4675,31.664722222222224,2295.0
78.46722222222223,31.664722222222224,2293.0
78.46694444444445,31.664722222222224,2294.0
78.46666666666667,31.664722222222224,2298.0
78.4663888888889,31.664722222222224,2301.0
78.46611111111112,31.664722222222224,2301.0
78.46583333333334,31.664722222222224,2299.0
78.46555555555557,31.664722222222224,2301.0
78.46527777777779,31.664722222222224,2304.0
78.465,31.664722222222224,2307.0
78.46472222222224,31.664722222222224,2309.0
78.46444444444445,31.664722222222224,2312.0
78.46416666666667,31.664722222222224,2313.0
78.4638888888889,31.664722222222224,2318.0
78.46361111111112,31.664722222222224,2323.0
78.46333333333334,31.665000000000003,2299.0
78.46305555555556,31.665000000000003,2303.0
78.46277777777779,31.665000000000003,2324.0
78.4625,31.665277777777774,2320.0
78.46222222222222,31.665555555555557,2310.0
78.46194444444446,31.665833333333335,2301.0
78.46166666666667,31.665833333333335,2306.0
78.46138888888889,31.665833333333335,2314.0
78.46111111111112,31.66611111111111,2308.0
78.46083333333334,31.66611111111111,2325.0
78.46055555555556,31.66638888888889,2321.0
78.46027777777779,31.66638888888889,2325.0
78.46000000000001,31.666666666666668,2316.0
78.45972222222223,31.666666666666668,2314.0
78.45944444444446,31.666666666666668,2310.0
78.45916666666668,31.666666666666668,2305.0
78.4588888888889,31.666666666666668,2300.0
78.45861111111113,31.666666666666668,2302.0
78.45833333333334,31.666666666666668,2307.0
78.45805555555556,31.666666666666668,2305.0
78.45777777777778,31.666666666666668,2308.0
78.45750000000001,31.666666666666668,2313.0
78.45722222222223,31.666666666666668,2319.0
78.45694444444445,31.666944444444447,2301.0
78.45666666666668,31.666944444444447,2299.0
78.4563888888889,31.666944444444447,2297.0
78.45611111111111,31.666944444444447,2293.0
78.45583333333335,31.666944444444447,2292.0
78.45555555555556,31.666944444444447,2292.0
78.45527777777778,31.666944444444447,2289.0
78.45500000000001,31.666944444444447,2285.0
78.45472222222223,31.666944444444447,2286.0
78.45444444444445,31.666944444444447,2290.0
78.45416666666668,31.666944444444447,2296.0
78.4538888888889,31.666944444444447,2310.0
78.45361111111112,31.666944444444447,2325.0
78.45333333333335,31.666666666666668,2315.0
78.45305555555557,31.66638888888889,2305.0
78.45277777777778,31.66611111111111,2283.0
78.4525,31.66611111111111,2299.0
78.45222222222223,31.66611111111111,2317.0
78.45194444444445,31.665833333333335,2297.0
78.45166666666667,31.665833333333335,2313.0
78.4513888888889,31.665833333333335,2311.0
78.45111111111112,31.665833333333335,2315.0
78.45083333333334,31.665555555555557,2311.0
78.45055555555557,31.665555555555557,2317.0
78.45027777777779,31.665555555555557,2325.0
78.45,31.665555555555557,2321.0
78.44972222222223,31.665555555555557,2305.0
78.44944444444445,31.665555555555557,2288.0
78.44916666666667,31.665555555555557,2284.0
78.4488888888889,31.665555555555557,2284.0
78.44861111111112,31.665555555555557,2289.0
78.44833333333334,31.665555555555557,2292.0
78.44805555555556,31.665555555555557,2296.0
78.44777777777779,31.665555555555557,2303.0
78.4475,31.665277777777774,2297.0
78.44722222222222,31.665000000000003,2302.0
78.44694444444445,31.664722222222224,2306.0
78.44666666666667,31.664444444444445,2308.0
78.44638888888889,31.664166666666667,2310.0
78.44611111111112,31.66388888888889,2315.0
78.44583333333334,31.663611111111113,2314.0
78.44583333333334,31.663333333333338,2310.0
78.44583333333334,31.663055555555555,2299.0
78.44583333333334,31.66277777777778,2294.0
78.44583333333334,31.6625,2300.0
78.44583333333334,31.662222222222223,2294.0
78.44583333333334,31.661944444444444,2291.0
78.44583333333334,31.66166666666667,2301.0
78.44555555555556,31.66138888888889,2295.0
78.44555555555556,31.66111111111111,2293.0
78.44555555555556,31.660833333333336,2290.0
78.44555555555556,31.66055555555556,2286.0
78.44555555555556,31.66027777777778,2284.0
78.44555555555556,31.66,2283.0
78.44555555555556,31.659722222222225,2284.0
78.44555555555556,31.659444444444446,2290.0
78.44555555555556,31.659166666666668,2294.0
78.44555555555556,31.65888888888889,2300.0
78.44555555555556,31.658611111111114,2303.0
78.44555555555556,31.658333333333335,2304.0
78.44527777777779,31.658055555555556,2288.0
78.44527777777779,31.657777777777778,2294.0
78.44527777777779,31.6575,2306.0
78.44500000000001,31.657222222222224,2300.0
78.44472222222223,31.656944444444445,2300.0
78.44444444444446,31.656666666666663,2298.0
78.44444444444446,31.65638888888889,2302.0
78.44444444444446,31.656111111111112,2306.0
78.44416666666667,31.655833333333337,2300.0
78.44388888888889,31.65555555555556,2297.0
78.44388888888889,31.65527777777778,2301.0
78.44388888888889,31.655,2305.0
78.44361111111112,31.654722222222222,2295.0
78.44361111111112,31.654444444444447,2305.0
78.44333333333334,31.65416666666667,2294.0
78.44333333333334,31.65388888888889,2299.0
78.44333333333334,31.65361111111111,2302.0
78.44333333333334,31.653333333333336,2304.0
78.44305555555556,31.653055555555557,2288.0
78.44305555555556,31.65277777777778,2288.0
78.44305555555556,31.6525,2289.0
78.44305555555556,31.652222222222225,2285.0
78.44305555555556,31.65194444444445,2283.0
78.44305555555556,31.651666666666667,2279.0
78.44305555555556,31.65138888888889,2273.0
78.44305555555556,31.651111111111113,2275.0
78.44305555555556,31.650833333333335,2276.0
78.44305555555556,31.650555555555556,2278.0
78.44305555555556,31.65027777777778,2278.0
78.44305555555556,31.65,2278.0
78.44305555555556,31.649722222222223,2281.0
78.44305555555556,31.649444444444445,2290.0
78.44305555555556,31.64916666666667,2303.0
78.44333333333334,31.64888888888889,2292.0
78.44333333333334,31.648611111111112,2294.0
78.44333333333334,31.648333333333333,2300.0
78.44333333333334,31.64805555555556,2305.0
78.44361111111112,31.64777777777778,2292.0
78.44361111111112,31.6475,2292.0
78.44361111111112,31.647222222222226,2290.0
78.44361111111112,31.646944444444447,2292.0
78.44361111111112,31.64666666666667,2299.0
78.44388888888889,31.64638888888889,2295.0
78.44416666666667,31.64611111111111,2288.0
78.44416666666667,31.645833333333336,2301.0
78.44444444444446,31.645555555555557,2291.0
78.44444444444446,31.64527777777778,2291.0
78.44444444444446,31.645,2285.0
78.44444444444446,31.644722222222224,2285.0
78.44444444444446,31.64444444444445,2298.0
78.44444444444446,31.644166666666667,2302.0
78.44444444444446,31.643888888888892,2302.0
78.44444444444446,31.643611111111113,2297.0
78.44444444444446,31.643333333333334,2290.0
78.44416666666667,31.643055555555556,2290.0
78.44388888888889,31.64277777777778,2293.0
78.44361111111112,31.6425,2293.0
78.44333333333334,31.642222222222223,2298.0
78.44305555555556,31.641944444444444,2290.0
78.44277777777779,31.64166666666667,2282.0
78.44250000000001,31.64166666666667,2297.0
78.44222222222223,31.64138888888889,2288.0
78.44194444444445,31.641111111111112,2283.0
78.44166666666668,31.641111111111112,2286.0
78.4413888888889,31.641111111111112,2294.0
78.44111111111111,31.640833333333333,2287.0
78.44083333333334,31.640833333333333,2300.0
78.44055555555556,31.64055555555556,2294.0
78.44027777777778,31.64027777777778,2286.0
78.44000000000001,31.64027777777778,2299.0
78.43972222222223,31.64,2292.0
78.43944444444445,31.639722222222225,2286.0
78.43916666666668,31.639444444444447,2276.0
78.4388888888889,31.639166666666668,2270.0
78.43861111111111,31.63888888888889,2271.0
78.43833333333335,31.63861111111111,2271.0
78.43805555555556,31.638333333333335,2272.0
78.43777777777778,31.638055555555557,2274.0
78.4375,31.637777777777774,2277.0
78.43722222222223,31.637500000000003,2283.0
78.43694444444445,31.637222222222224,2283.0
78.43666666666667,31.636944444444445,2284.0
78.4363888888889,31.636666666666667,2294.0
78.43611111111112,31.63638888888889,2299.0
78.43583333333333,31.636111111111113,2301.0
78.43555555555557,31.635833333333338,2290.0
78.43527777777778,31.635555555555555,2283.0
78.435,31.63527777777778,2281.0
78.43472222222223,31.635,2283.0
78.43444444444445,31.634722222222223,2289.0
78.43416666666667,31.634444444444444,2306.0
78.4338888888889,31.63416666666667,2305.0
78.43361111111112,31.63388888888889,2281.0
78.43333333333334,31.63361111111111,2268.0
78.43305555555557,31.633333333333336,2270.0
78.43277777777779,31.63305555555556,2269.0
78.4325,31.63277777777778,2270.0
78.43222222222224,31.6325,2272.0
78.43194444444445,31.632222222222225,2272.0
78.43166666666667,31.631944444444446,2270.0
78.43138888888889,31.631666666666668,2274.0
78.43111111111112,31.63138888888889,2298.0
78.43083333333334,31.63111111111111,2306.0
78.43083333333334,31.630833333333335,2306.0
78.43055555555556,31.630555555555556,2304.0
78.43055555555556,31.630277777777778,2297.0
78.43055555555556,31.630000000000003,2288.0
78.43055555555556,31.629722222222224,2279.0
78.43055555555556,31.629444444444445,2271.0
78.43055555555556,31.629166666666663,2260.0
78.43055555555556,31.62888888888889,2247.0
78.43055555555556,31.628611111111113,2237.0
78.43055555555556,31.628333333333337,2229.0
78.43055555555556,31.628055555555555,2226.0
78.43055555555556,31.62777777777778,2232.0
78.43055555555556,31.6275,2240.0
78.43055555555556,31.627222222222223,2243.0
78.43055555555556,31.626944444444447,2247.0
78.43055555555556,31.62666666666667,2250.0
78.43055555555556,31.62638888888889,2252.0
78.43055555555556,31.62611111111111,2254.0
78.43055555555556,31.625833333333336,2256.0
78.43055555555556,31.625555555555557,2261.0
78.43083333333334,31.62527777777778,2255.0
78.43111111111112,31.625,2253.0
78.43138888888889,31.624722222222225,2264.0
78.43166666666667,31.62444444444445,2278.0
78.43194444444445,31.624166666666667,2277.0
78.43222222222224,31.62388888888889,2275.0
78.4325,31.623611111111114,2270.0
78.43277777777779,31.623333333333335,2270.0
78.43305555555557,31.623055555555556,2268.0
78.43333333333334,31.622777777777777,2269.0
78.43361111111112,31.6225,2273.0
78.4338888888889,31.622222222222224,2276.0
78.43416666666667,31.621944444444445,2275.0
78.43444444444445,31.62166666666667,2267.0
78.43444444444445,31.62138888888889,2274.0
78.43472222222223,31.621111111111112,2263.0
78.43472222222223,31.620833333333337,2266.0
78.43472222222223,31.62055555555556,2269.0
78.43472222222223,31.62027777777778,2272.0
78.43472222222223,31.62,2274.0
78.43472222222223,31.619722222222222,2277.0
78.435,31.619444444444447,2270.0
78.435,31.61916666666667,2281.0
78.43527777777778,31.61888888888889,2275.0
78.43527777777778,31.61861111111111,2278.0
78.43555555555557,31.618333333333336,2265.0
78.43555555555557,31.618055555555557,2269.0
78.43555555555557,31.61777777777778,2280.0
78.43583333333333,31.6175,2277.0
78.43611111111112,31.617222222222225,2275.0
78.4363888888889,31.61694444444445,2278.0
78.43666666666667,31.616666666666667,2275.0
78.43666666666667,31.616388888888892,2277.0
78.43694444444445,31.616111111111113,2271.0
78.43722222222223,31.615833333333335,2274.0
78.4375,31.615555555555556,2274.0
78.43777777777778,31.61527777777778,2272.0
78.43777777777778,31.615,2279.0
78.43777777777778,31.614722222222223,2279.0
78.43777777777778,31.614444444444445,2277.0
78.43777777777778,31.61416666666667,2279.0
78.43805555555556,31.61388888888889,2272.0
78.43805555555556,31.613611111111112,2277.0
78.43805555555556,31.613333333333333,2281.0
78.43833333333335,31.61305555555556,2278.0
78.43833333333335,31.61277777777778,2278.0
78.43833333333335,31.6125,2277.0
78.43833333333335,31.612222222222226,2274.0
78.43805555555556,31.611944444444447,2274.0
78.43777777777778,31.611666666666668,2281.0
78.4375,31.61138888888889,2280.0
78.4375,31.61111111111111,2276.0
78.43722222222223,31.610833333333336,2274.0
78.43722222222223,31.610555555555557,2272.0
78.43722222222223,31.610277777777775,2269.0
78.43722222222223,31.610000000000003,2265.0
78.43722222222223,31.609722222222224,2261.0
78.43722222222223,31.60944444444445,2261.0
78.43722222222223,31.609166666666667,2263.0
78.43722222222223,31.60888888888889,2265.0
78.43722222222223,31.608611111111113,2265.0
78.43722222222223,31.608333333333334,2263.0
78.43722222222223,31.608055555555556,2263.0
78.43694444444445,31.60777777777778,2262.0
78.43666666666667,31.6075,2264.0
78.4363888888889,31.607222222222223,2263.0
78.4363888888889,31.606944444444444,2266.0
78.4363888888889,31.60666666666667,2262.0
78.4363888888889,31.60638888888889,2258.0
78.4363888888889,31.60611111111111,2260.0
78.4363888888889,31.605833333333333,2258.0
78.4363888888889,31.60555555555556,2256.0
78.4363888888889,31.60527777777778,2257.0
78.4363888888889,31.605,2260.0
78.4363888888889,31.604722222222225,2266.0
78.43666666666667,31.604444444444447,2264.0
78.43694444444445,31.604166666666668,2261.0
78.43722222222223,31.60388888888889,2260.0
78.4375,31.60361111111111,2261.0
78.43777777777778,31.603333333333335,2267.0
78.43805555555556,31.603055555555557,2270.0
78.43833333333335,31.602777777777774,2265.0
78.43833333333335,31.602500000000003,2269.0
78.43861111111111,31.602222222222224,2265.0
78.43861111111111,31.601944444444445,2269.0
78.43861111111111,31.601666666666667,2271.0
78.43861111111111,31.60138888888889,2268.0
78.43861111111111,31.601111111111113,2264.0
78.43861111111111,31.600833333333338,2263.0
78.43861111111111,31.600555555555555,2260.0
78.43861111111111,31.60027777777778,2255.0
78.43861111111111,31.6,2251.0
78.43861111111111,31.599722222222223,2250.0
78.43861111111111,31.599444444444444,2252.0
78.43861111111111,31.59916666666667,2259.0
78.4388888888889,31.59888888888889,2263.0
78.43916666666668,31.59861111111111,2263.0
78.43944444444445,31.598333333333336,2259.0
78.43972222222223,31.59805555555556,2260.0
78.44000000000001,31.59777777777778,2263.0
78.44000000000001,31.5975,2272.0
78.44027777777778,31.597222222222225,2270.0
78.44055555555556,31.596944444444446,2266.0
78.44055555555556,31.596666666666668,2272.0
78.44083333333334,31.59638888888889,2262.0
78.44083333333334,31.596111111111114,2268.0
78.44111111111111,31.595833333333335,2259.0
78.44111111111111,31.595555555555556,2261.0
78.44111111111111,31.595277777777778,2262.0
78.44111111111111,31.595,2268.0
78.4413888888889,31.594722222222224,2268.0
78.4413888888889,31.594444444444445,2267.0
78.4413888888889,31.594166666666663,2263.0
78.4413888888889,31.59388888888889,2263.0
78.4413888888889,31.593611111111112,2269.0
78.44166666666668,31.593333333333337,2269.0
78.44194444444445,31.59305555555556,2268.0
78.44194444444445,31.59277777777778,2268.0
78.44194444444445,31.5925,2269.0
78.44194444444445,31.592222222222222,2272.0
78.44194444444445,31.591944444444447,2272.0
78.44194444444445,31.59166666666667,2268.0
78.44194444444445,31.59138888888889,2259.0
78.44194444444445,31.59111111111111,2248.0
78.44194444444445,31.590833333333336,2243.0
78.44194444444445,31.590555555555557,2241.0
78.44194444444445,31.59027777777778,2240.0
78.44194444444445,31.59,2241.0
78.44194444444445,31.589722222222225,2243.0
78.44194444444445,31.58944444444445,2242.0
78.44194444444445,31.589166666666667,2242.0
78.44194444444445,31.58888888888889,2243.0
78.44222222222223,31.588611111111113,2244.0
78.44250000000001,31.588333333333335,2243.0
78.44250000000001,31.588055555555556,2243.0
78.44250000000001,31.58777777777778,2242.0
78.44250000000001,31.5875,2243.0
78.44277777777779,31.587222222222223,2241.0
78.44277777777779,31.586944444444445,2240.0
78.44277777777779,31.58666666666667,2242.0
78.44277777777779,31.58638888888889,2242.0
78.44277777777779,31.586111111111112,2241.0
78.44277777777779,31.585833333333333,2239.0
78.44277777777779,31.58555555555556,2241.0
78.44277777777779,31.58527777777778,2242.0
78.44305555555556,31.585,2240.0
78.44305555555556,31.584722222222226,2240.0
78.44333333333334,31.584444444444447,2240.0
78.44333333333334,31.58416666666667,2241.0
78.44361111111112,31.58388888888889,2238.0
78.44361111111112,31.58361111111111,2241.0
78.44361111111112,31.583333333333336,2242.0
78.44361111111112,31.583055555555557,2243.0
78.44361111111112,31.58277777777778,2243.0
78.44361111111112,31.582500000000003,2243.0
78.44388888888889,31.582222222222224,2242.0
78.44388888888889,31.58194444444445,2242.0
78.44388888888889,31.581666666666667,2241.0
78.44388888888889,31.581388888888892,2240.0
78.44361111111112,31.581388888888892,2240.0
78.44333333333334,31.581111111111113,2240.0
78.44305555555556,31.580833333333334,2239.0
78.44277777777779,31.580555555555556,2236.0
78.44277777777779,31.58027777777778,2233.0
78.44250000000001,31.58027777777778,2232.0
78.44222222222223,31.58027777777778,2234.0
78.44194444444445,31.58027777777778,2235.0
78.44166666666668,31.58027777777778,2235.0
78.4413888888889,31.58027777777778,2235.0
78.44111111111111,31.580555555555556,2232.0
78.44083333333334,31.580555555555556,2231.0
78.44055555555556,31.580555555555556,2230.0
78.44027777777778,31.580555555555556,2229.0
78.44000000000001,31.58027777777778,2229.0
78.43972222222223,31.58027777777778,2229.0
78.43944444444445,31.58,2229.0
78.43916666666668,31.58,2228.0
78.4388888888889,31.579722222222223,2228.0
78.43861111111111,31.579722222222223,2228.0
78.43833333333335,31.579722222222223,2227.0
78.43805555555556,31.579444444444444,2227.0
78.43777777777778,31.579444444444444,2227.0
78.4375,31.57916666666667,2226.0
78.43722222222223,31.57916666666667,2226.0
78.43694444444445,31.57916666666667,2226.0
78.43666666666667,31.57888888888889,2226.0
78.4363888888889,31.57888888888889,2225.0
78.43611111111112,31.578611111111112,2225.0
78.43583333333333,31.578611111111112,2225.0
78.43555555555557,31.578333333333333,2224.0
78.43527777777778,31.578333333333333,2224.0
78.435,31.578333333333333,2224.0
78.43472222222223,31.57805555555556,2224.0
78.43444444444445,31.57805555555556,2223.0
78.43416666666667,31.57805555555556,2223.0
78.4338888888889,31.57777777777778,2223.0
78.43361111111112,31.57777777777778,2223.0
78.43333333333334,31.57777777777778,2223.0
78.43305555555557,31.5775,2222.0
78.43277777777779,31.5775,2222.0
78.4325,31.5775,2221.0
78.43222222222224,31.5775,2221.0
78.43194444444445,31.5775,2221.0
78.43166666666667,31.5775,2221.0
78.43138888888889,31.57777777777778,2220.0
78.43111111111112,31.57777777777778,2220.0
78.43083333333334,31.57805555555556,2220.0
78.43055555555556,31.57805555555556,2219.0
78.43055555555556,31.578333333333333,2219.0
78.43027777777779,31.578611111111112,2219.0
78.43,31.57888888888889,2218.0
78.42972222222222,31.57888888888889,2218.0
78.42944444444446,31.57916666666667,2218.0
78.42916666666667,31.579444444444444,2217.0
78.42916666666667,31.579722222222223,2217.0
78.42916666666667,31.58,2217.0
78.42888888888889,31.58027777777778,2217.0
78.42888888888889,31.580555555555556,2216.0
78.42861111111112,31.580833333333334,2216.0
78.42833333333334,31.581111111111113,2215.0
78.42805555555556,31.581388888888892,2215.0
78.42777777777779,31.581666666666667,2215.0
78.42750000000001,31.58194444444445,2214.0
78.42722222222223,31.58194444444445,2214.0
78.42694444444444,31.582222222222224,2214.0
78.42666666666668,31.582222222222224,2213.0
78.4263888888889,31.582222222222224,2213.0
78.42611111111111,31.582222222222224,2213.0
78.42583333333334,31.582222222222224,2213.0
78.42555555555556,31.582222222222224,2212.0
78.42527777777778,31.582222222222224,2212.0
78.42500000000001,31.582222222222224,2212.0
78.42472222222223,31.58194444444445,2212.0
78.42444444444445,31.58194444444445,2211.0
78.42416666666668,31.58194444444445,2211.0
78.4238888888889,31.581666666666667,2211.0
78.42361111111111,31.581666666666667,2210.0
78.42333333333335,31.581388888888892,2210.0
78.42305555555556,31.581388888888892,2210.0
78.42277777777778,31.581111111111113,2209.0
78.42250000000001,31.581111111111113,2209.0
78.42222222222223,31.581111111111113,2209.0
78.42194444444445,31.581111111111113,2209.0
78.42166666666668,31.581111111111113,2208.0
78.4213888888889,31.581111111111113,2208.0
78.42111111111112,31.581111111111113,2208.0
78.42083333333333,31.581111111111113,2208.0
78.42055555555557,31.581111111111113,2207.0
78.42027777777778,31.581111111111113,2207.0
78.42,31.581111111111113,2207.0
78.41972222222223,31.581111111111113,2207.0
78.41944444444445,31.581111111111113,2206.0
78.41916666666667,31.581111111111113,2206.0
78.4188888888889,31.581111111111113,2206.0
78.41861111111112,31.581111111111113,2206.0
78.41833333333334,31.581111111111113,2205.0
78.41805555555557,31.581111111111113,2205.0
78.41777777777779,31.581111111111113,2205.0
78.4175,31.581111111111113,2205.0
78.41722222222224,31.581111111111113,2204.0
78.41694444444445,31.581111111111113,2204.0
78.41666666666667,31.581111111111113,2204.0
78.41638888888889,31.581111111111113,2203.0
78.41611111111112,31.581111111111113,2203.0
78.41583333333334,31.581111111111113,2203.0
78.41555555555556,31.581111111111113,2203.0
78.41527777777779,31.581111111111113,2203.0
78.415,31.581111111111113,2202.0
78.41472222222222,31.581111111111113,2202.0
78.41444444444446,31.581388888888892,2202.0
78.41416666666667,31.581388888888892,2202.0
78.41388888888889,31.581388888888892,2201.0
78.41361111111112,31.581388888888892,2201.0
78.41333333333334,31.581388888888892,2201.0
78.41305555555556,31.581666666666667,2200.0
78.41277777777779,31.581666666666667,2200.0
78.41250000000001,31.581666666666667,2200.0
78.41222222222223,31.581666666666667,2200.0
78.41194444444446,31.581666666666667,2199.0
78.41166666666668,31.581388888888892,2199.0
78.4113888888889,31.581388888888892,2199.0
78.41111111111111,31.581111111111113,2198.0
78.41083333333334,31.580833333333334,2198.0
78.41055555555556,31.580555555555556,2198.0
78.41027777777778,31.580555555555556,2197.0
78.41000000000001,31.58027777777778,2197.0
78.40972222222223,31.58027777777778,2197.0
78.40944444444445,31.58,2196.0
78.40916666666668,31.58,2196.0
78.4088888888889,31.58,2196.0
78.40861111111111,31.58,2196.0
78.40833333333335,31.58,2195.0
78.40805555555556,31.58,2195.0
78.40777777777778,31.58,2195.0
78.40750000000001,31.58,2195.0
78.40722222222223,31.58,2194.0
78.40694444444445,31.58027777777778,2194.0
78.40666666666668,31.580555555555556,2194.0
78.4063888888889,31.580555555555556,2193.0
78.40611111111112,31.580833333333334,2193.0
78.40583333333333,31.581111111111113,2193.0
78.40555555555557,31.581111111111113,2192.0
78.40527777777778,31.581111111111113,2192.0
78.405,31.581111111111113,2191.0
78.40472222222223,31.581388888888892,2191.0
78.40444444444445,31.581388888888892,2190.0
78.40416666666667,31.581388888888892,2190.0
78.4038888888889,31.581388888888892,2190.0
78.40361111111112,31.581388888888892,2189.0
78.40333333333334,31.581388888888892,2189.0
78.40305555555557,31.581388888888892,2188.0
78.40277777777779,31.581388888888892,2188.0
78.4025,31.581388888888892,2187.0
78.40222222222224,31.581388888888892,2187.0
78.40194444444445,31.581388888888892,2187.0
78.40166666666667,31.581388888888892,2186.0
78.4013888888889,31.581388888888892,2186.0
78.40111111111112,31.581388888888892,2185.0
78.40083333333334,31.581388888888892,2185.0
78.40055555555556,31.581388888888892,2184.0
78.40027777777779,31.581388888888892,2184.0
78.4,31.581666666666667,2184.0
78.39972222222222,31.581666666666667,2183.0
78.39944444444446,31.581666666666667,2183.0
78.39916666666667,31.581666666666667,2182.0
78.39888888888889,31.58194444444445,2182.0
78.39861111111112,31.58194444444445,2181.0
78.39833333333334,31.58194444444445,2181.0
78.39805555555556,31.58194444444445,2180.0
78.39777777777779,31.58194444444445,2185.0
78.39750000000001,31.582222222222224,2179.0
78.39722222222223,31.582222222222224,2179.0
78.39694444444446,31.582222222222224,2179.0
78.39666666666668,31.582222222222224,2178.0
78.3963888888889,31.582222222222224,2178.0
78.39611111111113,31.582222222222224,2177.0
78.39583333333334,31.582222222222224,2177.0
78.39555555555556,31.582222222222224,2176.0
78.39527777777778,31.582222222222224,2181.0
78.39500000000001,31.582222222222224,2183.0
78.39472222222223,31.582222222222224,2183.0
78.39444444444445,31.582222222222224,2186.0
78.39416666666668,31.58194444444445,2174.0
78.3938888888889,31.58194444444445,2174.0
78.39361111111111,31.58194444444445,2173.0
78.39333333333335,31.58194444444445,2173.0
78.39305555555556,31.58194444444445,2172.0
78.39277777777778,31.58194444444445,2172.0
78.39250000000001,31.58194444444445,2172.0
78.39222222222223,31.58194444444445,2171.0
78.39194444444445,31.58194444444445,2171.0
78.39166666666668,31.58194444444445,2170.0
78.3913888888889,31.58194444444445,2170.0
78.39111111111112,31.58194444444445,2169.0
78.39083333333335,31.58194444444445,2169.0
78.39055555555557,31.58194444444445,2175.0
78.39027777777778,31.58194444444445,2179.0
78.39,31.58194444444445,2180.0
78.38972222222223,31.58194444444445,2180.0
78.38944444444445,31.58194444444445,2182.0
78.38916666666667,31.58194444444445,2181.0
78.3888888888889,31.58194444444445,2180.0
78.38861111111112,31.58194444444445,2179.0
78.38833333333334,31.58194444444445,2180.0
78.38805555555557,31.58194444444445,2180.0
78.38777777777779,31.58194444444445,2178.0
78.3875,31.58194444444445,2179.0
78.38722222222223,31.58194444444445,2180.0
78.38694444444445,31.58194444444445,2184.0
78.38666666666667,31.581666666666667,2171.0
78.3863888888889,31.581666666666667,2173.0
78.38611111111112,31.581666666666667,2171.0
78.38583333333334,31.581666666666667,2171.0
78.38555555555556,31.581666666666667,2173.0
78.38527777777779,31.581666666666667,2172.0
78.385,31.581666666666667,2171.0
78.38472222222222,31.581666666666667,2170.0
78.38444444444445,31.581666666666667,2168.0
78.38416666666667,31.581666666666667,2167.0
78.38388888888889,31.581666666666667,2167.0
78.38361111111112,31.581666666666667,2165.0
78.38333333333334,31.581666666666667,2162.0
78.38305555555556,31.581666666666667,2159.0
78.38277777777779,31.581666666666667,2158.0
78.38250000000001,31.581666666666667,2157.0
78.38222222222223,31.581666666666667,2157.0
78.38194444444446,31.581666666666667,2158.0
78.38166666666667,31.581666666666667,2160.0
78.38138888888889,31.581666666666667,2162.0
78.38111111111112,31.581666666666667,2166.0
78.38083333333334,31.581666666666667,2168.0
78.38055555555556,31.581666666666667,2164.0
78.38027777777779,31.581666666666667,2158.0
78.38000000000001,31.581666666666667,2156.0
78.37972222222223,31.581666666666667,2153.0
78.37944444444445,31.581666666666667,2152.0
78.37916666666668,31.581666666666667,2150.0
78.3788888888889,31.581666666666667,2150.0
78.37861111111111,31.581666666666667,2149.0
78.37833333333334,31.581666666666667,2148.0
78.37805555555556,31.581666666666667,2146.0
78.37777777777778,31.581666666666667,2147.0
78.37750000000001,31.581666666666667,2152.0
78.37722222222223,31.581666666666667,2158.0
78.37694444444445,31.581666666666667,2166.0
78.37666666666668,31.581666666666667,2178.0
78.3763888888889,31.58194444444445,2173.0
78.37611111111111,31.582222222222224,2160.0
78.37583333333335,31.582500000000003,2153.0
78.37555555555556,31.58277777777778,2150.0
78.37527777777778,31.583055555555557,2150.0
78.375,31.583333333333336,2145.0
78.37472222222223,31.58361111111111,2142.0
78.37444444444445,31.58388888888889,2142.0
78.37416666666667,31.58416666666667,2141.0
78.3738888888889,31.584444444444447,2140.0
78.37361111111112,31.584722222222226,2139.0
78.37333333333333,31.585,2138.0
78.37305555555557,31.58527777777778,2135.0
78.37277777777778,31.58555555555556,2134.0
78.3725,31.585833333333333,2131.0
78.37222222222223,31.586111111111112,2132.0
78.37194444444445,31.58638888888889,2131.0
78.37166666666667,31.58666666666667,2128.0
78.3713888888889,31.586944444444445,2129.0
78.37111111111112,31.587222222222223,2130.0
78.37083333333334,31.5875,2129.0
78.37055555555557,31.58777777777778,2131.0
78.37027777777779,31.588055555555556,2133.0
78.37,31.588333333333335,2134.0
78.36972222222224,31.588611111111113,2132.0
78.36944444444445,31.58888888888889,2132.0
78.36916666666667,31.589166666666667,2131.0
78.36888888888889,31.58944444444445,2131.0
78.36861111111112,31.589722222222225,2125.0
78.36833333333334,31.59,2119.0
78.36805555555556,31.59027777777778,2122.0
78.36777777777779,31.590555555555557,2135.0
78.3675,31.590833333333336,2159.0
78.36722222222222,31.59111111111111,2165.0
78.36694444444446,31.59111111111111,2184.0
78.36666666666667,31.59138888888889,2178.0
78.36638888888889,31.59166666666667,2188.0
78.36611111111112,31.591944444444447,2186.0
78.36583333333334,31.592222222222222,2173.0
78.36555555555556,31.5925,2163.0
78.36527777777779,31.5925,2175.0
78.36500000000001,31.5925,2188.0
78.36472222222223,31.59277777777778,2163.0
78.36444444444444,31.59277777777778,2177.0
78.36416666666668,31.59305555555556,2168.0
78.3638888888889,31.59305555555556,2177.0
78.36361111111111,31.59305555555556,2188.0
78.36333333333334,31.593333333333337,2169.0
78.36305555555556,31.593333333333337,2171.0
78.36277777777778,31.593333333333337,2179.0
78.36250000000001,31.593333333333337,2187.0
78.36222222222223,31.593611111111112,2173.0
78.36194444444445,31.593611111111112,2184.0
78.36166666666668,31.59388888888889,2172.0
78.3613888888889,31.59388888888889,2171.0
78.36111111111111,31.59388888888889,2167.0
78.36083333333335,31.59388888888889,2167.0
78.36055555555556,31.59388888888889,2182.0
78.36027777777778,31.594166666666663,2149.0
78.36000000000001,31.594166666666663,2169.0
78.35972222222223,31.594166666666663,2182.0
78.35944444444445,31.594166666666663,2188.0
78.35916666666668,31.594444444444445,2179.0
78.3588888888889,31.594444444444445,2183.0
78.35861111111112,31.594444444444445,2187.0
78.35833333333333,31.594444444444445,2188.0
78.35805555555557,31.594444444444445,2186.0
78.35777777777778,31.594444444444445,2181.0
78.3575,31.594444444444445,2175.0
78.35722222222223,31.594722222222224,2169.0
78.35694444444445,31.594722222222224,2166.0
78.35666666666667,31.594722222222224,2161.0
78.3563888888889,31.595,2160.0
78.35611111111112,31.595,2156.0
78.35583333333334,31.595,2158.0
78.35555555555557,31.595,2157.0
78.35527777777779,31.595,2160.0
78.355,31.595277777777778,2158.0
78.35472222222224,31.595555555555556,2152.0
78.35444444444445,31.595555555555556,2156.0
78.35416666666667,31.595833333333335,2156.0
78.35388888888889,31.596111111111114,2158.0
78.35361111111112,31.59638888888889,2161.0
78.35333333333334,31.596666666666668,2160.0
78.35305555555556,31.596666666666668,2160.0
78.35277777777779,31.596944444444446,2161.0
78.3525,31.596944444444446,2159.0
78.35222222222222,31.597222222222225,2156.0
78.35194444444446,31.597222222222225,2156.0
78.35166666666667,31.596944444444446,2145.0
78.35138888888889,31.596944444444446,2136.0
78.35111111111112,31.596944444444446,2124.0
78.35083333333334,31.596944444444446,2111.0
78.35055555555556,31.596944444444446,2107.0
78.35027777777779,31.596944444444446,2107.0
78.35000000000001,31.596944444444446,2109.0
78.34972222222223,31.596944444444446,2110.0
78.34944444444446,31.596944444444446,2111.0
78.34916666666668,31.597222222222225,2104.0
78.3488888888889,31.597222222222225,2105.0
78.34861111111111,31.597222222222225,2106.0
78.34833333333334,31.597222222222225,2106.0
78.34805555555556,31.597222222222225,2107.0
78.34777777777778,31.5975,2109.0
78.34750000000001,31.5975,2111.0
78.34722222222223,31.59777777777778,2106.0
78.34694444444445,31.59805555555556,2102.0
78.34666666666668,31.59805555555556,2097.0
78.3463888888889,31.59805555555556,2097.0
78.34611111111111,31.598333333333336,2098.0
78.34583333333335,31.598333333333336,2091.0
78.34555555555556,31.598333333333336,2076.0
78.34527777777778,31.598333333333336,2068.0
78.34500000000001,31.59861111111111,2063.0
78.34472222222223,31.59861111111111,2063.0
78.34444444444445,31.59861111111111,2064.0
78.34416666666668,31.59888888888889,2064.0
78.3438888888889,31.59888888888889,2060.0
78.34361111111112,31.59888888888889,2059.0
78.34333333333333,31.59916666666667,2060.0
78.34305555555557,31.59916666666667,2061.0
78.34277777777778,31.599444444444444,2057.0
78.3425,31.599444444444444,2056.0
78.34222222222223,31.599444444444444,2056.0
78.34194444444445,31.599444444444444,2057.0
78.34166666666667,31.599722222222223,2049.0
78.3413888888889,31.599722222222223,2057.0
78.34111111111112,31.599722222222223,2055.0
78.34083333333334,31.599722222222223,2049.0
78.34055555555557,31.599722222222223,2051.0
78.34027777777779,31.6,2050.0
78.34,31.6,2048.0
78.33972222222224,31.6,2048.0
78.33944444444445,31.6,2047.0
78.33916666666667,31.6,2048.0
78.3388888888889,31.6,2049.0
78.33861111111112,31.60027777777778,2048.0
78.33833333333334,31.60027777777778,2046.0
78.33805555555556,31.60027777777778,2044.0
78.33777777777779,31.600555555555555,2044.0
78.3375,31.600555555555555,2044.0
78.33722222222222,31.600833333333338,2046.0
78.33694444444446,31.600833333333338,2046.0
78.33666666666667,31.600833333333338,2044.0
78.33638888888889,31.600833333333338,2043.0
78.33611111111112,31.600833333333338,2046.0
78.33583333333334,31.601111111111113,2046.0
78.33555555555556,31.60138888888889,2042.0
78.33527777777779,31.60138888888889,2041.0
78.33500000000001,31.60138888888889,2042.0
78.33472222222223,31.60138888888889,2041.0
78.33444444444446,31.601666666666667,2041.0
78.33416666666668,31.601666666666667,2037.0
78.3338888888889,31.601666666666667,2038.0
78.33361111111113,31.601944444444445,2038.0
78.33333333333334,31.602222222222224,2037.0
78.33305555555556,31.602500000000003,2034.0
78.33277777777778,31.602500000000003,2032.0
78.33250000000001,31.602500000000003,2033.0
78.33222222222223,31.602500000000003,2031.0
78.33194444444445,31.602500000000003,2032.0
78.33166666666668,31.602500000000003,2035.0
78.3313888888889,31.602500000000003,2034.0
78.33111111111111,31.602500000000003,2034.0
78.33083333333335,31.602500000000003,2030.0
78.33055555555556,31.602500000000003,2031.0
78.33027777777778,31.602500000000003,2031.0
78.33000000000001,31.602500000000003,2031.0
78.32972222222223,31.602500000000003,2032.0
78.32944444444445,31.602500000000003,2036.0
78.32916666666668,31.602777777777774,2028.0
78.3288888888889,31.602777777777774,2030.0
78.32861111111112,31.602777777777774,2036.0
78.32833333333335,31.603055555555557,2034.0
78.32805555555557,31.603055555555557,2031.0
78.32777777777778,31.603055555555557,2033.0
78.3275,31.603055555555557,2031.0
78.32722222222223,31.603055555555557,2031.0
78.32694444444445,31.603055555555557,2036.0
78.32666666666667,31.603333333333335,2026.0
78.3263888888889,31.603333333333335,2025.0
78.32611111111112,31.603333333333335,2030.0
78.32583333333334,31.603055555555557,2033.0
78.32555555555557,31.603055555555557,2035.0
78.32527777777779,31.603055555555557,2031.0
78.325,31.603055555555557,2029.0
78.32472222222223,31.603055555555557,2034.0
78.32444444444445,31.602777777777774,2036.0
78.32416666666667,31.602500000000003,2033.0
78.3238888888889,31.602500000000003,2030.0
78.32361111111112,31.602222222222224,2024.0
78.32333333333334,31.602222222222224,2030.0
78.32305555555556,31.601944444444445,2031.0
78.32277777777779,31.601666666666667,2030.0
78.3225,31.601666666666667,2024.0
78.32222222222222,31.601666666666667,2024.0
78.32194444444445,31.601666666666667,2025.0
78.32166666666667,31.601666666666667,2025.0
78.32138888888889,31.601666666666667,2028.0
78.32111111111112,31.60138888888889,2018.0
78.32083333333334,31.601111111111113,2025.0
78.32055555555556,31.601111111111113,2029.0
78.32027777777779,31.600833333333338,2026.0
78.32000000000001,31.600833333333338,2019.0
78.31972222222223,31.600833333333338,2018.0
78.31944444444446,31.600555555555555,2015.0
78.31916666666667,31.600555555555555,2013.0
78.31888888888889,31.600555555555555,2014.0
78.31861111111112,31.60027777777778,2012.0
78.31833333333334,31.60027777777778,2013.0
78.31805555555556,31.60027777777778,2012.0
78.31777777777779,31.60027777777778,2012.0
78.31750000000001,31.60027777777778,2012.0
78.31722222222223,31.60027777777778,2011.0
78.31694444444445,31.60027777777778,2017.0
78.31666666666668,31.6,2012.0
78.3163888888889,31.6,2009.0
78.31611111111111,31.6,2008.0
78.31583333333334,31.6,2011.0
78.31555555555556,31.6,2015.0
78.31527777777778,31.6,2016.0
78.31500000000001,31.6,2016.0
78.31472222222223,31.599722222222223,2011.0
78.31444444444445,31.599722222222223,2017.0
78.31416666666668,31.599444444444444,2016.0
78.3138888888889,31.599444444444444,2007.0
78.31361111111111,31.599444444444444,2003.0
78.31333333333335,31.599444444444444,2005.0
78.31305555555556,31.599444444444444,2008.0
78.31277777777778,31.599444444444444,2011.0
78.3125,31.599444444444444,2005.0
78.31222222222223,31.599444444444444,2003.0
78.31194444444445,31.599444444444444,2010.0
78.31166666666667,31.59916666666667,2004.0
78.3113888888889,31.59916666666667,2004.0
78.31111111111112,31.59916666666667,2003.0
78.31083333333333,31.59916666666667,2008.0
78.31055555555557,31.59916666666667,2009.0
78.31027777777778,31.59916666666667,2012.0
78.31,31.59916666666667,2014.0
78.30972222222223,31.59888888888889,2016.0
78.30944444444445,31.59888888888889,2016.0
78.30916666666667,31.59888888888889,2006.0
78.3088888888889,31.59888888888889,2000.0
78.30861111111112,31.59888888888889,2004.0
78.30833333333334,31.59888888888889,2011.0
78.30805555555557,31.59861111111111,2002.0
78.30777777777779,31.59861111111111,2005.0
78.3075,31.59861111111111,2006.0
78.30722222222224,31.59861111111111,2009.0
78.30694444444445,31.598333333333336,2003.0
78.30666666666667,31.598333333333336,2008.0
78.30638888888889,31.598333333333336,2009.0
78.30611111111112,31.598333333333336,2010.0
78.30583333333334,31.59805555555556,1998.0
78.30555555555556,31.59805555555556,2003.0
78.30527777777779,31.59805555555556,2010.0
78.305,31.59777777777778,1997.0
78.30472222222222,31.59777777777778,2000.0
78.30444444444446,31.59777777777778,2005.0
78.30416666666667,31.5975,1997.0
78.30388888888889,31.5975,2002.0
78.30361111111112,31.5975,2010.0
78.30333333333334,31.597222222222225,2002.0
78.30305555555556,31.597222222222225,2008.0
78.30277777777779,31.597222222222225,2006.0
78.30250000000001,31.597222222222225,1999.0
78.30222222222223,31.597222222222225,2002.0
78.30194444444444,31.596944444444446,1979.0
78.30166666666668,31.596944444444446,1986.0
78.3013888888889,31.596944444444446,1992.0
78.30111111111111,31.596944444444446,2000.0
78.30083333333334,31.596944444444446,2008.0
78.30055555555556,31.596666666666668,1995.0
78.30027777777778,31.596666666666668,2002.0
78.30000000000001,31.59638888888889,2004.0
78.29972222222223,31.59638888888889,2009.0
78.29944444444445,31.59638888888889,2010.0
78.29916666666668,31.596111111111114,1996.0
78.2988888888889,31.596111111111114,2010.0
78.29861111111111,31.595833333333335,1992.0
78.29833333333335,31.595833333333335,1997.0
78.29805555555556,31.595555555555556,1982.0
78.29777777777778,31.595277777777778,1992.0
78.29750000000001,31.595,1990.0
78.29722222222223,31.595,2004.0
78.29694444444445,31.594722222222224,2001.0
78.29666666666668,31.594444444444445,2006.0
78.2963888888889,31.594444444444445,2005.0
78.29611111111112,31.594444444444445,2001.0
78.29583333333333,31.594444444444445,2003.0
78.29555555555557,31.594444444444445,2008.0
78.29527777777778,31.594166666666663,1995.0
78.295,31.594166666666663,2010.0
78.29472222222223,31.59388888888889,1999.0
78.29444444444445,31.59388888888889,2007.0
78.29416666666667,31.593611111111112,1995.0
78.2938888888889,31.593333333333337,1981.0
78.29361111111112,31.59305555555556,1974.0
78.29333333333334,31.59277777777778,1972.0
78.29305555555557,31.5925,1978.0
78.29277777777779,31.592222222222222,1984.0
78.2925,31.591944444444447,1979.0
78.29222222222224,31.59166666666667,1972.0
78.29194444444445,31.59138888888889,1981.0
78.29166666666667,31.59111111111111,1993.0
78.29138888888889,31.590833333333336,1982.0
78.29111111111112,31.590555555555557,1977.0
78.29083333333334,31.59027777777778,1989.0
78.29055555555556,31.59,1996.0
78.29027777777779,31.589722222222225,1990.0
78.29,31.58944444444445,1994.0
78.28972222222222,31.589166666666667,1991.0
78.28972222222222,31.58888888888889,2008.0
78.28944444444446,31.588611111111113,2008.0
78.28916666666667,31.588333333333335,2011.0
78.28888888888889,31.588055555555556,2005.0
78.28888888888889,31.58777777777778,2012.0
78.28861111111112,31.5875,2002.0
78.28833333333334,31.587222222222223,1991.0
78.28833333333334,31.586944444444445,1997.0
78.28833333333334,31.58666666666667,2002.0
78.28833333333334,31.58638888888889,2007.0
78.28805555555556,31.586111111111112,1997.0
78.28805555555556,31.585833333333333,2002.0
78.28805555555556,31.58555555555556,2008.0
78.28777777777779,31.58527777777778,2003.0
78.28777777777779,31.585,2010.0
78.28750000000001,31.584722222222226,2011.0
78.28722222222223,31.584444444444447,2007.0
78.28694444444446,31.58416666666667,2005.0
78.28694444444446,31.58388888888889,2010.0
78.28694444444446,31.58361111111111,2008.0
78.28694444444446,31.583333333333336,2002.0
78.28694444444446,31.583055555555557,1992.0
78.28694444444446,31.58277777777778,1987.0
78.28694444444446,31.582500000000003,1984.0
78.28694444444446,31.582222222222224,1978.0
78.28694444444446,31.58194444444445,1974.0
78.28694444444446,31.581666666666667,1971.0
78.28694444444446,31.581388888888892,1973.0
78.28694444444446,31.581111111111113,1987.0
78.28694444444446,31.580833333333334,2003.0
78.28666666666668,31.580555555555556,1989.0
78.2863888888889,31.58027777777778,1985.0
78.28611111111111,31.58,1994.0
78.28583333333334,31.579722222222223,1990.0
78.28555555555556,31.579444444444444,1985.0
78.28527777777778,31.57916666666667,1994.0
78.28500000000001,31.57888888888889,1994.0
78.28500000000001,31.578611111111112,1999.0
78.28500000000001,31.578333333333333,2008.0
78.28472222222223,31.57805555555556,1989.0
78.28472222222223,31.57777777777778,1999.0
78.28444444444445,31.5775,1975.0
78.28416666666668,31.577222222222225,1967.0
78.2838888888889,31.576944444444447,1963.0
78.28361111111111,31.576666666666668,1973.0
78.28333333333335,31.57638888888889,1994.0
78.28305555555556,31.57611111111111,2003.0
78.28277777777778,31.575833333333335,2001.0
78.28250000000001,31.575555555555557,2000.0
78.28222222222223,31.575277777777774,1999.0
78.28194444444445,31.575000000000003,2011.0
78.28194444444445,31.574722222222224,2012.0
78.28194444444445,31.574444444444445,2004.0
78.28194444444445,31.574166666666667,1993.0
78.28194444444445,31.57388888888889,1989.0
78.28166666666668,31.573611111111113,1971.0
78.2813888888889,31.573333333333338,1966.0
78.28111111111112,31.573055555555555,1957.0
78.28083333333333,31.57277777777778,1951.0
78.28055555555557,31.5725,1954.0
78.28027777777778,31.572222222222223,1951.0
78.28,31.571944444444444,1952.0
78.27972222222223,31.57166666666667,1963.0
78.27944444444445,31.57138888888889,1975.0
78.27916666666667,31.57111111111111,1967.0
78.27916666666667,31.570833333333333,2000.0
78.2788888888889,31.57055555555556,1981.0
78.27861111111112,31.57027777777778,1966.0
78.27861111111112,31.57,1975.0
78.27861111111112,31.569722222222225,1987.0
78.27833333333334,31.569444444444446,1990.0
78.27805555555557,31.569166666666668,1988.0
78.27805555555557,31.56888888888889,2001.0
78.27777777777779,31.56861111111111,1987.0
78.2775,31.568333333333335,1995.0
78.27722222222224,31.568055555555556,1999.0
78.27694444444445,31.567777777777778,1993.0
78.27694444444445,31.567500000000003,1996.0
78.27694444444445,31.567222222222224,1997.0
78.27694444444445,31.566944444444445,1998.0
78.27666666666667,31.566666666666663,1973.0
78.27666666666667,31.56638888888889,1972.0
78.27666666666667,31.566111111111113,1977.0
78.27666666666667,31.565833333333337,1981.0
78.27666666666667,31.565555555555555,1981.0
78.27666666666667,31.56527777777778,1974.0
78.27666666666667,31.565,1965.0
78.27666666666667,31.564722222222223,1962.0
78.27666666666667,31.564444444444447,1963.0
78.27666666666667,31.56416666666667,1965.0
78.27666666666667,31.56388888888889,1965.0
78.27666666666667,31.56361111111111,1965.0
78.27666666666667,31.563333333333336,1966.0
78.27666666666667,31.563055555555557,1966.0
78.27666666666667,31.56277777777778,1965.0
78.27666666666667,31.5625,1959.0
78.27666666666667,31.562222222222225,1956.0
78.27666666666667,31.56194444444445,1959.0
78.27666666666667,31.561666666666667,1960.0
78.27666666666667,31.56138888888889,1964.0
78.27666666666667,31.561111111111114,1970.0
78.27666666666667,31.560833333333335,1978.0
78.27666666666667,31.560555555555556,1986.0
78.27694444444445,31.560277777777777,1985.0
78.27722222222224,31.56,1985.0
78.2775,31.559722222222224,1989.0
78.27777777777779,31.559444444444445,1989.0
78.27805555555557,31.55916666666667,1989.0
78.27805555555557,31.55888888888889,2000.0
78.27833333333334,31.558611111111112,1995.0
78.27833333333334,31.558333333333337,2001.0
78.27861111111112,31.55805555555556,1997.0
78.2788888888889,31.55777777777778,1993.0
78.27916666666667,31.5575,1990.0
78.27916666666667,31.557222222222222,1998.0
78.27944444444445,31.556944444444447,1991.0
78.27944444444445,31.55666666666667,1997.0
78.27972222222223,31.55638888888889,1987.0
78.27972222222223,31.55611111111111,1993.0
78.27972222222223,31.555833333333336,1997.0
78.27972222222223,31.555555555555557,2000.0
78.27972222222223,31.55527777777778,1998.0
78.27972222222223,31.555,1996.0
78.27972222222223,31.554722222222225,1986.0
78.27972222222223,31.55444444444445,1973.0
78.27972222222223,31.554166666666667,1965.0
78.27972222222223,31.553888888888892,1957.0
78.27972222222223,31.553611111111113,1953.0
78.27972222222223,31.553333333333335,1948.0
78.27972222222223,31.553055555555556,1944.0
78.27972222222223,31.55277777777778,1944.0
78.27972222222223,31.5525,1946.0
78.27972222222223,31.552222222222223,1950.0
78.27972222222223,31.551944444444445,1954.0
78.27972222222223,31.55166666666667,1958.0
78.27972222222223,31.55138888888889,1962.0
78.27972222222223,31.551111111111112,1964.0
78.27972222222223,31.550833333333333,1968.0
78.27972222222223,31.55055555555556,1972.0
78.27972222222223,31.55027777777778,1972.0
78.27972222222223,31.55,1968.0
78.27972222222223,31.549722222222226,1965.0
78.27972222222223,31.549444444444447,1966.0
78.27972222222223,31.549166666666668,1969.0
78.27972222222223,31.54888888888889,1969.0
78.27972222222223,31.54861111111111,1966.0
78.27972222222223,31.548333333333336,1960.0
78.27972222222223,31.548055555555557,1954.0
78.27972222222223,31.547777777777775,1950.0
78.27972222222223,31.547500000000003,1947.0
78.27972222222223,31.547222222222224,1944.0
78.27972222222223,31.54694444444445,1939.0
78.27972222222223,31.546666666666667,1936.0
78.27972222222223,31.54638888888889,1939.0
78.27972222222223,31.546111111111113,1944.0
78.27972222222223,31.545833333333334,1942.0
78.27972222222223,31.545555555555556,1941.0
78.27972222222223,31.54527777777778,1942.0
78.27972222222223,31.545,1942.0
78.27972222222223,31.544722222222223,1947.0
78.27972222222223,31.544444444444444,1952.0
78.27972222222223,31.54416666666667,1940.0
78.27972222222223,31.54388888888889,1922.0
78.27972222222223,31.54361111111111,1911.0
78.27972222222223,31.543333333333333,1908.0
78.27972222222223,31.54305555555556,1913.0
78.27972222222223,31.54277777777778,1921.0
78.27972222222223,31.5425,1935.0
78.27972222222223,31.542222222222225,1950.0
78.27972222222223,31.541944444444447,1963.0
78.27972222222223,31.541666666666668,1971.0
78.27972222222223,31.54138888888889,1970.0
78.27972222222223,31.54111111111111,1964.0
78.27972222222223,31.540833333333335,1960.0
78.27972222222223,31.540555555555557,1961.0
78.27972222222223,31.540277777777774,1959.0
78.27972222222223,31.540000000000003,1955.0
78.27972222222223,31.539722222222224,1957.0
78.27972222222223,31.539444444444445,1962.0
78.27972222222223,31.539166666666667,1965.0
78.27972222222223,31.53888888888889,1972.0
78.27972222222223,31.538611111111113,1985.0
78.27972222222223,31.538333333333338,1995.0
78.27972222222223,31.538055555555555,2000.0
78.28,31.53777777777778,1987.0
78.28,31.5375,1996.0
78.28,31.537222222222223,2000.0
78.28027777777778,31.536944444444444,1990.0
78.28027777777778,31.53666666666667,1995.0
78.28027777777778,31.53638888888889,1998.0
78.28027777777778,31.53611111111111,2000.0
78.28055555555557,31.535833333333336,1982.0
78.28055555555557,31.53555555555556,1988.0
78.28055555555557,31.53527777777778,1994.0
78.28083333333333,31.535,1992.0
78.28111111111112,31.534722222222225,1993.0
78.2813888888889,31.534444444444446,1987.0
78.2813888888889,31.534166666666668,1998.0
78.28166666666668,31.53388888888889,1985.0
78.28166666666668,31.533611111111114,1986.0
78.28166666666668,31.533333333333335,1986.0
78.28166666666668,31.533055555555556,1986.0
78.28166666666668,31.532777777777778,1986.0
78.28166666666668,31.5325,1984.0
78.28166666666668,31.532222222222224,1981.0
78.28166666666668,31.531944444444445,1979.0
78.28166666666668,31.531666666666663,1970.0
78.28166666666668,31.53138888888889,1966.0
78.28166666666668,31.531111111111112,1959.0
78.28166666666668,31.530833333333337,1954.0
78.28166666666668,31.53055555555556,1949.0
78.28166666666668,31.53027777777778,1943.0
78.28166666666668,31.53,1939.0
78.28166666666668,31.529722222222222,1936.0
78.28166666666668,31.529444444444447,1939.0
78.28166666666668,31.52916666666667,1947.0
78.28166666666668,31.52888888888889,1956.0
78.2813888888889,31.52861111111111,1950.0
78.28111111111112,31.528333333333336,1941.0
78.28083333333333,31.528055555555557,1947.0
78.28055555555557,31.52777777777778,1951.0
78.28027777777778,31.5275,1948.0
78.28,31.527222222222225,1934.0
78.27972222222223,31.52694444444445,1930.0
78.27944444444445,31.526666666666667,1926.0
78.27916666666667,31.52638888888889,1923.0
78.2788888888889,31.526111111111113,1926.0
78.27861111111112,31.525833333333335,1931.0
78.27833333333334,31.525555555555556,1933.0
78.27805555555557,31.52527777777778,1941.0
78.27777777777779,31.525,1946.0
78.2775,31.524722222222223,1952.0
78.27722222222224,31.524444444444445,1951.0
78.27694444444445,31.52416666666667,1952.0
78.27666666666667,31.52388888888889,1955.0
78.2763888888889,31.523611111111112,1961.0
78.27611111111112,31.523333333333333,1973.0
78.27583333333334,31.52305555555556,1976.0
78.27555555555556,31.52277777777778,1977.0
78.27527777777779,31.5225,1984.0
78.275,31.522222222222226,1993.0
78.27472222222222,31.521944444444447,2000.0
78.27444444444446,31.52166666666667,1995.0
78.27416666666667,31.52166666666667,1997.0
78.27388888888889,31.52166666666667,1997.0
78.27361111111112,31.52138888888889,1988.0
78.27333333333334,31.52138888888889,1994.0
78.27305555555556,31.52138888888889,1996.0
78.27277777777779,31.52138888888889,1996.0
78.27250000000001,31.52138888888889,1999.0
78.27222222222223,31.52111111111111,1994.0
78.27194444444446,31.520833333333336,1999.0
78.27166666666668,31.520555555555557,1999.0
78.2713888888889,31.52027777777778,1983.0
78.27111111111113,31.520000000000003,1985.0
78.27083333333334,31.519722222222224,1983.0
78.27055555555556,31.519722222222224,2001.0
78.27027777777778,31.51944444444445,1981.0
78.27000000000001,31.519166666666667,1965.0
78.26972222222223,31.519166666666667,1979.0
78.26944444444445,31.519166666666667,1982.0
78.26916666666668,31.518888888888892,1952.0
78.2688888888889,31.518888888888892,1960.0
78.26861111111111,31.518888888888892,1964.0
78.26833333333335,31.518888888888892,1971.0
78.26805555555556,31.518888888888892,1982.0
78.26777777777778,31.518888888888892,1989.0
78.26750000000001,31.518611111111113,1954.0
78.26722222222223,31.518611111111113,1967.0
78.26694444444445,31.518611111111113,1972.0
78.26666666666668,31.518611111111113,1972.0
78.2663888888889,31.518611111111113,1986.0
78.26611111111112,31.518333333333334,1954.0
78.26583333333335,31.518333333333334,1963.0
78.26555555555557,31.518333333333334,1974.0
78.26527777777778,31.518333333333334,1986.0
78.265,31.518055555555556,1970.0
78.26472222222223,31.518055555555556,1976.0
78.26444444444445,31.518055555555556,1973.0
78.26416666666667,31.518055555555556,1978.0
78.2638888888889,31.518055555555556,1995.0
78.26361111111112,31.51777777777778,1956.0
78.26333333333334,31.51777777777778,1958.0
78.26305555555557,31.51777777777778,1963.0
78.26277777777779,31.51777777777778,1969.0
78.2625,31.51777777777778,1961.0
78.26222222222223,31.51777777777778,1956.0
78.26194444444445,31.51777777777778,1959.0
78.26166666666667,31.51777777777778,1968.0
78.2613888888889,31.51777777777778,1975.0
78.26111111111112,31.51777777777778,1979.0
78.26083333333334,31.51777777777778,1982.0
78.26055555555557,31.51777777777778,1993.0
78.26027777777779,31.5175,1999.0
78.26,31.517222222222223,1998.0
78.25972222222222,31.516944444444444,1972.0
78.25944444444445,31.516944444444444,1981.0
78.25916666666667,31.516944444444444,1991.0
78.25888888888889,31.516944444444444,1997.0
78.25861111111112,31.516944444444444,1999.0
78.25833333333334,31.516944444444444,2000.0
78.25805555555556,31.516944444444444,2000.0
78.25777777777779,31.516944444444444,1997.0
78.25750000000001,31.516944444444444,2000.0
78.25722222222223,31.51666666666667,1982.0
78.25694444444446,31.51666666666667,1984.0
78.25666666666667,31.51666666666667,1981.0
78.25638888888889,31.51666666666667,1977.0
78.25611111111112,31.51666666666667,1978.0
78.25583333333334,31.51666666666667,1978.0
78.25555555555556,31.51666666666667,1974.0
78.25527777777779,31.51666666666667,1969.0
78.25500000000001,31.51666666666667,1968.0
78.25472222222223,31.51666666666667,1975.0
78.25444444444445,31.51666666666667,1984.0
78.25416666666668,31.51666666666667,1989.0
78.2538888888889,31.51666666666667,1993.0
78.25361111111111,31.51666666666667,1998.0
78.25333333333334,31.51638888888889,1969.0
78.25305555555556,31.51638888888889,1981.0
78.25277777777778,31.51638888888889,1992.0
78.25250000000001,31.516111111111112,1952.0
78.25222222222223,31.516111111111112,1948.0
78.25194444444445,31.516111111111112,1956.0
78.25166666666668,31.516111111111112,1963.0
78.2513888888889,31.516111111111112,1963.0
78.25111111111111,31.516111111111112,1969.0
78.25083333333335,31.516111111111112,1974.0
78.25055555555556,31.516111111111112,1978.0
78.25027777777778,31.516111111111112,1992.0
78.25,31.515833333333333,1969.0
78.24972222222223,31.515833333333333,1988.0
78.24944444444445,31.51555555555556,1988.0
78.24916666666667,31.51527777777778,1985.0
78.2488888888889,31.515,1988.0
78.24861111111112,31.514722222222225,1991.0
78.24833333333333,31.514444444444447,1979.0
78.24805555555557,31.514444444444447,1990.0
78.24777777777778,31.514444444444447,1998.0
78.2475,31.514166666666668,1979.0
78.24722222222223,31.514166666666668,1988.0
78.24694444444445,31.514166666666668,1995.0
78.24666666666667,31.51388888888889,1986.0
78.2463888888889,31.51361111111111,1992.0
78.24611111111112,31.513333333333335,1987.0
78.24583333333334,31.513055555555557,1986.0
78.24555555555557,31.513055555555557,2000.0
78.24527777777779,31.512777777777774,1977.0
78.245,31.512500000000003,1973.0
78.24472222222224,31.512222222222224,1987.0
78.24444444444445,31.511944444444445,1982.0
78.24416666666667,31.511944444444445,2001.0
78.24388888888889,31.511666666666667,1977.0
78.24361111111112,31.511666666666667,1997.0
78.24333333333334,31.51138888888889,1983.0
78.24305555555556,31.51138888888889,1989.0
78.24277777777779,31.51138888888889,1988.0
78.2425,31.51138888888889,1990.0
78.24222222222222,31.511111111111113,1996.0
78.24194444444446,31.510833333333338,1978.0
78.24166666666667,31.510833333333338,1986.0
78.24138888888889,31.510833333333338,1991.0
78.24111111111112,31.510833333333338,1996.0
78.24083333333334,31.510833333333338,2001.0
78.24055555555556,31.510555555555555,1979.0
78.24027777777779,31.510555555555555,1991.0
78.24000000000001,31.51027777777778,1963.0
78.23972222222223,31.51027777777778,1995.0
78.23944444444444,31.51,1984.0
78.23916666666668,31.51,1996.0
78.2388888888889,31.509722222222223,1959.0
78.23861111111111,31.509722222222223,1969.0
78.23833333333334,31.509722222222223,1967.0
78.23805555555556,31.509722222222223,1967.0
78.23777777777778,31.509722222222223,1976.0
78.23750000000001,31.509722222222223,1990.0
78.23722222222223,31.509444444444444,1938.0
78.23694444444445,31.509444444444444,1946.0
78.23666666666668,31.509444444444444,1962.0
78.2363888888889,31.509444444444444,1982.0
78.23611111111111,31.50916666666667,1961.0
78.23583333333335,31.50916666666667,1966.0
78.23555555555556,31.50916666666667,1977.0
78.23527777777778,31.50888888888889,1960.0
78.23500000000001,31.50861111111111,1947.0
78.23472222222223,31.508333333333333,1941.0
78.23444444444445,31.50805555555556,1942.0
78.23416666666668,31.50777777777778,1940.0
78.2338888888889,31.5075,1940.0
78.23361111111112,31.507222222222225,1952.0
78.23333333333333,31.506944444444446,1961.0
78.23305555555557,31.506666666666668,1939.0
78.23277777777778,31.50638888888889,1959.0
78.2325,31.50611111111111,1974.0
78.23222222222223,31.505833333333335,1986.0
78.23194444444445,31.505833333333335,1997.0
78.23166666666667,31.505555555555556,1978.0
78.2313888888889,31.505555555555556,1994.0
78.23111111111112,31.505277777777778,1988.0
78.23083333333334,31.505000000000003,1981.0
78.23055555555557,31.505000000000003,1992.0
78.23027777777779,31.504722222222224,1977.0
78.23,31.504444444444445,1971.0
78.22972222222224,31.504444444444445,1994.0
78.22944444444445,31.504166666666663,1987.0
78.22916666666667,31.50388888888889,1991.0
78.22888888888889,31.50388888888889,2001.0
78.22861111111112,31.503611111111113,1979.0
78.22833333333334,31.503611111111113,1981.0
78.22805555555556,31.503611111111113,1994.0
78.22777777777779,31.503333333333337,1986.0
78.2275,31.503055555555555,1970.0
78.22722222222222,31.503055555555555,1991.0
78.22694444444446,31.50277777777778,1984.0
78.22666666666667,31.5025,1992.0
78.22638888888889,31.502222222222223,1996.0
78.22611111111112,31.501944444444447,1981.0
78.22583333333334,31.501944444444447,1975.0
78.22555555555556,31.501944444444447,1974.0
78.22527777777779,31.501944444444447,1985.0
78.22500000000001,31.501944444444447,1995.0
78.22472222222223,31.50166666666667,1975.0
78.22444444444446,31.50166666666667,1984.0
78.22416666666668,31.50166666666667,1999.0
78.2238888888889,31.50138888888889,1993.0
78.22361111111111,31.50111111111111,1995.0
78.22333333333334,31.500833333333336,1993.0
78.22305555555556,31.500555555555557,1984.0
78.22277777777778,31.50027777777778,1976.0
78.22250000000001,31.5,1967.0
78.22222222222223,31.5,1974.0
78.22194444444445,31.5,1974.0
78.22166666666668,31.5,1974.0
78.2213888888889,31.5,1981.0
78.22111111111111,31.5,1997.0
78.22083333333335,31.499722222222225,1967.0
78.22055555555556,31.499722222222225,1981.0
78.22027777777778,31.499722222222225,1994.0
78.22000000000001,31.49944444444445,1972.0
78.21972222222223,31.49944444444445,1999.0
78.21944444444445,31.499166666666667,1959.0
78.21916666666668,31.499166666666667,1973.0
78.2188888888889,31.499166666666667,1982.0
78.21861111111112,31.499166666666667,1989.0
78.21833333333333,31.499166666666667,1996.0
78.21805555555557,31.49888888888889,1965.0
78.21777777777778,31.49888888888889,1973.0
78.2175,31.49888888888889,1981.0
78.21722222222223,31.49888888888889,1987.0
78.21694444444445,31.49888888888889,1993.0
78.21666666666667,31.49888888888889,1999.0
78.2163888888889,31.49888888888889,2000.0
78.21611111111112,31.49888888888889,2001.0
78.21583333333334,31.49888888888889,2001.0
78.21555555555557,31.49888888888889,1996.0
78.21527777777779,31.49888888888889,1991.0
78.215,31.49888888888889,1985.0
78.21472222222224,31.49888888888889,1977.0
78.21444444444445,31.49888888888889,1968.0
78.21416666666667,31.49888888888889,1960.0
78.2138888888889,31.49888888888889,1951.0
78.21361111111112,31.49888888888889,1942.0
78.21333333333334,31.49888888888889,1933.0
78.21305555555556,31.49888888888889,1924.0
78.21277777777779,31.49888888888889,1915.0
78.2125,31.49888888888889,1907.0
78.21222222222222,31.49888888888889,1898.0
78.21194444444446,31.49888888888889,1889.0
78.21166666666667,31.49888888888889,1881.0
78.21138888888889,31.49888888888889,1873.0
78.21111111111112,31.49888888888889,1866.0
78.21083333333334,31.49888888888889,1860.0
78.21055555555556,31.49888888888889,1856.0
78.21027777777779,31.49888888888889,1853.0
78.21000000000001,31.49888888888889,1851.0
78.20972222222223,31.49888888888889,1850.0
78.20944444444446,31.49888888888889,1851.0
78.20916666666668,31.49888888888889,1850.0
78.2088888888889,31.49888888888889,1848.0
78.20861111111113,31.49888888888889,1844.0
78.20833333333334,31.49888888888889,1841.0
78.20805555555556,31.49888888888889,1838.0
78.20777777777778,31.49888888888889,1834.0
78.20750000000001,31.49888888888889,1831.0
78.20722222222223,31.49888888888889,1828.0
78.20694444444445,31.49888888888889,1826.0
78.20666666666668,31.49888888888889,1825.0
78.2063888888889,31.49888888888889,1833.0
78.20611111111111,31.49888888888889,1842.0
78.20583333333335,31.49888888888889,1850.0
78.20555555555556,31.49888888888889,1849.0
78.20527777777778,31.49888888888889,1846.0
78.20500000000001,31.49888888888889,1843.0
78.20472222222223,31.49888888888889,1838.0
78.20444444444445,31.49888888888889,1832.0
78.20416666666668,31.49888888888889,1827.0
78.2038888888889,31.49888888888889,1819.0
78.20361111111112,31.49888888888889,1813.0
78.20333333333335,31.49888888888889,1815.0
78.20305555555557,31.49888888888889,1823.0
78.20277777777778,31.49888888888889,1825.0
78.2025,31.49888888888889,1825.0
78.20222222222223,31.49888888888889,1827.0
78.20194444444445,31.49888888888889,1834.0
78.20166666666667,31.49888888888889,1841.0
78.2013888888889,31.49888888888889,1849.0
78.20111111111112,31.49888888888889,1856.0
78.20083333333334,31.49888888888889,1860.0
78.20055555555557,31.49888888888889,1865.0
78.20027777777779,31.49888888888889,1869.0
78.2,31.49888888888889,1872.0
78.19972222222223,31.49888888888889,1875.0
78.19944444444445,31.49888888888889,1879.0
78.19916666666667,31.49888888888889,1885.0
78.1988888888889,31.49888888888889,1891.0
78.19861111111112,31.49888888888889,1900.0
78.19833333333334,31.49888888888889,1910.0
78.19805555555557,31.49888888888889,1917.0
78.19777777777779,31.49888888888889,1926.0
78.1975,31.49888888888889,1938.0
78.19722222222222,31.49888888888889,1946.0
78.19694444444445,31.49888888888889,1952.0
78.19666666666667,31.49888888888889,1961.0
78.19638888888889,31.49888888888889,1967.0
78.19611111111112,31.49888888888889,1969.0
78.19583333333334,31.49888888888889,1975.0
78.19555555555556,31.49888888888889,1986.0
78.19527777777779,31.498611111111114,1991.0
78.19500000000001,31.498333333333335,1995.0
78.19472222222223,31.498333333333335,1994.0
78.19444444444446,31.498333333333335,1998.0
78.19416666666667,31.498055555555556,1986.0
78.19388888888889,31.498055555555556,1984.0
78.19361111111112,31.498055555555556,1983.0
78.19333333333334,31.498055555555556,1978.0
78.19305555555556,31.498055555555556,1974.0
78.19277777777779,31.498055555555556,1971.0
78.19250000000001,31.497777777777777,1937.0
78.19222222222223,31.4975,1926.0
78.19194444444445,31.497222222222224,1938.0
78.19166666666668,31.496944444444445,1958.0
78.1913888888889,31.49666666666667,1981.0
78.19111111111111,31.49638888888889,1996.0
78.19083333333334,31.496111111111112,2001.0
78.19055555555556,31.495833333333337,1998.0
78.19027777777778,31.495833333333337,1996.0
78.19000000000001,31.496111111111112,1991.0
78.18972222222223,31.49638888888889,1977.0
78.18944444444445,31.49638888888889,1966.0
78.18916666666668,31.49666666666667,1954.0
78.1888888888889,31.496944444444445,1936.0
78.18861111111111,31.497222222222224,1924.0
78.18833333333335,31.4975,1915.0
78.18805555555556,31.4975,1908.0
78.18777777777778,31.4975,1904.0
78.1875,31.4975,1899.0
78.18722222222223,31.4975,1891.0
78.18694444444445,31.4975,1884.0
78.18666666666667,31.4975,1881.0
78.1863888888889,31.497222222222224,1882.0
78.18611111111112,31.497222222222224,1882.0
78.18583333333333,31.497222222222224,1876.0
78.18555555555557,31.497222222222224,1860.0
78.18527777777778,31.497222222222224,1831.0
78.185,31.497222222222224,1821.0
78.18472222222223,31.497222222222224,1826.0
78.18444444444445,31.497222222222224,1838.0
78.18416666666667,31.497222222222224,1847.0
78.1838888888889,31.496944444444445,1855.0
78.18361111111112,31.496944444444445,1853.0
78.18333333333334,31.496944444444445,1848.0
78.18305555555557,31.49666666666667,1842.0
78.18277777777779,31.49666666666667,1835.0
78.1825,31.49666666666667,1832.0
78.18222222222224,31.496944444444445,1822.0
78.18194444444445,31.496944444444445,1813.0
78.18166666666667,31.496944444444445,1805.0
78.18138888888889,31.496944444444445,1800.0
78.18111111111112,31.496944444444445,1795.0
78.18083333333334,31.496944444444445,1793.0
78.18055555555556,31.497222222222224,1791.0
78.18027777777779,31.4975,1789.0
78.18,31.497777777777777,1787.0
78.17972222222222,31.498055555555556,1786.0
78.17944444444446,31.498333333333335,1787.0
78.17916666666667,31.498611111111114,1784.0
78.17888888888889,31.498611111111114,1785.0
78.17861111111112,31.49888888888889,1783.0
78.17833333333334,31.499166666666667,1782.0
78.17805555555556,31.49944444444445,1784.0
78.17777777777779,31.499722222222225,1786.0
78.17777777777779,31.5,1786.0
78.17750000000001,31.50027777777778,1785.0
78.17750000000001,31.500555555555557,1782.0
78.17722222222223,31.500833333333336,1785.0
78.17694444444444,31.50111111111111,1783.0
78.17666666666668,31.50138888888889,1784.0
78.1763888888889,31.50166666666667,1787.0
78.17611111111111,31.501944444444447,1782.0
78.17583333333334,31.502222222222223,1785.0
78.17555555555556,31.5025,1786.0
78.17527777777778,31.50277777777778,1787.0
78.17500000000001,31.503055555555555,1786.0
78.17472222222223,31.503333333333337,1782.0
78.17444444444445,31.503611111111113,1784.0
78.17416666666668,31.50388888888889,1787.0
78.1738888888889,31.504166666666663,1787.0
78.17361111111111,31.504444444444445,1784.0
78.17333333333335,31.504722222222224,1787.0
78.17305555555556,31.505000000000003,1783.0
78.17277777777778,31.505277777777778,1782.0
78.17250000000001,31.505555555555556,1782.0
78.17222222222223,31.505833333333335,1781.0
78.17194444444445,31.50611111111111,1774.0
78.17166666666668,31.50638888888889,1772.0
78.1713888888889,31.506666666666668,1773.0
78.17111111111112,31.506944444444446,1778.0
78.17083333333333,31.507222222222225,1779.0
78.17055555555557,31.5075,1780.0
78.17027777777778,31.50777777777778,1779.0
78.17027777777778,31.50805555555556,1781.0
78.17,31.508333333333333,1783.0
78.17,31.50861111111111,1783.0
78.16972222222223,31.50888888888889,1783.0
78.16972222222223,31.50916666666667,1782.0
78.16972222222223,31.509444444444444,1779.0
78.16944444444445,31.509722222222223,1780.0
78.16916666666667,31.51,1784.0
78.1688888888889,31.51027777777778,1783.0
78.16861111111112,31.51027777777778,1780.0
78.16833333333334,31.510555555555555,1777.0
78.16805555555557,31.510555555555555,1776.0
78.16777777777779,31.510555555555555,1777.0
78.1675,31.510555555555555,1774.0
78.16722222222224,31.510833333333338,1770.0
78.16694444444445,31.510833333333338,1769.0
78.16666666666667,31.511111111111113,1767.0
78.16638888888889,31.511111111111113,1765.0
78.16611111111112,31.511111111111113,1767.0
78.16583333333334,31.51138888888889,1767.0
78.16555555555556,31.51138888888889,1767.0
78.16527777777779,31.51138888888889,1766.0
78.165,31.51138888888889,1766.0
78.16472222222222,31.511666666666667,1767.0
78.16444444444446,31.511666666666667,1766.0
78.16416666666667,31.511666666666667,1767.0
78.16388888888889,31.511944444444445,1767.0
78.16361111111112,31.511944444444445,1766.0
78.16333333333334,31.511944444444445,1765.0
78.16305555555556,31.511944444444445,1766.0
78.16277777777779,31.512222222222224,1765.0
78.16250000000001,31.512222222222224,1766.0
78.16222222222223,31.512222222222224,1766.0
78.16194444444446,31.512500000000003,1765.0
78.16166666666668,31.512500000000003,1764.0
78.1613888888889,31.512500000000003,1763.0
78.16111111111111,31.512777777777774,1763.0
78.16083333333334,31.512777777777774,1762.0
78.16055555555556,31.513055555555557,1762.0
78.16027777777778,31.513055555555557,1761.0
78.16000000000001,31.513055555555557,1761.0
78.15972222222223,31.513055555555557,1761.0
78.15944444444445,31.513333333333335,1760.0
78.15916666666668,31.513333333333335,1760.0
78.1588888888889,31.513333333333335,1760.0
78.15861111111111,31.51361111111111,1760.0
78.15833333333335,31.51361111111111,1760.0
78.15805555555556,31.51361111111111,1760.0
78.15777777777778,31.51361111111111,1760.0
78.15750000000001,31.51361111111111,1760.0
78.15722222222223,31.51388888888889,1760.0
78.15694444444445,31.51388888888889,1760.0
78.15666666666668,31.514166666666668,1760.0
78.1563888888889,31.514166666666668,1760.0
78.15611111111112,31.514444444444447,1759.0
78.15583333333333,31.514444444444447,1759.0
78.15555555555557,31.514444444444447,1759.0
78.15527777777778,31.514444444444447,1759.0
78.155,31.514444444444447,1759.0
78.15472222222223,31.514444444444447,1759.0
78.15444444444445,31.514444444444447,1759.0
78.15416666666667,31.514722222222225,1759.0
78.1538888888889,31.514722222222225,1759.0
78.15361111111112,31.514722222222225,1759.0
78.15333333333334,31.514722222222225,1759.0
78.15305555555557,31.515,1759.0
78.15277777777779,31.515,1759.0
78.1525,31.515,1758.0
78.15222222222224,31.51527777777778,1758.0
78.15194444444445,31.51555555555556,1758.0
78.15166666666667,31.51555555555556,1758.0
78.1513888888889,31.51555555555556,1758.0
78.15111111111112,31.515833333333333,1758.0
78.15083333333334,31.515833333333333,1758.0
78.15055555555556,31.515833333333333,1758.0
78.15027777777779,31.516111111111112,1758.0
78.15,31.51638888888889,1758.0
78.14972222222222,31.51666666666667,1758.0
78.14944444444446,31.516944444444444,1757.0
78.14916666666667,31.516944444444444,1757.0
78.14888888888889,31.516944444444444,1757.0
78.14861111111112,31.516944444444444,1757.0
78.14833333333334,31.516944444444444,1757.0
78.14805555555556,31.517222222222223,1757.0
78.14777777777779,31.5175,1757.0
78.14750000000001,31.51777777777778,1757.0
78.14722222222223,31.518055555555556,1757.0
78.14694444444446,31.518333333333334,1756.0
78.14666666666668,31.518611111111113,1756.0
78.1463888888889,31.518888888888892,1756.0
78.14611111111113,31.519166666666667,1756.0
78.14583333333334,31.519166666666667,1756.0
78.14555555555556,31.51944444444445,1755.0
78.14527777777778,31.51944444444445,1755.0
78.14500000000001,31.51944444444445,1756.0
78.14472222222223,31.519722222222224,1754.0
78.14444444444445,31.519722222222224,1754.0
78.14416666666668,31.520000000000003,1754.0
78.1438888888889,31.520000000000003,1754.0
78.14361111111111,31.520000000000003,1754.0
78.14333333333335,31.52027777777778,1753.0
78.14305555555556,31.52027777777778,1753.0
78.14277777777778,31.52027777777778,1753.0
78.14250000000001,31.52027777777778,1753.0
78.14222222222223,31.52027777777778,1753.0
78.14194444444445,31.52027777777778,1752.0
78.14166666666668,31.520000000000003,1752.0
78.1413888888889,31.520000000000003,1752.0
78.14111111111112,31.520000000000003,1752.0
78.14083333333335,31.519722222222224,1752.0
78.14055555555557,31.519722222222224,1751.0
78.14027777777778,31.519722222222224,1751.0
78.14,31.519722222222224,1751.0
78.13972222222223,31.519722222222224,1751.0
78.13944444444445,31.519722222222224,1751.0
78.13916666666667,31.519722222222224,1750.0
78.1388888888889,31.519722222222224,1750.0
78.13861111111112,31.519722222222224,1750.0
78.13833333333334,31.519722222222224,1750.0
78.13805555555557,31.51944444444445,1750.0
78.13777777777779,31.51944444444445,1751.0
78.1375,31.519166666666667,1749.0
78.13722222222223,31.519166666666667,1752.0
78.13694444444445,31.518888888888892,1749.0
78.13666666666667,31.518888888888892,1749.0
78.1363888888889,31.518888888888892,1748.0
78.13611111111112,31.518611111111113,1748.0
78.13583333333334,31.518611111111113,1748.0
78.13555555555557,31.518611111111113,1748.0
78.13527777777779,31.518611111111113,1748.0
78.135,31.518611111111113,1747.0
78.13472222222222,31.518611111111113,1747.0
78.13444444444445,31.518611111111113,1747.0
78.13416666666667,31.518611111111113,1747.0
78.13388888888889,31.518611111111113,1747.0
78.13361111111112,31.518611111111113,1746.0
78.13333333333334,31.518611111111113,1746.0
78.13305555555556,31.518611111111113,1746.0
78.13277777777779,31.518611111111113,1746.0
78.13250000000001,31.518611111111113,1748.0
78.13222222222223,31.518611111111113,1750.0
78.13194444444446,31.518611111111113,1749.0
78.13166666666667,31.518333333333334,1752.0
78.13138888888889,31.518333333333334,1751.0
78.13111111111112,31.518333333333334,1749.0
78.13083333333334,31.518055555555556,1748.0
78.13055555555556,31.51777777777778,1746.0
78.13027777777779,31.51777777777778,1741.0
78.13000000000001,31.5175,1741.0
78.12972222222223,31.517222222222223,1743.0
78.12944444444445,31.517222222222223,1742.0
78.12916666666668,31.517222222222223,1738.0
78.1288888888889,31.517222222222223,1736.0
78.12861111111111,31.516944444444444,1738.0
78.12833333333334,31.516944444444444,1738.0
78.12805555555556,31.51666666666667,1736.0
78.12777777777778,31.51666666666667,1733.0
78.12750000000001,31.51666666666667,1732.0
78.12722222222223,31.51638888888889,1728.0
78.12694444444445,31.516111111111112,1726.0
78.12666666666668,31.516111111111112,1725.0
78.1263888888889,31.515833333333333,1723.0
78.12611111111111,31.515833333333333,1724.0
78.12583333333335,31.51555555555556,1723.0
78.12555555555556,31.51527777777778,1723.0
78.12527777777778,31.515,1718.0
78.12527777777778,31.514722222222225,1716.0
78.125,31.514444444444447,1717.0
78.12472222222223,31.514166666666668,1718.0
78.12444444444445,31.51388888888889,1716.0
78.12416666666667,31.51361111111111,1716.0
78.1238888888889,31.51361111111111,1718.0
78.12361111111112,31.51361111111111,1716.0
78.12333333333333,31.513333333333335,1710.0
78.12305555555557,31.513333333333335,1704.0
78.12277777777778,31.513333333333335,1702.0
78.1225,31.513333333333335,1702.0
78.12222222222223,31.513333333333335,1701.0
78.12194444444445,31.513333333333335,1700.0
78.12166666666667,31.513333333333335,1700.0
78.1213888888889,31.513333333333335,1699.0
78.12111111111112,31.513333333333335,1699.0
78.12083333333334,31.513333333333335,1699.0
78.12055555555557,31.513333333333335,1699.0
78.12027777777779,31.513333333333335,1699.0
78.12,31.513333333333335,1698.0
78.11972222222224,31.513333333333335,1698.0
78.11944444444445,31.513333333333335,1698.0
78.11916666666667,31.513333333333335,1698.0
78.11888888888889,31.51361111111111,1697.0
78.11861111111112,31.51361111111111,1696.0
78.11833333333334,31.51361111111111,1694.0
78.11805555555556,31.51361111111111,1694.0
78.11777777777779,31.513333333333335,1698.0
78.1175,31.513055555555557,1698.0
78.11722222222222,31.513055555555557,1698.0
78.11694444444446,31.513055555555557,1698.0
78.11666666666667,31.513055555555557,1697.0
78.11638888888889,31.513055555555557,1696.0
78.11611111111112,31.513055555555557,1695.0
78.11583333333334,31.513055555555557,1695.0
78.11555555555556,31.513333333333335,1693.0
78.11527777777779,31.513333333333335,1693.0
78.11500000000001,31.513333333333335,1692.0
78.11472222222223,31.513333333333335,1689.0
78.11444444444444,31.513333333333335,1689.0
78.11416666666668,31.513333333333335,1688.0
78.1138888888889,31.513333333333335,1688.0
78.11361111111111,31.513333333333335,1687.0
78.11333333333334,31.513333333333335,1688.0
78.11305555555556,31.513333333333335,1689.0
78.11277777777778,31.513333333333335,1690.0
78.11250000000001,31.51361111111111,1684.0
78.11222222222223,31.51361111111111,1685.0
78.11194444444445,31.51361111111111,1686.0
78.11166666666668,31.51361111111111,1687.0
78.1113888888889,31.51361111111111,1689.0
78.11111111111111,31.51388888888889,1684.0
78.11083333333335,31.51388888888889,1685.0
78.11055555555556,31.51388888888889,1688.0
78.11027777777778,31.514166666666668,1683.0
78.11000000000001,31.514166666666668,1684.0
78.10972222222223,31.514166666666668,1688.0
78.10944444444445,31.514444444444447,1683.0
78.10916666666668,31.514444444444447,1686.0
78.1088888888889,31.514722222222225,1683.0
78.10861111111112,31.515,1682.0
78.10833333333333,31.515,1688.0
78.10805555555557,31.51527777777778,1678.0
78.10777777777778,31.51527777777778,1682.0
78.1075,31.51555555555556,1687.0
78.10722222222223,31.515833333333333,1690.0
78.10722222222223,31.516111111111112,1677.0
78.10694444444445,31.516111111111112,1676.0
78.10666666666667,31.51638888888889,1675.0
78.1063888888889,31.51666666666667,1674.0
78.10611111111112,31.51666666666667,1674.0
78.10583333333334,31.51666666666667,1676.0
78.10555555555557,31.516944444444444,1674.0
78.10527777777779,31.516944444444444,1673.0
78.105,31.516944444444444,1672.0
78.10472222222224,31.516944444444444,1671.0
78.10444444444445,31.51666666666667,1673.0
78.10416666666667,31.51666666666667,1671.0
78.10388888888889,31.51666666666667,1671.0
78.10361111111112,31.51666666666667,1670.0
78.10333333333334,31.51666666666667,1670.0
78.10305555555556,31.51666666666667,1669.0
78.10277777777779,31.51666666666667,1669.0
78.1025,31.51666666666667,1666.0
78.10222222222222,31.51666666666667,1665.0
78.10194444444446,31.51666666666667,1668.0
78.10166666666667,31.51666666666667,1667.0
78.10138888888889,31.51638888888889,1665.0
78.10111111111112,31.51638888888889,1664.0
78.10083333333334,31.51638888888889,1664.0
78.10055555555556,31.51638888888889,1664.0
78.10027777777779,31.51638888888889,1665.0
78.10000000000001,31.51638888888889,1665.0
78.09972222222223,31.51638888888889,1666.0
78.09944444444446,31.51638888888889,1668.0
78.09916666666668,31.516111111111112,1661.0
78.0988888888889,31.516111111111112,1663.0
78.09861111111111,31.516111111111112,1664.0
78.09833333333334,31.516111111111112,1665.0
78.09805555555556,31.516111111111112,1667.0
78.09777777777778,31.515833333333333,1661.0
78.09750000000001,31.515833333333333,1662.0
78.09722222222223,31.515833333333333,1667.0
78.09694444444445,31.515833333333333,1668.0
78.09666666666668,31.515833333333333,1667.0
78.0963888888889,31.515833333333333,1665.0
78.09611111111111,31.516111111111112,1664.0
78.09583333333335,31.516111111111112,1662.0
78.09555555555556,31.51638888888889,1660.0
78.09527777777778,31.51666666666667,1659.0
78.09500000000001,31.51666666666667,1657.0
78.09500000000001,31.516944444444444,1656.0
78.09472222222223,31.517222222222223,1649.0
78.09444444444445,31.5175,1653.0
78.09416666666668,31.51777777777778,1658.0
78.0938888888889,31.518055555555556,1658.0
78.09361111111112,31.518333333333334,1658.0
78.09333333333333,31.518611111111113,1656.0
78.09305555555557,31.518611111111113,1657.0
78.09277777777778,31.518888888888892,1654.0
78.0925,31.518888888888892,1655.0
78.09222222222223,31.518888888888892,1655.0
78.09194444444445,31.518888888888892,1657.0
78.09166666666667,31.519166666666667,1651.0
78.0913888888889,31.519166666666667,1650.0
78.09111111111112,31.519166666666667,1656.0
78.09083333333334,31.51944444444445,1652.0
78.09055555555557,31.519722222222224,1658.0
78.09027777777779,31.520000000000003,1656.0
78.09,31.520000000000003,1653.0
78.08972222222224,31.52027777777778,1648.0
78.08944444444445,31.52027777777778,1648.0
78.08916666666667,31.520555555555557,1645.0
78.0888888888889,31.520555555555557,1645.0
78.08861111111112,31.520833333333336,1645.0
78.08833333333334,31.52111111111111,1645.0
78.08805555555556,31.52111111111111,1645.0
78.08777777777779,31.52138888888889,1645.0
78.0875,31.52138888888889,1644.0
78.08722222222222,31.52138888888889,1644.0
78.08694444444446,31.52138888888889,1644.0
78.08666666666667,31.52166666666667,1643.0
78.08638888888889,31.52166666666667,1643.0
78.08611111111112,31.52166666666667,1643.0
78.08583333333334,31.52166666666667,1643.0
78.08555555555556,31.521944444444447,1642.0
78.08527777777779,31.521944444444447,1642.0
78.08500000000001,31.521944444444447,1642.0
78.08472222222223,31.521944444444447,1641.0
78.08444444444446,31.521944444444447,1641.0
78.08416666666668,31.521944444444447,1641.0
78.0838888888889,31.521944444444447,1640.0
78.08361111111113,31.521944444444447,1640.0
78.08333333333334,31.521944444444447,1640.0
78.08305555555556,31.521944444444447,1639.0
78.08277777777778,31.521944444444447,1639.0
78.08250000000001,31.521944444444447,1639.0
78.08222222222223,31.521944444444447,1638.0
78.08194444444445,31.521944444444447,1638.0
78.08166666666668,31.521944444444447,1638.0
78.0813888888889,31.521944444444447,1638.0
78.08111111111111,31.521944444444447,1637.0
78.08083333333335,31.522222222222226,1637.0
78.08055555555556,31.522222222222226,1637.0
78.08027777777778,31.522222222222226,1636.0
78.08000000000001,31.522222222222226,1638.0
78.07972222222223,31.521944444444447,1636.0
78.07944444444445,31.521944444444447,1635.0
78.07916666666668,31.52166666666667,1635.0
78.0788888888889,31.52166666666667,1635.0
78.07861111111112,31.52166666666667,1634.0
78.07833333333335,31.52166666666667,1634.0
78.07805555555557,31.52166666666667,1634.0
78.07777777777778,31.52166666666667,1635.0
78.0775,31.52166666666667,1638.0
78.07722222222223,31.52138888888889,1633.0
78.07694444444445,31.52138888888889,1633.0
78.07666666666667,31.52138888888889,1632.0
78.0763888888889,31.52138888888889,1632.0
78.07611111111112,31.52138888888889,1632.0
78.07583333333334,31.52138888888889,1631.0
78.07555555555557,31.52138888888889,1631.0
78.07527777777779,31.52138888888889,1631.0
78.075,31.52138888888889,1636.0
78.07472222222223,31.52138888888889,1638.0
78.07444444444445,31.52111111111111,1630.0
78.07416666666667,31.52111111111111,1629.0
78.0738888888889,31.52111111111111,1633.0
78.07361111111112,31.52111111111111,1636.0
78.07333333333334,31.520833333333336,1628.0
78.07305555555557,31.520833333333336,1628.0
78.07277777777779,31.520833333333336,1628.0
78.0725,31.520833333333336,1628.0
78.07222222222222,31.520833333333336,1627.0
78.07194444444445,31.520833333333336,1627.0
78.07166666666667,31.520833333333336,1627.0
78.07138888888889,31.520833333333336,1635.0
78.07111111111112,31.52111111111111,1626.0
78.07083333333334,31.52111111111111,1626.0
78.07055555555556,31.52111111111111,1625.0
78.07027777777779,31.52111111111111,1625.0
78.07000000000001,31.52111111111111,1625.0
78.06972222222223,31.52111111111111,1624.0
78.06944444444446,31.52111111111111,1624.0
78.06916666666667,31.52138888888889,1624.0
78.06888888888889,31.52138888888889,1623.0
78.06861111111112,31.52138888888889,1623.0
78.06833333333334,31.52166666666667,1623.0
78.06805555555556,31.52166666666667,1622.0
78.06777777777779,31.52166666666667,1622.0
78.06750000000001,31.521944444444447,1622.0
78.06722222222223,31.521944444444447,1621.0
78.06694444444445,31.521944444444447,1621.0
78.06666666666668,31.522222222222226,1621.0
78.0663888888889,31.522222222222226,1620.0
78.06611111111111,31.522222222222226,1620.0
78.06583333333334,31.522222222222226,1625.0
78.06555555555556,31.522222222222226,1631.0
78.06527777777778,31.5225,1619.0
78.06500000000001,31.5225,1619.0
78.06472222222223,31.5225,1624.0
78.06444444444445,31.5225,1627.0
78.06416666666668,31.5225,1628.0
78.0638888888889,31.5225,1628.0
78.06361111111111,31.5225,1630.0
78.06333333333335,31.5225,1631.0
78.06305555555556,31.5225,1631.0
78.06277777777778,31.5225,1632.0
78.0625,31.5225,1635.0
78.06222222222223,31.5225,1638.0
78.06194444444445,31.5225,1637.0
78.06166666666667,31.52277777777778,1628.0
78.0613888888889,31.52277777777778,1628.0
78.06111111111112,31.52277777777778,1630.0
78.06083333333333,31.52277777777778,1633.0
78.06055555555557,31.52305555555556,1622.0
78.06027777777778,31.52305555555556,1626.0
78.06,31.523333333333333,1613.0
78.05972222222223,31.523333333333333,1613.0
78.05944444444445,31.523333333333333,1613.0
78.05916666666667,31.523333333333333,1612.0
78.0588888888889,31.523333333333333,1612.0
78.05861111111112,31.523333333333333,1612.0
78.05833333333334,31.523333333333333,1629.0
78.05805555555557,31.523611111111112,1611.0
78.05777777777779,31.523611111111112,1611.0
78.0575,31.523611111111112,1610.0
78.05722222222224,31.523611111111112,1626.0
78.05694444444445,31.523611111111112,1625.0
78.05666666666667,31.523611111111112,1626.0
78.05638888888889,31.523611111111112,1629.0
78.05611111111112,31.523611111111112,1637.0
78.05583333333334,31.52388888888889,1618.0
78.05555555555556,31.52388888888889,1626.0
78.05527777777779,31.52388888888889,1629.0
78.055,31.52388888888889,1633.0
78.05472222222222,31.52388888888889,1638.0
78.05444444444446,31.52416666666667,1617.0
78.05416666666667,31.52416666666667,1624.0
78.05388888888889,31.52416666666667,1634.0
78.05361111111112,31.524444444444445,1626.0
78.05333333333334,31.524444444444445,1625.0
78.05305555555556,31.524444444444445,1626.0
78.05277777777779,31.524722222222223,1612.0
78.05250000000001,31.525,1605.0
78.05222222222223,31.52527777777778,1604.0
78.05194444444444,31.525555555555556,1604.0
78.05166666666668,31.525833333333335,1612.0
78.0513888888889,31.526111111111113,1616.0
78.05111111111111,31.52638888888889,1624.0
78.05083333333334,31.526666666666667,1628.0
78.05055555555556,31.52694444444445,1629.0
78.05027777777778,31.527222222222225,1628.0
78.05000000000001,31.5275,1625.0
78.04972222222223,31.52777777777778,1625.0
78.04972222222223,31.528055555555557,1636.0
78.04944444444445,31.528333333333336,1618.0
78.04944444444445,31.52861111111111,1626.0
78.04916666666668,31.52888888888889,1613.0
78.0488888888889,31.52916666666667,1615.0
78.04861111111111,31.529444444444447,1618.0
78.04833333333335,31.529722222222222,1630.0
78.04805555555556,31.53,1636.0
78.04777777777778,31.53027777777778,1638.0
78.04750000000001,31.53055555555556,1631.0
78.04722222222223,31.530833333333337,1612.0
78.04694444444445,31.530833333333337,1602.0
78.04666666666668,31.531111111111112,1595.0
78.04666666666668,31.53138888888889,1593.0
78.0463888888889,31.531666666666663,1593.0
78.0463888888889,31.531944444444445,1591.0
78.0463888888889,31.532222222222224,1592.0
78.04611111111112,31.5325,1587.0
78.04611111111112,31.532777777777778,1584.0
78.04583333333333,31.533055555555556,1584.0
78.04555555555557,31.533333333333335,1590.0
78.04527777777778,31.533611111111114,1591.0
78.045,31.533611111111114,1587.0
78.04472222222223,31.533611111111114,1587.0
78.04444444444445,31.533611111111114,1590.0
78.04416666666667,31.53388888888889,1582.0
78.0438888888889,31.53388888888889,1584.0
78.04361111111112,31.53388888888889,1587.0
78.04333333333334,31.53388888888889,1591.0
78.04305555555557,31.534166666666668,1583.0
78.04277777777779,31.534166666666668,1588.0
78.0425,31.534166666666668,1591.0
78.04222222222224,31.534444444444446,1582.0
78.04194444444445,31.534722222222225,1583.0
78.04166666666667,31.535,1579.0
78.04138888888889,31.53527777777778,1581.0
78.04111111111112,31.53555555555556,1583.0
78.04083333333334,31.535833333333336,1588.0
78.04055555555556,31.53611111111111,1589.0
78.04027777777779,31.53638888888889,1587.0
78.04,31.53666666666667,1592.0
78.03972222222222,31.536944444444444,1587.0
78.03944444444446,31.536944444444444,1578.0
78.03944444444446,31.537222222222223,1577.0
78.03916666666667,31.5375,1573.0
78.03888888888889,31.53777777777778,1578.0
78.03861111111112,31.538055555555555,1573.0
78.03833333333334,31.538333333333338,1570.0
78.03805555555556,31.538611111111113,1576.0
78.03777777777779,31.53888888888889,1576.0
78.03750000000001,31.539166666666667,1572.0
78.03722222222223,31.539444444444445,1572.0
78.03694444444446,31.539444444444445,1568.0
78.03666666666668,31.539722222222224,1563.0
78.0363888888889,31.540000000000003,1563.0
78.03611111111111,31.540000000000003,1565.0
78.03583333333334,31.540277777777774,1563.0
78.03555555555556,31.540277777777774,1564.0
78.03527777777778,31.540555555555557,1561.0
78.03500000000001,31.540555555555557,1564.0
78.03472222222223,31.540833333333335,1559.0
78.03444444444445,31.540833333333335,1562.0
78.03416666666668,31.540833333333335,1563.0
78.0338888888889,31.540833333333335,1565.0
78.03361111111111,31.54111111111111,1560.0
78.03333333333335,31.54111111111111,1561.0
78.03305555555556,31.54111111111111,1563.0
78.03277777777778,31.54111111111111,1565.0
78.03250000000001,31.54138888888889,1559.0
78.03222222222223,31.54138888888889,1560.0
78.03194444444445,31.54138888888889,1562.0
78.03166666666668,31.541666666666668,1557.0
78.0313888888889,31.541666666666668,1557.0
78.03111111111112,31.541666666666668,1561.0
78.03083333333333,31.541666666666668,1565.0
78.03055555555557,31.541944444444447,1557.0
78.03027777777778,31.541944444444447,1560.0
78.03,31.541944444444447,1558.0
78.02972222222223,31.541944444444447,1557.0
78.02944444444445,31.541944444444447,1555.0
78.02916666666667,31.541944444444447,1555.0
78.0288888888889,31.541944444444447,1556.0
78.02861111111112,31.541944444444447,1557.0
78.02833333333334,31.541944444444447,1563.0
78.02805555555557,31.541944444444447,1565.0
78.02777777777779,31.541944444444447,1561.0
78.0275,31.541944444444447,1554.0
78.02722222222224,31.541944444444447,1553.0
78.02694444444445,31.541944444444447,1549.0
78.02666666666667,31.541944444444447,1549.0
78.0263888888889,31.541944444444447,1554.0
78.02611111111112,31.541944444444447,1554.0
78.02583333333334,31.541944444444447,1552.0
78.02555555555556,31.541944444444447,1552.0
78.02527777777779,31.541944444444447,1556.0
78.025,31.541944444444447,1560.0
78.02472222222222,31.541666666666668,1551.0
78.02444444444446,31.541666666666668,1562.0
78.02416666666667,31.54138888888889,1557.0
78.02388888888889,31.54111111111111,1555.0
78.02361111111112,31.540833333333335,1558.0
78.02333333333334,31.540555555555557,1558.0
78.02305555555556,31.540555555555557,1562.0
78.02277777777779,31.540277777777774,1553.0
78.02250000000001,31.540277777777774,1551.0
78.02222222222223,31.540277777777774,1557.0
78.02194444444446,31.540277777777774,1562.0
78.02166666666668,31.540000000000003,1553.0
78.0213888888889,31.540000000000003,1552.0
78.02111111111113,31.540000000000003,1553.0
78.02083333333334,31.540000000000003,1559.0
78.02055555555556,31.539722222222224,1558.0
78.02027777777778,31.539722222222224,1547.0
78.02000000000001,31.539722222222224,1544.0
78.01972222222223,31.539722222222224,1545.0
78.01944444444445,31.539722222222224,1546.0
78.01916666666668,31.539722222222224,1544.0
78.0188888888889,31.539722222222224,1544.0
78.01861111111111,31.539722222222224,1545.0
78.01833333333335,31.539722222222224,1544.0
78.01805555555556,31.539722222222224,1545.0
78.01777777777778,31.539722222222224,1545.0
78.01750000000001,31.539722222222224,1544.0
78.01722222222223,31.539722222222224,1543.0
78.01694444444445,31.539722222222224,1543.0
78.01666666666668,31.539722222222224,1548.0
78.0163888888889,31.539722222222224,1553.0
78.01611111111112,31.539722222222224,1553.0
78.01583333333335,31.539722222222224,1555.0
78.01555555555557,31.539722222222224,1554.0
78.01527777777778,31.539722222222224,1552.0
78.015,31.539722222222224,1548.0
78.01472222222223,31.540000000000003,1558.0
78.01444444444445,31.540277777777774,1562.0
78.01416666666667,31.540555555555557,1562.0
78.0138888888889,31.540833333333335,1557.0
78.0138888888889,31.54111111111111,1553.0
78.0138888888889,31.54138888888889,1553.0
78.0138888888889,31.541666666666668,1554.0
78.0138888888889,31.541944444444447,1557.0
78.01361111111112,31.542222222222225,1558.0
78.01333333333334,31.5425,1561.0
78.01305555555557,31.54277777777778,1559.0
78.01277777777779,31.54305555555556,1554.0
78.0125,31.543333333333333,1551.0
78.0125,31.54361111111111,1547.0
78.01222222222223,31.54388888888889,1544.0
78.01194444444445,31.54388888888889,1536.0
78.01166666666667,31.54388888888889,1530.0
78.0113888888889,31.54388888888889,1529.0
78.01111111111112,31.54388888888889,1528.0
78.01083333333334,31.54416666666667,1516.0
78.01055555555557,31.544444444444444,1527.0
78.01027777777779,31.544722222222223,1537.0
78.01,31.545,1535.0
78.00972222222222,31.54527777777778,1523.0
78.00944444444445,31.54527777777778,1515.0
78.00916666666667,31.54527777777778,1520.0
78.00888888888889,31.545555555555556,1516.0
78.00861111111112,31.545555555555556,1521.0
78.00833333333334,31.545833333333334,1522.0
78.00805555555556,31.546111111111113,1521.0
78.00777777777779,31.546111111111113,1512.0
78.00750000000001,31.546111111111113,1516.0
78.00722222222223,31.54638888888889,1515.0
78.00694444444446,31.54638888888889,1518.0
78.00666666666667,31.546666666666667,1519.0
78.00638888888889,31.54694444444445,1516.0
78.00611111111112,31.54694444444445,1519.0
78.00583333333334,31.547222222222224,1520.0
78.00555555555556,31.547222222222224,1520.0
78.00527777777779,31.547500000000003,1515.0
78.00500000000001,31.547777777777775,1508.0
78.00472222222223,31.548055555555557,1509.0
78.00444444444445,31.548333333333336,1511.0
78.00416666666668,31.54861111111111,1510.0
78.00416666666668,31.54888888888889,1516.0
78.0038888888889,31.549166666666668,1515.0
78.00361111111111,31.549444444444447,1506.0
78.00361111111111,31.549722222222226,1513.0
78.00333333333334,31.55,1511.0
78.00305555555556,31.55027777777778,1510.0
78.00277777777778,31.55055555555556,1507.0
78.00250000000001,31.550833333333333,1504.0
78.00222222222223,31.551111111111112,1505.0
78.00194444444445,31.55138888888889,1510.0
78.00166666666668,31.55166666666667,1517.0
78.00166666666668,31.551944444444445,1516.0
78.00166666666668,31.552222222222223,1510.0
78.00166666666668,31.5525,1504.0
78.00166666666668,31.55277777777778,1505.0
78.00166666666668,31.553055555555556,1515.0
78.0013888888889,31.553333333333335,1512.0
78.00111111111111,31.553611111111113,1512.0
78.00083333333335,31.553888888888892,1515.0
78.00055555555556,31.554166666666667,1512.0
78.00027777777778,31.55444444444445,1508.0
78.0,31.55444444444445,1506.0
77.99972222222223,31.55444444444445,1497.0
77.99972222222223,31.554722222222225,1494.0
77.99944444444445,31.555,1494.0
77.99916666666667,31.55527777777778,1492.0
77.99916666666667,31.555555555555557,1492.0
77.9988888888889,31.555833333333336,1489.0
77.99861111111112,31.55611111111111,1488.0
77.99833333333333,31.55638888888889,1487.0
77.99805555555557,31.55666666666667,1485.0
77.99777777777778,31.556944444444447,1489.0
77.9975,31.557222222222222,1491.0
77.99722222222223,31.557222222222222,1493.0
77.99694444444445,31.5575,1490.0
77.99666666666667,31.55777777777778,1490.0
77.9963888888889,31.55805555555556,1492.0
77.99611111111112,31.558333333333337,1493.0
77.99583333333334,31.558611111111112,1492.0
77.99555555555557,31.55888888888889,1487.0
77.99527777777779,31.55916666666667,1490.0
77.995,31.559444444444445,1492.0
77.99472222222224,31.559444444444445,1492.0
77.99444444444445,31.559444444444445,1491.0
77.99416666666667,31.559722222222224,1492.0
77.99388888888889,31.56,1492.0
77.99388888888889,31.560277777777777,1492.0
77.99388888888889,31.560555555555556,1487.0
77.99361111111112,31.560833333333335,1489.0
77.99333333333334,31.560833333333335,1488.0
77.99305555555556,31.560833333333335,1487.0
77.99277777777779,31.560833333333335,1486.0
77.9925,31.561111111111114,1484.0
77.9925,31.56138888888889,1477.0
77.99222222222222,31.561666666666667,1476.0
77.99194444444446,31.56194444444445,1477.0
77.99166666666667,31.562222222222225,1476.0
77.99138888888889,31.562222222222225,1476.0
77.99111111111112,31.562222222222225,1475.0
77.99083333333334,31.562222222222225,1475.0
77.99055555555556,31.5625,1474.0
77.99027777777779,31.56277777777778,1473.0
77.99000000000001,31.56277777777778,1473.0
77.98972222222223,31.56277777777778,1472.0
77.98944444444444,31.56277777777778,1472.0
77.98916666666668,31.56277777777778,1471.0
77.9888888888889,31.56277777777778,1471.0
77.98861111111111,31.56277777777778,1470.0
77.98833333333334,31.56277777777778,1469.0
77.98805555555556,31.563055555555557,1469.0
77.98777777777778,31.563333333333336,1468.0
77.98750000000001,31.563333333333336,1468.0
77.98722222222223,31.56361111111111,1467.0
77.98694444444445,31.56388888888889,1466.0
77.98666666666668,31.56388888888889,1466.0
77.9863888888889,31.56388888888889,1466.0
77.98611111111111,31.56388888888889,1465.0
77.98583333333335,31.56388888888889,1465.0
77.98555555555556,31.56388888888889,1464.0
77.98527777777778,31.56388888888889,1463.0
77.98500000000001,31.56388888888889,1463.0
77.98472222222223,31.56388888888889,1462.0
77.98444444444445,31.56388888888889,1462.0
77.98416666666668,31.56388888888889,1461.0
77.9838888888889,31.56388888888889,1461.0
77.98361111111112,31.56388888888889,1460.0
77.98333333333333,31.56388888888889,1460.0
77.98305555555557,31.56388888888889,1459.0
77.98277777777778,31.56388888888889,1459.0
77.9825,31.56388888888889,1458.0
77.98222222222223,31.56388888888889,1457.0
77.98194444444445,31.56388888888889,1457.0
77.98166666666667,31.56388888888889,1457.0
77.9813888888889,31.56388888888889,1456.0
77.98111111111112,31.56388888888889,1455.0
77.98083333333334,31.56388888888889,1455.0
77.98055555555557,31.56388888888889,1455.0
77.98027777777779,31.56388888888889,1455.0
77.98,31.56388888888889,1453.0
77.97972222222224,31.56388888888889,1453.0
77.97944444444445,31.56388888888889,1452.0
77.97916666666667,31.56388888888889,1452.0
77.97888888888889,31.56416666666667,1452.0
77.97861111111112,31.56416666666667,1452.0
77.97833333333334,31.56416666666667,1451.0
77.97805555555556,31.56416666666667,1456.0
77.97777777777779,31.56416666666667,1459.0
77.9775,31.564444444444447,1451.0
77.97722222222222,31.564444444444447,1451.0
77.97694444444446,31.564444444444447,1450.0
77.97666666666667,31.564444444444447,1455.0
77.97638888888889,31.564444444444447,1454.0
77.97611111111112,31.564444444444447,1455.0
77.97583333333334,31.564444444444447,1455.0
77.97555555555556,31.564444444444447,1456.0
77.97527777777779,31.564444444444447,1458.0
77.97500000000001,31.564722222222223,1449.0
77.97472222222223,31.564722222222223,1449.0
77.97444444444446,31.564722222222223,1448.0
77.97416666666668,31.564722222222223,1453.0
77.9738888888889,31.564722222222223,1458.0
77.97361111111111,31.565,1448.0
77.97333333333334,31.565,1447.0
77.97305555555556,31.565,1447.0
77.97277777777778,31.565,1447.0
77.97250000000001,31.565,1447.0
77.97222222222223,31.565,1455.0
77.97194444444445,31.565,1459.0
77.97166666666668,31.56527777777778,1452.0
77.9713888888889,31.56527777777778,1455.0
77.97111111111111,31.565555555555555,1447.0
77.97083333333335,31.565555555555555,1449.0
77.97055555555556,31.565555555555555,1452.0
77.97027777777778,31.565555555555555,1459.0
77.97000000000001,31.565833333333337,1445.0
77.96972222222223,31.565833333333337,1448.0
77.96944444444445,31.565833333333337,1449.0
77.96916666666668,31.565833333333337,1451.0
77.9688888888889,31.565833333333337,1453.0
77.96861111111112,31.565833333333337,1454.0
77.96833333333333,31.565833333333337,1455.0
77.96805555555557,31.565833333333337,1456.0
77.96777777777778,31.565833333333337,1456.0
77.9675,31.565833333333337,1457.0
77.96722222222223,31.565833333333337,1457.0
77.96694444444445,31.565833333333337,1457.0
77.96666666666667,31.565833333333337,1457.0
77.9663888888889,31.565833333333337,1456.0
77.96611111111112,31.565833333333337,1456.0
77.96583333333334,31.565833333333337,1454.0
77.96555555555557,31.565833333333337,1449.0
77.96527777777779,31.565833333333337,1440.0
77.965,31.565833333333337,1440.0
77.96472222222224,31.565833333333337,1440.0
77.96444444444445,31.565833333333337,1440.0
77.96416666666667,31.565833333333337,1440.0
77.9638888888889,31.565833333333337,1439.0
77.96361111111112,31.565833333333337,1456.0
77.96333333333334,31.565555555555555,1449.0
77.96305555555556,31.56527777777778,1439.0
77.96277777777779,31.56527777777778,1453.0
77.9625,31.565,1445.0
77.96222222222222,31.564722222222223,1438.0
77.96194444444446,31.564722222222223,1447.0
77.96166666666667,31.564722222222223,1452.0
77.96138888888889,31.564722222222223,1457.0
77.96111111111112,31.564444444444447,1446.0
77.96083333333334,31.564444444444447,1448.0
77.96055555555556,31.564444444444447,1448.0
77.96027777777779,31.564444444444447,1450.0
77.96000000000001,31.564444444444447,1451.0
77.95972222222223,31.564444444444447,1451.0
77.95944444444446,31.564444444444447,1452.0
77.95916666666668,31.564444444444447,1454.0
77.9588888888889,31.564444444444447,1455.0
77.95861111111113,31.564444444444447,1455.0
77.95833333333334,31.564444444444447,1453.0
77.95805555555556,31.564444444444447,1447.0
77.95777777777778,31.564444444444447,1448.0
77.95750000000001,31.564444444444447,1446.0
77.95722222222223,31.564444444444447,1444.0
77.95694444444445,31.564444444444447,1441.0
77.95666666666668,31.564444444444447,1439.0
77.9563888888889,31.564444444444447,1436.0
77.95611111111111,31.564444444444447,1434.0
77.95583333333335,31.564444444444447,1434.0
77.95555555555556,31.564444444444447,1434.0
77.95527777777778,31.564444444444447,1434.0
77.95500000000001,31.564444444444447,1434.0
77.95472222222223,31.564444444444447,1434.0
77.95444444444445,31.564444444444447,1433.0
77.95416666666668,31.564444444444447,1433.0
77.9538888888889,31.564444444444447,1433.0
77.95361111111112,31.564444444444447,1433.0
77.95333333333335,31.564444444444447,1437.0
77.95305555555557,31.564444444444447,1440.0
77.95277777777778,31.564444444444447,1446.0
77.9525,31.564444444444447,1455.0
77.95222222222223,31.564722222222223,1446.0
77.95194444444445,31.565,1440.0
77.95166666666667,31.56527777777778,1437.0
77.9513888888889,31.565555555555555,1437.0
77.95111111111112,31.565833333333337,1441.0
77.95083333333334,31.566111111111113,1444.0
77.95055555555557,31.56638888888889,1449.0
77.95027777777779,31.566666666666663,1450.0
77.95,31.566944444444445,1447.0
77.94972222222223,31.567222222222224,1442.0
77.94944444444445,31.567222222222224,1456.0
77.94916666666667,31.567500000000003,1454.0
77.9488888888889,31.567777777777778,1449.0
77.94861111111112,31.568055555555556,1444.0
77.94833333333334,31.568055555555556,1458.0
77.94805555555557,31.568333333333335,1455.0
77.94777777777779,31.56861111111111,1450.0
77.9475,31.56888888888889,1437.0
77.94722222222222,31.56888888888889,1454.0
77.94694444444445,31.569166666666668,1433.0
77.94666666666667,31.569166666666668,1444.0
77.94638888888889,31.569166666666668,1453.0
77.94611111111112,31.569166666666668,1455.0
77.94583333333334,31.569166666666668,1454.0
77.94555555555556,31.569166666666668,1452.0
77.94527777777779,31.569166666666668,1447.0
77.94500000000001,31.569166666666668,1440.0
77.94472222222223,31.569166666666668,1431.0
77.94444444444446,31.569166666666668,1418.0
77.94416666666667,31.569166666666668,1417.0
77.94388888888889,31.569166666666668,1417.0
77.94361111111112,31.569166666666668,1417.0
77.94333333333334,31.569166666666668,1421.0
77.94305555555556,31.569166666666668,1429.0
77.94277777777779,31.569166666666668,1431.0
77.94250000000001,31.569166666666668,1424.0
77.94222222222223,31.569166666666668,1421.0
77.94194444444445,31.569166666666668,1424.0
77.94166666666668,31.569166666666668,1431.0
77.9413888888889,31.569166666666668,1442.0
77.94111111111111,31.569166666666668,1456.0
77.94083333333334,31.56888888888889,1438.0
77.94055555555556,31.56888888888889,1442.0
77.94027777777778,31.56888888888889,1445.0
77.94000000000001,31.56888888888889,1450.0
77.93972222222223,31.56888888888889,1456.0
77.93944444444445,31.56861111111111,1431.0
77.93916666666668,31.56861111111111,1442.0
77.9388888888889,31.56861111111111,1446.0
77.93861111111111,31.56861111111111,1439.0
77.93833333333335,31.56861111111111,1437.0
77.93805555555556,31.56861111111111,1437.0
77.93777777777778,31.56861111111111,1436.0
77.9375,31.56861111111111,1437.0
77.93722222222223,31.56861111111111,1436.0
77.93694444444445,31.56861111111111,1428.0
77.93666666666667,31.56861111111111,1425.0
77.9363888888889,31.56861111111111,1423.0
77.93611111111112,31.56861111111111,1423.0
77.93583333333333,31.56861111111111,1421.0
77.93555555555557,31.56861111111111,1418.0
77.93527777777778,31.56861111111111,1414.0
77.935,31.56861111111111,1412.0
77.93472222222223,31.56861111111111,1409.0
77.93444444444445,31.56861111111111,1400.0
77.93416666666667,31.56861111111111,1400.0
77.9338888888889,31.56861111111111,1399.0
77.93361111111112,31.56861111111111,1399.0
77.93333333333334,31.56861111111111,1399.0
77.93305555555557,31.56861111111111,1398.0
77.93277777777779,31.56861111111111,1401.0
77.9325,31.56861111111111,1402.0
77.93222222222224,31.56861111111111,1402.0
77.93194444444445,31.56861111111111,1403.0
77.93166666666667,31.56861111111111,1404.0
77.93138888888889,31.56861111111111,1405.0
77.93111111111112,31.56861111111111,1406.0
77.93083333333334,31.56861111111111,1406.0
77.93055555555556,31.56861111111111,1407.0
77.93027777777779,31.568333333333335,1412.0
77.93,31.568055555555556,1432.0
77.92972222222222,31.567777777777778,1445.0
77.92944444444446,31.567500000000003,1456.0
77.92916666666667,31.567222222222224,1459.0
77.92888888888889,31.566944444444445,1449.0
77.92861111111112,31.566666666666663,1441.0
77.92861111111112,31.56638888888889,1455.0
77.92833333333334,31.566111111111113,1443.0
77.92833333333334,31.565833333333337,1452.0
77.92805555555556,31.565555555555555,1439.0
77.92805555555556,31.56527777777778,1451.0
77.92777777777779,31.565,1449.0
77.92750000000001,31.564722222222223,1442.0
77.92722222222223,31.564444444444447,1421.0
77.92694444444444,31.56416666666667,1413.0
77.92666666666668,31.56388888888889,1411.0
77.9263888888889,31.56361111111111,1403.0
77.92611111111111,31.563333333333336,1396.0
77.92583333333334,31.563055555555557,1394.0
77.92555555555556,31.56277777777778,1410.0
77.92527777777778,31.5625,1421.0
77.92500000000001,31.562222222222225,1418.0
77.92472222222223,31.56194444444445,1425.0
77.92444444444445,31.561666666666667,1431.0
77.92416666666668,31.56138888888889,1430.0
77.9238888888889,31.561111111111114,1426.0
77.92361111111111,31.560833333333335,1431.0
77.92333333333335,31.560555555555556,1428.0
77.92305555555556,31.560277777777777,1435.0
77.92277777777778,31.56,1444.0
77.92250000000001,31.559722222222224,1448.0
77.92222222222223,31.559444444444445,1450.0
77.92194444444445,31.559444444444445,1458.0
77.92166666666668,31.55916666666667,1452.0
77.9213888888889,31.55888888888889,1445.0
77.92111111111112,31.55888888888889,1456.0
77.92083333333333,31.558611111111112,1453.0
77.92055555555557,31.558333333333337,1441.0
77.92027777777778,31.558333333333337,1451.0
77.92,31.55805555555556,1429.0
77.91972222222223,31.55805555555556,1444.0
77.91944444444445,31.55777777777778,1429.0
77.91916666666667,31.55777777777778,1450.0
77.9188888888889,31.55777777777778,1457.0
77.91861111111112,31.55777777777778,1458.0
77.91833333333334,31.55777777777778,1457.0
77.91805555555557,31.55777777777778,1454.0
77.91777777777779,31.55777777777778,1451.0
77.9175,31.55777777777778,1453.0
77.91722222222224,31.55777777777778,1459.0
77.91694444444445,31.5575,1435.0
77.91666666666667,31.5575,1456.0
77.91638888888889,31.557222222222222,1432.0
77.91611111111112,31.557222222222222,1425.0
77.91583333333334,31.557222222222222,1415.0
77.91555555555556,31.557222222222222,1407.0
77.91527777777779,31.557222222222222,1402.0
77.915,31.557222222222222,1398.0
77.91472222222222,31.557222222222222,1395.0
77.91444444444446,31.557222222222222,1393.0
77.91416666666667,31.557222222222222,1393.0
77.91388888888889,31.557222222222222,1394.0
77.91361111111112,31.557222222222222,1398.0
77.91333333333334,31.557222222222222,1398.0
77.91305555555556,31.557222222222222,1393.0
77.91277777777779,31.557222222222222,1390.0
77.91250000000001,31.557222222222222,1386.0
77.91222222222223,31.557222222222222,1382.0
77.91194444444446,31.557222222222222,1383.0
77.91166666666668,31.557222222222222,1388.0
77.9113888888889,31.557222222222222,1394.0
77.91111111111111,31.557222222222222,1403.0
77.91083333333334,31.557222222222222,1427.0
77.91055555555556,31.5575,1409.0
77.91027777777778,31.55777777777778,1397.0
77.91000000000001,31.55805555555556,1407.0
77.90972222222223,31.558333333333337,1431.0
77.90944444444445,31.558611111111112,1446.0
77.90916666666668,31.55888888888889,1442.0
77.9088888888889,31.55916666666667,1429.0
77.90861111111111,31.55916666666667,1433.0
77.90833333333335,31.55916666666667,1446.0
77.90805555555556,31.559444444444445,1435.0
77.90777777777778,31.559722222222224,1429.0
77.90750000000001,31.559722222222224,1449.0
77.90722222222223,31.56,1426.0
77.90694444444445,31.56,1448.0
77.90666666666668,31.560277777777777,1425.0
77.9063888888889,31.560277777777777,1436.0
77.90611111111112,31.560277777777777,1447.0
77.90583333333333,31.560555555555556,1431.0
77.90555555555557,31.560833333333335,1424.0
77.90527777777778,31.560833333333335,1451.0
77.905,31.561111111111114,1433.0
77.90472222222223,31.561111111111114,1439.0
77.90444444444445,31.561111111111114,1455.0
77.90416666666667,31.56138888888889,1422.0
77.9038888888889,31.56138888888889,1448.0
77.90361111111112,31.561666666666667,1411.0
77.90333333333334,31.561666666666667,1429.0
77.90305555555557,31.56194444444445,1413.0
77.90277777777779,31.562222222222225,1394.0
77.9025,31.5625,1387.0
77.90222222222224,31.56277777777778,1387.0
77.90194444444445,31.563055555555557,1386.0
77.90166666666667,31.563333333333336,1385.0
77.9013888888889,31.56361111111111,1376.0
77.90111111111112,31.56388888888889,1374.0
77.90083333333334,31.56416666666667,1378.0
77.90055555555556,31.564444444444447,1384.0
77.90027777777779,31.564722222222223,1394.0
77.9,31.565,1401.0
77.89972222222222,31.56527777777778,1410.0
77.89944444444446,31.565555555555555,1429.0
77.89916666666667,31.565833333333337,1443.0
77.89888888888889,31.566111111111113,1453.0
77.89861111111112,31.56638888888889,1459.0
77.89833333333334,31.566666666666663,1457.0
77.89805555555556,31.566944444444445,1449.0
77.89805555555556,31.567222222222224,1437.0
77.89777777777779,31.567500000000003,1421.0
77.89750000000001,31.567500000000003,1416.0
77.89722222222223,31.567500000000003,1412.0
77.89694444444446,31.567500000000003,1408.0
77.89666666666668,31.567500000000003,1408.0
77.8963888888889,31.567500000000003,1413.0
77.89611111111113,31.567500000000003,1420.0
77.89583333333334,31.567777777777778,1406.0
77.89555555555556,31.568055555555556,1383.0
77.89527777777778,31.568055555555556,1387.0
77.89500000000001,31.568055555555556,1399.0
77.89472222222223,31.568055555555556,1407.0
77.89444444444445,31.568333333333335,1391.0
77.89416666666668,31.568333333333335,1401.0
77.8938888888889,31.568333333333335,1413.0
77.89361111111111,31.56861111111111,1387.0
77.89333333333335,31.56861111111111,1399.0
77.89305555555556,31.56861111111111,1410.0
77.89277777777778,31.56861111111111,1420.0
77.89250000000001,31.56888888888889,1379.0
77.89222222222223,31.56888888888889,1370.0
77.89194444444445,31.56888888888889,1372.0
77.89166666666668,31.56888888888889,1384.0
77.8913888888889,31.56888888888889,1389.0
77.89111111111112,31.56888888888889,1394.0
77.89083333333335,31.56888888888889,1399.0
77.89055555555557,31.56888888888889,1404.0
77.89027777777778,31.56888888888889,1402.0
77.89,31.56888888888889,1396.0
77.88972222222223,31.56888888888889,1391.0
77.88944444444445,31.56888888888889,1393.0
77.88916666666667,31.56888888888889,1402.0
77.8888888888889,31.56888888888889,1405.0
77.88861111111112,31.56888888888889,1408.0
77.88833333333334,31.56888888888889,1413.0
77.88805555555557,31.569166666666668,1413.0
77.88777777777779,31.569444444444446,1420.0
77.8875,31.569722222222225,1419.0
77.88722222222223,31.569444444444446,1415.0
77.88694444444445,31.569444444444446,1409.0
77.88666666666667,31.569166666666668,1394.0
77.8863888888889,31.569166666666668,1375.0
77.88611111111112,31.569166666666668,1355.0
77.88583333333334,31.56888888888889,1325.0
77.88555555555557,31.56888888888889,1318.0
77.88527777777779,31.569166666666668,1313.0
77.885,31.569166666666668,1304.0
77.88472222222222,31.569166666666668,1305.0
77.88444444444445,31.569166666666668,1310.0
77.88416666666667,31.569166666666668,1309.0
77.88388888888889,31.569166666666668,1306.0
77.88361111111112,31.569166666666668,1306.0
77.88333333333334,31.569166666666668,1308.0
77.88305555555556,31.569166666666668,1314.0
77.88277777777779,31.56888888888889,1312.0
77.88250000000001,31.56888888888889,1314.0
77.88222222222223,31.56861111111111,1313.0
77.88194444444446,31.56861111111111,1307.0
77.88166666666667,31.56861111111111,1303.0
77.88138888888889,31.568333333333335,1305.0
77.88111111111112,31.568055555555556,1307.0
77.88111111111112,31.567777777777778,1307.0
77.88083333333334,31.567500000000003,1303.0
77.88083333333334,31.567222222222224,1306.0
77.88083333333334,31.566944444444445,1306.0
77.88055555555556,31.566666666666663,1304.0
77.88027777777779,31.56638888888889,1307.0
77.88000000000001,31.566111111111113,1303.0
77.87972222222223,31.566111111111113,1306.0
77.87944444444445,31.565833333333337,1307.0
77.87916666666668,31.565555555555555,1304.0
77.8788888888889,31.565555555555555,1299.0
77.87861111111111,31.565555555555555,1293.0
77.87833333333334,31.565555555555555,1292.0
77.87805555555556,31.565555555555555,1294.0
77.87777777777778,31.565555555555555,1293.0
77.87750000000001,31.565555555555555,1292.0
77.87722222222223,31.565555555555555,1294.0
77.87694444444445,31.565555555555555,1298.0
77.87666666666668,31.565833333333337,1296.0
77.8763888888889,31.565833333333337,1298.0
77.87611111111111,31.565833333333337,1299.0
77.87583333333335,31.565833333333337,1297.0
77.87555555555556,31.566111111111113,1297.0
77.87527777777778,31.566111111111113,1297.0
77.875,31.566111111111113,1298.0
77.87472222222223,31.56638888888889,1292.0
77.87444444444445,31.566666666666663,1288.0
77.87416666666667,31.566666666666663,1299.0
77.8738888888889,31.566944444444445,1298.0
77.87361111111112,31.567222222222224,1291.0
77.87333333333333,31.567222222222224,1295.0
77.87305555555557,31.567500000000003,1291.0
77.87277777777778,31.567500000000003,1293.0
77.8725,31.567500000000003,1292.0
77.87222222222223,31.567500000000003,1293.0
77.87194444444445,31.567500000000003,1294.0
77.87166666666667,31.567500000000003,1296.0
77.8713888888889,31.567500000000003,1290.0
77.87111111111112,31.567500000000003,1282.0
77.87083333333334,31.567500000000003,1287.0
77.87055555555557,31.567777777777778,1277.0
77.87027777777779,31.567777777777778,1285.0
77.87,31.568055555555556,1284.0
77.86972222222224,31.568333333333335,1287.0
77.86944444444445,31.56861111111111,1292.0
77.86916666666667,31.56888888888889,1296.0
77.86888888888889,31.569166666666668,1291.0
77.86861111111112,31.569444444444446,1287.0
77.86833333333334,31.569444444444446,1292.0
77.86805555555556,31.569444444444446,1296.0
77.86777777777779,31.569722222222225,1280.0
77.8675,31.569722222222225,1285.0
77.86722222222222,31.569722222222225,1292.0
77.86694444444446,31.57,1284.0
77.86666666666667,31.57027777777778,1277.0
77.86638888888889,31.57055555555556,1276.0
77.86611111111112,31.570833333333333,1277.0
77.86583333333334,31.57111111111111,1289.0
77.86555555555556,31.57138888888889,1299.0
77.86527777777779,31.57138888888889,1289.0
77.86500000000001,31.57138888888889,1277.0
77.86472222222223,31.57138888888889,1283.0
77.86444444444444,31.57166666666667,1277.0
77.86416666666668,31.571944444444444,1273.0
77.8638888888889,31.571944444444444,1279.0
77.86361111111111,31.572222222222223,1270.0
77.86333333333334,31.572222222222223,1279.0
77.86305555555556,31.5725,1276.0
77.86277777777778,31.5725,1286.0
77.86250000000001,31.57277777777778,1284.0
77.86222222222223,31.573055555555555,1275.0
77.86194444444445,31.573055555555555,1266.0
77.86166666666668,31.573055555555555,1263.0
77.8613888888889,31.573055555555555,1279.0
77.86111111111111,31.573333333333338,1287.0
77.86083333333335,31.573611111111113,1284.0
77.86055555555556,31.57388888888889,1266.0
77.86027777777778,31.57388888888889,1273.0
77.86000000000001,31.574166666666667,1265.0
77.85972222222223,31.574166666666667,1282.0
77.85944444444445,31.574444444444445,1275.0
77.85916666666668,31.574722222222224,1260.0
77.8588888888889,31.574722222222224,1262.0
77.85861111111112,31.574722222222224,1276.0
77.85833333333333,31.575000000000003,1269.0
77.85805555555557,31.575000000000003,1284.0
77.85777777777778,31.575277777777774,1274.0
77.8575,31.575555555555557,1269.0
77.85722222222223,31.575555555555557,1285.0
77.85694444444445,31.575833333333335,1269.0
77.85666666666667,31.57611111111111,1271.0
77.8563888888889,31.57611111111111,1280.0
77.85611111111112,31.57638888888889,1257.0
77.85583333333334,31.57638888888889,1267.0
77.85555555555557,31.57638888888889,1281.0
77.85527777777779,31.576666666666668,1262.0
77.855,31.576666666666668,1264.0
77.85472222222224,31.576666666666668,1269.0
77.85444444444445,31.576666666666668,1276.0
77.85416666666667,31.576666666666668,1284.0
77.85388888888889,31.576666666666668,1285.0
77.85361111111112,31.576944444444447,1267.0
77.85333333333334,31.576944444444447,1276.0
77.85305555555556,31.576944444444447,1275.0
77.85277777777779,31.576944444444447,1277.0
77.8525,31.576944444444447,1284.0
77.85222222222222,31.577222222222225,1264.0
77.85194444444446,31.577222222222225,1265.0
77.85166666666667,31.577222222222225,1264.0
77.85138888888889,31.577222222222225,1264.0
77.85111111111112,31.577222222222225,1256.0
77.85083333333334,31.577222222222225,1246.0
77.85055555555556,31.577222222222225,1246.0
77.85027777777779,31.577222222222225,1245.0
77.85000000000001,31.577222222222225,1242.0
77.84972222222223,31.577222222222225,1246.0
77.84944444444446,31.577222222222225,1249.0
77.84916666666668,31.576944444444447,1255.0
77.8488888888889,31.576666666666668,1245.0
77.84861111111111,31.57638888888889,1245.0
77.84833333333334,31.57611111111111,1251.0
77.84805555555556,31.575833333333335,1256.0
77.84777777777778,31.575555555555557,1270.0
77.84750000000001,31.575277777777774,1279.0
77.84722222222223,31.575000000000003,1277.0
77.84694444444445,31.574722222222224,1279.0
77.84666666666668,31.574444444444445,1275.0
77.8463888888889,31.574166666666667,1263.0
77.84611111111111,31.57388888888889,1268.0
77.84583333333335,31.573611111111113,1262.0
77.84555555555556,31.573611111111113,1274.0
77.84527777777778,31.573333333333338,1253.0
77.84500000000001,31.573333333333338,1262.0
77.84472222222223,31.573333333333338,1283.0
77.84444444444445,31.573055555555555,1273.0
77.84416666666668,31.573055555555555,1278.0
77.8438888888889,31.573055555555555,1278.0
77.84361111111112,31.573055555555555,1281.0
77.84333333333333,31.57277777777778,1256.0
77.84305555555557,31.57277777777778,1270.0
77.84277777777778,31.5725,1259.0
77.8425,31.5725,1263.0
77.84222222222223,31.5725,1262.0
77.84194444444445,31.5725,1266.0
77.84166666666667,31.5725,1281.0
77.8413888888889,31.572222222222223,1257.0
77.84111111111112,31.572222222222223,1251.0
77.84083333333334,31.572222222222223,1254.0
77.84055555555557,31.572222222222223,1266.0
77.84027777777779,31.572222222222223,1282.0
77.84,31.571944444444444,1259.0
77.83972222222224,31.571944444444444,1267.0
77.83944444444445,31.571944444444444,1268.0
77.83916666666667,31.571944444444444,1269.0
77.8388888888889,31.571944444444444,1278.0
77.83861111111112,31.571944444444444,1277.0
77.83833333333334,31.571944444444444,1267.0
77.83805555555556,31.571944444444444,1256.0
77.83777777777779,31.571944444444444,1246.0
77.8375,31.571944444444444,1236.0
77.83722222222222,31.571944444444444,1232.0
77.83694444444446,31.571944444444444,1232.0
77.83666666666667,31.571944444444444,1235.0
77.83638888888889,31.571944444444444,1243.0
77.83611111111112,31.571944444444444,1250.0
77.83583333333334,31.571944444444444,1253.0
77.83555555555556,31.571944444444444,1257.0
77.83527777777779,31.571944444444444,1271.0
77.83500000000001,31.57166666666667,1278.0
77.83472222222223,31.57166666666667,1284.0
77.83444444444446,31.57166666666667,1284.0
77.83416666666668,31.57166666666667,1287.0
77.8338888888889,31.57138888888889,1287.0
77.83361111111113,31.57138888888889,1286.0
77.83333333333334,31.57111111111111,1280.0
77.83305555555556,31.57111111111111,1262.0
77.83277777777778,31.57111111111111,1241.0
77.83250000000001,31.57111111111111,1233.0
77.83222222222223,31.57111111111111,1231.0
77.83194444444445,31.57111111111111,1235.0
77.83166666666668,31.57111111111111,1242.0
77.8313888888889,31.57111111111111,1244.0
77.83111111111111,31.57111111111111,1247.0
77.83083333333335,31.57111111111111,1249.0
77.83055555555556,31.57111111111111,1245.0
77.83027777777778,31.57111111111111,1249.0
77.83000000000001,31.57111111111111,1254.0
77.82972222222223,31.570833333333333,1237.0
77.82944444444445,31.570833333333333,1234.0
77.82916666666668,31.570833333333333,1231.0
77.8288888888889,31.570833333333333,1225.0
77.82861111111112,31.570833333333333,1221.0
77.82833333333335,31.570833333333333,1226.0
77.82805555555557,31.57055555555556,1214.0
77.82777777777778,31.57027777777778,1209.0
77.8275,31.57,1205.0
77.82722222222223,31.569722222222225,1207.0
77.82694444444445,31.569444444444446,1210.0
77.82666666666667,31.569166666666668,1211.0
77.8263888888889,31.56888888888889,1210.0
77.82611111111112,31.56861111111111,1208.0
77.82583333333334,31.568333333333335,1211.0
77.82555555555557,31.568055555555556,1212.0
77.82527777777779,31.567777777777778,1220.0
77.825,31.567500000000003,1222.0
77.82472222222223,31.567222222222224,1220.0
77.82444444444445,31.566944444444445,1223.0
77.82416666666667,31.566666666666663,1225.0
77.8238888888889,31.56638888888889,1239.0
77.82361111111112,31.566111111111113,1244.0
77.82333333333334,31.565833333333337,1242.0
77.82333333333334,31.565555555555555,1250.0
77.82305555555557,31.56527777777778,1237.0
77.82305555555557,31.565,1244.0
77.82305555555557,31.564722222222223,1251.0
77.82277777777779,31.564444444444447,1248.0
77.8225,31.56416666666667,1251.0
77.82222222222222,31.56388888888889,1250.0
77.82222222222222,31.56361111111111,1253.0
77.82222222222222,31.563333333333336,1252.0
77.82222222222222,31.563055555555557,1250.0
77.82222222222222,31.56277777777778,1246.0
77.82222222222222,31.5625,1239.0
77.82222222222222,31.562222222222225,1233.0
77.82222222222222,31.56194444444445,1230.0
77.82222222222222,31.561666666666667,1228.0
77.82222222222222,31.56138888888889,1225.0
77.82222222222222,31.561111111111114,1225.0
77.82222222222222,31.560833333333335,1226.0
77.82222222222222,31.560555555555556,1227.0
77.82194444444445,31.560277777777777,1236.0
77.82166666666667,31.56,1244.0
77.82138888888889,31.559722222222224,1243.0
77.82111111111112,31.559444444444445,1233.0
77.82083333333334,31.559444444444445,1252.0
77.82055555555556,31.55916666666667,1241.0
77.82027777777779,31.55888888888889,1223.0
77.82000000000001,31.55888888888889,1231.0
77.81972222222223,31.55888888888889,1242.0
77.81944444444446,31.558611111111112,1220.0
77.81916666666667,31.558333333333337,1207.0
77.81888888888889,31.55805555555556,1204.0
77.81861111111112,31.55777777777778,1199.0
77.81833333333334,31.5575,1189.0
77.81805555555556,31.557222222222222,1184.0
77.81777777777779,31.556944444444447,1192.0
77.81750000000001,31.55666666666667,1204.0
77.81722222222223,31.55638888888889,1218.0
77.81694444444445,31.55611111111111,1200.0
77.81666666666668,31.555833333333336,1192.0
77.8163888888889,31.555555555555557,1195.0
77.81611111111111,31.55527777777778,1200.0
77.81583333333334,31.555,1208.0
77.81555555555556,31.554722222222225,1224.0
77.81527777777778,31.55444444444445,1229.0
77.81500000000001,31.554166666666667,1233.0
77.81472222222223,31.553888888888892,1238.0
77.81444444444445,31.553611111111113,1246.0
77.81416666666668,31.553333333333335,1254.0
77.8138888888889,31.553055555555556,1254.0
77.81361111111111,31.553055555555556,1248.0
77.81333333333335,31.55277777777778,1239.0
77.81305555555556,31.55277777777778,1239.0
77.81277777777778,31.5525,1237.0
77.8125,31.552222222222223,1234.0
77.81222222222223,31.551944444444445,1230.0
77.81194444444445,31.55166666666667,1212.0
77.81166666666667,31.55166666666667,1208.0
77.8113888888889,31.55166666666667,1206.0
77.81111111111112,31.55166666666667,1208.0
77.81083333333333,31.55166666666667,1213.0
77.81055555555557,31.55138888888889,1204.0
77.81027777777778,31.55138888888889,1207.0
77.81,31.551111111111112,1205.0
77.80972222222223,31.550833333333333,1209.0
77.80944444444445,31.55055555555556,1213.0
77.80916666666667,31.55027777777778,1203.0
77.8088888888889,31.55,1193.0
77.80861111111112,31.549722222222226,1189.0
77.80833333333334,31.549444444444447,1184.0
77.80805555555557,31.549444444444447,1184.0
77.80777777777779,31.549166666666668,1179.0
77.8075,31.549166666666668,1183.0
77.80722222222224,31.54888888888889,1174.0
77.80694444444445,31.54888888888889,1176.0
77.80666666666667,31.54888888888889,1179.0
77.80638888888889,31.54888888888889,1183.0
77.80611111111112,31.54861111111111,1173.0
77.80583333333334,31.54861111111111,1174.0
77.80555555555556,31.54861111111111,1175.0
77.80527777777779,31.54861111111111,1176.0
77.805,31.54861111111111,1176.0
77.80472222222222,31.54861111111111,1177.0
77.80444444444446,31.54861111111111,1176.0
77.80416666666667,31.54861111111111,1178.0
77.80388888888889,31.54861111111111,1180.0
77.80361111111112,31.54861111111111,1184.0
77.80333333333334,31.548333333333336,1173.0
77.80305555555556,31.548333333333336,1176.0
77.80277777777779,31.548333333333336,1178.0
77.80250000000001,31.548333333333336,1178.0
77.80222222222223,31.548333333333336,1182.0
77.80194444444444,31.548055555555557,1169.0
77.80166666666668,31.548055555555557,1169.0
77.8013888888889,31.548055555555557,1169.0
77.80111111111111,31.548055555555557,1168.0
77.80083333333334,31.548055555555557,1168.0
77.80055555555556,31.548055555555557,1168.0
77.80027777777778,31.548055555555557,1173.0
77.80000000000001,31.548055555555557,1172.0
77.79972222222223,31.548055555555557,1176.0
77.79944444444445,31.548055555555557,1180.0
77.79916666666668,31.548055555555557,1179.0
77.7988888888889,31.548055555555557,1179.0
77.79861111111111,31.548055555555557,1181.0
77.79833333333335,31.547777777777775,1170.0
77.79805555555556,31.547777777777775,1170.0
77.79777777777778,31.547777777777775,1170.0
77.79750000000001,31.547777777777775,1170.0
77.79722222222223,31.547777777777775,1169.0
77.79694444444445,31.547777777777775,1168.0
77.79666666666668,31.547777777777775,1168.0
77.7963888888889,31.547777777777775,1167.0
77.79611111111112,31.547777777777775,1168.0
77.79583333333333,31.547777777777775,1165.0
77.79555555555557,31.547777777777775,1163.0
77.79527777777778,31.547777777777775,1163.0
77.795,31.547777777777775,1163.0
77.79472222222223,31.547777777777775,1163.0
77.79444444444445,31.547777777777775,1163.0
77.79416666666667,31.547777777777775,1163.0
77.7938888888889,31.547777777777775,1163.0
77.79361111111112,31.547777777777775,1163.0
77.79333333333334,31.547777777777775,1163.0
77.79305555555557,31.547777777777775,1163.0
77.79277777777779,31.547777777777775,1163.0
77.7925,31.547777777777775,1163.0
77.79222222222224,31.547777777777775,1163.0
77.79194444444445,31.547777777777775,1168.0
77.79166666666667,31.547777777777775,1171.0
77.79138888888889,31.547777777777775,1172.0
77.79111111111112,31.547777777777775,1171.0
77.79083333333334,31.547777777777775,1171.0
77.79055555555556,31.547777777777775,1171.0
77.79027777777779,31.547777777777775,1171.0
77.79,31.547777777777775,1171.0
77.78972222222222,31.547777777777775,1170.0
77.78944444444446,31.547777777777775,1170.0
77.78916666666667,31.547777777777775,1163.0
77.78888888888889,31.547777777777775,1163.0
77.78861111111112,31.547777777777775,1163.0
77.78833333333334,31.547777777777775,1163.0
77.78805555555556,31.547777777777775,1163.0
77.78777777777779,31.547777777777775,1163.0
77.78750000000001,31.547777777777775,1165.0
77.78722222222223,31.547777777777775,1171.0
77.78694444444446,31.547777777777775,1174.0
77.78666666666668,31.547777777777775,1175.0
77.7863888888889,31.547777777777775,1178.0
77.78611111111111,31.547777777777775,1184.0
77.78583333333334,31.547500000000003,1183.0
77.78555555555556,31.547222222222224,1182.0
77.78527777777778,31.54694444444445,1175.0
77.78500000000001,31.54694444444445,1176.0
77.78472222222223,31.546666666666667,1165.0
77.78444444444445,31.54638888888889,1163.0
77.78416666666668,31.546111111111113,1170.0
77.7838888888889,31.545833333333334,1171.0
77.78361111111111,31.545555555555556,1166.0
77.78333333333335,31.54527777777778,1173.0
77.78305555555556,31.545,1180.0
77.78277777777778,31.544722222222223,1177.0
77.78250000000001,31.544444444444444,1180.0
77.78222222222223,31.54416666666667,1175.0
77.78222222222223,31.54388888888889,1184.0
77.78194444444445,31.54361111111111,1183.0
77.78166666666668,31.543333333333333,1180.0
77.7813888888889,31.54305555555556,1175.0
77.78111111111112,31.54277777777778,1172.0
77.78083333333333,31.5425,1164.0
77.78083333333333,31.542222222222225,1178.0
77.78055555555557,31.541944444444447,1180.0
77.78027777777778,31.541666666666668,1181.0
77.78,31.54138888888889,1177.0
77.77972222222223,31.54111111111111,1176.0
77.77944444444445,31.540833333333335,1179.0
77.77916666666667,31.540555555555557,1177.0
77.77916666666667,31.540277777777774,1180.0
77.77916666666667,31.540000000000003,1182.0
77.77916666666667,31.539722222222224,1183.0
77.77916666666667,31.539444444444445,1184.0
77.77916666666667,31.539166666666667,1183.0
77.77916666666667,31.53888888888889,1179.0
77.77916666666667,31.538611111111113,1177.0
77.7788888888889,31.538333333333338,1160.0
77.77861111111112,31.538055555555555,1158.0
77.77833333333334,31.53777777777778,1168.0
77.77805555555557,31.5375,1174.0
77.77777777777779,31.537222222222223,1178.0
77.7775,31.536944444444444,1168.0
77.7775,31.53666666666667,1174.0
77.7775,31.53638888888889,1179.0
77.77722222222224,31.53611111111111,1165.0
77.77722222222224,31.535833333333336,1173.0
77.77722222222224,31.53555555555556,1178.0
77.77722222222224,31.53527777777778,1183.0
77.77694444444445,31.535,1170.0
77.77666666666667,31.534722222222225,1156.0
77.7763888888889,31.534444444444446,1150.0
77.77611111111112,31.534166666666668,1149.0
77.77583333333334,31.53388888888889,1158.0
77.77555555555556,31.533611111111114,1166.0
77.77527777777779,31.533333333333335,1173.0
77.775,31.533055555555556,1184.0
77.77472222222222,31.532777777777778,1183.0
77.77444444444446,31.5325,1167.0
77.77416666666667,31.5325,1155.0
77.77388888888889,31.532222222222224,1138.0
77.77361111111112,31.531944444444445,1134.0
77.77333333333334,31.531666666666663,1129.0
77.77305555555556,31.53138888888889,1130.0
77.77277777777779,31.531111111111112,1130.0
77.77250000000001,31.530833333333337,1125.0
77.77222222222223,31.53055555555556,1125.0
77.77194444444446,31.53027777777778,1132.0
77.77166666666668,31.53,1140.0
77.7713888888889,31.529722222222222,1144.0
77.77111111111113,31.529444444444447,1139.0
77.77083333333334,31.52916666666667,1148.0
77.77055555555556,31.52888888888889,1156.0
77.77027777777778,31.52861111111111,1164.0
77.77000000000001,31.528333333333336,1165.0
77.76972222222223,31.528055555555557,1152.0
77.76944444444445,31.52777777777778,1159.0
77.76916666666668,31.5275,1163.0
77.7688888888889,31.527222222222225,1151.0
77.76861111111111,31.527222222222225,1160.0
77.76833333333335,31.52694444444445,1145.0
77.76805555555556,31.52694444444445,1163.0
77.76777777777778,31.526666666666667,1149.0
77.76750000000001,31.52638888888889,1132.0
77.76722222222223,31.52638888888889,1157.0
77.76694444444445,31.526111111111113,1158.0
77.76666666666668,31.525833333333335,1160.0
77.7663888888889,31.525555555555556,1158.0
77.76611111111112,31.52527777777778,1157.0
77.76583333333335,31.525,1152.0
77.76555555555557,31.524722222222223,1145.0
77.76527777777778,31.524722222222223,1159.0
77.765,31.524444444444445,1144.0
77.76472222222223,31.524444444444445,1153.0
77.76444444444445,31.524444444444445,1162.0
77.76416666666667,31.52416666666667,1161.0
77.7638888888889,31.52388888888889,1164.0
77.76361111111112,31.52388888888889,1162.0
77.76333333333334,31.52388888888889,1163.0
77.76305555555557,31.52388888888889,1164.0
77.76277777777779,31.52388888888889,1164.0
77.7625,31.52388888888889,1164.0
77.76222222222223,31.52388888888889,1160.0
77.76194444444445,31.52388888888889,1160.0
77.76166666666667,31.52388888888889,1162.0
77.7613888888889,31.52388888888889,1160.0
77.76111111111112,31.52388888888889,1152.0
77.76083333333334,31.52388888888889,1138.0
77.76055555555557,31.52388888888889,1124.0
77.76027777777779,31.52388888888889,1109.0
77.76,31.52388888888889,1099.0
77.75972222222222,31.52388888888889,1097.0
77.75944444444445,31.52388888888889,1104.0
77.75916666666667,31.523611111111112,1109.0
77.75888888888889,31.523611111111112,1110.0
77.75861111111112,31.523611111111112,1108.0
77.75833333333334,31.523611111111112,1106.0
77.75805555555556,31.523611111111112,1107.0
77.75777777777779,31.523333333333333,1107.0
77.75750000000001,31.52305555555556,1102.0
77.75722222222223,31.52277777777778,1095.0
77.75694444444446,31.5225,1105.0
77.75666666666667,31.522222222222226,1110.0
77.75638888888889,31.521944444444447,1105.0
77.75611111111112,31.52166666666667,1101.0
77.75583333333334,31.52166666666667,1097.0
77.75555555555556,31.52138888888889,1100.0
77.75527777777779,31.52111111111111,1102.0
77.75500000000001,31.520833333333336,1101.0
77.75472222222223,31.520833333333336,1101.0
77.75444444444445,31.520833333333336,1099.0
77.75416666666668,31.520833333333336,1093.0
77.7538888888889,31.520833333333336,1089.0
77.75361111111111,31.520833333333336,1092.0
77.75333333333334,31.520833333333336,1099.0
77.75305555555556,31.520555555555557,1099.0
77.75277777777778,31.52027777777778,1101.0
77.75250000000001,31.520000000000003,1097.0
77.75222222222223,31.520000000000003,1094.0
77.75194444444445,31.519722222222224,1092.0
77.75166666666668,31.519722222222224,1093.0
77.7513888888889,31.51944444444445,1086.0
77.75111111111111,31.51944444444445,1090.0
77.75083333333335,31.519166666666667,1091.0
77.75055555555556,31.518888888888892,1081.0
77.75027777777778,31.518888888888892,1083.0
77.75,31.518888888888892,1089.0
77.74972222222223,31.518888888888892,1095.0
77.74944444444445,31.518611111111113,1090.0
77.74916666666667,31.518611111111113,1096.0
77.7488888888889,31.518333333333334,1082.0
77.74861111111112,31.518055555555556,1083.0
77.74833333333333,31.51777777777778,1085.0
77.74805555555557,31.51777777777778,1094.0
77.74777777777778,31.5175,1089.0
77.7475,31.5175,1092.0
77.74722222222223,31.517222222222223,1084.0
77.74694444444445,31.516944444444444,1084.0
77.74666666666667,31.51666666666667,1084.0
77.7463888888889,31.51666666666667,1096.0
77.74611111111112,31.51638888888889,1087.0
77.74583333333334,31.516111111111112,1081.0
77.74555555555557,31.515833333333333,1080.0
77.74527777777779,31.51555555555556,1084.0
77.745,31.51527777777778,1091.0
77.74472222222224,31.515,1096.0
77.74444444444445,31.515,1096.0
77.74416666666667,31.514722222222225,1092.0
77.74388888888889,31.514722222222225,1094.0
77.74361111111112,31.514444444444447,1095.0
77.74333333333334,31.514166666666668,1096.0
77.74305555555556,31.51388888888889,1090.0
77.74277777777779,31.51388888888889,1089.0
77.7425,31.51361111111111,1093.0
77.74222222222222,31.513333333333335,1090.0
77.74222222222222,31.513055555555557,1086.0
77.74194444444446,31.513055555555557,1082.0
77.74166666666667,31.513055555555557,1083.0
77.74138888888889,31.512777777777774,1080.0
77.74111111111112,31.512777777777774,1085.0
77.74083333333334,31.512500000000003,1084.0
77.74055555555556,31.512222222222224,1079.0
77.74027777777779,31.512222222222224,1078.0
77.74000000000001,31.512222222222224,1076.0
77.73972222222223,31.512222222222224,1072.0
77.73944444444444,31.512222222222224,1075.0
77.73916666666668,31.511944444444445,1073.0
77.7388888888889,31.511944444444445,1078.0
77.73861111111111,31.511944444444445,1082.0
77.73833333333334,31.511666666666667,1070.0
77.73805555555556,31.511666666666667,1080.0
77.73777777777778,31.51138888888889,1083.0
77.73750000000001,31.51138888888889,1082.0
77.73722222222223,31.51138888888889,1078.0
77.73694444444445,31.51138888888889,1070.0
77.73666666666668,31.51138888888889,1065.0
77.7363888888889,31.51138888888889,1078.0
77.73611111111111,31.511111111111113,1064.0
77.73583333333335,31.511111111111113,1078.0
77.73555555555556,31.510833333333338,1080.0
77.73527777777778,31.510833333333338,1080.0
77.73500000000001,31.510833333333338,1078.0
77.73472222222223,31.510833333333338,1081.0
77.73444444444445,31.510833333333338,1081.0
77.73416666666668,31.510833333333338,1078.0
77.7338888888889,31.510833333333338,1079.0
77.73361111111112,31.510833333333338,1083.0
77.73333333333333,31.510833333333338,1080.0
77.73305555555557,31.510833333333338,1079.0
77.73277777777778,31.510555555555555,1074.0
77.7325,31.51027777777778,1074.0
77.73222222222223,31.51,1083.0
77.73194444444445,31.509722222222223,1086.0
77.73166666666667,31.509722222222223,1083.0
77.7313888888889,31.509722222222223,1081.0
77.73111111111112,31.509722222222223,1079.0
77.73083333333334,31.509722222222223,1078.0
77.73055555555557,31.509444444444444,1070.0
77.73027777777779,31.50916666666667,1062.0
77.73,31.50888888888889,1073.0
77.72972222222224,31.50861111111111,1077.0
77.72944444444445,31.508333333333333,1074.0
77.72916666666667,31.50805555555556,1071.0
77.72888888888889,31.50777777777778,1079.0
77.72861111111112,31.5075,1078.0
77.72833333333334,31.5075,1076.0
77.72805555555556,31.507222222222225,1076.0
77.72777777777779,31.507222222222225,1075.0
77.7275,31.507222222222225,1075.0
77.72722222222222,31.506944444444446,1075.0
77.72694444444446,31.506666666666668,1070.0
77.72666666666667,31.50638888888889,1067.0
77.72638888888889,31.50611111111111,1060.0
77.72611111111112,31.50611111111111,1066.0
77.72583333333334,31.50611111111111,1066.0
77.72555555555556,31.50611111111111,1065.0
77.72527777777779,31.505833333333335,1063.0
77.72500000000001,31.505833333333335,1061.0
77.72472222222223,31.505833333333335,1063.0
77.72444444444446,31.505555555555556,1056.0
77.72416666666668,31.505555555555556,1065.0
77.7238888888889,31.505277777777778,1062.0
77.72361111111111,31.505277777777778,1060.0
77.72333333333334,31.505277777777778,1065.0
77.72305555555556,31.505277777777778,1067.0
77.72277777777778,31.505277777777778,1065.0
77.72250000000001,31.505277777777778,1063.0
77.72222222222223,31.505277777777778,1062.0
77.72194444444445,31.505277777777778,1062.0
77.72166666666668,31.505277777777778,1063.0
77.7213888888889,31.505277777777778,1067.0
77.72111111111111,31.505000000000003,1050.0
77.72083333333335,31.505000000000003,1048.0
77.72055555555556,31.505000000000003,1048.0
77.72027777777778,31.505000000000003,1047.0
77.72000000000001,31.505000000000003,1047.0
77.71972222222223,31.505000000000003,1047.0
77.71944444444445,31.505000000000003,1048.0
77.71916666666668,31.505000000000003,1051.0
77.7188888888889,31.505000000000003,1056.0
77.71861111111112,31.505000000000003,1060.0
77.71833333333333,31.505000000000003,1064.0
77.71805555555557,31.505277777777778,1054.0
77.71777777777778,31.505277777777778,1056.0
77.7175,31.505277777777778,1057.0
77.71722222222223,31.505277777777778,1057.0
77.71694444444445,31.505277777777778,1062.0
77.71666666666667,31.505277777777778,1067.0
77.7163888888889,31.505277777777778,1059.0
77.71611111111112,31.505277777777778,1049.0
77.71583333333334,31.505277777777778,1049.0
77.71555555555557,31.505277777777778,1052.0
77.71527777777779,31.505277777777778,1052.0
77.715,31.505277777777778,1042.0
77.71472222222224,31.505277777777778,1039.0
77.71444444444445,31.505277777777778,1040.0
77.71416666666667,31.505277777777778,1045.0
77.7138888888889,31.505277777777778,1049.0
77.71361111111112,31.505277777777778,1049.0
77.71333333333334,31.505277777777778,1049.0
77.71305555555556,31.505277777777778,1050.0
77.71277777777779,31.505277777777778,1053.0
77.7125,31.505000000000003,1050.0
77.71222222222222,31.505000000000003,1049.0
77.71194444444446,31.505000000000003,1044.0
77.71166666666667,31.505000000000003,1042.0
77.71138888888889,31.505000000000003,1049.0
77.71111111111112,31.504722222222224,1037.0
77.71083333333334,31.504722222222224,1039.0
77.71055555555556,31.504722222222224,1046.0
77.71027777777779,31.504722222222224,1052.0
77.71000000000001,31.504444444444445,1043.0
77.70972222222223,31.504166666666663,1038.0
77.70944444444446,31.50388888888889,1028.0
77.70916666666668,31.503611111111113,1030.0
77.7088888888889,31.503333333333337,1036.0
77.70861111111113,31.503055555555555,1040.0
77.70833333333334,31.50277777777778,1042.0
77.70805555555556,31.5025,1037.0
77.70777777777778,31.502222222222223,1034.0
77.70750000000001,31.501944444444447,1051.0
77.70722222222223,31.50166666666667,1061.0
77.70694444444445,31.50138888888889,1059.0
77.70694444444445,31.50111111111111,1052.0
77.70666666666668,31.500833333333336,1042.0
77.7063888888889,31.500555555555557,1039.0
77.70611111111111,31.50027777777778,1038.0
77.70583333333335,31.5,1040.0
77.70555555555556,31.499722222222225,1041.0
77.70555555555556,31.49944444444445,1039.0
77.70527777777778,31.499166666666667,1041.0
77.70527777777778,31.49888888888889,1036.0
77.70500000000001,31.498611111111114,1038.0
77.70472222222223,31.498333333333335,1042.0
77.70444444444445,31.498055555555556,1038.0
77.70416666666668,31.497777777777777,1032.0
77.7038888888889,31.4975,1022.0
77.70361111111112,31.497222222222224,1021.0
77.70333333333335,31.496944444444445,1031.0
77.70305555555557,31.49666666666667,1033.0
77.70277777777778,31.49666666666667,1031.0
77.7025,31.49638888888889,1031.0
77.70222222222223,31.49638888888889,1028.0
77.70194444444445,31.49638888888889,1021.0
77.70166666666667,31.49638888888889,1022.0
77.7013888888889,31.49638888888889,1030.0
77.70111111111112,31.496111111111112,1029.0
77.70083333333334,31.496111111111112,1032.0
77.70055555555557,31.495833333333337,1023.0
77.70027777777779,31.495833333333337,1028.0
77.7,31.495833333333337,1032.0
77.69972222222223,31.495833333333337,1031.0
77.69944444444445,31.495833333333337,1027.0
77.69916666666667,31.495833333333337,1027.0
77.6988888888889,31.495833333333337,1032.0
77.69861111111112,31.49555555555556,1021.0
77.69833333333334,31.49555555555556,1030.0
77.69805555555557,31.49527777777778,1022.0
77.69777777777779,31.49527777777778,1032.0
77.6975,31.495,1015.0
77.69722222222222,31.494722222222222,1013.0
77.69694444444445,31.494444444444447,1017.0
77.69666666666667,31.49416666666667,1022.0
77.69638888888889,31.49388888888889,1021.0
77.69611111111112,31.49361111111111,1024.0
77.69583333333334,31.493333333333336,1027.0
77.69555555555556,31.493333333333336,1032.0
77.69527777777779,31.493055555555557,1025.0
77.69500000000001,31.493055555555557,1033.0
77.69472222222223,31.49277777777778,1029.0
77.69444444444446,31.4925,1027.0
77.69416666666667,31.492222222222225,1024.0
77.69388888888889,31.492222222222225,1029.0
77.69361111111112,31.49194444444445,1022.0
77.69333333333334,31.49194444444445,1027.0
77.69305555555556,31.49194444444445,1033.0
77.69277777777779,31.491666666666667,1025.0
77.69250000000001,31.491388888888892,1022.0
77.69222222222223,31.491388888888892,1028.0
77.69194444444445,31.491111111111113,1020.0
77.69166666666668,31.491111111111113,1027.0
77.6913888888889,31.490833333333335,1025.0
77.69111111111111,31.490555555555556,1023.0
77.69083333333334,31.490555555555556,1026.0
77.69055555555556,31.49027777777778,1022.0
77.69027777777778,31.49,1021.0
77.69000000000001,31.489722222222223,1024.0
77.68972222222223,31.489444444444445,1031.0
77.68944444444445,31.48916666666667,1031.0
77.68916666666668,31.48888888888889,1028.0
77.6888888888889,31.488611111111112,1031.0
77.68861111111111,31.488333333333333,1026.0
77.68833333333335,31.48805555555556,1015.0
77.68805555555556,31.48805555555556,1022.0
77.68777777777778,31.48777777777778,1016.0
77.6875,31.4875,1020.0
77.68722222222223,31.487222222222226,1016.0
77.68694444444445,31.487222222222226,1026.0
77.68666666666667,31.486944444444447,1028.0
77.6863888888889,31.486666666666668,1025.0
77.68611111111112,31.48638888888889,1019.0
77.68583333333333,31.48611111111111,1023.0
77.68555555555557,31.485833333333336,1025.0
77.68527777777778,31.485555555555557,1018.0
77.685,31.485277777777775,1018.0
77.68472222222223,31.485000000000003,1019.0
77.68444444444445,31.484722222222224,1017.0
77.68416666666667,31.48444444444445,1014.0
77.6838888888889,31.484166666666667,1007.0
77.68361111111112,31.48388888888889,1001.0
77.68333333333334,31.483611111111113,1010.0
77.68305555555557,31.483333333333334,1030.0
77.68277777777779,31.483055555555556,1033.0
77.6825,31.48277777777778,1024.0
77.68222222222224,31.4825,1022.0
77.68222222222224,31.482222222222223,1023.0
77.68194444444445,31.481944444444444,1021.0
77.68194444444445,31.48166666666667,1020.0
77.68194444444445,31.48138888888889,1019.0
77.68194444444445,31.48111111111111,1019.0
77.68166666666667,31.480833333333333,1010.0
77.68166666666667,31.48055555555556,1014.0
77.68138888888889,31.48027777777778,1019.0
77.68138888888889,31.48,1015.0
77.68138888888889,31.479722222222225,1005.0
77.68138888888889,31.479444444444447,1002.0
77.68111111111112,31.479166666666668,1000.0
77.68111111111112,31.47888888888889,1000.0
77.68111111111112,31.47861111111111,998.0
77.68111111111112,31.478333333333335,993.0
77.68111111111112,31.478055555555557,988.0
77.68111111111112,31.477777777777774,983.0
77.68111111111112,31.477500000000003,979.0
77.68111111111112,31.477222222222224,980.0
77.68111111111112,31.476944444444445,986.0
77.68111111111112,31.476666666666667,996.0
77.68083333333334,31.47638888888889,995.0
77.68055555555556,31.476111111111113,989.0
77.68027777777779,31.475833333333338,991.0
77.68,31.475555555555555,995.0
77.67972222222222,31.47527777777778,996.0
77.67944444444446,31.475,991.0
77.67944444444446,31.474722222222223,995.0
77.67916666666667,31.474444444444444,984.0
77.67888888888889,31.47416666666667,978.0
77.67861111111112,31.47388888888889,977.0
77.67833333333334,31.47361111111111,986.0
77.67805555555556,31.473333333333336,988.0
77.67777777777779,31.47305555555556,982.0
77.67750000000001,31.47277777777778,976.0
77.67722222222223,31.4725,981.0
77.67694444444444,31.472222222222225,987.0
77.67666666666668,31.471944444444446,996.0
77.6763888888889,31.471666666666668,1000.0
77.67611111111111,31.47138888888889,998.0
77.67583333333334,31.471111111111114,996.0
77.67583333333334,31.470833333333335,997.0
77.67555555555556,31.470555555555556,996.0
77.67527777777778,31.470277777777778,993.0
77.67500000000001,31.47,989.0
77.67472222222223,31.469722222222224,986.0
77.67472222222223,31.469444444444445,981.0
77.67472222222223,31.469166666666663,980.0
77.67472222222223,31.46888888888889,980.0
77.67472222222223,31.468611111111112,981.0
77.67472222222223,31.468333333333337,984.0
77.67444444444445,31.46805555555556,974.0
77.67444444444445,31.46777777777778,976.0
77.67444444444445,31.4675,979.0
77.67416666666668,31.467222222222222,978.0
77.6738888888889,31.466944444444447,980.0
77.6738888888889,31.46666666666667,984.0
77.67361111111111,31.46638888888889,984.0
77.67333333333335,31.46611111111111,980.0
77.67305555555556,31.465833333333336,976.0
77.67277777777778,31.465555555555557,979.0
77.67250000000001,31.46527777777778,978.0
77.67222222222223,31.465,977.0
77.67194444444445,31.464722222222225,981.0
77.67166666666668,31.46444444444445,980.0
77.6713888888889,31.464166666666667,970.0
77.67111111111112,31.464166666666667,968.0
77.67111111111112,31.46388888888889,968.0
77.67083333333333,31.463611111111113,967.0
77.67083333333333,31.463333333333335,967.0
77.67055555555557,31.463055555555556,966.0
77.67027777777778,31.46277777777778,966.0
77.67,31.4625,965.0
77.66972222222223,31.4625,965.0
77.66944444444445,31.462222222222223,964.0
77.66916666666667,31.462222222222223,964.0
77.6688888888889,31.462222222222223,964.0
77.66861111111112,31.461944444444445,963.0
77.66833333333334,31.461944444444445,963.0
77.66805555555557,31.461944444444445,963.0
77.66777777777779,31.461944444444445,962.0
77.6675,31.461944444444445,962.0
77.66722222222224,31.461944444444445,962.0
77.66694444444445,31.46166666666667,961.0
77.66666666666667,31.46166666666667,961.0
77.66638888888889,31.46166666666667,961.0
77.66611111111112,31.46166666666667,960.0
77.66583333333334,31.46166666666667,960.0
77.66555555555556,31.46138888888889,959.0
77.66527777777779,31.46138888888889,959.0
77.665,31.46138888888889,959.0
77.66472222222222,31.46138888888889,958.0
77.66444444444446,31.46138888888889,958.0
77.66416666666667,31.461111111111112,957.0
77.66388888888889,31.461111111111112,957.0
77.66361111111112,31.461111111111112,957.0
77.66333333333334,31.460833333333333,956.0
77.66305555555556,31.460833333333333,956.0
77.66277777777779,31.460833333333333,956.0
77.66250000000001,31.460833333333333,955.0
77.66222222222223,31.460833333333333,955.0
77.66194444444446,31.460833333333333,955.0
77.66166666666668,31.460833333333333,954.0
77.6613888888889,31.460833333333333,954.0
77.66111111111111,31.460833333333333,954.0
77.66083333333334,31.460833333333333,953.0
77.66055555555556,31.46055555555556,953.0
77.66027777777778,31.46055555555556,952.0
77.66000000000001,31.46055555555556,952.0
77.65972222222223,31.46055555555556,952.0
77.65944444444445,31.46027777777778,953.0
77.65916666666668,31.46027777777778,955.0
77.6588888888889,31.46027777777778,956.0
77.65861111111111,31.46,955.0
77.65833333333335,31.46,955.0
77.65805555555556,31.459722222222226,954.0
77.65777777777778,31.459722222222226,953.0
77.65750000000001,31.459444444444447,952.0
77.65722222222223,31.45916666666667,951.0
77.65694444444445,31.45916666666667,951.0
77.65666666666668,31.45888888888889,950.0
77.6563888888889,31.45861111111111,950.0
77.65611111111112,31.45861111111111,949.0
77.65583333333333,31.458333333333336,949.0
77.65555555555557,31.458333333333336,948.0
77.65527777777778,31.458055555555557,947.0
77.655,31.458055555555557,947.0
77.65472222222223,31.45777777777778,946.0
77.65444444444445,31.457500000000003,946.0
77.65416666666667,31.457500000000003,948.0
77.6538888888889,31.457222222222224,945.0
77.65361111111112,31.457222222222224,950.0
77.65333333333334,31.45694444444445,948.0
77.65305555555557,31.456666666666667,951.0
77.65277777777779,31.456388888888892,942.0
77.6525,31.456111111111113,941.0
77.65222222222224,31.456111111111113,949.0
77.65194444444445,31.455833333333334,940.0
77.65166666666667,31.455833333333334,947.0
77.6513888888889,31.455555555555556,942.0
77.65111111111112,31.455555555555556,946.0
77.65083333333334,31.45527777777778,942.0
77.65055555555556,31.455,938.0
77.65027777777779,31.455,940.0
77.65,31.455,940.0
77.64972222222222,31.455,939.0
77.64944444444446,31.455,936.0
77.64916666666667,31.455,936.0
77.64888888888889,31.455,936.0
77.64861111111112,31.455,936.0
77.64833333333334,31.455,936.0
77.64805555555556,31.455,936.0
77.64777777777779,31.455,936.0
77.64750000000001,31.455,935.0
77.64722222222223,31.455,935.0
77.64694444444446,31.455,935.0
77.64666666666668,31.455,942.0
77.6463888888889,31.455,948.0
77.64611111111113,31.45527777777778,935.0
77.64583333333334,31.45527777777778,935.0
77.64555555555556,31.45527777777778,936.0
77.64527777777778,31.45527777777778,937.0
77.64500000000001,31.45527777777778,940.0
77.64472222222223,31.45527777777778,945.0
77.64444444444445,31.455555555555556,934.0
77.64416666666668,31.455555555555556,934.0
77.6438888888889,31.455555555555556,950.0
77.64361111111111,31.455833333333334,934.0
77.64333333333335,31.455833333333334,934.0
77.64305555555556,31.455833333333334,934.0
77.64277777777778,31.456111111111113,934.0
77.64250000000001,31.456111111111113,934.0
77.64222222222223,31.456111111111113,949.0
77.64194444444445,31.456388888888892,933.0
77.64166666666668,31.456388888888892,938.0
77.6413888888889,31.456388888888892,941.0
77.64111111111112,31.456388888888892,943.0
77.64083333333335,31.456388888888892,943.0
77.64055555555557,31.456388888888892,941.0
77.64027777777778,31.456388888888892,937.0
77.64,31.456388888888892,932.0
77.63972222222223,31.456388888888892,932.0
77.63944444444445,31.456388888888892,932.0
77.63916666666667,31.456111111111113,932.0
77.6388888888889,31.456111111111113,932.0
77.63861111111112,31.456111111111113,931.0
77.63833333333334,31.455833333333334,931.0
77.63805555555557,31.455833333333334,931.0
77.63777777777779,31.455555555555556,931.0
77.6375,31.455555555555556,948.0
77.63722222222223,31.45527777777778,930.0
77.63694444444445,31.455,943.0
77.63666666666667,31.454722222222223,946.0
77.6363888888889,31.454444444444444,939.0
77.63611111111112,31.45416666666667,938.0
77.63583333333334,31.45416666666667,949.0
77.63555555555557,31.45388888888889,946.0
77.63527777777779,31.453611111111112,941.0
77.635,31.453611111111112,949.0
77.63472222222222,31.453333333333333,945.0
77.63444444444445,31.453333333333333,949.0
77.63416666666667,31.45305555555556,935.0
77.63388888888889,31.45305555555556,938.0
77.63361111111112,31.45305555555556,942.0
77.63333333333334,31.45305555555556,947.0
77.63305555555556,31.45277777777778,935.0
77.63277777777779,31.45277777777778,940.0
77.63250000000001,31.45277777777778,949.0
77.63222222222223,31.4525,946.0
77.63194444444446,31.4525,948.0
77.63166666666667,31.4525,950.0
77.63138888888889,31.452222222222225,948.0
77.63111111111112,31.451944444444447,942.0
77.63083333333334,31.451944444444447,945.0
77.63055555555556,31.451944444444447,948.0
77.63027777777779,31.451666666666668,936.0
77.63000000000001,31.451666666666668,938.0
77.62972222222223,31.45138888888889,928.0
77.62944444444445,31.45111111111111,927.0
77.62916666666668,31.450833333333335,933.0
77.6288888888889,31.450555555555557,941.0
77.62861111111111,31.450277777777774,948.0
77.62833333333334,31.450000000000003,951.0
77.62833333333334,31.449722222222224,951.0
77.62805555555556,31.449444444444445,944.0
77.62805555555556,31.449166666666667,945.0
77.62805555555556,31.44888888888889,944.0
77.62805555555556,31.448611111111113,942.0
77.62805555555556,31.448333333333338,945.0
77.62805555555556,31.448055555555555,950.0
77.62833333333334,31.44777777777778,951.0
77.62833333333334,31.4475,951.0
77.62833333333334,31.447222222222223,949.0
77.62833333333334,31.446944444444444,945.0
77.62833333333334,31.44666666666667,945.0
77.62833333333334,31.44638888888889,939.0
77.62833333333334,31.44611111111111,932.0
77.62833333333334,31.445833333333333,932.0
77.62833333333334,31.44555555555556,935.0
77.62833333333334,31.44527777777778,935.0
77.62861111111111,31.445,931.0
77.62861111111111,31.444722222222225,930.0
77.62861111111111,31.444444444444446,927.0
77.62861111111111,31.444166666666668,927.0
77.62861111111111,31.44388888888889,931.0
77.62833333333334,31.44361111111111,930.0
77.62805555555556,31.443333333333335,931.0
77.62805555555556,31.443055555555556,935.0
77.62777777777778,31.442777777777778,927.0
77.62777777777778,31.442500000000003,924.0
77.62750000000001,31.442222222222224,922.0
77.62750000000001,31.441944444444445,928.0
77.62722222222223,31.441666666666663,922.0
77.62722222222223,31.44138888888889,925.0
77.62694444444445,31.441111111111113,922.0
77.62694444444445,31.440833333333337,928.0
77.62666666666668,31.440555555555555,925.0
77.6263888888889,31.44027777777778,919.0
77.62611111111111,31.44,916.0
77.62583333333335,31.439722222222223,919.0
77.62555555555556,31.439444444444447,923.0
77.62527777777778,31.43916666666667,925.0
77.625,31.43888888888889,925.0
77.625,31.43861111111111,928.0
77.62472222222223,31.438333333333336,929.0
77.62444444444445,31.438055555555557,928.0
77.62416666666667,31.43777777777778,923.0
77.6238888888889,31.4375,928.0
77.62361111111112,31.437222222222225,928.0
77.62333333333333,31.43694444444445,928.0
77.62305555555557,31.436666666666667,924.0
77.62305555555557,31.43638888888889,925.0
77.62305555555557,31.436111111111114,927.0
77.62277777777778,31.435833333333335,919.0
77.62277777777778,31.435555555555556,921.0
77.62277777777778,31.435277777777777,925.0
77.6225,31.435,915.0
77.6225,31.434722222222224,920.0
77.6225,31.434444444444445,925.0
77.6225,31.43416666666667,929.0
77.62222222222223,31.43388888888889,929.0
77.62222222222223,31.433611111111112,929.0
77.62194444444445,31.433333333333337,929.0
77.62194444444445,31.43305555555556,929.0
77.62222222222223,31.43277777777778,928.0
77.62222222222223,31.4325,926.0
77.62222222222223,31.432222222222222,921.0
77.62222222222223,31.431944444444447,916.0
77.62222222222223,31.43166666666667,911.0
77.62222222222223,31.43138888888889,910.0
77.62222222222223,31.43111111111111,910.0
77.62222222222223,31.430833333333336,913.0
77.62222222222223,31.430555555555557,916.0
77.62222222222223,31.43027777777778,923.0
77.62194444444445,31.43,913.0
77.62194444444445,31.429722222222225,919.0
77.62194444444445,31.42944444444445,923.0
77.62166666666667,31.429166666666667,912.0
77.62166666666667,31.428888888888892,918.0
77.62166666666667,31.428611111111113,921.0
77.62166666666667,31.428333333333335,925.0
77.6213888888889,31.428055555555556,923.0
77.62111111111112,31.42777777777778,918.0
77.62111111111112,31.4275,913.0
77.62111111111112,31.427222222222223,909.0
77.62111111111112,31.426944444444445,910.0
77.62111111111112,31.42666666666667,913.0
77.62111111111112,31.42638888888889,914.0
77.62111111111112,31.426111111111112,915.0
77.62111111111112,31.425833333333333,920.0
77.62111111111112,31.42555555555556,923.0
77.6213888888889,31.42527777777778,925.0
77.6213888888889,31.425,923.0
77.62111111111112,31.424722222222226,915.0
77.62111111111112,31.424444444444447,910.0
77.62111111111112,31.424166666666668,908.0
77.62111111111112,31.42388888888889,907.0
77.62111111111112,31.42361111111111,904.0
77.62111111111112,31.423333333333336,902.0
77.62111111111112,31.423055555555557,902.0
77.62111111111112,31.422777777777775,903.0
77.62111111111112,31.422500000000003,903.0
77.62111111111112,31.422222222222224,904.0
77.62111111111112,31.42194444444445,904.0
77.62111111111112,31.421666666666667,904.0
77.62111111111112,31.42138888888889,905.0
77.62111111111112,31.421111111111113,905.0
77.62111111111112,31.420833333333334,903.0
77.62111111111112,31.420555555555556,903.0
77.62111111111112,31.42027777777778,905.0
77.62111111111112,31.42,908.0
77.62111111111112,31.419722222222223,911.0
77.62111111111112,31.419444444444444,912.0
77.62111111111112,31.41916666666667,909.0
77.62111111111112,31.41888888888889,906.0
77.62111111111112,31.41861111111111,909.0
77.62111111111112,31.418333333333333,912.0
77.62111111111112,31.41805555555556,910.0
77.6213888888889,31.41777777777778,906.0
77.6213888888889,31.4175,901.0
77.6213888888889,31.417222222222225,899.0
77.6213888888889,31.416944444444447,901.0
77.6213888888889,31.416666666666668,904.0
77.62166666666667,31.41638888888889,907.0
77.62194444444445,31.41611111111111,905.0
77.62194444444445,31.415833333333335,905.0
77.62194444444445,31.415555555555557,904.0
77.62194444444445,31.415277777777774,903.0
77.62194444444445,31.415000000000003,901.0
77.62194444444445,31.414722222222224,902.0
77.62222222222223,31.414444444444445,900.0
77.6225,31.414166666666667,901.0
77.62277777777778,31.41388888888889,903.0
77.62305555555557,31.413611111111113,903.0
77.62333333333333,31.413333333333338,901.0
77.62361111111112,31.413055555555555,902.0
77.6238888888889,31.41277777777778,906.0
77.62416666666667,31.4125,902.0
77.62444444444445,31.412222222222223,899.0
77.62472222222223,31.411944444444444,898.0
77.625,31.41166666666667,898.0
77.62527777777778,31.41138888888889,898.0
77.62555555555556,31.41111111111111,898.0
77.62583333333335,31.410833333333336,897.0
77.62611111111111,31.410833333333336,897.0
77.6263888888889,31.41055555555556,897.0
77.62666666666668,31.41027777777778,897.0
77.62694444444445,31.41,896.0
77.62722222222223,31.409722222222225,896.0
77.62750000000001,31.409444444444446,896.0
77.62777777777778,31.409166666666668,896.0
77.62805555555556,31.40888888888889,895.0
77.62805555555556,31.408611111111114,895.0
77.62833333333334,31.408333333333335,895.0
77.62861111111111,31.408055555555556,895.0
77.62861111111111,31.407777777777778,894.0
77.6288888888889,31.4075,894.0
77.62916666666668,31.407222222222224,894.0
77.62944444444445,31.406944444444445,894.0
77.62972222222223,31.406666666666663,893.0
77.62972222222223,31.40638888888889,893.0
77.63000000000001,31.406111111111112,893.0
77.63027777777779,31.405833333333337,893.0
77.63055555555556,31.40555555555556,892.0
77.63055555555556,31.40527777777778,892.0
77.63055555555556,31.405,892.0
77.63083333333334,31.404722222222222,892.0
77.63111111111112,31.404444444444447,892.0
77.63111111111112,31.40416666666667,891.0
77.63138888888889,31.40388888888889,891.0
77.63166666666667,31.40361111111111,891.0
77.63194444444446,31.403333333333336,891.0
77.63222222222223,31.403055555555557,890.0
77.63222222222223,31.40277777777778,890.0
77.63222222222223,31.4025,890.0
77.63250000000001,31.402222222222225,890.0
77.63277777777779,31.40194444444445,889.0
77.63305555555556,31.401666666666667,889.0
77.63333333333334,31.40138888888889,889.0
77.63361111111112,31.401111111111113,889.0
77.63388888888889,31.400833333333335,888.0
77.63388888888889,31.400555555555556,888.0
77.63388888888889,31.40027777777778,888.0
77.63388888888889,31.4,888.0
77.63388888888889,31.399722222222223,888.0
77.63388888888889,31.399444444444445,888.0
77.63388888888889,31.39916666666667,887.0
77.63388888888889,31.39888888888889,887.0
77.63388888888889,31.398611111111112,887.0
77.63388888888889,31.398333333333333,887.0
77.63361111111112,31.39805555555556,886.0
77.63361111111112,31.39777777777778,886.0
77.63361111111112,31.3975,886.0
77.63333333333334,31.397222222222226,886.0
77.63333333333334,31.396944444444447,886.0
77.63305555555556,31.39666666666667,885.0
77.63277777777779,31.39666666666667,885.0
77.63250000000001,31.39666666666667,885.0
77.63222222222223,31.39638888888889,885.0
77.63194444444446,31.39611111111111,885.0
77.63166666666667,31.395833333333336,884.0
77.63166666666667,31.395555555555557,884.0
77.63166666666667,31.39527777777778,884.0
77.63166666666667,31.395000000000003,884.0
77.63166666666667,31.394722222222224,884.0
77.63166666666667,31.39444444444445,883.0
77.63166666666667,31.394166666666667,883.0
77.63166666666667,31.393888888888892,883.0
77.63138888888889,31.393611111111113,883.0
77.63138888888889,31.393333333333334,883.0
77.63138888888889,31.393055555555556,882.0
77.63138888888889,31.39277777777778,882.0
77.63111111111112,31.3925,882.0
77.63083333333334,31.392222222222223,882.0
77.63055555555556,31.391944444444444,881.0
77.63055555555556,31.39166666666667,881.0
77.63027777777779,31.39138888888889,881.0
77.63000000000001,31.391111111111112,881.0
77.62972222222223,31.390833333333333,880.0
77.62944444444445,31.39055555555556,880.0
77.62916666666668,31.39027777777778,880.0
77.6288888888889,31.39,880.0
77.62861111111111,31.389722222222225,879.0
77.62833333333334,31.389722222222225,879.0
77.62805555555556,31.389722222222225,879.0
77.62777777777778,31.389444444444447,879.0
77.62750000000001,31.389444444444447,879.0
77.62722222222223,31.389444444444447,878.0
77.62694444444445,31.389444444444447,878.0
77.62666666666668,31.389166666666668,878.0
77.6263888888889,31.389166666666668,878.0
77.62611111111111,31.38888888888889,878.0
77.62583333333335,31.38861111111111,877.0
77.62555555555556,31.38861111111111,877.0
77.62527777777778,31.38861111111111,877.0
77.625,31.38861111111111,877.0
77.62472222222223,31.38861111111111,877.0
77.62444444444445,31.38861111111111,877.0
77.62416666666667,31.388333333333335,876.0
77.6238888888889,31.388333333333335,876.0
77.62361111111112,31.388333333333335,876.0
77.62333333333333,31.388333333333335,876.0
77.62305555555557,31.388333333333335,876.0
77.62277777777778,31.388333333333335,876.0
77.6225,31.388333333333335,875.0
77.62222222222223,31.388333333333335,875.0
77.62194444444445,31.388333333333335,875.0
77.62166666666667,31.388333333333335,875.0
77.6213888888889,31.388333333333335,875.0
77.62111111111112,31.388333333333335,875.0
77.62083333333334,31.388333333333335,874.0
77.62055555555557,31.388333333333335,874.0
77.62027777777779,31.388333333333335,874.0
77.62,31.38861111111111,874.0
77.61972222222224,31.38861111111111,874.0
77.61944444444445,31.38888888888889,873.0
77.61916666666667,31.38888888888889,873.0
77.61888888888889,31.38888888888889,873.0
77.61861111111112,31.38888888888889,873.0
77.61833333333334,31.38888888888889,873.0
77.61805555555556,31.389166666666668,872.0
77.61777777777779,31.389166666666668,872.0
77.6175,31.389166666666668,872.0
77.61722222222222,31.389444444444447,872.0
77.61694444444446,31.389444444444447,872.0
77.61666666666667,31.389722222222225,871.0
77.61638888888889,31.389722222222225,871.0
77.61611111111112,31.389722222222225,871.0
77.61583333333334,31.39,871.0
77.61555555555556,31.39027777777778,871.0
77.61527777777779,31.39055555555556,870.0
77.61500000000001,31.39055555555556,870.0
77.61472222222223,31.39055555555556,870.0
77.61444444444444,31.39055555555556,870.0
77.61416666666668,31.390833333333333,870.0
77.6138888888889,31.391111111111112,869.0
77.61361111111111,31.391111111111112,869.0
77.61333333333334,31.391111111111112,869.0
77.61305555555556,31.391111111111112,869.0
77.61277777777778,31.391111111111112,869.0
77.61250000000001,31.39138888888889,869.0
77.61222222222223,31.39166666666667,868.0
77.61194444444445,31.391944444444444,868.0
77.61166666666668,31.392222222222223,868.0
77.6113888888889,31.3925,868.0
77.61111111111111,31.39277777777778,867.0
77.61083333333335,31.393055555555556,867.0
77.61055555555556,31.393333333333334,867.0
77.61027777777778,31.393611111111113,866.0
77.61000000000001,31.393611111111113,866.0
77.60972222222223,31.393888888888892,866.0
77.60944444444445,31.394166666666667,866.0
77.60916666666668,31.39444444444445,866.0
77.6088888888889,31.394722222222224,865.0
77.6088888888889,31.395000000000003,865.0
77.6088888888889,31.39527777777778,865.0
77.6088888888889,31.395555555555557,865.0
77.6088888888889,31.395833333333336,865.0
77.60861111111112,31.39611111111111,864.0
77.60833333333333,31.39611111111111,864.0
77.60805555555557,31.39638888888889,864.0
77.60777777777778,31.39666666666667,864.0
77.6075,31.396944444444447,864.0
77.60722222222223,31.397222222222226,864.0
77.60694444444445,31.3975,864.0
77.60666666666667,31.39777777777778,863.0
77.6063888888889,31.39777777777778,863.0
77.60611111111112,31.39777777777778,863.0
77.60583333333334,31.39777777777778,863.0
77.60555555555557,31.39777777777778,863.0
77.60527777777779,31.39777777777778,863.0
77.605,31.39777777777778,863.0
77.60472222222224,31.39777777777778,863.0
77.60444444444445,31.39777777777778,863.0
77.60416666666667,31.39777777777778,863.0
77.60388888888889,31.39777777777778,863.0
77.60361111111112,31.39777777777778,863.0
77.60333333333334,31.39805555555556,863.0
77.60305555555556,31.39805555555556,863.0
77.60277777777779,31.39805555555556,863.0
77.6025,31.39805555555556,863.0
77.60222222222222,31.39805555555556,863.0
77.60194444444446,31.39805555555556,863.0
77.60166666666667,31.39805555555556,863.0
77.60138888888889,31.39805555555556,863.0
77.60111111111112,31.39805555555556,863.0
77.60083333333334,31.39805555555556,863.0
77.60055555555556,31.39805555555556,863.0
77.60027777777779,31.39805555555556,862.0
77.60000000000001,31.39805555555556,862.0
77.59972222222223,31.39805555555556,862.0
77.59944444444446,31.39805555555556,862.0
77.59916666666668,31.39805555555556,862.0
77.5988888888889,31.39805555555556,862.0
77.59861111111111,31.39805555555556,862.0
77.59833333333334,31.39805555555556,862.0
77.59805555555556,31.39805555555556,862.0
77.59777777777778,31.39805555555556,862.0
77.59750000000001,31.398333333333333,862.0
77.59722222222223,31.398333333333333,862.0
77.59694444444445,31.398333333333333,862.0
77.59666666666668,31.398333333333333,862.0
77.5963888888889,31.398333333333333,862.0
77.59611111111111,31.398333333333333,862.0
77.59583333333335,31.398333333333333,862.0
77.59555555555556,31.398333333333333,862.0
77.59527777777778,31.398333333333333,862.0
77.59500000000001,31.398333333333333,862.0
77.59472222222223,31.398333333333333,862.0
77.59444444444445,31.398333333333333,862.0
77.59416666666668,31.398333333333333,861.0
77.5938888888889,31.398333333333333,861.0
77.59361111111112,31.398333333333333,861.0
77.59333333333333,31.398333333333333,861.0
77.59305555555557,31.398611111111112,861.0
77.59277777777778,31.398611111111112,861.0
77.5925,31.398611111111112,861.0
77.59222222222223,31.398611111111112,861.0
77.59194444444445,31.39888888888889,861.0
77.59166666666667,31.39888888888889,861.0
77.5913888888889,31.39888888888889,861.0
77.59111111111112,31.39888888888889,860.0
77.59083333333334,31.39888888888889,860.0
77.59055555555557,31.39888888888889,860.0
77.59027777777779,31.39888888888889,860.0
77.59,31.39888888888889,860.0
77.58972222222224,31.39888888888889,860.0
77.58944444444445,31.398611111111112,859.0
77.58916666666667,31.398611111111112,859.0
77.5888888888889,31.398611111111112,859.0
77.58861111111112,31.398611111111112,859.0
77.58833333333334,31.398611111111112,859.0
77.58805555555556,31.398611111111112,859.0
77.58777777777779,31.398611111111112,859.0
77.5875,31.398333333333333,858.0
77.58722222222222,31.398333333333333,858.0
77.58694444444446,31.398333333333333,858.0
77.58666666666667,31.39805555555556,858.0
77.58638888888889,31.39777777777778,858.0
77.58611111111112,31.3975,858.0
77.58583333333334,31.397222222222226,857.0
77.58555555555556,31.397222222222226,857.0
77.58527777777779,31.397222222222226,857.0
77.58500000000001,31.397222222222226,857.0
77.58472222222223,31.397222222222226,857.0
77.58444444444446,31.397222222222226,857.0
77.58416666666668,31.397222222222226,857.0
77.5838888888889,31.397222222222226,857.0
77.58361111111113,31.397222222222226,856.0
77.58333333333334,31.397222222222226,856.0
77.58305555555556,31.397222222222226,856.0
77.58277777777778,31.397222222222226,856.0
77.58250000000001,31.397222222222226,856.0
77.58222222222223,31.397222222222226,856.0
77.58194444444445,31.397222222222226,856.0
77.58166666666668,31.397222222222226,855.0
77.5813888888889,31.397222222222226,855.0
77.58111111111111,31.397222222222226,855.0
77.58083333333335,31.397222222222226,855.0
77.58055555555556,31.397222222222226,855.0
77.58027777777778,31.397222222222226,855.0
77.58000000000001,31.397222222222226,855.0
77.57972222222223,31.397222222222226,855.0
77.57944444444445,31.397222222222226,854.0
77.57916666666668,31.397222222222226,854.0
77.5788888888889,31.397222222222226,854.0
77.57861111111112,31.396944444444447,854.0
77.57833333333335,31.396944444444447,854.0
77.57805555555557,31.39666666666667,854.0
77.57777777777778,31.39638888888889,853.0
77.5775,31.39638888888889,853.0
77.57722222222223,31.39611111111111,853.0
77.57694444444445,31.395833333333336,853.0
77.57666666666667,31.395555555555557,853.0
77.5763888888889,31.39527777777778,852.0
77.5763888888889,31.395000000000003,852.0
77.5763888888889,31.394722222222224,852.0
77.57611111111112,31.39444444444445,852.0
77.57583333333334,31.394166666666667,851.0
77.57583333333334,31.393888888888892,851.0
77.57555555555557,31.393611111111113,851.0
77.57527777777779,31.393333333333334,851.0
77.575,31.393055555555556,850.0
77.575,31.39277777777778,850.0
77.575,31.3925,850.0
77.575,31.392222222222223,850.0
77.575,31.391944444444444,850.0
77.575,31.39166666666667,849.0
77.575,31.39138888888889,849.0
77.575,31.391111111111112,849.0
77.575,31.390833333333333,849.0
77.575,31.39055555555556,849.0
77.57472222222223,31.39027777777778,848.0
77.57472222222223,31.39,848.0
77.57472222222223,31.389722222222225,848.0
77.57472222222223,31.389444444444447,848.0
77.57472222222223,31.389166666666668,847.0
77.57444444444445,31.38888888888889,847.0
77.57416666666667,31.38861111111111,847.0
77.5738888888889,31.388333333333335,847.0
77.57361111111112,31.388055555555557,846.0
77.57333333333334,31.388055555555557,846.0
77.57305555555557,31.388055555555557,846.0
77.57277777777779,31.388055555555557,846.0
77.5725,31.388055555555557,846.0
77.57222222222222,31.388055555555557,846.0
77.57194444444445,31.388055555555557,845.0
77.57166666666667,31.388333333333335,845.0
77.57138888888889,31.388333333333335,845.0
77.57111111111112,31.388333333333335,845.0
77.57083333333334,31.388333333333335,845.0
77.57055555555556,31.38861111111111,845.0
77.57027777777779,31.38861111111111,844.0
77.57000000000001,31.38888888888889,844.0
77.56972222222223,31.389166666666668,844.0
77.56944444444446,31.389444444444447,844.0
77.56916666666667,31.389444444444447,844.0
77.56888888888889,31.389444444444447,844.0
77.56861111111112,31.389444444444447,843.0
77.56833333333334,31.389444444444447,843.0
77.56805555555556,31.389444444444447,843.0
77.56777777777779,31.389444444444447,843.0
77.56750000000001,31.389444444444447,843.0
77.56722222222223,31.389444444444447,843.0
77.56694444444445,31.389444444444447,842.0
77.56666666666668,31.389444444444447,842.0
77.5663888888889,31.389444444444447,842.0
77.56611111111111,31.389444444444447,842.0
77.56583333333334,31.389444444444447,842.0
77.56555555555556,31.389444444444447,842.0
77.56527777777778,31.389444444444447,842.0
77.56500000000001,31.389444444444447,841.0
77.56472222222223,31.389444444444447,841.0
77.56444444444445,31.389444444444447,841.0
77.56416666666668,31.389444444444447,841.0
77.5638888888889,31.389166666666668,841.0
77.56361111111111,31.389166666666668,841.0
77.56333333333335,31.389166666666668,840.0
77.56305555555556,31.389166666666668,840.0
77.56277777777778,31.389166666666668,840.0
77.5625,31.389166666666668,840.0
77.56222222222223,31.389166666666668,840.0
77.56194444444445,31.389166666666668,840.0
77.56166666666667,31.389166666666668,839.0
77.5613888888889,31.38888888888889,839.0
77.56111111111112,31.38888888888889,839.0
77.56083333333333,31.38888888888889,839.0
77.56055555555557,31.38888888888889,839.0
77.56027777777778,31.38888888888889,839.0
77.56,31.38888888888889,838.0
77.55972222222223,31.38888888888889,838.0
77.55944444444445,31.38888888888889,838.0
77.55916666666667,31.38888888888889,838.0
77.5588888888889,31.389166666666668,838.0
77.55861111111112,31.389444444444447,838.0
77.55833333333334,31.389722222222225,837.0
77.55805555555557,31.389722222222225,837.0
77.55777777777779,31.389722222222225,837.0
77.5575,31.389722222222225,837.0
77.55722222222224,31.389722222222225,837.0
77.55694444444445,31.389722222222225,837.0
77.55666666666667,31.389722222222225,837.0
77.55638888888889,31.389722222222225,836.0
77.55611111111112,31.389722222222225,836.0
77.55583333333334,31.389722222222225,836.0
77.55555555555556,31.39,836.0
77.55527777777779,31.39,836.0
77.555,31.39,836.0
77.55472222222222,31.39,835.0
77.55444444444446,31.39,835.0
77.55416666666667,31.39,835.0
77.55388888888889,31.39,835.0
77.55361111111112,31.389722222222225,835.0
77.55333333333334,31.389444444444447,834.0
77.55305555555556,31.389166666666668,834.0
77.55277777777779,31.38888888888889,834.0
77.55250000000001,31.38861111111111,834.0
77.55222222222223,31.388333333333335,833.0
77.55194444444444,31.388055555555557,833.0
77.55166666666668,31.387777777777774,833.0
77.5513888888889,31.387500000000003,833.0
77.55111111111111,31.387222222222224,834.0
77.55083333333334,31.386944444444445,834.0
77.55055555555556,31.386666666666667,834.0
77.55027777777778,31.38638888888889,834.0
77.55000000000001,31.386111111111113,834.0
77.55000000000001,31.385833333333338,837.0
77.54972222222223,31.385555555555555,834.0
77.54972222222223,31.38527777777778,836.0
77.54944444444445,31.385,832.0
77.54916666666668,31.384722222222223,831.0
77.5488888888889,31.384444444444444,830.0
77.54861111111111,31.38416666666667,830.0
77.54833333333335,31.38388888888889,832.0
77.54805555555556,31.38361111111111,833.0
77.54777777777778,31.383333333333333,834.0
77.54750000000001,31.38305555555556,836.0
77.54722222222223,31.38277777777778,835.0
77.54694444444445,31.3825,832.0
77.54666666666668,31.382222222222225,830.0
77.54666666666668,31.381944444444446,834.0
77.5463888888889,31.381666666666668,830.0
77.5463888888889,31.38138888888889,835.0
77.54611111111112,31.38111111111111,833.0
77.54583333333333,31.380833333333335,833.0
77.54583333333333,31.380555555555556,836.0
77.54583333333333,31.380277777777778,837.0
77.54555555555557,31.380000000000003,834.0
77.54555555555557,31.379722222222224,835.0
77.54555555555557,31.379444444444445,836.0
77.54527777777778,31.379166666666663,835.0
77.54527777777778,31.37888888888889,834.0
77.54527777777778,31.378611111111113,835.0
77.54527777777778,31.378333333333337,837.0
77.54527777777778,31.378055555555555,837.0
77.54527777777778,31.37777777777778,837.0
77.545,31.3775,829.0
77.545,31.377222222222223,830.0
77.545,31.376944444444447,829.0
77.545,31.37666666666667,825.0
77.545,31.37638888888889,816.0
77.545,31.37611111111111,822.0
77.545,31.375833333333336,827.0
77.545,31.375555555555557,827.0
77.545,31.37527777777778,829.0
77.54472222222223,31.375,831.0
77.54472222222223,31.374722222222225,833.0
77.54472222222223,31.37444444444445,837.0
77.54444444444445,31.374166666666667,831.0
77.54444444444445,31.37388888888889,832.0
77.54416666666667,31.373611111111114,828.0
77.5438888888889,31.373333333333335,827.0
77.54361111111112,31.373055555555556,828.0
77.54333333333334,31.372777777777777,826.0
77.54305555555557,31.3725,821.0
77.54277777777779,31.372222222222224,821.0
77.5425,31.371944444444445,823.0
77.54222222222224,31.37166666666667,824.0
77.54194444444445,31.37138888888889,825.0
77.54166666666667,31.371111111111112,826.0
77.54138888888889,31.370833333333337,837.0
77.54111111111112,31.37055555555556,833.0
77.54111111111112,31.37027777777778,828.0
77.54111111111112,31.37,824.0
77.54111111111112,31.369722222222222,825.0
77.54083333333334,31.369444444444447,823.0
77.54055555555556,31.36916666666667,822.0
77.54027777777779,31.36888888888889,822.0
77.54027777777779,31.36861111111111,826.0
77.54,31.368333333333336,826.0
77.53972222222222,31.368055555555557,825.0
77.53944444444446,31.36777777777778,824.0
77.53944444444446,31.3675,826.0
77.53916666666667,31.367222222222225,826.0
77.53888888888889,31.36694444444445,826.0
77.53861111111112,31.366666666666667,824.0
77.53833333333334,31.366388888888892,822.0
77.53805555555556,31.366111111111113,823.0
77.53805555555556,31.365833333333335,823.0
77.53805555555556,31.365555555555556,826.0
77.53777777777779,31.36527777777778,824.0
77.53750000000001,31.365,822.0
77.53750000000001,31.364722222222223,824.0
77.53722222222223,31.364444444444445,822.0
77.53722222222223,31.36416666666667,826.0
77.53694444444446,31.36388888888889,824.0
77.53666666666668,31.363611111111112,820.0
77.53666666666668,31.363333333333333,824.0
77.5363888888889,31.36305555555556,821.0
77.53611111111111,31.36277777777778,818.0
77.53583333333334,31.3625,817.0
77.53555555555556,31.362222222222226,816.0
77.53527777777778,31.361944444444447,816.0
77.53500000000001,31.361666666666668,824.0
77.53472222222223,31.36138888888889,826.0
77.53444444444445,31.36111111111111,820.0
77.53416666666668,31.360833333333336,817.0
77.53416666666668,31.360555555555557,816.0
77.5338888888889,31.360277777777775,815.0
77.53361111111111,31.360000000000003,815.0
77.53333333333335,31.359722222222224,816.0
77.53305555555556,31.35944444444445,817.0
77.53277777777778,31.359166666666667,817.0
77.53250000000001,31.35888888888889,817.0
77.53222222222223,31.35888888888889,814.0
77.53222222222223,31.358611111111113,812.0
77.53222222222223,31.358333333333334,815.0
77.53194444444445,31.358055555555556,815.0
77.53166666666668,31.35777777777778,813.0
77.5313888888889,31.3575,810.0
77.53111111111112,31.357222222222223,811.0
77.53083333333333,31.356944444444444,812.0
77.53055555555557,31.35666666666667,812.0
77.53027777777778,31.35638888888889,809.0
77.53,31.35611111111111,812.0
77.52972222222223,31.355833333333333,812.0
77.52944444444445,31.35555555555556,813.0
77.52916666666667,31.35527777777778,814.0
77.5288888888889,31.355,815.0
77.52861111111112,31.354722222222225,814.0
77.52833333333334,31.354722222222225,812.0
77.52805555555557,31.354444444444447,812.0
77.52777777777779,31.354166666666668,814.0
77.5275,31.35388888888889,813.0
77.52722222222224,31.35361111111111,811.0
77.52694444444445,31.353333333333335,810.0
77.52666666666667,31.353055555555557,812.0
77.5263888888889,31.352777777777774,813.0
77.52611111111112,31.352777777777774,814.0
77.52583333333334,31.352500000000003,812.0
77.52555555555556,31.352222222222224,812.0
77.52527777777779,31.351944444444445,811.0
77.525,31.351944444444445,811.0
77.52472222222222,31.351666666666667,809.0
77.52444444444446,31.35138888888889,809.0
77.52416666666667,31.35138888888889,810.0
77.52388888888889,31.351111111111113,811.0
77.52361111111112,31.351111111111113,812.0
77.52333333333334,31.350833333333338,811.0
77.52305555555556,31.350833333333338,807.0
77.52277777777779,31.350833333333338,807.0
77.52250000000001,31.350833333333338,810.0
77.52222222222223,31.350555555555555,809.0
77.52194444444446,31.350555555555555,810.0
77.52166666666668,31.35027777777778,807.0
77.5213888888889,31.35,809.0
77.52111111111113,31.349722222222223,810.0
77.52083333333334,31.349722222222223,811.0
77.52055555555556,31.349444444444444,804.0
77.52027777777778,31.349444444444444,807.0
77.52000000000001,31.349444444444444,811.0
77.51972222222223,31.34916666666667,808.0
77.51944444444445,31.34916666666667,809.0
77.51916666666668,31.34888888888889,805.0
77.5188888888889,31.34888888888889,804.0
77.51861111111111,31.34888888888889,809.0
77.51833333333335,31.34861111111111,809.0
77.51805555555556,31.34861111111111,809.0
77.51777777777778,31.34861111111111,809.0
77.51750000000001,31.34861111111111,808.0
77.51722222222223,31.34861111111111,808.0
77.51694444444445,31.34861111111111,808.0
77.51666666666668,31.34861111111111,808.0
77.5163888888889,31.34861111111111,807.0
77.51611111111112,31.34861111111111,807.0
77.51583333333335,31.34861111111111,808.0
77.51555555555557,31.34861111111111,809.0
77.51527777777778,31.34861111111111,808.0
77.515,31.34861111111111,807.0
77.51472222222223,31.34861111111111,808.0
77.51444444444445,31.34861111111111,809.0
77.51416666666667,31.34861111111111,811.0
77.5138888888889,31.34888888888889,810.0
77.51361111111112,31.34888888888889,811.0
77.51333333333334,31.34916666666667,811.0
77.51305555555557,31.34916666666667,808.0
77.51277777777779,31.34916666666667,805.0
77.5125,31.34916666666667,803.0
77.51222222222223,31.34916666666667,802.0
77.51194444444445,31.34916666666667,802.0
77.51166666666667,31.34916666666667,802.0
77.5113888888889,31.34916666666667,802.0
77.51111111111112,31.34916666666667,802.0
77.51083333333334,31.34916666666667,802.0
77.51055555555557,31.34916666666667,802.0
77.51027777777779,31.34916666666667,802.0
77.51,31.34916666666667,802.0
77.50972222222222,31.34916666666667,802.0
77.50944444444445,31.34888888888889,802.0
77.50916666666667,31.34888888888889,802.0
77.50888888888889,31.34861111111111,802.0
77.50861111111112,31.34861111111111,802.0
77.50833333333334,31.348333333333336,802.0
77.50805555555556,31.348333333333336,802.0
77.50777777777779,31.348333333333336,802.0
77.50750000000001,31.348333333333336,807.0
77.50722222222223,31.34805555555556,802.0
77.50694444444446,31.34805555555556,802.0
77.50666666666667,31.34805555555556,802.0
77.50638888888889,31.34805555555556,802.0
77.50611111111112,31.34805555555556,802.0
77.50583333333334,31.34805555555556,803.0
77.50555555555556,31.34805555555556,802.0
77.50527777777779,31.34805555555556,802.0
77.50500000000001,31.34805555555556,802.0
77.50472222222223,31.348333333333336,802.0
77.50444444444445,31.34861111111111,802.0
77.50416666666668,31.34888888888889,807.0
77.5038888888889,31.34916666666667,807.0
77.50361111111111,31.349444444444444,806.0
77.50333333333334,31.349722222222223,807.0
77.50305555555556,31.35,807.0
77.50305555555556,31.35027777777778,805.0
77.50277777777778,31.350555555555555,802.0
77.50277777777778,31.350833333333338,801.0
77.50250000000001,31.351111111111113,799.0
77.50222222222223,31.35138888888889,802.0
77.50194444444445,31.351666666666667,802.0
77.50194444444445,31.351944444444445,801.0
77.50194444444445,31.352222222222224,800.0
77.50194444444445,31.352500000000003,799.0
77.50166666666668,31.352777777777774,799.0
77.5013888888889,31.353055555555557,799.0
77.50111111111111,31.353333333333335,799.0
77.50083333333335,31.35361111111111,799.0
77.50055555555556,31.35388888888889,798.0
77.50027777777778,31.354166666666668,798.0
77.5,31.354444444444447,798.0
77.49972222222223,31.354722222222225,800.0
77.49944444444445,31.355,799.0
77.49916666666667,31.35527777777778,797.0
77.4988888888889,31.35527777777778,797.0
77.49861111111112,31.35527777777778,800.0
77.49833333333333,31.35555555555556,797.0
77.49805555555557,31.35555555555556,798.0
77.49777777777778,31.35555555555556,799.0
77.4975,31.35555555555556,799.0
77.49722222222223,31.35555555555556,800.0
77.49694444444445,31.35555555555556,798.0
77.49666666666667,31.35555555555556,794.0
77.4963888888889,31.35555555555556,794.0
77.49611111111112,31.35555555555556,796.0
77.49583333333334,31.35555555555556,797.0
77.49555555555557,31.35555555555556,797.0
77.49527777777779,31.35555555555556,797.0
77.495,31.35555555555556,797.0
77.49472222222224,31.35555555555556,797.0
77.49444444444445,31.35555555555556,798.0
77.49416666666667,31.35527777777778,796.0
77.49388888888889,31.35527777777778,796.0
77.49361111111112,31.35527777777778,796.0
77.49333333333334,31.35527777777778,799.0
77.49305555555556,31.355,796.0
77.49277777777779,31.355,796.0
77.4925,31.355,796.0
77.49222222222222,31.355,796.0
77.49194444444446,31.355,796.0
77.49166666666667,31.355,796.0
77.49138888888889,31.355,796.0
77.49111111111112,31.355,796.0
77.49083333333334,31.355,796.0
77.49055555555556,31.355,796.0
77.49027777777779,31.355,796.0
77.49000000000001,31.355,795.0
77.48972222222223,31.355,795.0
77.48944444444444,31.355,795.0
77.48916666666668,31.355,795.0
77.4888888888889,31.355,795.0
77.48861111111111,31.355,795.0
77.48833333333334,31.355,795.0
77.48805555555556,31.355,796.0
77.48777777777778,31.355,797.0
77.48750000000001,31.355,797.0
77.48722222222223,31.355,795.0
77.48694444444445,31.355,795.0
77.48666666666668,31.355,795.0
77.4863888888889,31.355,795.0
77.48611111111111,31.355,794.0
77.48583333333335,31.355,794.0
77.48555555555556,31.355,794.0
77.48527777777778,31.354722222222225,794.0
77.48500000000001,31.354722222222225,794.0
77.48472222222223,31.354722222222225,794.0
77.48444444444445,31.354722222222225,794.0
77.48416666666668,31.354722222222225,794.0
77.4838888888889,31.354722222222225,794.0
77.48361111111112,31.354722222222225,794.0
77.48333333333333,31.354722222222225,794.0
77.48305555555557,31.354722222222225,794.0
77.48277777777778,31.354722222222225,794.0
77.4825,31.354722222222225,794.0
77.48222222222223,31.354722222222225,794.0
77.48194444444445,31.354722222222225,794.0
77.48166666666667,31.354722222222225,793.0
77.4813888888889,31.354722222222225,793.0
77.48111111111112,31.354722222222225,793.0
77.48083333333334,31.354444444444447,794.0
77.48055555555557,31.354166666666668,795.0
77.48027777777779,31.35388888888889,798.0
77.48,31.35361111111111,793.0
77.48,31.353333333333335,798.0
77.47972222222224,31.353055555555557,796.0
77.47944444444445,31.352777777777774,793.0
77.47916666666667,31.352500000000003,794.0
77.47888888888889,31.352222222222224,797.0
77.47861111111112,31.351944444444445,796.0
77.47833333333334,31.351944444444445,797.0
77.47805555555556,31.351944444444445,797.0
77.47777777777779,31.351944444444445,799.0
77.4775,31.351666666666667,795.0
77.47722222222222,31.351666666666667,798.0
77.47694444444446,31.35138888888889,794.0
77.47666666666667,31.351111111111113,794.0
77.47638888888889,31.350833333333338,793.0
77.47611111111112,31.350555555555555,793.0
77.47583333333334,31.350555555555555,798.0
77.47555555555556,31.35027777777778,796.0
77.47527777777779,31.35,792.0
77.47500000000001,31.349722222222223,787.0
77.47472222222223,31.349722222222223,794.0
77.47444444444446,31.349444444444444,787.0
77.47416666666668,31.349444444444444,787.0
77.4738888888889,31.349444444444444,787.0
77.47361111111111,31.349444444444444,789.0
77.47333333333334,31.349444444444444,786.0
77.47305555555556,31.349444444444444,786.0
77.47277777777778,31.349444444444444,786.0
77.47250000000001,31.349444444444444,786.0
77.47222222222223,31.349444444444444,786.0
77.47194444444445,31.349444444444444,786.0
77.47166666666668,31.349444444444444,786.0
77.4713888888889,31.349444444444444,796.0
77.47111111111111,31.349722222222223,790.0
77.47083333333335,31.349722222222223,797.0
77.47055555555556,31.35,789.0
77.47027777777778,31.35,796.0
77.47000000000001,31.35027777777778,792.0
77.46972222222223,31.35027777777778,796.0
77.46944444444445,31.35027777777778,799.0
77.46916666666668,31.350555555555555,798.0
77.4688888888889,31.350833333333338,791.0
77.46861111111112,31.350833333333338,795.0
77.46833333333333,31.350833333333338,797.0
77.46805555555557,31.350833333333338,798.0
77.46777777777778,31.351111111111113,789.0
77.4675,31.351111111111113,790.0
77.46722222222223,31.351111111111113,791.0
77.46694444444445,31.351111111111113,791.0
77.46666666666667,31.351111111111113,790.0
77.4663888888889,31.351111111111113,782.0
77.46611111111112,31.351111111111113,782.0
77.46583333333334,31.351111111111113,782.0
77.46555555555557,31.351111111111113,782.0
77.46527777777779,31.351111111111113,782.0
77.465,31.351111111111113,782.0
77.46472222222224,31.351111111111113,783.0
77.46444444444445,31.351111111111113,784.0
77.46416666666667,31.351111111111113,787.0
77.4638888888889,31.351111111111113,789.0
77.46361111111112,31.351111111111113,791.0
77.46333333333334,31.351111111111113,793.0
77.46305555555556,31.351111111111113,793.0
77.46277777777779,31.351111111111113,795.0
77.4625,31.351111111111113,796.0
77.46222222222222,31.351111111111113,796.0
77.46194444444446,31.351111111111113,797.0
77.46166666666667,31.351111111111113,796.0
77.46138888888889,31.351111111111113,796.0
77.46111111111112,31.351111111111113,797.0
77.46083333333334,31.351111111111113,798.0
77.46055555555556,31.351111111111113,798.0
77.46027777777779,31.351111111111113,798.0
77.46000000000001,31.351111111111113,796.0
77.45972222222223,31.351111111111113,788.0
77.45944444444446,31.351111111111113,782.0
77.45916666666668,31.351111111111113,779.0
77.4588888888889,31.351111111111113,779.0
77.45861111111113,31.351111111111113,778.0
77.45833333333334,31.351111111111113,778.0
77.45805555555556,31.351111111111113,778.0
77.45777777777778,31.351111111111113,778.0
77.45750000000001,31.351111111111113,778.0
77.45722222222223,31.351111111111113,778.0
77.45694444444445,31.351111111111113,781.0
77.45666666666668,31.351111111111113,789.0
77.4563888888889,31.351111111111113,792.0
77.45611111111111,31.350833333333338,795.0
77.45583333333335,31.350555555555555,795.0
77.45555555555556,31.35027777777778,796.0
77.45527777777778,31.35,796.0
77.45500000000001,31.349722222222223,796.0
77.45472222222223,31.349444444444444,798.0
77.45444444444445,31.34916666666667,795.0
77.45444444444445,31.34888888888889,799.0
77.45416666666668,31.34861111111111,793.0
77.45416666666668,31.348333333333336,788.0
77.45416666666668,31.34805555555556,786.0
77.45416666666668,31.34777777777778,781.0
77.45416666666668,31.3475,776.0
77.45416666666668,31.347222222222225,774.0
77.45416666666668,31.346944444444446,775.0
77.45416666666668,31.346666666666668,776.0
77.45416666666668,31.34638888888889,777.0
77.4538888888889,31.346111111111114,779.0
77.45361111111112,31.345833333333335,782.0
77.45333333333335,31.345555555555556,786.0
77.45305555555557,31.345277777777778,788.0
77.45277777777778,31.345,787.0
77.4525,31.344722222222224,785.0
77.45222222222223,31.344444444444445,782.0
77.45194444444445,31.344166666666663,779.0
77.45166666666667,31.344166666666663,781.0
77.4513888888889,31.344166666666663,782.0
77.45111111111112,31.344166666666663,781.0
77.45083333333334,31.344166666666663,774.0
77.45055555555557,31.344166666666663,774.0
77.45027777777779,31.344166666666663,774.0
77.45,31.344166666666663,774.0
77.44972222222223,31.344166666666663,774.0
77.44944444444445,31.344166666666663,774.0
77.44916666666667,31.344166666666663,774.0
77.4488888888889,31.344166666666663,774.0
77.44861111111112,31.344166666666663,774.0
77.44833333333334,31.344166666666663,774.0
77.44805555555557,31.344166666666663,774.0
77.44777777777779,31.344166666666663,774.0
77.4475,31.344166666666663,774.0
77.44722222222222,31.344166666666663,774.0
77.44694444444445,31.344166666666663,773.0
77.44666666666667,31.344166666666663,773.0
77.44638888888889,31.344166666666663,773.0
77.44611111111112,31.344166666666663,773.0
77.44583333333334,31.344166666666663,773.0
77.44555555555556,31.344166666666663,773.0
77.44527777777779,31.344166666666663,773.0
77.44500000000001,31.344166666666663,773.0
77.44472222222223,31.344166666666663,775.0
77.44444444444446,31.344166666666663,777.0
77.44416666666667,31.344166666666663,779.0
77.44388888888889,31.344166666666663,780.0
77.44361111111112,31.344166666666663,783.0
77.44333333333334,31.344166666666663,786.0
77.44305555555556,31.344166666666663,789.0
77.44277777777779,31.344166666666663,789.0
77.44250000000001,31.344166666666663,790.0
77.44222222222223,31.344444444444445,787.0
77.44194444444445,31.344444444444445,787.0
77.44166666666668,31.344444444444445,788.0
77.4413888888889,31.344444444444445,787.0
77.44111111111111,31.344444444444445,783.0
77.44083333333334,31.344444444444445,777.0
77.44055555555556,31.344444444444445,774.0
77.44027777777778,31.344444444444445,773.0
77.44000000000001,31.344444444444445,773.0
77.43972222222223,31.344444444444445,772.0
77.43944444444445,31.344444444444445,772.0
77.43916666666668,31.344444444444445,772.0
77.4388888888889,31.344444444444445,772.0
77.43861111111111,31.344444444444445,772.0
77.43833333333335,31.344444444444445,772.0
77.43805555555556,31.344444444444445,772.0
77.43777777777778,31.344444444444445,772.0
77.4375,31.344444444444445,771.0
77.43722222222223,31.344444444444445,771.0
77.43694444444445,31.344444444444445,771.0
77.43666666666667,31.344444444444445,771.0
77.4363888888889,31.344444444444445,771.0
77.43611111111112,31.344444444444445,771.0
77.43583333333333,31.344166666666663,771.0
77.43555555555557,31.34388888888889,771.0
77.43527777777778,31.343611111111112,780.0
77.435,31.343333333333337,782.0
77.435,31.34305555555556,789.0
77.43472222222223,31.34277777777778,782.0
77.43472222222223,31.3425,787.0
77.43444444444445,31.342222222222222,784.0
77.43416666666667,31.341944444444447,783.0
77.4338888888889,31.34166666666667,781.0
77.43361111111112,31.34138888888889,783.0
77.43333333333334,31.34111111111111,786.0
77.43305555555557,31.340833333333336,785.0
77.43277777777779,31.340833333333336,785.0
77.4325,31.340833333333336,781.0
77.43222222222224,31.340833333333336,779.0
77.43194444444445,31.340833333333336,779.0
77.43166666666667,31.340833333333336,780.0
77.43138888888889,31.340833333333336,782.0
77.43111111111112,31.340833333333336,782.0
77.43083333333334,31.340833333333336,778.0
77.43055555555556,31.340833333333336,774.0
77.43027777777779,31.340833333333336,776.0
77.43,31.340833333333336,780.0
77.42972222222222,31.340833333333336,782.0
77.42944444444446,31.340833333333336,782.0
77.42916666666667,31.340833333333336,783.0
77.42888888888889,31.340833333333336,783.0
77.42861111111112,31.340833333333336,780.0
77.42833333333334,31.340833333333336,775.0
77.42805555555556,31.340833333333336,771.0
77.42777777777779,31.340833333333336,767.0
77.42750000000001,31.34111111111111,770.0
77.42722222222223,31.34138888888889,777.0
77.42694444444444,31.34166666666667,781.0
77.42666666666668,31.341944444444447,778.0
77.4263888888889,31.342222222222222,769.0
77.42611111111111,31.3425,764.0
77.42583333333334,31.34277777777778,768.0
77.42555555555556,31.34305555555556,776.0
77.42527777777778,31.343333333333337,781.0
77.42500000000001,31.343611111111112,785.0
77.42472222222223,31.34388888888889,784.0
77.42444444444445,31.344166666666663,786.0
77.42416666666668,31.344444444444445,789.0
77.4238888888889,31.344722222222224,790.0
77.42361111111111,31.345,790.0
77.42333333333335,31.345277777777778,789.0
77.42305555555556,31.345555555555556,785.0
77.42277777777778,31.345833333333335,779.0
77.42250000000001,31.346111111111114,762.0
77.42222222222223,31.34638888888889,761.0
77.42194444444445,31.34638888888889,761.0
77.42166666666668,31.346666666666668,761.0
77.4213888888889,31.346666666666668,789.0
77.42111111111112,31.346944444444446,760.0
77.42083333333333,31.346944444444446,788.0
77.42055555555557,31.347222222222225,759.0
77.42027777777778,31.347222222222225,784.0
77.42,31.347222222222225,788.0
77.41972222222223,31.3475,770.0
77.41944444444445,31.3475,778.0
77.41916666666667,31.3475,783.0
77.4188888888889,31.3475,789.0
77.41861111111112,31.34777777777778,756.0
77.41833333333334,31.34777777777778,756.0
77.41805555555557,31.34777777777778,756.0
77.41777777777779,31.34777777777778,755.0
77.4175,31.34777777777778,754.0
77.41722222222224,31.34777777777778,754.0
77.41694444444445,31.34777777777778,754.0
77.41666666666667,31.34777777777778,754.0
77.41638888888889,31.34777777777778,753.0
77.41611111111112,31.34777777777778,753.0
77.41583333333334,31.3475,753.0
77.41555555555556,31.347222222222225,771.0
77.41527777777779,31.346944444444446,768.0
77.415,31.346666666666668,751.0
77.41472222222222,31.346666666666668,788.0
77.41444444444446,31.34638888888889,765.0
77.41416666666667,31.34638888888889,767.0
77.41388888888889,31.34638888888889,769.0
77.41361111111112,31.34638888888889,768.0
77.41333333333334,31.34638888888889,767.0
77.41305555555556,31.34638888888889,765.0
77.41277777777779,31.346666666666668,771.0
77.41250000000001,31.346944444444446,774.0
77.41222222222223,31.347222222222225,776.0
77.41194444444446,31.3475,783.0
77.41166666666668,31.34777777777778,778.0
77.4113888888889,31.34805555555556,770.0
77.4113888888889,31.348333333333336,783.0
77.41111111111111,31.34861111111111,764.0
77.41111111111111,31.34888888888889,766.0
77.41111111111111,31.34916666666667,770.0
77.41111111111111,31.349444444444444,771.0
77.41083333333334,31.349722222222223,764.0
77.41055555555556,31.35,758.0
77.41027777777778,31.35027777777778,757.0
77.41000000000001,31.350555555555555,758.0
77.40972222222223,31.350833333333338,761.0
77.40944444444445,31.351111111111113,766.0
77.40916666666668,31.35138888888889,770.0
77.4088888888889,31.351666666666667,772.0
77.40861111111111,31.351944444444445,774.0
77.40833333333335,31.352222222222224,777.0
77.40805555555556,31.352500000000003,782.0
77.40777777777778,31.352777777777774,790.0
77.40750000000001,31.353055555555557,788.0
77.40722222222223,31.353055555555557,789.0
77.40694444444445,31.353055555555557,790.0
77.40666666666668,31.353333333333335,787.0
77.4063888888889,31.35361111111111,787.0
77.40611111111112,31.35388888888889,786.0
77.40583333333333,31.354166666666668,782.0
77.40555555555557,31.354444444444447,785.0
77.40527777777778,31.354722222222225,789.0
77.405,31.355,778.0
77.40472222222223,31.355,779.0
77.40444444444445,31.35527777777778,776.0
77.40416666666667,31.35555555555556,782.0
77.4038888888889,31.355833333333333,786.0
77.40361111111112,31.35611111111111,788.0
77.40333333333334,31.35638888888889,780.0
77.40305555555557,31.35666666666667,767.0
77.40277777777779,31.35666666666667,777.0
77.4025,31.35666666666667,790.0
77.40222222222224,31.356944444444444,779.0
77.40194444444445,31.357222222222223,775.0
77.40166666666667,31.3575,769.0
77.4013888888889,31.35777777777778,761.0
77.40111111111112,31.358055555555556,759.0
77.40083333333334,31.358333333333334,763.0
77.40055555555556,31.358611111111113,764.0
77.40027777777779,31.35888888888889,769.0
77.4,31.359166666666667,773.0
77.39972222222222,31.35944444444445,779.0
77.39944444444446,31.359722222222224,783.0
77.39916666666667,31.360000000000003,787.0
77.39888888888889,31.360277777777775,787.0
77.39861111111112,31.360555555555557,775.0
77.39833333333334,31.360555555555557,775.0
77.39805555555556,31.360555555555557,779.0
77.39777777777779,31.360555555555557,782.0
77.39750000000001,31.360555555555557,778.0
77.39722222222223,31.360555555555557,771.0
77.39694444444446,31.360555555555557,761.0
77.39666666666668,31.360555555555557,750.0
77.3963888888889,31.360555555555557,745.0
77.39611111111113,31.360555555555557,743.0
77.39583333333334,31.360555555555557,746.0
77.39555555555556,31.360555555555557,750.0
77.39527777777778,31.360555555555557,758.0
77.39500000000001,31.360555555555557,769.0
77.39472222222223,31.360555555555557,782.0
77.39444444444445,31.360277777777775,778.0
77.39416666666668,31.360000000000003,777.0
77.3938888888889,31.359722222222224,778.0
77.39361111111111,31.35944444444445,781.0
77.39333333333335,31.359166666666667,782.0
77.39305555555556,31.35888888888889,783.0
77.39277777777778,31.358611111111113,783.0
77.39250000000001,31.358333333333334,784.0
77.39222222222223,31.358055555555556,786.0
77.39194444444445,31.35777777777778,782.0
77.39166666666668,31.3575,783.0
77.3913888888889,31.357222222222223,780.0
77.39111111111112,31.356944444444444,777.0
77.39083333333335,31.356944444444444,777.0
77.39055555555557,31.356944444444444,766.0
77.39027777777778,31.356944444444444,754.0
77.39,31.356944444444444,744.0
77.38972222222223,31.356944444444444,744.0
77.38944444444445,31.356944444444444,744.0
77.38916666666667,31.356944444444444,744.0
77.3888888888889,31.356944444444444,744.0
77.38861111111112,31.356944444444444,743.0
77.38833333333334,31.356944444444444,743.0
77.38805555555557,31.356944444444444,760.0
77.38777777777779,31.356944444444444,770.0
77.3875,31.356944444444444,774.0
77.38722222222223,31.356944444444444,778.0
77.38694444444445,31.356944444444444,782.0
77.38666666666667,31.356944444444444,786.0
77.3863888888889,31.356944444444444,788.0
77.38611111111112,31.356944444444444,790.0
77.38583333333334,31.357222222222223,787.0
77.38555555555557,31.357222222222223,789.0
77.38527777777779,31.357222222222223,789.0
77.385,31.3575,788.0
77.38472222222222,31.3575,790.0
77.38444444444445,31.35777777777778,789.0
77.38416666666667,31.358055555555556,789.0
77.38388888888889,31.358055555555556,789.0
77.38361111111112,31.358055555555556,790.0
77.38333333333334,31.358055555555556,790.0
77.38305555555556,31.358055555555556,790.0
77.38277777777779,31.358333333333334,788.0
77.38250000000001,31.358333333333334,789.0
77.38222222222223,31.358333333333334,787.0
77.38194444444446,31.358333333333334,784.0
77.38166666666667,31.358333333333334,779.0
77.38138888888889,31.358333333333334,770.0
77.38111111111112,31.358333333333334,759.0
77.38083333333334,31.358333333333334,749.0
77.38055555555556,31.358333333333334,742.0
77.38027777777779,31.358333333333334,740.0
77.38000000000001,31.358333333333334,740.0
77.37972222222223,31.358333333333334,740.0
77.37944444444445,31.358333333333334,743.0
77.37916666666668,31.358333333333334,744.0
77.3788888888889,31.358333333333334,745.0
77.37861111111111,31.358333333333334,746.0
77.37833333333334,31.358333333333334,748.0
77.37805555555556,31.358333333333334,747.0
77.37777777777778,31.358333333333334,745.0
77.37750000000001,31.358333333333334,741.0
77.37722222222223,31.358333333333334,738.0
77.37694444444445,31.358333333333334,738.0
77.37666666666668,31.358333333333334,738.0
77.3763888888889,31.358333333333334,738.0
77.37611111111111,31.358333333333334,738.0
77.37583333333335,31.358333333333334,738.0
77.37555555555556,31.358333333333334,738.0
77.37527777777778,31.358333333333334,738.0
77.375,31.358333333333334,738.0
77.37472222222223,31.358333333333334,744.0
77.37444444444445,31.358333333333334,747.0
77.37416666666667,31.358333333333334,751.0
77.3738888888889,31.358333333333334,756.0
77.37361111111112,31.358333333333334,761.0
77.37333333333333,31.358333333333334,773.0
77.37305555555557,31.358333333333334,789.0
77.37277777777778,31.358611111111113,783.0
77.3725,31.35888888888889,774.0
77.37222222222223,31.35888888888889,786.0
77.37194444444445,31.35888888888889,790.0
77.37166666666667,31.35888888888889,779.0
77.3713888888889,31.35888888888889,762.0
77.37111111111112,31.35888888888889,746.0
77.37083333333334,31.35888888888889,738.0
77.37055555555557,31.35888888888889,736.0
77.37027777777779,31.35888888888889,736.0
77.37,31.35888888888889,738.0
77.36972222222224,31.35888888888889,739.0
77.36944444444445,31.35888888888889,740.0
77.36916666666667,31.35888888888889,743.0
77.36888888888889,31.35888888888889,748.0
77.36861111111112,31.35888888888889,754.0
77.36833333333334,31.35888888888889,756.0
77.36805555555556,31.35888888888889,759.0
77.36777777777779,31.35888888888889,761.0
77.3675,31.35888888888889,763.0
77.36722222222222,31.35888888888889,767.0
77.36694444444446,31.35888888888889,771.0
77.36666666666667,31.35888888888889,771.0
77.36638888888889,31.35888888888889,772.0
77.36611111111112,31.35888888888889,776.0
77.36583333333334,31.358611111111113,777.0
77.36555555555556,31.358333333333334,774.0
77.36527777777779,31.358055555555556,775.0
77.36500000000001,31.35777777777778,779.0
77.36472222222223,31.3575,780.0
77.36444444444444,31.357222222222223,775.0
77.36416666666668,31.357222222222223,785.0
77.3638888888889,31.357222222222223,783.0
77.36361111111111,31.357222222222223,777.0
77.36333333333334,31.357222222222223,780.0
77.36305555555556,31.356944444444444,779.0
77.36277777777778,31.356944444444444,787.0
77.36250000000001,31.356944444444444,786.0
77.36222222222223,31.356944444444444,775.0
77.36194444444445,31.356944444444444,772.0
77.36166666666668,31.35666666666667,768.0
77.3613888888889,31.35638888888889,788.0
77.36111111111111,31.35611111111111,777.0
77.36083333333335,31.355833333333333,758.0
77.36055555555556,31.35555555555556,751.0
77.36027777777778,31.35527777777778,753.0
77.36000000000001,31.355,751.0
77.35972222222223,31.354722222222225,745.0
77.35944444444445,31.354444444444447,736.0
77.35916666666668,31.354166666666668,731.0
77.3588888888889,31.35388888888889,731.0
77.35861111111112,31.35361111111111,742.0
77.35833333333333,31.353333333333335,753.0
77.35805555555557,31.353055555555557,761.0
77.35777777777778,31.352777777777774,772.0
77.3575,31.352500000000003,781.0
77.35722222222223,31.352222222222224,781.0
77.35694444444445,31.351944444444445,775.0
77.35694444444445,31.351666666666667,786.0
77.35666666666667,31.35138888888889,778.0
77.35666666666667,31.351111111111113,789.0
77.3563888888889,31.350833333333338,784.0
77.35611111111112,31.350555555555555,776.0
77.35611111111112,31.35027777777778,786.0
77.35583333333334,31.35,779.0
77.35555555555557,31.349722222222223,771.0
77.35555555555557,31.349444444444444,773.0
77.35555555555557,31.34916666666667,777.0
77.35527777777779,31.34888888888889,775.0
77.35527777777779,31.34861111111111,785.0
77.355,31.348333333333336,776.0
77.355,31.34805555555556,784.0
77.35472222222224,31.34777777777778,772.0
77.35472222222224,31.3475,784.0
77.35472222222224,31.347222222222225,790.0
77.35444444444445,31.346944444444446,769.0
77.35444444444445,31.346666666666668,772.0
77.35416666666667,31.34638888888889,763.0
77.35416666666667,31.346111111111114,781.0
77.35388888888889,31.345833333333335,767.0
77.35388888888889,31.345555555555556,774.0
77.35388888888889,31.345277777777778,778.0
77.35361111111112,31.345,773.0
77.35333333333334,31.344722222222224,784.0
77.35305555555556,31.344444444444445,779.0
77.35305555555556,31.344166666666663,780.0
77.35305555555556,31.34388888888889,788.0
77.35277777777779,31.343611111111112,779.0
77.3525,31.343333333333337,775.0
77.35222222222222,31.34305555555556,777.0
77.35194444444446,31.34277777777778,780.0
77.35166666666667,31.3425,783.0
77.35138888888889,31.342222222222222,787.0
77.35111111111112,31.341944444444447,790.0
77.35111111111112,31.34166666666667,775.0
77.35111111111112,31.34138888888889,773.0
77.35111111111112,31.34111111111111,769.0
77.35083333333334,31.340833333333336,761.0
77.35083333333334,31.340555555555557,753.0
77.35055555555556,31.340555555555557,750.0
77.35027777777779,31.34027777777778,745.0
77.35000000000001,31.34,742.0
77.34972222222223,31.339722222222225,737.0
77.34944444444446,31.339722222222225,757.0
77.34916666666668,31.33944444444445,753.0
77.3488888888889,31.339166666666667,749.0
77.34861111111111,31.33888888888889,739.0
77.34833333333334,31.33888888888889,758.0
77.34805555555556,31.338611111111113,749.0
77.34777777777778,31.338333333333335,740.0
77.34750000000001,31.338333333333335,748.0
77.34722222222223,31.338333333333335,756.0
77.34694444444445,31.338055555555556,746.0
77.34666666666668,31.338055555555556,745.0
77.3463888888889,31.338055555555556,739.0
77.34611111111111,31.338055555555556,737.0
77.34583333333335,31.33777777777778,729.0
77.34555555555556,31.3375,727.0
77.34527777777778,31.337222222222223,728.0
77.34500000000001,31.336944444444445,730.0
77.34472222222223,31.33666666666667,737.0
77.34444444444445,31.33638888888889,754.0
77.34416666666668,31.336111111111112,760.0
77.3438888888889,31.335833333333333,759.0
77.3438888888889,31.33555555555556,756.0
77.34361111111112,31.33527777777778,754.0
77.34333333333333,31.335,752.0
77.34333333333333,31.334722222222226,753.0
77.34333333333333,31.334444444444447,751.0
77.34305555555557,31.33416666666667,732.0
77.34305555555557,31.33388888888889,727.0
77.34305555555557,31.33361111111111,722.0
77.34305555555557,31.333333333333336,722.0
77.34305555555557,31.333055555555557,724.0
77.34305555555557,31.33277777777778,731.0
77.34305555555557,31.332500000000003,733.0
77.34305555555557,31.332222222222224,734.0
77.34305555555557,31.33194444444445,735.0
77.34305555555557,31.331666666666667,734.0
77.34305555555557,31.331388888888892,734.0
77.34305555555557,31.331111111111113,735.0
77.34305555555557,31.330833333333334,737.0
77.34305555555557,31.330555555555556,737.0
77.34305555555557,31.33027777777778,736.0
77.34305555555557,31.33,738.0
77.34305555555557,31.329722222222223,741.0
77.34333333333333,31.329444444444444,740.0
77.34361111111112,31.32916666666667,740.0
77.3438888888889,31.32888888888889,738.0
77.3438888888889,31.328611111111112,741.0
77.34416666666668,31.328333333333333,738.0
77.34416666666668,31.32805555555556,740.0
77.34444444444445,31.32777777777778,739.0
77.34444444444445,31.3275,740.0
77.34444444444445,31.327222222222225,740.0
77.34444444444445,31.326944444444447,740.0
77.34444444444445,31.326666666666668,740.0
77.34444444444445,31.32638888888889,735.0
77.34444444444445,31.32611111111111,719.0
77.34416666666668,31.325833333333335,718.0
77.3438888888889,31.325555555555557,718.0
77.34361111111112,31.325277777777774,717.0
77.34333333333333,31.325000000000003,716.0
77.34305555555557,31.324722222222224,726.0
77.34277777777778,31.324444444444445,731.0
77.3425,31.324166666666667,733.0
77.34222222222223,31.32388888888889,735.0
77.34194444444445,31.323611111111113,736.0
77.34166666666667,31.323333333333338,736.0
77.3413888888889,31.323055555555555,737.0
77.34111111111112,31.32277777777778,736.0
77.34083333333334,31.3225,734.0
77.34083333333334,31.322222222222223,740.0
77.34055555555557,31.321944444444444,734.0
77.34027777777779,31.32166666666667,727.0
77.34027777777779,31.32138888888889,731.0
77.34027777777779,31.32111111111111,733.0
77.34027777777779,31.320833333333333,735.0
77.34027777777779,31.32055555555556,729.0
77.34027777777779,31.32027777777778,723.0
77.34027777777779,31.32,721.0
77.34027777777779,31.319722222222225,718.0
77.34027777777779,31.319444444444446,717.0
77.34027777777779,31.319166666666668,717.0
77.34027777777779,31.31888888888889,719.0
77.34027777777779,31.31861111111111,724.0
77.34,31.318333333333335,723.0
77.33972222222224,31.318055555555556,722.0
77.33944444444445,31.317777777777778,729.0
77.33916666666667,31.317500000000003,738.0
77.3388888888889,31.317222222222224,737.0
77.33861111111112,31.316944444444445,732.0
77.33833333333334,31.316666666666663,732.0
77.33833333333334,31.31638888888889,741.0
77.33805555555556,31.316111111111113,732.0
77.33805555555556,31.315833333333337,741.0
77.33777777777779,31.315555555555555,737.0
77.3375,31.31527777777778,731.0
77.3375,31.315,737.0
77.33722222222222,31.314722222222223,740.0
77.33722222222222,31.314444444444447,741.0
77.33722222222222,31.31416666666667,736.0
77.33722222222222,31.31388888888889,732.0
77.33722222222222,31.31361111111111,726.0
77.33722222222222,31.313333333333336,723.0
77.33722222222222,31.313055555555557,722.0
77.33722222222222,31.31277777777778,719.0
77.33722222222222,31.3125,719.0
77.33722222222222,31.312222222222225,720.0
77.33722222222222,31.31194444444445,719.0
77.33722222222222,31.311666666666667,717.0
77.33722222222222,31.31138888888889,714.0
77.33722222222222,31.311111111111114,713.0
77.33722222222222,31.310833333333335,715.0
77.33722222222222,31.310555555555556,716.0
77.33722222222222,31.310277777777777,715.0
77.33722222222222,31.31,714.0
77.33722222222222,31.309722222222224,718.0
77.33722222222222,31.309444444444445,725.0
77.33722222222222,31.30916666666667,732.0
77.33722222222222,31.30888888888889,734.0
77.33722222222222,31.308611111111112,734.0
77.33722222222222,31.308333333333337,729.0
77.33722222222222,31.30805555555556,731.0
77.33722222222222,31.30777777777778,732.0
77.3375,31.3075,734.0
77.33777777777779,31.307222222222222,731.0
77.33777777777779,31.306944444444447,725.0
77.33777777777779,31.30666666666667,724.0
77.33777777777779,31.30638888888889,725.0
77.3375,31.30611111111111,726.0
77.3375,31.305833333333336,726.0
77.33722222222222,31.305555555555557,722.0
77.33722222222222,31.30527777777778,720.0
77.33722222222222,31.305,720.0
77.33722222222222,31.304722222222225,721.0
77.33722222222222,31.30444444444445,721.0
77.33694444444446,31.304166666666667,717.0
77.33694444444446,31.303888888888892,720.0
77.33666666666667,31.303611111111113,713.0
77.33666666666667,31.303333333333335,720.0
77.33638888888889,31.303055555555556,716.0
77.33638888888889,31.30277777777778,719.0
77.33638888888889,31.3025,718.0
77.33638888888889,31.302222222222223,714.0
77.33638888888889,31.301944444444445,709.0
77.33638888888889,31.30166666666667,704.0
77.33638888888889,31.30138888888889,702.0
77.33638888888889,31.301111111111112,709.0
77.33638888888889,31.300833333333333,714.0
77.33638888888889,31.30055555555556,722.0
77.33611111111112,31.30027777777778,710.0
77.33611111111112,31.3,716.0
77.33583333333334,31.299722222222226,707.0
77.33583333333334,31.299444444444447,712.0
77.33583333333334,31.299166666666668,717.0
77.33555555555556,31.29888888888889,710.0
77.33555555555556,31.29861111111111,712.0
77.33555555555556,31.298333333333336,714.0
77.33555555555556,31.298055555555557,718.0
77.33555555555556,31.297777777777775,722.0
77.33527777777779,31.297500000000003,717.0
77.33500000000001,31.297222222222224,720.0
77.33500000000001,31.29694444444445,718.0
77.33500000000001,31.296666666666667,711.0
77.33500000000001,31.29638888888889,709.0
77.33500000000001,31.296111111111113,711.0
77.33500000000001,31.295833333333334,716.0
77.33472222222223,31.295555555555556,706.0
77.33444444444446,31.29527777777778,709.0
77.33416666666668,31.295,709.0
77.3338888888889,31.294722222222223,713.0
77.33361111111113,31.294444444444444,718.0
77.33333333333334,31.29416666666667,719.0
77.33305555555556,31.29388888888889,717.0
77.33277777777778,31.29361111111111,711.0
77.33250000000001,31.293333333333333,706.0
77.33222222222223,31.293333333333333,714.0
77.33194444444445,31.293333333333333,720.0
77.33166666666668,31.29305555555556,706.0
77.3313888888889,31.29305555555556,711.0
77.33111111111111,31.29305555555556,716.0
77.33083333333335,31.29305555555556,719.0
77.33055555555556,31.29305555555556,723.0
77.33027777777778,31.29277777777778,697.0
77.33000000000001,31.29277777777778,703.0
77.32972222222223,31.29277777777778,702.0
77.32944444444445,31.29277777777778,702.0
77.32916666666668,31.29277777777778,704.0
77.3288888888889,31.29277777777778,707.0
77.32861111111112,31.29277777777778,710.0
77.32833333333335,31.29277777777778,714.0
77.32805555555557,31.29277777777778,715.0
77.32777777777778,31.29277777777778,714.0
77.3275,31.29277777777778,714.0
77.32722222222223,31.29277777777778,713.0
77.32694444444445,31.29277777777778,712.0
77.32666666666667,31.29277777777778,710.0
77.3263888888889,31.29277777777778,705.0
77.32611111111112,31.29277777777778,702.0
77.32583333333334,31.29277777777778,700.0
77.32555555555557,31.29277777777778,699.0
77.32527777777779,31.29277777777778,699.0
77.325,31.29277777777778,699.0
77.32472222222223,31.29277777777778,699.0
77.32444444444445,31.29277777777778,699.0
77.32416666666667,31.29277777777778,698.0
77.3238888888889,31.29277777777778,697.0
77.32361111111112,31.29277777777778,697.0
77.32333333333334,31.29277777777778,704.0
77.32305555555557,31.2925,695.0
77.32277777777779,31.292222222222225,695.0
77.3225,31.291944444444447,695.0
77.32222222222222,31.291666666666668,695.0
77.32194444444445,31.29138888888889,695.0
77.32166666666667,31.29111111111111,695.0
77.32138888888889,31.290833333333335,694.0
77.32111111111112,31.290555555555557,709.0
77.32083333333334,31.290277777777774,694.0
77.32083333333334,31.290000000000003,694.0
77.32083333333334,31.289722222222224,705.0
77.32083333333334,31.289444444444445,717.0
77.32055555555556,31.289166666666667,723.0
77.32027777777779,31.28888888888889,723.0
77.32000000000001,31.288611111111113,721.0
77.32000000000001,31.288333333333338,723.0
77.31972222222223,31.288055555555555,722.0
77.31972222222223,31.28777777777778,715.0
77.31972222222223,31.2875,709.0
77.31944444444446,31.2875,704.0
77.31944444444446,31.287222222222223,703.0
77.31944444444446,31.286944444444444,702.0
77.31944444444446,31.28666666666667,699.0
77.31944444444446,31.28638888888889,702.0
77.31944444444446,31.28611111111111,706.0
77.31916666666667,31.285833333333336,707.0
77.31916666666667,31.28555555555556,705.0
77.31916666666667,31.28527777777778,701.0
77.31916666666667,31.285,699.0
77.31888888888889,31.284722222222225,697.0
77.31888888888889,31.284444444444446,694.0
77.31888888888889,31.284166666666668,696.0
77.31861111111112,31.28388888888889,697.0
77.31861111111112,31.283611111111114,696.0
77.31833333333334,31.283333333333335,693.0
77.31805555555556,31.283055555555556,691.0
77.31777777777779,31.283055555555556,691.0
77.31750000000001,31.282777777777778,691.0
77.31722222222223,31.2825,691.0
77.31694444444445,31.2825,691.0
77.31666666666668,31.282222222222224,691.0
77.3163888888889,31.282222222222224,691.0
77.31611111111111,31.281944444444445,691.0
77.31583333333334,31.281666666666663,691.0
77.31555555555556,31.28138888888889,690.0
77.31527777777778,31.28138888888889,690.0
77.31500000000001,31.281111111111112,690.0
77.31472222222223,31.281111111111112,690.0
77.31444444444445,31.280833333333337,690.0
77.31416666666668,31.280833333333337,690.0
77.3138888888889,31.280833333333337,690.0
77.31361111111111,31.28055555555556,690.0
77.31333333333335,31.28055555555556,690.0
77.31305555555556,31.28055555555556,690.0
77.31277777777778,31.28027777777778,690.0
77.3125,31.28,689.0
77.31222222222223,31.28,689.0
77.31194444444445,31.28,689.0
77.31166666666667,31.28,689.0
77.3113888888889,31.28,689.0
77.31111111111112,31.28,689.0
77.31083333333333,31.279722222222222,689.0
77.31055555555557,31.279722222222222,689.0
77.31027777777778,31.279444444444447,689.0
77.31,31.279444444444447,689.0
77.30972222222223,31.27916666666667,689.0
77.30944444444445,31.27888888888889,688.0
77.30916666666667,31.27888888888889,688.0
77.3088888888889,31.27861111111111,688.0
77.30861111111112,31.278333333333336,688.0
77.30833333333334,31.278055555555557,688.0
77.30805555555557,31.27777777777778,688.0
77.30777777777779,31.2775,688.0
77.3075,31.277222222222225,688.0
77.30722222222224,31.27694444444445,687.0
77.30694444444445,31.276666666666667,687.0
77.30666666666667,31.27638888888889,686.0
77.30666666666667,31.276111111111113,686.0
77.30638888888889,31.275833333333335,686.0
77.30638888888889,31.275555555555556,686.0
77.30638888888889,31.27527777777778,685.0
77.30638888888889,31.275,685.0
77.30638888888889,31.274722222222223,685.0
77.30638888888889,31.274444444444445,684.0
77.30638888888889,31.27416666666667,684.0
77.30638888888889,31.27388888888889,684.0
77.30638888888889,31.273611111111112,683.0
77.30638888888889,31.273333333333333,683.0
77.30638888888889,31.27305555555556,683.0
77.30638888888889,31.27277777777778,682.0
77.30638888888889,31.2725,682.0
77.30638888888889,31.272222222222226,682.0
77.30638888888889,31.271944444444447,682.0
77.30638888888889,31.27166666666667,682.0
77.30638888888889,31.27138888888889,681.0
77.30638888888889,31.27111111111111,681.0
77.30666666666667,31.270833333333336,681.0
77.30666666666667,31.270555555555557,681.0
77.30694444444445,31.27027777777778,681.0
77.30722222222224,31.270000000000003,681.0
77.30722222222224,31.269722222222224,681.0
77.30722222222224,31.26944444444445,681.0
77.30722222222224,31.269166666666667,681.0
77.30722222222224,31.268888888888892,681.0
77.30694444444445,31.268611111111113,681.0
77.30666666666667,31.268333333333334,681.0
77.30638888888889,31.268055555555556,681.0
77.30611111111112,31.26777777777778,681.0
77.30583333333334,31.2675,681.0
77.30555555555556,31.2675,681.0
77.30527777777779,31.2675,681.0
77.305,31.2675,681.0
77.30472222222222,31.267222222222223,681.0
77.30444444444446,31.267222222222223,681.0
77.30416666666667,31.266944444444444,681.0
77.30388888888889,31.266944444444444,681.0
77.30361111111112,31.26666666666667,681.0
77.30333333333334,31.26666666666667,681.0
77.30305555555556,31.26666666666667,681.0
77.30277777777779,31.26638888888889,681.0
77.30250000000001,31.26638888888889,681.0
77.30222222222223,31.26638888888889,681.0
77.30194444444444,31.26638888888889,681.0
77.30166666666668,31.26638888888889,681.0
77.3013888888889,31.26638888888889,681.0
77.30111111111111,31.26666666666667,681.0
77.30083333333334,31.26666666666667,681.0
77.30055555555556,31.26666666666667,681.0
77.30027777777778,31.26666666666667,681.0
77.30000000000001,31.26666666666667,681.0
77.29972222222223,31.26666666666667,681.0
77.29944444444445,31.26666666666667,681.0
77.29916666666668,31.26666666666667,681.0
77.2988888888889,31.26666666666667,681.0
77.29861111111111,31.26666666666667,681.0
77.29833333333335,31.26666666666667,681.0
77.29805555555556,31.26666666666667,681.0
77.29777777777778,31.266944444444444,681.0
77.29750000000001,31.266944444444444,681.0
77.29722222222223,31.266944444444444,681.0
77.29694444444445,31.266944444444444,681.0
77.29666666666667,31.267222222222223,681.0
77.2963888888889,31.267222222222223,681.0
77.29611111111112,31.267222222222223,681.0
77.29583333333333,31.267222222222223,681.0
77.29555555555557,31.2675,681.0
77.29527777777778,31.2675,680.0
77.295,31.2675,680.0
77.29472222222223,31.2675,680.0
77.29444444444445,31.2675,680.0
77.29416666666667,31.2675,680.0
77.2938888888889,31.2675,680.0
77.29361111111112,31.2675,680.0
77.29333333333334,31.2675,680.0
77.29305555555557,31.2675,680.0
77.29277777777779,31.2675,680.0
77.2925,31.2675,680.0
77.29222222222224,31.2675,680.0
77.29194444444445,31.2675,680.0
77.29166666666667,31.2675,680.0
77.29138888888889,31.2675,679.0
77.29111111111112,31.2675,679.0
77.29083333333334,31.2675,679.0
77.29055555555556,31.2675,679.0
77.29027777777779,31.2675,679.0
77.29,31.2675,679.0
77.28972222222222,31.2675,679.0
77.28944444444446,31.26777777777778,679.0
77.28916666666667,31.268055555555556,679.0
77.28888888888889,31.268055555555556,679.0
77.28861111111112,31.268055555555556,679.0
77.28833333333334,31.268055555555556,679.0
77.28805555555556,31.26777777777778,679.0
77.28777777777779,31.2675,678.0
77.28750000000001,31.267222222222223,678.0
77.28722222222223,31.266944444444444,678.0
77.28694444444446,31.26666666666667,678.0
77.28666666666668,31.26638888888889,678.0
77.2863888888889,31.266111111111112,678.0
77.28611111111111,31.265833333333333,678.0
77.28583333333334,31.265833333333333,678.0
77.28555555555556,31.26555555555556,678.0
77.28527777777778,31.26527777777778,677.0
77.28500000000001,31.265,677.0
77.28472222222223,31.264722222222225,677.0
77.28444444444445,31.264722222222225,677.0
77.28416666666668,31.264444444444447,677.0
77.2838888888889,31.264444444444447,677.0
77.28361111111111,31.264444444444447,677.0
77.28333333333335,31.264166666666668,677.0
77.28305555555556,31.26388888888889,677.0
77.28277777777778,31.26361111111111,677.0
77.28250000000001,31.26361111111111,677.0
77.28222222222223,31.263333333333335,677.0
77.28194444444445,31.263333333333335,676.0
77.28166666666668,31.263333333333335,676.0
77.2813888888889,31.263333333333335,676.0
77.28111111111112,31.263333333333335,676.0
77.28083333333333,31.263333333333335,676.0
77.28055555555557,31.263333333333335,676.0
77.28027777777778,31.26361111111111,676.0
77.28,31.26388888888889,676.0
77.27972222222223,31.26388888888889,676.0
77.27944444444445,31.26388888888889,676.0
77.27916666666667,31.264166666666668,676.0
77.2788888888889,31.264444444444447,676.0
77.27861111111112,31.264722222222225,675.0
77.27833333333334,31.264722222222225,675.0
77.27805555555557,31.264722222222225,675.0
77.27777777777779,31.265,675.0
77.2775,31.26527777777778,675.0
77.27722222222224,31.26527777777778,675.0
77.27694444444445,31.26555555555556,675.0
77.27666666666667,31.26555555555556,675.0
77.2763888888889,31.265833333333333,675.0
77.27611111111112,31.266111111111112,675.0
77.27583333333334,31.26638888888889,675.0
77.27555555555556,31.26666666666667,674.0
77.27555555555556,31.266944444444444,674.0
77.27527777777779,31.267222222222223,674.0
77.275,31.2675,674.0
77.275,31.26777777777778,674.0
77.275,31.268055555555556,674.0
77.27472222222222,31.268333333333334,674.0
77.27472222222222,31.268611111111113,674.0
77.27472222222222,31.268888888888892,674.0
77.27472222222222,31.269166666666667,674.0
77.27472222222222,31.26944444444445,674.0
77.27472222222222,31.269722222222224,674.0
77.27444444444446,31.270000000000003,674.0
77.27416666666667,31.27027777777778,674.0
77.27388888888889,31.270555555555557,673.0
77.27388888888889,31.270833333333336,673.0
77.27361111111112,31.27111111111111,673.0
77.27333333333334,31.27138888888889,673.0
77.27305555555556,31.27166666666667,673.0
77.27277777777779,31.271944444444447,673.0
77.27250000000001,31.272222222222226,673.0
77.27222222222223,31.272222222222226,672.0
77.27194444444446,31.272222222222226,672.0
77.27166666666668,31.272222222222226,672.0
77.2713888888889,31.2725,672.0
77.27111111111113,31.2725,672.0
77.27083333333334,31.2725,672.0
77.27055555555556,31.2725,672.0
77.27027777777778,31.2725,672.0
77.27000000000001,31.2725,672.0
77.26972222222223,31.2725,672.0
77.26944444444445,31.2725,671.0
77.26916666666668,31.2725,671.0
77.2688888888889,31.2725,671.0
77.26861111111111,31.2725,671.0
77.26833333333335,31.2725,671.0
77.26805555555556,31.272222222222226,671.0
77.26777777777778,31.271944444444447,671.0
77.26750000000001,31.27166666666667,671.0
77.26722222222223,31.27138888888889,670.0
77.26722222222223,31.27111111111111,670.0
77.26694444444445,31.270833333333336,670.0
77.26694444444445,31.270555555555557,670.0
77.26666666666668,31.27027777777778,670.0
77.26666666666668,31.270000000000003,670.0
77.26666666666668,31.269722222222224,670.0
77.2663888888889,31.26944444444445,670.0
77.2663888888889,31.269166666666667,669.0
77.2663888888889,31.268888888888892,669.0
77.2663888888889,31.268611111111113,669.0
77.2663888888889,31.268333333333334,669.0
77.2663888888889,31.268055555555556,669.0
77.2663888888889,31.26777777777778,669.0
77.2663888888889,31.2675,669.0
77.26611111111112,31.267222222222223,669.0
77.26583333333335,31.266944444444444,668.0
77.26555555555557,31.26666666666667,668.0
77.26527777777778,31.26638888888889,668.0
77.265,31.26638888888889,668.0
77.26472222222223,31.266111111111112,668.0
77.26444444444445,31.266111111111112,668.0
77.26416666666667,31.266111111111112,668.0
77.2638888888889,31.266111111111112,668.0
77.26361111111112,31.265833333333333,668.0
77.26333333333334,31.265833333333333,667.0
77.26305555555557,31.265833333333333,667.0
77.26277777777779,31.265833333333333,667.0
77.2625,31.265833333333333,667.0
77.26222222222223,31.26555555555556,667.0
77.26194444444445,31.26555555555556,667.0
77.26166666666667,31.26527777777778,667.0
77.2613888888889,31.26527777777778,667.0
77.26111111111112,31.265,666.0
77.26083333333334,31.265,666.0
77.26055555555557,31.265,666.0
77.26027777777779,31.264722222222225,666.0
77.26,31.264722222222225,666.0
77.25972222222222,31.264722222222225,666.0
77.25944444444445,31.264444444444447,666.0
77.25916666666667,31.264444444444447,666.0
77.25888888888889,31.264166666666668,666.0
77.25861111111112,31.26388888888889,666.0
77.25833333333334,31.26388888888889,665.0
77.25805555555556,31.26361111111111,665.0
77.25777777777779,31.26361111111111,665.0
77.25750000000001,31.263333333333335,665.0
77.25722222222223,31.263333333333335,665.0
77.25694444444446,31.263055555555557,665.0
77.25666666666667,31.262777777777774,665.0
77.25638888888889,31.262500000000003,664.0
77.25611111111112,31.262500000000003,664.0
77.25583333333334,31.262500000000003,664.0
77.25555555555556,31.262222222222224,664.0
77.25527777777779,31.261944444444445,664.0
77.25500000000001,31.261944444444445,664.0
77.25472222222223,31.261666666666667,664.0
77.25444444444445,31.261666666666667,664.0
77.25416666666668,31.26138888888889,664.0
77.2538888888889,31.26138888888889,663.0
77.25361111111111,31.261111111111113,663.0
77.25333333333334,31.261111111111113,663.0
77.25305555555556,31.261111111111113,663.0
77.25277777777778,31.260833333333338,663.0
77.25250000000001,31.260555555555555,663.0
77.25222222222223,31.26027777777778,663.0
77.25194444444445,31.26,663.0
77.25194444444445,31.259722222222223,662.0
77.25166666666668,31.259444444444444,662.0
77.2513888888889,31.25916666666667,662.0
77.25111111111111,31.25888888888889,662.0
77.25083333333335,31.25861111111111,662.0
77.25083333333335,31.258333333333333,662.0
77.25055555555556,31.25805555555556,662.0
77.25055555555556,31.25777777777778,661.0
77.25027777777778,31.2575,661.0
77.25027777777778,31.257222222222225,661.0
77.25000000000001,31.256944444444446,661.0
77.24972222222223,31.256666666666668,661.0
77.24944444444445,31.25638888888889,661.0
77.24916666666667,31.25611111111111,661.0
77.2488888888889,31.255833333333335,660.0
77.2488888888889,31.255555555555556,660.0
77.2488888888889,31.255277777777778,660.0
77.2488888888889,31.255000000000003,660.0
77.2488888888889,31.254722222222224,660.0
77.2488888888889,31.254444444444445,660.0
77.2488888888889,31.254166666666663,660.0
77.2488888888889,31.25388888888889,660.0
77.2488888888889,31.253611111111113,660.0
77.24861111111112,31.253333333333337,659.0
77.24833333333333,31.253055555555555,659.0
77.24805555555557,31.25277777777778,659.0
77.24777777777778,31.2525,659.0
77.2475,31.252222222222223,659.0
77.24722222222223,31.251944444444447,659.0
77.24694444444445,31.25166666666667,659.0
77.24666666666667,31.25138888888889,658.0
77.2463888888889,31.25138888888889,658.0
77.24611111111112,31.25138888888889,658.0
77.24583333333334,31.25111111111111,658.0
77.24555555555557,31.25111111111111,658.0
77.24527777777779,31.250833333333336,658.0
77.245,31.250833333333336,658.0
77.24472222222224,31.250833333333336,658.0
77.24444444444445,31.250833333333336,658.0
77.24416666666667,31.25111111111111,657.0
77.24388888888889,31.25138888888889,657.0
77.24361111111112,31.25166666666667,657.0
77.24333333333334,31.251944444444447,657.0
77.24333333333334,31.252222222222223,657.0
77.24305555555556,31.2525,657.0
77.24277777777779,31.25277777777778,657.0
77.2425,31.253055555555555,656.0
77.2425,31.253333333333337,656.0
77.2425,31.253611111111113,656.0
77.24222222222222,31.25388888888889,656.0
77.24194444444446,31.254166666666663,656.0
77.24166666666667,31.254444444444445,656.0
77.24138888888889,31.254444444444445,656.0
77.24111111111112,31.254722222222224,656.0
77.24083333333334,31.254722222222224,655.0
77.24055555555556,31.255000000000003,655.0
77.24027777777779,31.255277777777778,655.0
77.24000000000001,31.255277777777778,655.0
77.23972222222223,31.255277777777778,655.0
77.23944444444444,31.255555555555556,655.0
77.23916666666668,31.255555555555556,655.0
77.2388888888889,31.255833333333335,655.0
77.23861111111111,31.255833333333335,655.0
77.23833333333334,31.25611111111111,654.0
77.23805555555556,31.25611111111111,654.0
77.23777777777778,31.25638888888889,654.0
77.23750000000001,31.256666666666668,654.0
77.23722222222223,31.256666666666668,654.0
77.23694444444445,31.256666666666668,654.0
77.23666666666668,31.256944444444446,654.0
77.2363888888889,31.256944444444446,654.0
77.23611111111111,31.257222222222225,653.0
77.23583333333335,31.257222222222225,653.0
77.23555555555556,31.2575,653.0
77.23527777777778,31.2575,653.0
77.23500000000001,31.25777777777778,653.0
77.23472222222223,31.25777777777778,653.0
77.23444444444445,31.25805555555556,653.0
77.23416666666667,31.25805555555556,653.0
77.2338888888889,31.258333333333333,653.0
77.23361111111112,31.258333333333333,652.0
77.23333333333333,31.258333333333333,652.0
77.23305555555557,31.25861111111111,652.0
77.23277777777778,31.25861111111111,652.0
77.2325,31.25861111111111,652.0
77.23222222222223,31.25888888888889,652.0
77.23194444444445,31.25888888888889,652.0
77.23166666666667,31.25888888888889,652.0
77.2313888888889,31.25888888888889,652.0
77.23111111111112,31.25916666666667,651.0
77.23083333333334,31.25916666666667,651.0
77.23055555555557,31.25916666666667,651.0
77.23027777777779,31.259444444444444,651.0
77.23,31.259444444444444,651.0
77.22972222222224,31.259444444444444,651.0
77.22944444444445,31.259444444444444,651.0
77.22916666666667,31.259444444444444,651.0
77.22888888888889,31.259722222222223,651.0
77.22861111111112,31.259722222222223,651.0
77.22833333333334,31.259722222222223,650.0
77.22805555555556,31.26,650.0
77.22777777777779,31.26,650.0
77.2275,31.26,650.0
77.22722222222222,31.26,650.0
77.22694444444446,31.26027777777778,650.0
77.22666666666667,31.26027777777778,650.0
77.22638888888889,31.26027777777778,650.0
77.22611111111112,31.260555555555555,650.0
77.22583333333334,31.260555555555555,650.0
77.22555555555556,31.260555555555555,649.0
77.22527777777779,31.260555555555555,649.0
77.22500000000001,31.260555555555555,655.0
77.22472222222223,31.260833333333338,649.0
77.22444444444446,31.260833333333338,649.0
77.22416666666668,31.260833333333338,649.0
77.2238888888889,31.260833333333338,649.0
77.22361111111111,31.260833333333338,649.0
77.22333333333334,31.260833333333338,649.0
77.22305555555556,31.260833333333338,649.0
77.22277777777778,31.260833333333338,649.0
77.22250000000001,31.260833333333338,649.0
77.22222222222223,31.260833333333338,649.0
77.22194444444445,31.260833333333338,649.0
77.22166666666668,31.260833333333338,649.0
77.2213888888889,31.260833333333338,649.0
77.22111111111111,31.260833333333338,649.0
77.22083333333335,31.260833333333338,649.0
77.22055555555556,31.260555555555555,648.0
77.22027777777778,31.260555555555555,648.0
77.22000000000001,31.26027777777778,648.0
77.21972222222223,31.26027777777778,648.0
77.21944444444445,31.26,648.0
77.21916666666668,31.259722222222223,648.0
77.2188888888889,31.259444444444444,648.0
77.21861111111112,31.25916666666667,648.0
77.21833333333333,31.25888888888889,648.0
77.21833333333333,31.25861111111111,648.0
77.21833333333333,31.258333333333333,648.0
77.21805555555557,31.25805555555556,648.0
77.21805555555557,31.25777777777778,648.0
77.21805555555557,31.2575,654.0
77.21777777777778,31.257222222222225,648.0
77.21777777777778,31.256944444444446,652.0
77.21777777777778,31.256666666666668,655.0
77.2175,31.25638888888889,652.0
77.21722222222223,31.25611111111111,647.0
77.21694444444445,31.255833333333335,647.0
77.21666666666667,31.255555555555556,647.0
77.2163888888889,31.255277777777778,647.0
77.21611111111112,31.255000000000003,647.0
77.21583333333334,31.254722222222224,647.0
77.21555555555557,31.254444444444445,647.0
77.21527777777779,31.254166666666663,647.0
77.215,31.25388888888889,647.0
77.21472222222224,31.253611111111113,647.0
77.21444444444445,31.253333333333337,647.0
77.21416666666667,31.253055555555555,647.0
77.2138888888889,31.25277777777778,647.0
77.21361111111112,31.2525,646.0
77.21333333333334,31.252222222222223,646.0
77.21305555555556,31.251944444444447,646.0
77.21277777777779,31.25166666666667,646.0
77.2125,31.25138888888889,646.0
77.21222222222222,31.25111111111111,646.0
77.21194444444446,31.250833333333336,646.0
77.21166666666667,31.250555555555557,646.0
77.21138888888889,31.25027777777778,646.0
77.21111111111112,31.25,646.0
77.21083333333334,31.249722222222225,646.0
77.21055555555556,31.24944444444445,646.0
77.21027777777779,31.249166666666667,646.0
77.21000000000001,31.24888888888889,646.0
77.20972222222223,31.248611111111114,645.0
77.20944444444446,31.248333333333335,645.0
77.20916666666668,31.248333333333335,645.0
77.2088888888889,31.248055555555556,645.0
77.20861111111113,31.248055555555556,645.0
77.20833333333334,31.247777777777777,645.0
77.20805555555556,31.2475,645.0
77.20777777777778,31.247222222222224,645.0
77.20750000000001,31.246944444444445,645.0
77.20722222222223,31.24666666666667,645.0
77.20694444444445,31.24638888888889,645.0
77.20666666666668,31.246111111111112,645.0
77.2063888888889,31.246111111111112,645.0
77.20611111111111,31.245833333333337,645.0
77.20583333333335,31.24555555555556,645.0
77.20555555555556,31.24527777777778,644.0
77.20527777777778,31.245,644.0
77.20500000000001,31.245,644.0
77.20472222222223,31.244722222222222,644.0
77.20444444444445,31.244444444444447,644.0
77.20416666666668,31.24416666666667,644.0
77.2038888888889,31.24416666666667,644.0
77.20361111111112,31.24388888888889,644.0
77.20333333333335,31.24388888888889,653.0
77.20305555555557,31.24361111111111,644.0
77.20277777777778,31.24361111111111,644.0
77.2025,31.243333333333336,644.0
77.20222222222223,31.243333333333336,644.0
77.20194444444445,31.243055555555557,644.0
77.20166666666667,31.243055555555557,644.0
77.2013888888889,31.243055555555557,644.0
77.20111111111112,31.243055555555557,644.0
77.20083333333334,31.24277777777778,644.0
77.20055555555557,31.24277777777778,643.0
77.20027777777779,31.24277777777778,656.0
77.2,31.2425,643.0
77.19972222222223,31.2425,643.0
77.19944444444445,31.2425,654.0
77.19916666666667,31.242222222222225,643.0
77.1988888888889,31.242222222222225,648.0
77.19861111111112,31.242222222222225,652.0
77.19833333333334,31.242222222222225,653.0
77.19805555555557,31.242222222222225,653.0
77.19777777777779,31.242222222222225,652.0
77.1975,31.242222222222225,650.0
77.19722222222222,31.242222222222225,643.0
77.19694444444445,31.242222222222225,643.0
77.19666666666667,31.242222222222225,643.0
77.19638888888889,31.242222222222225,643.0
77.19611111111112,31.242222222222225,643.0
77.19583333333334,31.2425,643.0
77.19555555555556,31.24277777777778,643.0
77.19527777777779,31.243055555555557,642.0
77.19500000000001,31.243333333333336,656.0
77.19472222222223,31.24361111111111,642.0
77.19444444444446,31.24388888888889,642.0
77.19444444444446,31.24416666666667,652.0
77.19416666666667,31.244444444444447,642.0
77.19388888888889,31.244722222222222,642.0
77.19388888888889,31.245,642.0
77.19361111111112,31.24527777777778,642.0
77.19361111111112,31.24555555555556,655.0
77.19333333333334,31.245833333333337,642.0
77.19333333333334,31.246111111111112,642.0
77.19333333333334,31.24638888888889,648.0
77.19333333333334,31.24666666666667,648.0
77.19333333333334,31.246944444444445,650.0
77.19333333333334,31.247222222222224,649.0
77.19333333333334,31.2475,650.0
77.19333333333334,31.247777777777777,651.0
77.19333333333334,31.248055555555556,653.0
77.19333333333334,31.248333333333335,654.0
77.19305555555556,31.248611111111114,641.0
77.19305555555556,31.24888888888889,648.0
77.19305555555556,31.249166666666667,655.0
77.19277777777779,31.24944444444445,641.0
77.19277777777779,31.249722222222225,641.0
77.19277777777779,31.25,641.0
77.19277777777779,31.25027777777778,641.0
77.19250000000001,31.250555555555557,641.0
77.19250000000001,31.250833333333336,641.0
77.19250000000001,31.25111111111111,641.0
77.19222222222223,31.25138888888889,641.0
77.19194444444445,31.25166666666667,641.0
77.19166666666668,31.251944444444447,641.0
77.1913888888889,31.252222222222223,640.0
77.19111111111111,31.2525,640.0
77.19083333333334,31.25277777777778,640.0
77.19055555555556,31.253055555555555,640.0
77.19027777777778,31.253333333333337,640.0
77.19000000000001,31.253333333333337,640.0
77.18972222222223,31.253333333333337,640.0
77.18944444444445,31.253333333333337,640.0
77.18916666666668,31.253333333333337,640.0
77.1888888888889,31.253333333333337,640.0
77.18861111111111,31.253333333333337,640.0
77.18833333333335,31.253333333333337,640.0
77.18805555555556,31.253055555555555,640.0
77.18777777777778,31.25277777777778,643.0
77.18750000000001,31.2525,646.0
77.18722222222223,31.252222222222223,649.0
77.18694444444445,31.251944444444447,653.0
77.18666666666667,31.25166666666667,656.0
77.1863888888889,31.25138888888889,656.0
77.18611111111112,31.25111111111111,654.0
77.18583333333333,31.250833333333336,652.0
77.18555555555557,31.250555555555557,656.0
77.18527777777778,31.25027777777778,652.0
77.185,31.25,639.0
77.18472222222223,31.25,639.0
77.18444444444445,31.25,652.0
77.18416666666667,31.249722222222225,639.0
77.1838888888889,31.249722222222225,651.0
77.18361111111112,31.24944444444445,643.0
77.18333333333334,31.24944444444445,650.0
77.18305555555557,31.249166666666667,639.0
77.18277777777779,31.249166666666667,647.0
77.1825,31.249166666666667,650.0
77.18222222222224,31.249166666666667,650.0
77.18194444444445,31.249166666666667,654.0
77.18166666666667,31.24888888888889,638.0
77.18138888888889,31.248611111111114,638.0
77.18111111111112,31.248333333333335,638.0
77.18083333333334,31.248055555555556,638.0
77.18055555555556,31.247777777777777,638.0
77.18027777777779,31.2475,638.0
77.18,31.247222222222224,638.0
77.17972222222222,31.246944444444445,638.0
77.17944444444446,31.24666666666667,638.0
77.17916666666667,31.24638888888889,638.0
77.17888888888889,31.246111111111112,638.0
77.17861111111112,31.245833333333337,638.0
77.17833333333334,31.24555555555556,638.0
77.17805555555556,31.24527777777778,637.0
77.17777777777779,31.245,637.0
77.17750000000001,31.244722222222222,637.0
77.17722222222223,31.244444444444447,637.0
77.17694444444444,31.24416666666667,637.0
77.17666666666668,31.24388888888889,637.0
77.1763888888889,31.24361111111111,637.0
77.17611111111111,31.243333333333336,637.0
77.17583333333334,31.243055555555557,637.0
77.17555555555556,31.24277777777778,637.0
77.17527777777778,31.2425,637.0
77.17500000000001,31.242222222222225,637.0
77.17472222222223,31.24194444444445,637.0
77.17444444444445,31.241666666666667,637.0
77.17416666666668,31.241388888888892,636.0
77.1738888888889,31.241111111111113,636.0
77.17361111111111,31.240833333333335,636.0
77.17333333333335,31.240555555555556,636.0
77.17305555555556,31.24027777777778,640.0
77.17277777777778,31.24,636.0
77.17250000000001,31.239722222222223,645.0
77.17222222222223,31.239444444444445,647.0
77.17194444444445,31.23916666666667,650.0
77.17166666666667,31.23888888888889,650.0
77.1713888888889,31.238611111111112,649.0
77.17111111111112,31.238333333333333,648.0
77.17083333333333,31.23805555555556,636.0
77.17055555555557,31.23777777777778,635.0
77.17055555555557,31.2375,635.0
77.17027777777778,31.237222222222226,635.0
77.17,31.236944444444447,635.0
77.16972222222223,31.236666666666668,635.0
77.16944444444445,31.23638888888889,635.0
77.16916666666667,31.23611111111111,635.0
77.1688888888889,31.235833333333336,635.0
77.16861111111112,31.235555555555557,654.0
77.16833333333334,31.235277777777775,651.0
77.16805555555557,31.235000000000003,649.0
77.16777777777779,31.234722222222224,651.0
77.1675,31.23444444444445,653.0
77.16722222222224,31.234166666666667,655.0
77.16694444444445,31.23388888888889,653.0
77.16666666666667,31.233611111111113,652.0
77.16638888888889,31.233333333333334,648.0
77.16611111111112,31.233055555555556,646.0
77.16583333333334,31.23277777777778,643.0
77.16555555555556,31.2325,634.0
77.16527777777779,31.2325,655.0
77.165,31.232222222222223,654.0
77.16472222222222,31.232222222222223,656.0
77.16444444444446,31.231944444444444,649.0
77.16416666666667,31.231944444444444,653.0
77.16388888888889,31.23166666666667,643.0
77.16361111111112,31.23166666666667,648.0
77.16333333333334,31.23166666666667,652.0
77.16305555555556,31.23138888888889,634.0
77.16277777777779,31.23138888888889,646.0
77.16250000000001,31.23138888888889,645.0
77.16222222222223,31.23138888888889,643.0
77.16194444444446,31.23138888888889,644.0
77.16166666666668,31.23138888888889,648.0
77.1613888888889,31.23138888888889,650.0
77.16111111111111,31.23138888888889,649.0
77.16083333333334,31.23138888888889,649.0
77.16055555555556,31.23138888888889,647.0
77.16027777777778,31.23138888888889,645.0
77.16000000000001,31.23138888888889,644.0
77.15972222222223,31.23138888888889,643.0
77.15944444444445,31.23138888888889,641.0
77.15916666666668,31.23138888888889,639.0
77.1588888888889,31.23138888888889,639.0
77.15861111111111,31.23138888888889,636.0
77.15833333333335,31.23138888888889,633.0
77.15805555555556,31.23138888888889,638.0
77.15777777777778,31.23138888888889,642.0
77.15750000000001,31.23138888888889,650.0
77.15722222222223,31.23138888888889,655.0
77.15694444444445,31.23111111111111,649.0
77.15666666666668,31.23111111111111,654.0
77.1563888888889,31.23111111111111,656.0
77.15611111111112,31.230833333333333,648.0
77.15583333333333,31.230833333333333,650.0
77.15555555555557,31.230833333333333,651.0
77.15527777777778,31.230833333333333,654.0
77.155,31.230833333333333,656.0
77.15472222222223,31.23055555555556,645.0
77.15444444444445,31.23055555555556,647.0
77.15416666666667,31.23055555555556,653.0
77.1538888888889,31.23027777777778,645.0
77.15361111111112,31.23027777777778,652.0
77.15333333333334,31.23027777777778,656.0
77.15305555555557,31.23,652.0
77.15277777777779,31.23,653.0
77.1525,31.23,656.0
77.15222222222224,31.229722222222225,649.0
77.15194444444445,31.229722222222225,648.0
77.15166666666667,31.229722222222225,644.0
77.1513888888889,31.229722222222225,641.0
77.15111111111112,31.229722222222225,638.0
77.15083333333334,31.229722222222225,635.0
77.15055555555556,31.229722222222225,631.0
77.15027777777779,31.229722222222225,631.0
77.15,31.229722222222225,631.0
77.14972222222222,31.229722222222225,631.0
77.14944444444446,31.229722222222225,631.0
77.14916666666667,31.229722222222225,631.0
77.14888888888889,31.229722222222225,631.0
77.14861111111112,31.229722222222225,631.0
77.14833333333334,31.23,631.0
77.14805555555556,31.23,648.0
77.14777777777779,31.23027777777778,631.0
77.14750000000001,31.23055555555556,631.0
77.14722222222223,31.23055555555556,656.0
77.14694444444446,31.230833333333333,646.0
77.14666666666668,31.230833333333333,649.0
77.1463888888889,31.230833333333333,651.0
77.14611111111113,31.230833333333333,653.0
77.14583333333334,31.23111111111111,635.0
77.14555555555556,31.23111111111111,638.0
77.14527777777778,31.23111111111111,642.0
77.14500000000001,31.23111111111111,645.0
77.14472222222223,31.23111111111111,650.0
77.14444444444445,31.23111111111111,652.0
77.14416666666668,31.23111111111111,654.0
77.1438888888889,31.23111111111111,656.0
77.14361111111111,31.23111111111111,655.0
77.14333333333335,31.23138888888889,644.0
77.14305555555556,31.23138888888889,649.0
77.14277777777778,31.23138888888889,652.0
77.14250000000001,31.23138888888889,653.0
77.14222222222223,31.23138888888889,652.0
77.14194444444445,31.23138888888889,651.0
77.14166666666668,31.23138888888889,647.0
77.1413888888889,31.23138888888889,636.0
77.14111111111112,31.23138888888889,630.0
77.14083333333335,31.23138888888889,630.0
77.14055555555557,31.23138888888889,629.0
77.14027777777778,31.23138888888889,629.0
77.14,31.23111111111111,629.0
77.13972222222223,31.230833333333333,629.0
77.13944444444445,31.23055555555556,650.0
77.13916666666667,31.23027777777778,654.0
77.1388888888889,31.23,648.0
77.13861111111112,31.229722222222225,629.0
77.13833333333334,31.229722222222225,654.0
77.13805555555557,31.229444444444447,642.0
77.13777777777779,31.229166666666668,629.0
77.1375,31.229166666666668,654.0
77.13722222222223,31.22888888888889,642.0
77.13694444444445,31.22861111111111,636.0
77.13666666666667,31.22861111111111,646.0
77.1363888888889,31.22861111111111,651.0
77.13611111111112,31.22861111111111,649.0
77.13583333333334,31.22861111111111,641.0
77.13555555555557,31.22861111111111,638.0
77.13527777777779,31.22861111111111,638.0
77.135,31.22861111111111,636.0
77.13472222222222,31.22861111111111,635.0
77.13444444444445,31.22861111111111,635.0
77.13416666666667,31.22861111111111,639.0
77.13388888888889,31.22861111111111,643.0
77.13361111111112,31.22861111111111,646.0
77.13333333333334,31.22861111111111,647.0
77.13305555555556,31.22861111111111,646.0
77.13277777777779,31.22861111111111,645.0
77.13250000000001,31.22861111111111,642.0
77.13222222222223,31.22861111111111,641.0
77.13194444444446,31.22861111111111,640.0
77.13166666666667,31.22861111111111,639.0
77.13138888888889,31.22861111111111,637.0
77.13111111111112,31.22861111111111,634.0
77.13083333333334,31.22861111111111,631.0
77.13055555555556,31.22861111111111,628.0
77.13027777777779,31.22861111111111,628.0
77.13000000000001,31.22861111111111,627.0
77.12972222222223,31.22861111111111,627.0
77.12944444444445,31.22861111111111,627.0
77.12916666666668,31.22861111111111,627.0
77.1288888888889,31.22861111111111,627.0
77.12861111111111,31.22861111111111,627.0
77.12833333333334,31.22861111111111,627.0
77.12805555555556,31.22861111111111,627.0
77.12777777777778,31.22861111111111,627.0
77.12750000000001,31.22861111111111,638.0
77.12722222222223,31.22861111111111,643.0
77.12694444444445,31.22861111111111,651.0
77.12666666666668,31.22888888888889,634.0
77.1263888888889,31.22888888888889,641.0
77.12611111111111,31.229166666666668,627.0
77.12583333333335,31.229444444444447,627.0
77.12555555555556,31.229722222222225,627.0
77.12527777777778,31.23,627.0
77.12500000000001,31.23027777777778,627.0
77.12472222222223,31.23055555555556,636.0
77.12444444444445,31.230833333333333,640.0
77.12416666666667,31.23111111111111,647.0
77.1238888888889,31.23138888888889,653.0
77.12361111111112,31.23166666666667,626.0
77.12361111111112,31.231944444444444,626.0
77.12361111111112,31.232222222222223,626.0
77.12361111111112,31.2325,626.0
77.12361111111112,31.23277777777778,626.0
77.12361111111112,31.233055555555556,626.0
77.12361111111112,31.233333333333334,626.0
77.12361111111112,31.233611111111113,626.0
77.12361111111112,31.23388888888889,625.0
77.12361111111112,31.234166666666667,625.0
77.12361111111112,31.23444444444445,624.0
77.12361111111112,31.234722222222224,624.0
77.12361111111112,31.235000000000003,623.0
77.12361111111112,31.235277777777775,621.0
77.12361111111112,31.235555555555557,621.0
77.12361111111112,31.235833333333336,621.0
77.12361111111112,31.23611111111111,621.0
77.12361111111112,31.23638888888889,621.0
77.12361111111112,31.236666666666668,621.0
77.12361111111112,31.236944444444447,621.0
77.12361111111112,31.237222222222226,634.0
77.12361111111112,31.2375,643.0
77.12361111111112,31.23777777777778,644.0
77.12361111111112,31.23805555555556,646.0
77.12361111111112,31.238333333333333,648.0
77.12361111111112,31.238611111111112,650.0
77.12361111111112,31.23888888888889,651.0
77.12361111111112,31.23916666666667,651.0
77.12361111111112,31.239444444444445,653.0
77.1238888888889,31.239722222222223,644.0
77.1238888888889,31.24,652.0
77.1238888888889,31.24027777777778,655.0
77.12416666666667,31.240555555555556,639.0
77.12416666666667,31.240833333333335,649.0
77.12416666666667,31.241111111111113,653.0
77.12444444444445,31.241388888888892,620.0
77.12444444444445,31.241666666666667,646.0
77.12444444444445,31.24194444444445,653.0
77.12472222222223,31.242222222222225,620.0
77.12472222222223,31.2425,647.0
77.12472222222223,31.24277777777778,652.0
77.12472222222223,31.243055555555557,653.0
77.12472222222223,31.243333333333336,654.0
77.12472222222223,31.24361111111111,652.0
77.12472222222223,31.24388888888889,650.0
77.12472222222223,31.24416666666667,650.0
77.12444444444445,31.244444444444447,652.0
77.12416666666667,31.244722222222222,649.0
77.1238888888889,31.245,649.0
77.12361111111112,31.24527777777778,650.0
77.12333333333333,31.24555555555556,652.0
77.12305555555557,31.245833333333337,654.0
77.12277777777778,31.246111111111112,656.0
77.1225,31.24638888888889,656.0
77.12222222222223,31.24666666666667,655.0
77.12194444444445,31.246944444444445,656.0
77.12166666666667,31.247222222222224,654.0
77.1213888888889,31.247222222222224,652.0
77.12111111111112,31.247222222222224,648.0
77.12083333333334,31.247222222222224,646.0
77.12055555555557,31.247222222222224,645.0
77.12027777777779,31.247222222222224,645.0
77.12,31.247222222222224,644.0
77.11972222222224,31.247222222222224,644.0
77.11944444444445,31.247222222222224,643.0
77.11916666666667,31.247222222222224,643.0
77.11888888888889,31.247222222222224,640.0
77.11861111111112,31.247222222222224,636.0
77.11833333333334,31.247222222222224,631.0
77.11805555555556,31.247222222222224,623.0
77.11777777777779,31.247222222222224,616.0
77.1175,31.247222222222224,616.0
77.11722222222222,31.247222222222224,616.0
77.11694444444446,31.247222222222224,616.0
77.11666666666667,31.247222222222224,616.0
77.11638888888889,31.247222222222224,619.0
77.11611111111112,31.247222222222224,624.0
77.11583333333334,31.247222222222224,630.0
77.11555555555556,31.247222222222224,633.0
77.11527777777779,31.247222222222224,635.0
77.11500000000001,31.247222222222224,648.0
77.11472222222223,31.246944444444445,643.0
77.11444444444444,31.24666666666667,640.0
77.11416666666668,31.24666666666667,652.0
77.1138888888889,31.24638888888889,648.0
77.11361111111111,31.24638888888889,654.0
77.11333333333334,31.246111111111112,650.0
77.11305555555556,31.246111111111112,655.0
77.11277777777778,31.245833333333337,650.0
77.11250000000001,31.245833333333337,652.0
77.11222222222223,31.245833333333337,654.0
77.11194444444445,31.245833333333337,656.0
77.11166666666668,31.24555555555556,654.0
77.1113888888889,31.24555555555556,654.0
77.11111111111111,31.24555555555556,651.0
77.11083333333335,31.24555555555556,646.0
77.11055555555556,31.24555555555556,642.0
77.11027777777778,31.24555555555556,639.0
77.11000000000001,31.24555555555556,637.0
77.10972222222223,31.24555555555556,636.0
77.10944444444445,31.24555555555556,634.0
77.10916666666667,31.24555555555556,628.0
77.1088888888889,31.24555555555556,628.0
77.10861111111112,31.24555555555556,625.0
77.10833333333333,31.24555555555556,618.0
77.10805555555557,31.24555555555556,614.0
77.10777777777778,31.24555555555556,614.0
77.1075,31.24555555555556,614.0
77.10722222222223,31.24555555555556,614.0
77.10694444444445,31.24555555555556,614.0
77.10666666666667,31.24555555555556,627.0
77.1063888888889,31.24555555555556,632.0
77.10611111111112,31.24555555555556,643.0
77.10583333333334,31.24555555555556,647.0
77.10555555555557,31.24555555555556,647.0
77.10527777777779,31.24555555555556,647.0
77.105,31.24555555555556,648.0
77.10472222222224,31.24555555555556,649.0
77.10444444444445,31.24555555555556,651.0
77.10416666666667,31.24555555555556,652.0
77.10388888888889,31.24555555555556,652.0
77.10361111111112,31.24555555555556,653.0
77.10333333333334,31.24555555555556,653.0
77.10305555555556,31.245833333333337,652.0
77.10277777777779,31.246111111111112,653.0
77.1025,31.24638888888889,655.0
77.10222222222222,31.24666666666667,653.0
77.10194444444446,31.24666666666667,654.0
77.10166666666667,31.24666666666667,655.0
77.10138888888889,31.246944444444445,651.0
77.10111111111112,31.246944444444445,650.0
77.10083333333334,31.246944444444445,644.0
77.10055555555556,31.246944444444445,642.0
77.10027777777779,31.246944444444445,643.0
77.10000000000001,31.246944444444445,644.0
77.09972222222223,31.246944444444445,645.0
77.09944444444446,31.246944444444445,637.0
77.09916666666668,31.246944444444445,627.0
77.0988888888889,31.246944444444445,620.0
77.09861111111111,31.246944444444445,616.0
77.09833333333334,31.246944444444445,613.0
77.09805555555556,31.246944444444445,611.0
77.09777777777778,31.246944444444445,611.0
77.09750000000001,31.246944444444445,611.0
77.09722222222223,31.246944444444445,611.0
77.09694444444445,31.246944444444445,611.0
77.09666666666668,31.246944444444445,612.0
77.0963888888889,31.246944444444445,613.0
77.09611111111111,31.246944444444445,615.0
77.09583333333335,31.246944444444445,621.0
77.09555555555556,31.246944444444445,629.0
77.09527777777778,31.246944444444445,636.0
77.09500000000001,31.246944444444445,641.0
77.09472222222223,31.246944444444445,648.0
77.09444444444445,31.246944444444445,650.0
77.09416666666668,31.246944444444445,650.0
77.0938888888889,31.246944444444445,650.0
77.09361111111112,31.246944444444445,652.0
77.09333333333333,31.246944444444445,653.0
77.09305555555557,31.246944444444445,651.0
77.09277777777778,31.246944444444445,647.0
77.0925,31.246944444444445,646.0
77.09222222222223,31.246944444444445,645.0
77.09194444444445,31.246944444444445,642.0
77.09166666666667,31.246944444444445,639.0
77.0913888888889,31.246944444444445,640.0
77.09111111111112,31.246944444444445,644.0
77.09083333333334,31.246944444444445,641.0
77.09055555555557,31.246944444444445,639.0
77.09027777777779,31.246944444444445,638.0
77.09,31.246944444444445,637.0
77.08972222222224,31.246944444444445,637.0
77.08944444444445,31.246944444444445,638.0
77.08916666666667,31.246944444444445,635.0
77.0888888888889,31.246944444444445,627.0
77.08861111111112,31.246944444444445,618.0
77.08833333333334,31.246944444444445,608.0
77.08805555555556,31.246944444444445,607.0
77.08777777777779,31.246944444444445,607.0
77.0875,31.246944444444445,607.0
77.08722222222222,31.246944444444445,607.0
77.08694444444446,31.246944444444445,627.0
77.08666666666667,31.246944444444445,636.0
77.08638888888889,31.246944444444445,645.0
77.08611111111112,31.247222222222224,649.0
77.08583333333334,31.247222222222224,653.0
77.08555555555556,31.2475,635.0
77.08527777777779,31.2475,648.0
77.08500000000001,31.2475,655.0
77.08472222222223,31.247777777777777,640.0
77.08444444444446,31.247777777777777,650.0
77.08416666666668,31.247777777777777,652.0
77.0838888888889,31.247777777777777,656.0
77.08361111111113,31.248055555555556,630.0
77.08333333333334,31.248055555555556,626.0
77.08305555555556,31.248055555555556,621.0
77.08277777777778,31.248055555555556,618.0
77.08250000000001,31.248055555555556,617.0
77.08222222222223,31.248055555555556,615.0
77.08194444444445,31.248055555555556,612.0
77.08166666666668,31.248055555555556,611.0
77.0813888888889,31.248055555555556,610.0
77.08111111111111,31.248055555555556,608.0
77.08083333333335,31.248055555555556,615.0
77.08055555555556,31.248055555555556,627.0
77.08027777777778,31.248055555555556,644.0
77.08000000000001,31.248333333333335,633.0
77.07972222222223,31.248333333333335,643.0
77.07944444444445,31.248333333333335,655.0
77.07916666666668,31.248611111111114,638.0
77.0788888888889,31.248611111111114,651.0
77.07861111111112,31.24888888888889,640.0
77.07833333333335,31.249166666666667,627.0
77.07805555555557,31.24944444444445,615.0
77.07777777777778,31.249722222222225,609.0
77.0775,31.25,610.0
77.07722222222223,31.25027777777778,631.0
77.07694444444445,31.250555555555557,648.0
77.07666666666667,31.250833333333336,651.0
77.0763888888889,31.25111111111111,645.0
77.07611111111112,31.25138888888889,638.0
77.07611111111112,31.25166666666667,651.0
77.07583333333334,31.251944444444447,636.0
77.07583333333334,31.252222222222223,638.0
77.07583333333334,31.2525,646.0
77.07555555555557,31.25277777777778,637.0
77.07555555555557,31.253055555555555,645.0
77.07527777777779,31.253333333333337,650.0
77.07527777777779,31.253611111111113,655.0
77.075,31.25388888888889,656.0
77.075,31.254166666666663,651.0
77.075,31.254444444444445,647.0
77.07472222222223,31.254722222222224,623.0
77.07472222222223,31.255000000000003,604.0
77.07472222222223,31.255277777777778,604.0
77.07472222222223,31.255555555555556,603.0
77.07472222222223,31.255833333333335,602.0
77.07444444444445,31.25611111111111,602.0
77.07444444444445,31.25638888888889,609.0
77.07444444444445,31.256666666666668,613.0
77.07444444444445,31.256944444444446,612.0
77.07416666666667,31.257222222222225,603.0
77.0738888888889,31.2575,599.0
77.07361111111112,31.25777777777778,599.0
77.07333333333334,31.25805555555556,618.0
77.07305555555557,31.258333333333333,599.0
77.07277777777779,31.258333333333333,599.0
77.0725,31.258333333333333,599.0
77.07222222222222,31.258333333333333,599.0
77.07194444444445,31.258333333333333,599.0
77.07166666666667,31.258333333333333,599.0
77.07138888888889,31.258333333333333,599.0
77.07111111111112,31.258333333333333,599.0
77.07083333333334,31.258333333333333,599.0
77.07055555555556,31.258333333333333,599.0
77.07027777777779,31.258333333333333,599.0
77.07000000000001,31.258333333333333,599.0
77.06972222222223,31.258333333333333,599.0
77.06944444444446,31.258333333333333,599.0
77.06916666666667,31.258333333333333,599.0
77.06888888888889,31.258333333333333,599.0
77.06861111111112,31.258333333333333,599.0
77.06833333333334,31.25805555555556,599.0
77.06805555555556,31.25805555555556,599.0
77.06777777777779,31.25777777777778,599.0
77.06750000000001,31.25777777777778,599.0
77.06722222222223,31.2575,599.0
77.06694444444445,31.2575,599.0
77.06666666666668,31.2575,599.0
77.0663888888889,31.2575,599.0
77.06611111111111,31.2575,599.0
77.06583333333334,31.2575,599.0
77.06555555555556,31.2575,599.0
77.06527777777778,31.2575,599.0
77.06500000000001,31.2575,599.0
77.06472222222223,31.2575,599.0
77.06444444444445,31.2575,614.0
77.06416666666668,31.25777777777778,598.0
77.0638888888889,31.25777777777778,598.0
77.06361111111111,31.25777777777778,598.0
77.06333333333335,31.25777777777778,617.0
77.06305555555556,31.25805555555556,598.0
77.06277777777778,31.25805555555556,598.0
77.06250000000001,31.258333333333333,598.0
77.06222222222223,31.258333333333333,598.0
77.06194444444445,31.25861111111111,598.0
77.06166666666667,31.25888888888889,597.0
77.06166666666667,31.25916666666667,597.0
77.0613888888889,31.259444444444444,597.0
77.06111111111112,31.259722222222223,597.0
77.06111111111112,31.26,604.0
77.06083333333333,31.26027777777778,597.0
77.06055555555557,31.260555555555555,597.0
77.06055555555557,31.260833333333338,596.0
77.06027777777778,31.261111111111113,596.0
77.06027777777778,31.26138888888889,611.0
77.06,31.261666666666667,596.0
77.06,31.261944444444445,612.0
77.05972222222223,31.262222222222224,596.0
77.05972222222223,31.262500000000003,609.0
77.05944444444445,31.262777777777774,599.0
77.05944444444445,31.263055555555557,608.0
77.05916666666667,31.263333333333335,595.0
77.0588888888889,31.26361111111111,595.0
77.05861111111112,31.26388888888889,595.0
77.05833333333334,31.264166666666668,595.0
77.05805555555557,31.264444444444447,595.0
77.05777777777779,31.264722222222225,595.0
77.0575,31.265,594.0
77.05722222222224,31.26527777777778,609.0
77.05694444444445,31.26555555555556,613.0
77.05666666666667,31.265833333333333,611.0
77.05638888888889,31.266111111111112,610.0
77.05611111111112,31.26638888888889,605.0
77.05583333333334,31.26638888888889,613.0
77.05555555555556,31.26666666666667,605.0
77.05527777777779,31.26666666666667,614.0
77.055,31.266944444444444,604.0
77.05472222222222,31.266944444444444,612.0
77.05444444444446,31.267222222222223,601.0
77.05416666666667,31.267222222222223,604.0
77.05388888888889,31.267222222222223,612.0
77.05361111111112,31.267222222222223,618.0
77.05333333333334,31.2675,592.0
77.05305555555556,31.2675,592.0
77.05277777777779,31.2675,604.0
77.05250000000001,31.2675,603.0
77.05222222222223,31.2675,598.0
77.05194444444444,31.2675,594.0
77.05166666666668,31.2675,593.0
77.0513888888889,31.2675,592.0
77.05111111111111,31.2675,592.0
77.05083333333334,31.2675,591.0
77.05055555555556,31.2675,591.0
77.05027777777778,31.2675,591.0
77.05000000000001,31.2675,596.0
77.04972222222223,31.2675,609.0
77.04944444444445,31.267222222222223,591.0
77.04916666666668,31.267222222222223,591.0
77.0488888888889,31.267222222222223,591.0
77.04861111111111,31.267222222222223,596.0
77.04833333333335,31.267222222222223,594.0
77.04805555555556,31.267222222222223,592.0
77.04777777777778,31.267222222222223,590.0
77.04750000000001,31.267222222222223,590.0
77.04722222222223,31.267222222222223,590.0
77.04694444444445,31.267222222222223,590.0
77.04666666666667,31.2675,590.0
77.0463888888889,31.26777777777778,590.0
77.04611111111112,31.268055555555556,590.0
77.04583333333333,31.268055555555556,618.0
77.04555555555557,31.268333333333334,589.0
77.04527777777778,31.268333333333334,589.0
77.045,31.268333333333334,614.0
77.04472222222223,31.268333333333334,617.0
77.04444444444445,31.268611111111113,589.0
77.04416666666667,31.268611111111113,589.0
77.0438888888889,31.268611111111113,589.0
77.04361111111112,31.268611111111113,589.0
77.04333333333334,31.268611111111113,589.0
77.04305555555557,31.268611111111113,588.0
77.04277777777779,31.268611111111113,593.0
77.0425,31.268611111111113,596.0
77.04222222222224,31.268611111111113,598.0
77.04194444444445,31.268611111111113,602.0
77.04166666666667,31.268611111111113,609.0
77.04138888888889,31.268611111111113,615.0
77.04111111111112,31.268888888888892,598.0
77.04083333333334,31.268888888888892,600.0
77.04055555555556,31.268888888888892,604.0
77.04027777777779,31.268888888888892,611.0
77.04,31.268888888888892,614.0
77.03972222222222,31.268888888888892,616.0
77.03944444444446,31.268888888888892,618.0
77.03916666666667,31.269166666666667,592.0
77.03888888888889,31.269166666666667,587.0
77.03861111111112,31.269166666666667,606.0
77.03833333333334,31.269166666666667,605.0
77.03805555555556,31.269166666666667,614.0
77.03777777777779,31.26944444444445,606.0
77.03750000000001,31.26944444444445,618.0
77.03722222222223,31.269722222222224,596.0
77.03694444444446,31.269722222222224,604.0
77.03666666666668,31.269722222222224,614.0
77.0363888888889,31.270000000000003,596.0
77.03611111111111,31.270000000000003,601.0
77.03583333333334,31.270000000000003,609.0
77.03555555555556,31.270000000000003,618.0
77.03527777777778,31.27027777777778,586.0
77.03500000000001,31.27027777777778,604.0
77.03472222222223,31.27027777777778,614.0
77.03444444444445,31.270555555555557,585.0
77.03416666666668,31.270555555555557,598.0
77.0338888888889,31.270555555555557,601.0
77.03361111111111,31.270555555555557,612.0
77.03333333333335,31.270555555555557,616.0
77.03305555555556,31.270833333333336,599.0
77.03277777777778,31.270833333333336,607.0
77.03250000000001,31.270833333333336,617.0
77.03222222222223,31.27111111111111,598.0
77.03194444444445,31.27111111111111,613.0
77.03166666666668,31.27138888888889,601.0
77.0313888888889,31.27138888888889,612.0
77.03111111111112,31.27166666666667,608.0
77.03083333333333,31.271944444444447,607.0
77.03055555555557,31.272222222222226,601.0
77.03027777777778,31.2725,595.0
77.03,31.27277777777778,588.0
77.02972222222223,31.27305555555556,591.0
77.02944444444445,31.273333333333333,589.0
77.02916666666667,31.273611111111112,583.0
77.0288888888889,31.27388888888889,583.0
77.02861111111112,31.27416666666667,583.0
77.02833333333334,31.274444444444445,583.0
77.02805555555557,31.274722222222223,582.0
77.02777777777779,31.275,582.0
77.0275,31.27527777777778,582.0
77.02722222222224,31.27527777777778,612.0
77.02694444444445,31.275555555555556,582.0
77.02666666666667,31.275555555555556,606.0
77.0263888888889,31.275555555555556,609.0
77.02611111111112,31.275833333333335,596.0
77.02583333333334,31.276111111111113,585.0
77.02555555555556,31.27638888888889,581.0
77.02527777777779,31.276666666666667,581.0
77.025,31.27694444444445,587.0
77.02472222222222,31.277222222222225,594.0
77.02444444444446,31.2775,599.0
77.02416666666667,31.27777777777778,606.0
77.02388888888889,31.278055555555557,611.0
77.02361111111112,31.278333333333336,608.0
77.02333333333334,31.27861111111111,603.0
77.02333333333334,31.27888888888889,616.0
77.02333333333334,31.27916666666667,615.0
77.02333333333334,31.279444444444447,605.0
77.02333333333334,31.279722222222222,605.0
77.02333333333334,31.28,610.0
77.02333333333334,31.28027777777778,608.0
77.02333333333334,31.28055555555556,606.0
77.02333333333334,31.280833333333337,600.0
77.02333333333334,31.281111111111112,606.0
77.02305555555556,31.28138888888889,593.0
77.02277777777779,31.281666666666663,585.0
77.02250000000001,31.281944444444445,581.0
77.02222222222223,31.282222222222224,579.0
77.02194444444446,31.2825,579.0
77.02166666666668,31.282777777777778,579.0
77.0213888888889,31.283055555555556,587.0
77.02111111111113,31.283333333333335,592.0
77.02083333333334,31.283611111111114,598.0
77.02055555555556,31.28388888888889,604.0
77.02027777777778,31.284166666666668,611.0
77.02000000000001,31.284444444444446,610.0
77.01972222222223,31.284722222222225,604.0
77.01944444444445,31.285,598.0
77.01916666666668,31.28527777777778,591.0
77.0188888888889,31.28555555555556,577.0
77.01861111111111,31.28555555555556,603.0
77.01833333333335,31.28555555555556,616.0
77.01805555555556,31.285833333333336,603.0
77.01777777777778,31.28611111111111,577.0
77.01750000000001,31.28611111111111,605.0
77.01722222222223,31.28611111111111,611.0
77.01694444444445,31.28638888888889,599.0
77.01666666666668,31.28638888888889,609.0
77.0163888888889,31.28638888888889,616.0
77.01611111111112,31.28666666666667,605.0
77.01583333333335,31.286944444444444,597.0
77.01555555555557,31.286944444444444,614.0
77.01527777777778,31.287222222222223,598.0
77.015,31.287222222222223,608.0
77.01472222222223,31.287222222222223,611.0
77.01444444444445,31.287222222222223,613.0
77.01416666666667,31.2875,605.0
77.0138888888889,31.2875,607.0
77.01361111111112,31.2875,610.0
77.01333333333334,31.2875,617.0
77.01305555555557,31.28777777777778,610.0
77.01277777777779,31.28777777777778,616.0
77.0125,31.288055555555555,610.0
77.01222222222223,31.288333333333338,607.0
77.01194444444445,31.288333333333338,616.0
77.01166666666667,31.288611111111113,613.0
77.0113888888889,31.28888888888889,610.0
77.01111111111112,31.289166666666667,609.0
77.01083333333334,31.289166666666667,616.0
77.01055555555557,31.289444444444445,608.0
77.01027777777779,31.289444444444445,616.0
77.01,31.289722222222224,612.0
77.00972222222222,31.290000000000003,611.0
77.00944444444445,31.290277777777774,604.0
77.00916666666667,31.290555555555557,598.0
77.00888888888889,31.290833333333335,598.0
77.00861111111112,31.29111111111111,598.0
77.00833333333334,31.29138888888889,591.0
77.00805555555556,31.291666666666668,593.0
77.00777777777779,31.291944444444447,600.0
77.00750000000001,31.292222222222225,598.0
77.00722222222223,31.2925,576.0
77.00694444444446,31.29277777777778,576.0
77.00666666666667,31.29305555555556,576.0
77.00638888888889,31.29305555555556,614.0
77.00611111111112,31.293333333333333,594.0
77.00583333333334,31.293333333333333,611.0
77.00555555555556,31.29361111111111,609.0
77.00527777777779,31.29388888888889,606.0
77.00500000000001,31.29416666666667,595.0
77.00472222222223,31.294444444444444,597.0
77.00444444444445,31.294444444444444,616.0
77.00416666666668,31.294722222222223,603.0
77.0038888888889,31.295,602.0
77.00361111111111,31.29527777777778,606.0
77.00333333333334,31.295555555555556,601.0
77.00305555555556,31.295555555555556,609.0
77.00277777777778,31.295833333333334,593.0
77.00250000000001,31.296111111111113,598.0
77.00222222222223,31.29638888888889,604.0
77.00194444444445,31.296666666666667,606.0
77.00166666666668,31.29694444444445,597.0
77.0013888888889,31.29694444444445,613.0
77.00111111111111,31.297222222222224,580.0
77.00083333333335,31.297222222222224,584.0
77.00055555555556,31.297222222222224,594.0
77.00027777777778,31.297222222222224,611.0
77.00000000000001,31.297500000000003,594.0
76.99972222222223,31.297500000000003,606.0
76.99944444444445,31.297500000000003,615.0
76.99916666666667,31.297777777777775,596.0
76.9988888888889,31.297777777777775,603.0
76.99861111111112,31.297777777777775,615.0
76.99833333333333,31.298055555555557,607.0
76.99805555555557,31.298333333333336,600.0
76.99777777777778,31.29861111111111,594.0
76.9975,31.29861111111111,608.0
76.99722222222223,31.29861111111111,618.0
76.99694444444445,31.29888888888889,601.0
76.99666666666667,31.29888888888889,612.0
76.9963888888889,31.299166666666668,604.0
76.99611111111112,31.299444444444447,602.0
76.99583333333334,31.299722222222226,605.0
76.99555555555557,31.3,609.0
76.99527777777779,31.30027777777778,600.0
76.995,31.30027777777778,612.0
76.99472222222224,31.30055555555556,605.0
76.99444444444445,31.30055555555556,614.0
76.99416666666667,31.300833333333333,609.0
76.99388888888889,31.301111111111112,604.0
76.99361111111112,31.301111111111112,617.0
76.99333333333334,31.30138888888889,605.0
76.99305555555556,31.30138888888889,610.0
76.99277777777779,31.30138888888889,617.0
76.9925,31.30166666666667,612.0
76.99222222222222,31.301944444444445,608.0
76.99194444444446,31.301944444444445,618.0
76.99166666666667,31.302222222222223,604.0
76.99138888888889,31.302222222222223,612.0
76.99111111111112,31.3025,594.0
76.99083333333334,31.3025,599.0
76.99055555555556,31.3025,615.0
76.99027777777779,31.30277777777778,606.0
76.99000000000001,31.303055555555556,600.0
76.98972222222223,31.303055555555556,612.0
76.98944444444444,31.303333333333335,596.0
76.98916666666668,31.303333333333335,618.0
76.9888888888889,31.303611111111113,600.0
76.98861111111111,31.303611111111113,615.0
76.98833333333334,31.303888888888892,601.0
76.98805555555556,31.303888888888892,611.0
76.98777777777778,31.304166666666667,596.0
76.98750000000001,31.304166666666667,606.0
76.98722222222223,31.304166666666667,618.0
76.98694444444445,31.30444444444445,607.0
76.98666666666668,31.304722222222225,595.0
76.9863888888889,31.304722222222225,604.0
76.98611111111111,31.305,597.0
76.98583333333335,31.305,610.0
76.98555555555556,31.30527777777778,598.0
76.98527777777778,31.30527777777778,606.0
76.98500000000001,31.30527777777778,612.0
76.98472222222223,31.30527777777778,616.0
76.98444444444445,31.305555555555557,609.0
76.98416666666667,31.305833333333336,594.0
76.9838888888889,31.305833333333336,603.0
76.98361111111112,31.305833333333336,613.0
76.98333333333333,31.30611111111111,593.0
76.98305555555557,31.30611111111111,602.0
76.98277777777778,31.30611111111111,615.0
76.9825,31.30638888888889,602.0
76.98222222222223,31.30638888888889,615.0
76.98194444444445,31.30666666666667,608.0
76.98166666666667,31.30666666666667,617.0
76.9813888888889,31.306944444444447,605.0
76.98111111111112,31.306944444444447,614.0
76.98083333333334,31.306944444444447,615.0
76.98055555555557,31.307222222222222,606.0
76.98027777777779,31.3075,610.0
76.98,31.30777777777778,606.0
76.97972222222224,31.30805555555556,599.0
76.97944444444445,31.30805555555556,610.0
76.97916666666667,31.308333333333337,605.0
76.97888888888889,31.308333333333337,614.0
76.97861111111112,31.308611111111112,602.0
76.97833333333334,31.308611111111112,611.0
76.97805555555556,31.30888888888889,600.0
76.97777777777779,31.30888888888889,607.0
76.9775,31.30888888888889,616.0
76.97722222222222,31.30916666666667,606.0
76.97694444444446,31.30916666666667,612.0
76.97666666666667,31.309444444444445,597.0
76.97638888888889,31.309444444444445,607.0
76.97611111111112,31.309722222222224,597.0
76.97583333333334,31.309722222222224,606.0
76.97555555555556,31.309722222222224,617.0
76.97527777777779,31.31,600.0
76.97500000000001,31.31,610.0
76.97472222222223,31.310277777777777,596.0
76.97444444444446,31.310277777777777,605.0
76.97416666666668,31.310555555555556,589.0
76.9738888888889,31.310833333333335,572.0
76.97361111111111,31.311111111111114,561.0
76.97333333333334,31.31138888888889,561.0
76.97305555555556,31.311666666666667,561.0
76.97277777777778,31.31194444444445,570.0
76.97250000000001,31.312222222222225,579.0
76.97222222222223,31.3125,585.0
76.97194444444445,31.31277777777778,587.0
76.97166666666668,31.313055555555557,593.0
76.9713888888889,31.313333333333336,599.0
76.97111111111111,31.31361111111111,600.0
76.97083333333335,31.31388888888889,600.0
76.97055555555556,31.31416666666667,608.0
76.97027777777778,31.314444444444447,612.0
76.97000000000001,31.314722222222223,613.0
76.96972222222223,31.315,605.0
76.96972222222223,31.31527777777778,612.0
76.96972222222223,31.315555555555555,615.0
76.96972222222223,31.315833333333337,613.0
76.96972222222223,31.316111111111113,614.0
76.96944444444445,31.31638888888889,600.0
76.96944444444445,31.316666666666663,614.0
76.96916666666668,31.316944444444445,606.0
76.96916666666668,31.317222222222224,617.0
76.9688888888889,31.317500000000003,598.0
76.9688888888889,31.317777777777778,597.0
76.9688888888889,31.318055555555556,599.0
76.9688888888889,31.318333333333335,601.0
76.9688888888889,31.31861111111111,604.0
76.9688888888889,31.31888888888889,607.0
76.9688888888889,31.319166666666668,604.0
76.9688888888889,31.319444444444446,597.0
76.96861111111112,31.319722222222225,571.0
76.96833333333333,31.32,560.0
76.96805555555557,31.32027777777778,562.0
76.96777777777778,31.32055555555556,572.0
76.9675,31.320833333333333,591.0
76.96722222222223,31.32111111111111,611.0
76.96694444444445,31.32138888888889,611.0
76.96666666666667,31.32166666666667,606.0
76.9663888888889,31.321944444444444,600.0
76.96611111111112,31.322222222222223,602.0
76.96583333333334,31.3225,605.0
76.96555555555557,31.32277777777778,608.0
76.96527777777779,31.323055555555555,608.0
76.965,31.323333333333338,601.0
76.96472222222224,31.323333333333338,617.0
76.96444444444445,31.323611111111113,614.0
76.96416666666667,31.32388888888889,602.0
76.9638888888889,31.324166666666667,595.0
76.96361111111112,31.324166666666667,608.0
76.96333333333334,31.324444444444445,596.0
76.96305555555556,31.324444444444445,607.0
76.96277777777779,31.324444444444445,618.0
76.9625,31.324722222222224,604.0
76.96222222222222,31.324722222222224,616.0
76.96194444444446,31.325000000000003,603.0
76.96166666666667,31.325000000000003,609.0
76.96138888888889,31.325000000000003,618.0
76.96111111111112,31.325277777777774,600.0
76.96083333333334,31.325277777777774,602.0
76.96055555555556,31.325277777777774,602.0
76.96027777777779,31.325277777777774,606.0
76.96000000000001,31.325277777777774,615.0
76.95972222222223,31.325555555555557,597.0
76.95944444444446,31.325555555555557,603.0
76.95916666666668,31.325555555555557,610.0
76.9588888888889,31.325833333333335,592.0
76.95861111111113,31.325833333333335,598.0
76.95833333333334,31.325833333333335,609.0
76.95805555555556,31.325833333333335,615.0
76.95777777777778,31.32611111111111,594.0
76.95750000000001,31.32611111111111,603.0
76.95722222222223,31.32611111111111,612.0
76.95694444444445,31.32638888888889,597.0
76.95666666666668,31.32638888888889,604.0
76.9563888888889,31.32638888888889,613.0
76.95611111111111,31.326666666666668,601.0
76.95583333333335,31.326666666666668,615.0
76.95555555555556,31.326944444444447,605.0
76.95527777777778,31.326944444444447,614.0
76.95500000000001,31.327222222222225,586.0
76.95472222222223,31.3275,564.0
76.95444444444445,31.32777777777778,577.0
76.95416666666668,31.32805555555556,573.0
76.9538888888889,31.328333333333333,574.0
76.95361111111112,31.328611111111112,567.0
76.95333333333335,31.32888888888889,561.0
76.95305555555557,31.32916666666667,562.0
76.95277777777778,31.329444444444444,563.0
76.9525,31.329722222222223,563.0
76.95222222222223,31.33,565.0
76.95194444444445,31.33027777777778,575.0
76.95166666666667,31.330555555555556,588.0
76.9513888888889,31.330833333333334,595.0
76.95111111111112,31.331111111111113,602.0
76.95083333333334,31.331388888888892,607.0
76.95055555555557,31.331666666666667,602.0
76.95027777777779,31.33194444444445,585.0
76.95,31.33194444444445,594.0
76.94972222222223,31.33194444444445,603.0
76.94944444444445,31.33194444444445,611.0
76.94916666666667,31.332222222222224,584.0
76.9488888888889,31.332222222222224,592.0
76.94861111111112,31.332222222222224,603.0
76.94833333333334,31.332222222222224,616.0
76.94805555555557,31.332500000000003,591.0
76.94777777777779,31.332500000000003,594.0
76.9475,31.332500000000003,590.0
76.94722222222222,31.332500000000003,580.0
76.94694444444445,31.332500000000003,573.0
76.94666666666667,31.332500000000003,569.0
76.94638888888889,31.332500000000003,567.0
76.94611111111112,31.332500000000003,563.0
76.94583333333334,31.332500000000003,560.0
76.94555555555556,31.332500000000003,559.0
76.94527777777779,31.332500000000003,560.0
76.94500000000001,31.332500000000003,562.0
76.94472222222223,31.332500000000003,567.0
76.94444444444446,31.332500000000003,573.0
76.94416666666667,31.332500000000003,578.0
76.94388888888889,31.332500000000003,585.0
76.94361111111112,31.332500000000003,593.0
76.94333333333334,31.332500000000003,597.0
76.94305555555556,31.33277777777778,573.0
76.94277777777779,31.333055555555557,559.0
76.94250000000001,31.333333333333336,554.0
76.94222222222223,31.33361111111111,567.0
76.94194444444445,31.33388888888889,586.0
76.94166666666668,31.33416666666667,598.0
76.94166666666668,31.334444444444447,615.0
76.9413888888889,31.334722222222226,584.0
76.9413888888889,31.335,583.0
76.9413888888889,31.33527777777778,567.0
76.9413888888889,31.33555555555556,553.0
76.9413888888889,31.335833333333333,553.0
76.9413888888889,31.336111111111112,558.0
76.9413888888889,31.33638888888889,579.0
76.94166666666668,31.33666666666667,583.0
76.94194444444445,31.336944444444445,605.0
76.94222222222223,31.337222222222223,611.0
76.94250000000001,31.3375,601.0
76.94250000000001,31.33777777777778,614.0
76.94277777777779,31.338055555555556,610.0
76.94305555555556,31.338333333333335,601.0
76.94305555555556,31.338611111111113,610.0
76.94333333333334,31.33888888888889,600.0
76.94333333333334,31.339166666666667,615.0
76.94361111111112,31.33944444444445,589.0
76.94361111111112,31.339722222222225,585.0
76.94361111111112,31.34,582.0
76.94361111111112,31.34027777777778,584.0
76.94361111111112,31.340555555555557,590.0
76.94361111111112,31.340833333333336,590.0
76.94361111111112,31.34111111111111,587.0
76.94361111111112,31.34138888888889,584.0
76.94361111111112,31.34166666666667,576.0
76.94361111111112,31.341944444444447,581.0
76.94361111111112,31.342222222222222,580.0
76.94361111111112,31.3425,579.0
76.94361111111112,31.34277777777778,570.0
76.94333333333334,31.34305555555556,577.0
76.94305555555556,31.343333333333337,590.0
76.94277777777779,31.343611111111112,593.0
76.94250000000001,31.34388888888889,603.0
76.94222222222223,31.344166666666663,608.0
76.94194444444445,31.344444444444445,614.0
76.94166666666668,31.344722222222224,610.0
76.9413888888889,31.344722222222224,617.0
76.94111111111111,31.345,606.0
76.94083333333334,31.345277777777778,600.0
76.94055555555556,31.345555555555556,599.0
76.94027777777778,31.345833333333335,603.0
76.94000000000001,31.346111111111114,612.0
76.93972222222223,31.34638888888889,615.0
76.93944444444445,31.346666666666668,614.0
76.93916666666668,31.346944444444446,608.0
76.9388888888889,31.347222222222225,598.0
76.93861111111111,31.3475,593.0
76.93833333333335,31.34777777777778,605.0
76.93805555555556,31.34805555555556,613.0
76.93777777777778,31.348333333333336,600.0
76.93750000000001,31.34861111111111,584.0
76.93722222222223,31.34861111111111,604.0
76.93694444444445,31.34861111111111,611.0
76.93666666666667,31.34888888888889,603.0
76.9363888888889,31.34916666666667,582.0
76.93611111111112,31.349444444444444,560.0
76.93583333333333,31.349722222222223,549.0
76.93555555555557,31.35,550.0
76.93527777777778,31.35027777777778,545.0
76.935,31.350555555555555,552.0
76.93472222222223,31.350833333333338,557.0
76.93444444444445,31.351111111111113,566.0
76.93416666666667,31.35138888888889,576.0
76.9338888888889,31.351666666666667,575.0
76.93361111111112,31.351944444444445,574.0
76.93333333333334,31.352222222222224,580.0
76.93305555555557,31.352500000000003,588.0
76.93277777777779,31.352777777777774,593.0
76.9325,31.353055555555557,597.0
76.93222222222224,31.353333333333335,598.0
76.93194444444445,31.35361111111111,600.0
