longitude,latitude,elevation
84.26416666666667,28.55138888888889,2605.0
84.26444444444445,28.55166666666667,2602.0
84.26472222222222,28.551944444444445,2595.0
84.26472222222222,28.552222222222223,2588.0
84.26472222222222,28.5525,2583.0
84.265,28.5525,2583.0
84.26527777777778,28.5525,2585.0
84.26555555555557,28.5525,2584.0
84.26583333333333,28.5525,2582.0
84.26611111111112,28.5525,2578.0
84.2663888888889,28.55277777777778,2572.0
84.26666666666667,28.55277777777778,2568.0
84.26694444444445,28.5525,2566.0
84.26722222222223,28.5525,2565.0
84.2675,28.552222222222223,2561.0
84.26777777777778,28.552222222222223,2562.0
84.26805555555556,28.552222222222223,2561.0
84.26833333333333,28.552222222222223,2560.0
84.26861111111111,28.552222222222223,2562.0
84.2688888888889,28.552222222222223,2563.0
84.26916666666666,28.552222222222223,2565.0
84.26944444444445,28.552222222222223,2562.0
84.26972222222223,28.552222222222223,2559.0
84.27,28.552222222222223,2558.0
84.27027777777778,28.5525,2557.0
84.27055555555556,28.5525,2554.0
84.27083333333334,28.5525,2552.0
84.27111111111111,28.55277777777778,2552.0
84.2713888888889,28.55277777777778,2552.0
84.27166666666668,28.553055555555556,2549.0
84.27194444444444,28.553055555555556,2550.0
84.27222222222223,28.553055555555556,2547.0
84.27250000000001,28.553055555555556,2546.0
84.27277777777778,28.55277777777778,2546.0
84.27305555555556,28.553055555555556,2545.0
84.27333333333334,28.553055555555556,2545.0
84.27361111111111,28.553333333333335,2544.0
84.27388888888889,28.553333333333335,2542.0
84.27416666666667,28.553333333333335,2538.0
84.27444444444444,28.553333333333335,2538.0
84.27472222222222,28.553333333333335,2537.0
84.275,28.553333333333335,2537.0
84.27527777777777,28.553333333333335,2536.0
84.27555555555556,28.553611111111113,2533.0
84.27583333333334,28.553611111111113,2530.0
84.27611111111112,28.553888888888892,2526.0
84.27638888888889,28.554166666666667,2526.0
84.27666666666667,28.554166666666667,2524.0
84.27694444444445,28.554166666666667,2523.0
84.27722222222222,28.554166666666667,2523.0
84.2775,28.554166666666667,2524.0
84.27777777777779,28.553888888888892,2526.0
84.27805555555555,28.553888888888892,2523.0
84.27833333333334,28.553888888888892,2522.0
84.27861111111112,28.553611111111113,2523.0
84.27888888888889,28.553611111111113,2520.0
84.27916666666667,28.553333333333335,2521.0
84.27944444444445,28.553055555555556,2520.0
84.27972222222222,28.55277777777778,2515.0
84.28,28.5525,2516.0
84.28027777777778,28.552222222222223,2519.0
84.28055555555555,28.551944444444445,2522.0
84.28083333333333,28.551944444444445,2518.0
84.28111111111112,28.55166666666667,2517.0
84.2813888888889,28.55138888888889,2516.0
84.28166666666667,28.551111111111112,2515.0
84.28194444444445,28.551111111111112,2513.0
84.28222222222223,28.550833333333333,2514.0
84.2825,28.550833333333333,2512.0
84.28277777777778,28.550833333333333,2513.0
84.28305555555556,28.550833333333333,2514.0
84.28333333333333,28.550833333333333,2511.0
84.28361111111111,28.550833333333333,2507.0
84.2838888888889,28.551111111111112,2509.0
84.28416666666666,28.55138888888889,2513.0
84.28444444444445,28.55166666666667,2512.0
84.28472222222223,28.551944444444445,2515.0
84.285,28.552222222222223,2505.0
84.28527777777778,28.552222222222223,2502.0
84.28555555555556,28.552222222222223,2505.0
84.28583333333333,28.5525,2500.0
84.28611111111111,28.5525,2504.0
84.2863888888889,28.5525,2505.0
84.28666666666668,28.5525,2501.0
84.28694444444444,28.5525,2500.0
84.28722222222223,28.552222222222223,2499.0
84.28750000000001,28.552222222222223,2497.0
84.28777777777778,28.552222222222223,2499.0
84.28805555555556,28.552222222222223,2495.0
84.28833333333334,28.552222222222223,2492.0
84.28861111111111,28.552222222222223,2498.0
84.28888888888889,28.551944444444445,2492.0
84.28916666666667,28.551944444444445,2495.0
84.28944444444444,28.551944444444445,2498.0
84.28972222222222,28.55166666666667,2487.0
84.29,28.55138888888889,2495.0
84.29027777777777,28.551111111111112,2505.0
84.29055555555556,28.551111111111112,2502.0
84.29083333333334,28.550833333333333,2498.0
84.2911111111111,28.55055555555556,2495.0
84.29138888888889,28.55055555555556,2484.0
84.29166666666667,28.55055555555556,2483.0
84.29194444444445,28.55027777777778,2482.0
84.29222222222222,28.55027777777778,2485.0
84.2925,28.55027777777778,2487.0
84.29277777777779,28.55,2476.0
84.29305555555555,28.55,2478.0
84.29333333333334,28.55,2483.0
84.29361111111112,28.549722222222226,2469.0
84.29388888888889,28.549444444444447,2481.0
84.29416666666667,28.549166666666668,2487.0
84.29444444444445,28.54888888888889,2477.0
84.29472222222222,28.54888888888889,2468.0
84.295,28.54888888888889,2462.0
84.29527777777778,28.54888888888889,2458.0
84.29555555555555,28.54861111111111,2455.0
84.29583333333333,28.54861111111111,2452.0
84.29611111111112,28.54861111111111,2449.0
84.29638888888888,28.548333333333336,2451.0
84.29666666666667,28.548333333333336,2445.0
84.29694444444445,28.548333333333336,2442.0
84.29722222222223,28.548333333333336,2440.0
84.2975,28.548055555555557,2439.0
84.29777777777778,28.547777777777775,2436.0
84.29805555555556,28.547777777777775,2436.0
84.29833333333333,28.547500000000003,2436.0
84.29861111111111,28.547500000000003,2434.0
84.2988888888889,28.547500000000003,2434.0
84.29916666666666,28.547222222222224,2432.0
84.29944444444445,28.54694444444445,2427.0
84.29972222222223,28.546666666666667,2424.0
84.3,28.54638888888889,2423.0
84.30027777777778,28.546111111111113,2426.0
84.30055555555556,28.545833333333334,2426.0
84.30055555555556,28.545555555555556,2418.0
84.30055555555556,28.54527777777778,2415.0
84.30083333333333,28.54527777777778,2413.0
84.30111111111111,28.545,2406.0
84.3013888888889,28.544722222222223,2405.0
84.30166666666666,28.544444444444444,2409.0
84.30194444444444,28.54416666666667,2412.0
84.30222222222223,28.54388888888889,2408.0
84.30222222222223,28.54361111111111,2412.0
84.30222222222223,28.543333333333333,2413.0
84.30250000000001,28.54305555555556,2411.0
84.30250000000001,28.54277777777778,2412.0
84.30250000000001,28.5425,2412.0
84.30277777777778,28.542222222222225,2405.0
84.30277777777778,28.541944444444447,2414.0
84.30305555555556,28.541666666666668,2411.0
84.30333333333334,28.54138888888889,2417.0
84.30361111111111,28.54111111111111,2415.0
84.30361111111111,28.540833333333335,2412.0
84.30388888888889,28.540555555555557,2412.0
84.30416666666667,28.540277777777774,2404.0
84.30416666666667,28.540000000000003,2405.0
84.30444444444444,28.539722222222224,2401.0
84.30472222222222,28.539444444444445,2393.0
84.305,28.539166666666667,2369.0
84.305,28.53888888888889,2355.0
84.305,28.538611111111113,2349.0
84.305,28.538333333333338,2350.0
84.305,28.538055555555555,2358.0
84.30527777777777,28.53777777777778,2358.0
84.30555555555556,28.5375,2361.0
84.30583333333334,28.537222222222223,2361.0
84.30611111111111,28.536944444444444,2359.0
84.30638888888889,28.53666666666667,2363.0
84.30666666666667,28.53638888888889,2365.0
84.30694444444444,28.53611111111111,2363.0
84.30694444444444,28.535833333333336,2354.0
84.30694444444444,28.53555555555556,2340.0
84.30694444444444,28.53527777777778,2333.0
84.30694444444444,28.535,2329.0
84.30694444444444,28.534722222222225,2323.0
84.30694444444444,28.534444444444446,2322.0
84.30722222222222,28.534166666666668,2314.0
84.3075,28.53388888888889,2317.0
84.30777777777779,28.533611111111114,2327.0
84.30805555555555,28.533333333333335,2327.0
84.30833333333334,28.533333333333335,2326.0
84.30861111111112,28.533055555555556,2320.0
84.30888888888889,28.533055555555556,2325.0
84.30916666666667,28.532777777777778,2320.0
84.30944444444445,28.5325,2316.0
84.30972222222222,28.5325,2323.0
84.31,28.532222222222224,2311.0
84.31027777777778,28.532222222222224,2319.0
84.31055555555555,28.531944444444445,2302.0
84.31083333333333,28.531666666666663,2298.0
84.31111111111112,28.53138888888889,2297.0
84.31138888888889,28.531111111111112,2303.0
84.31166666666667,28.530833333333337,2308.0
84.31194444444445,28.53055555555556,2322.0
84.31222222222222,28.53027777777778,2328.0
84.3125,28.53027777777778,2326.0
84.31277777777778,28.53027777777778,2319.0
84.31305555555556,28.53027777777778,2310.0
84.31333333333333,28.53,2294.0
84.31361111111111,28.53,2289.0
84.3138888888889,28.53027777777778,2283.0
84.31416666666667,28.53027777777778,2278.0
84.31444444444445,28.53027777777778,2276.0
84.31472222222223,28.53027777777778,2274.0
84.315,28.53027777777778,2271.0
84.31527777777778,28.53027777777778,2271.0
84.31555555555556,28.53055555555556,2269.0
84.31583333333333,28.53055555555556,2259.0
84.31611111111111,28.53055555555556,2246.0
84.3163888888889,28.530833333333337,2223.0
84.31666666666666,28.530833333333337,2209.0
84.31694444444445,28.531111111111112,2206.0
84.31722222222223,28.531111111111112,2203.0
84.3175,28.53138888888889,2196.0
84.31777777777778,28.531666666666663,2191.0
84.31805555555556,28.531944444444445,2190.0
84.31833333333334,28.532222222222224,2186.0
84.31861111111111,28.5325,2178.0
84.31888888888889,28.532777777777778,2172.0
84.31916666666667,28.532777777777778,2169.0
84.31944444444444,28.533055555555556,2164.0
84.31972222222223,28.533055555555556,2159.0
84.32000000000001,28.533333333333335,2152.0
84.32027777777778,28.533333333333335,2147.0
84.32055555555556,28.533333333333335,2143.0
84.32083333333334,28.533333333333335,2142.0
84.32111111111111,28.533333333333335,2141.0
84.32138888888889,28.533333333333335,2143.0
84.32166666666667,28.533333333333335,2145.0
84.32194444444444,28.533333333333335,2148.0
84.32222222222222,28.533611111111114,2145.0
84.3225,28.533611111111114,2149.0
84.32277777777777,28.53388888888889,2149.0
84.32305555555556,28.534166666666668,2147.0
84.32333333333334,28.534166666666668,2143.0
84.32361111111112,28.534166666666668,2140.0
84.32388888888889,28.534166666666668,2135.0
84.32416666666667,28.534166666666668,2130.0
84.32444444444445,28.534166666666668,2128.0
84.32472222222222,28.534166666666668,2127.0
84.325,28.534166666666668,2126.0
84.32527777777779,28.534166666666668,2126.0
84.32555555555555,28.534166666666668,2128.0
84.32583333333334,28.534166666666668,2133.0
84.32611111111112,28.534166666666668,2139.0
84.32638888888889,28.534166666666668,2144.0
84.32666666666667,28.534444444444446,2147.0
84.32694444444445,28.534444444444446,2148.0
84.32722222222222,28.534444444444446,2145.0
84.3275,28.534722222222225,2135.0
84.32777777777778,28.534722222222225,2127.0
84.32805555555557,28.534722222222225,2127.0
84.32833333333333,28.534722222222225,2131.0
84.32861111111112,28.535,2126.0
84.3288888888889,28.53527777777778,2120.0
84.32916666666667,28.53527777777778,2123.0
84.32944444444445,28.53527777777778,2124.0
84.32972222222223,28.53527777777778,2125.0
84.33,28.53527777777778,2126.0
84.33027777777778,28.53527777777778,2131.0
84.33055555555556,28.535,2130.0
84.33083333333333,28.535,2121.0
84.33111111111111,28.535,2119.0
84.3313888888889,28.535,2119.0
84.33166666666666,28.535,2123.0
84.33194444444445,28.534722222222225,2125.0
84.33222222222223,28.534444444444446,2117.0
84.3325,28.534444444444446,2113.0
84.33277777777778,28.534444444444446,2109.0
84.33305555555556,28.534444444444446,2107.0
84.33333333333334,28.534444444444446,2105.0
84.33361111111111,28.534444444444446,2104.0
84.3338888888889,28.534444444444446,2106.0
84.33416666666668,28.534444444444446,2104.0
84.33444444444444,28.534444444444446,2105.0
84.33472222222223,28.534166666666668,2106.0
84.33500000000001,28.53388888888889,2101.0
84.33527777777778,28.53388888888889,2102.0
84.33555555555556,28.53388888888889,2102.0
84.33583333333334,28.53388888888889,2097.0
84.33611111111111,28.534166666666668,2093.0
84.33638888888889,28.534166666666668,2092.0
84.33666666666667,28.534166666666668,2092.0
84.33694444444444,28.534444444444446,2092.0
84.33722222222222,28.534444444444446,2087.0
84.3375,28.534444444444446,2084.0
84.33777777777777,28.534444444444446,2082.0
84.33805555555556,28.534444444444446,2081.0
84.33833333333334,28.534722222222225,2082.0
84.33861111111112,28.534722222222225,2076.0
84.33888888888889,28.534722222222225,2074.0
84.33916666666667,28.534722222222225,2073.0
84.33944444444445,28.535,2072.0
84.33972222222222,28.535,2069.0
84.34,28.535,2067.0
84.34027777777779,28.535,2071.0
84.34055555555555,28.535,2072.0
84.34083333333334,28.534722222222225,2068.0
84.34111111111112,28.534722222222225,2061.0
84.34138888888889,28.534444444444446,2056.0
84.34166666666667,28.534444444444446,2049.0
84.34194444444445,28.534444444444446,2047.0
84.34222222222222,28.534444444444446,2044.0
84.3425,28.534444444444446,2040.0
84.34277777777778,28.534444444444446,2038.0
84.34305555555555,28.534166666666668,2036.0
84.34333333333333,28.534166666666668,2032.0
84.34361111111112,28.534166666666668,2034.0
84.3438888888889,28.53388888888889,2032.0
84.34416666666667,28.533611111111114,2038.0
84.34444444444445,28.533611111111114,2038.0
84.34472222222223,28.533333333333335,2034.0
84.345,28.533333333333335,2028.0
84.34527777777778,28.533333333333335,2016.0
84.34555555555556,28.533333333333335,2003.0
84.34583333333333,28.533333333333335,2000.0
84.34611111111111,28.533333333333335,2001.0
84.3463888888889,28.533055555555556,1999.0
84.34666666666666,28.533055555555556,1997.0
84.34694444444445,28.532777777777778,1992.0
84.34722222222223,28.532777777777778,1987.0
84.3475,28.532777777777778,1995.0
84.34777777777778,28.5325,1995.0
84.34805555555556,28.5325,1992.0
84.34833333333333,28.532222222222224,1986.0
84.34861111111111,28.532222222222224,1976.0
84.3488888888889,28.531944444444445,1963.0
84.34916666666668,28.531944444444445,1954.0
84.34944444444444,28.531666666666663,1955.0
84.34972222222223,28.531666666666663,1959.0
84.35000000000001,28.53138888888889,1947.0
84.35027777777778,28.53138888888889,1939.0
84.35055555555556,28.531111111111112,1935.0
84.35083333333334,28.530833333333337,1941.0
84.35111111111111,28.53055555555556,1951.0
84.35138888888889,28.53027777777778,1953.0
84.35138888888889,28.53,1953.0
84.35166666666667,28.529722222222222,1951.0
84.35166666666667,28.529444444444447,1945.0
84.35194444444444,28.52916666666667,1940.0
84.35222222222222,28.52888888888889,1935.0
84.3525,28.52861111111111,1926.0
84.3525,28.528333333333336,1919.0
84.35277777777777,28.528055555555557,1921.0
84.35305555555556,28.52777777777778,1919.0
84.35305555555556,28.5275,1917.0
84.35333333333334,28.527222222222225,1915.0
84.3536111111111,28.52694444444445,1917.0
84.35388888888889,28.526666666666667,1914.0
84.35416666666667,28.526666666666667,1912.0
84.35416666666667,28.52638888888889,1913.0
84.35444444444445,28.526111111111113,1913.0
84.35472222222222,28.525833333333335,1912.0
84.355,28.525833333333335,1910.0
84.35527777777779,28.525555555555556,1910.0
84.35555555555555,28.52527777777778,1910.0
84.35583333333334,28.525555555555556,1905.0
84.35611111111112,28.52527777777778,1895.0
84.35611111111112,28.525,1903.0
84.35611111111112,28.524722222222223,1908.0
84.35583333333334,28.524444444444445,1907.0
84.35583333333334,28.52416666666667,1906.0
84.35583333333334,28.52388888888889,1903.0
84.35583333333334,28.523611111111112,1899.0
84.35583333333334,28.523333333333333,1896.0
84.35611111111112,28.52305555555556,1894.0
84.35638888888889,28.52277777777778,1890.0
84.35638888888889,28.5225,1887.0
84.35666666666667,28.522222222222226,1883.0
84.35666666666667,28.521944444444447,1882.0
84.35666666666667,28.52166666666667,1881.0
84.35666666666667,28.52138888888889,1887.0
84.35694444444445,28.52111111111111,1887.0
84.35722222222222,28.520833333333336,1882.0
84.3575,28.520555555555557,1880.0
84.35777777777778,28.52027777777778,1886.0
84.35805555555555,28.52,1887.0
84.35833333333333,28.519722222222224,1886.0
84.35833333333333,28.51944444444445,1886.0
84.35833333333333,28.519166666666667,1886.0
84.35833333333333,28.518888888888892,1887.0
84.35861111111112,28.518611111111113,1886.0
84.35888888888888,28.518333333333334,1883.0
84.35888888888888,28.518055555555556,1881.0
84.35888888888888,28.51777777777778,1879.0
84.35888888888888,28.5175,1877.0
84.35888888888888,28.517222222222223,1876.0
84.35888888888888,28.516944444444444,1875.0
84.35888888888888,28.51666666666667,1875.0
84.35888888888888,28.51638888888889,1876.0
84.35888888888888,28.516111111111112,1877.0
84.35888888888888,28.515833333333333,1879.0
84.35861111111112,28.51555555555556,1880.0
84.35833333333333,28.51527777777778,1879.0
84.35833333333333,28.515,1878.0
84.35833333333333,28.514722222222225,1875.0
84.35833333333333,28.514444444444447,1872.0
84.35833333333333,28.514166666666668,1869.0
84.35833333333333,28.51388888888889,1863.0
84.35833333333333,28.51361111111111,1856.0
84.35833333333333,28.513333333333335,1850.0
84.35833333333333,28.513055555555557,1847.0
84.35833333333333,28.512777777777774,1844.0
84.35833333333333,28.512500000000003,1842.0
84.35833333333333,28.512222222222224,1841.0
84.35833333333333,28.511944444444445,1841.0
84.35833333333333,28.511666666666667,1842.0
84.35833333333333,28.51138888888889,1843.0
84.35833333333333,28.511111111111113,1844.0
84.35833333333333,28.510833333333338,1844.0
84.35833333333333,28.510555555555555,1845.0
84.35805555555555,28.51027777777778,1844.0
84.35805555555555,28.51,1844.0
84.35805555555555,28.509722222222223,1842.0
84.35805555555555,28.509444444444444,1841.0
84.35805555555555,28.50916666666667,1839.0
84.35805555555555,28.50888888888889,1837.0
84.35805555555555,28.50861111111111,1834.0
84.35805555555555,28.508333333333336,1831.0
84.35833333333333,28.50805555555556,1824.0
84.35833333333333,28.50777777777778,1818.0
84.35833333333333,28.5075,1811.0
84.35833333333333,28.507222222222225,1806.0
84.35833333333333,28.506944444444446,1801.0
84.35833333333333,28.506666666666668,1797.0
84.35833333333333,28.50638888888889,1798.0
84.35861111111112,28.50611111111111,1799.0
84.35888888888888,28.505833333333335,1797.0
84.35916666666667,28.505555555555556,1797.0
84.35916666666667,28.505277777777778,1797.0
84.35944444444445,28.505000000000003,1797.0
84.35972222222223,28.505000000000003,1798.0
84.36,28.504722222222224,1798.0
84.36,28.504444444444445,1796.0
84.36027777777778,28.504166666666663,1797.0
84.36055555555556,28.50388888888889,1798.0
84.36083333333333,28.503611111111113,1795.0
84.36083333333333,28.503333333333337,1792.0
84.36083333333333,28.503055555555555,1792.0
84.36083333333333,28.50277777777778,1792.0
84.36083333333333,28.5025,1793.0
84.36083333333333,28.502222222222223,1793.0
84.36111111111111,28.501944444444447,1793.0
84.36111111111111,28.50166666666667,1793.0
84.3613888888889,28.50138888888889,1791.0
84.3613888888889,28.50111111111111,1789.0
84.3613888888889,28.500833333333336,1786.0
84.36166666666666,28.500555555555557,1779.0
84.36166666666666,28.50027777777778,1771.0
84.36166666666666,28.5,1765.0
84.36166666666666,28.499722222222225,1762.0
84.36166666666666,28.49944444444445,1759.0
84.36166666666666,28.499166666666667,1756.0
84.36166666666666,28.49888888888889,1755.0
84.36194444444445,28.498611111111114,1754.0
84.36194444444445,28.498333333333335,1752.0
84.36222222222223,28.498055555555556,1749.0
84.36222222222223,28.497777777777777,1747.0
84.3625,28.4975,1744.0
84.3625,28.497222222222224,1740.0
84.3625,28.496944444444445,1737.0
84.3625,28.49666666666667,1734.0
84.3625,28.49638888888889,1733.0
84.3625,28.496111111111112,1732.0
84.3625,28.495833333333337,1732.0
84.3625,28.49555555555556,1733.0
84.36277777777778,28.49527777777778,1734.0
84.36305555555556,28.495,1732.0
84.36333333333333,28.494722222222222,1729.0
84.36333333333333,28.494444444444447,1725.0
84.36333333333333,28.49416666666667,1721.0
84.36333333333333,28.49388888888889,1718.0
84.36333333333333,28.49361111111111,1716.0
84.36333333333333,28.493333333333336,1713.0
84.36333333333333,28.493055555555557,1712.0
84.36333333333333,28.49277777777778,1712.0
84.36333333333333,28.4925,1711.0
84.36333333333333,28.492222222222225,1712.0
84.36333333333333,28.49194444444445,1712.0
84.36361111111111,28.491666666666667,1711.0
84.3638888888889,28.491666666666667,1710.0
84.36416666666666,28.491388888888892,1708.0
84.36416666666666,28.491111111111113,1705.0
84.36416666666666,28.490833333333335,1704.0
84.36444444444444,28.490555555555556,1709.0
84.36472222222223,28.49027777777778,1708.0
84.36500000000001,28.49,1701.0
84.36527777777778,28.489722222222223,1709.0
84.36555555555556,28.489444444444445,1708.0
84.36583333333334,28.489444444444445,1705.0
84.36611111111111,28.48916666666667,1704.0
84.36638888888889,28.48888888888889,1707.0
84.36666666666667,28.488611111111112,1703.0
84.36694444444444,28.488333333333333,1702.0
84.36722222222222,28.48805555555556,1705.0
84.3675,28.48777777777778,1700.0
84.36777777777777,28.4875,1699.0
84.36805555555556,28.487222222222226,1700.0
84.36833333333334,28.486944444444447,1693.0
84.36833333333334,28.486666666666668,1687.0
84.36861111111111,28.48638888888889,1691.0
84.36888888888889,28.48611111111111,1687.0
84.36916666666667,28.485833333333336,1677.0
84.36916666666667,28.485555555555557,1680.0
84.36944444444444,28.485277777777775,1682.0
84.36972222222222,28.485000000000003,1678.0
84.37,28.485000000000003,1675.0
84.37,28.484722222222224,1674.0
84.37,28.48444444444445,1674.0
84.37027777777779,28.484166666666667,1675.0
84.37055555555555,28.48388888888889,1675.0
84.37083333333334,28.483611111111113,1672.0
84.37083333333334,28.483333333333334,1668.0
84.37083333333334,28.483055555555556,1667.0
84.37083333333334,28.48277777777778,1666.0
84.37083333333334,28.4825,1666.0
84.37083333333334,28.482222222222223,1666.0
84.37083333333334,28.481944444444444,1666.0
84.37083333333334,28.48166666666667,1666.0
84.37083333333334,28.48138888888889,1666.0
84.37083333333334,28.48111111111111,1666.0
84.37083333333334,28.480833333333333,1666.0
84.37083333333334,28.48055555555556,1665.0
84.37083333333334,28.48027777777778,1665.0
84.37083333333334,28.48,1664.0
84.37083333333334,28.479722222222225,1664.0
84.37083333333334,28.479444444444447,1664.0
84.37083333333334,28.479166666666668,1664.0
84.37111111111112,28.47888888888889,1664.0
84.37138888888889,28.47861111111111,1663.0
84.37166666666667,28.478333333333335,1661.0
84.37166666666667,28.478055555555557,1660.0
84.37166666666667,28.477777777777774,1658.0
84.37166666666667,28.477500000000003,1658.0
84.37194444444445,28.477222222222224,1660.0
84.37222222222222,28.476944444444445,1659.0
84.3725,28.476666666666667,1655.0
84.3725,28.47638888888889,1656.0
84.37277777777778,28.476111111111113,1658.0
84.37277777777778,28.475833333333338,1658.0
84.37305555555555,28.475555555555555,1657.0
84.37333333333333,28.47527777777778,1655.0
84.37333333333333,28.475,1655.0
84.37333333333333,28.474722222222223,1656.0
84.37333333333333,28.474444444444444,1658.0
84.37361111111112,28.47416666666667,1657.0
84.37361111111112,28.47388888888889,1657.0
84.37361111111112,28.47361111111111,1658.0
84.37388888888889,28.473333333333336,1654.0
84.37388888888889,28.47305555555556,1655.0
84.37388888888889,28.47277777777778,1655.0
84.37388888888889,28.4725,1655.0
84.37388888888889,28.472222222222225,1655.0
84.37388888888889,28.471944444444446,1655.0
84.37388888888889,28.471666666666668,1654.0
84.37388888888889,28.47138888888889,1654.0
84.37388888888889,28.471111111111114,1654.0
84.37388888888889,28.470833333333335,1653.0
84.37388888888889,28.470555555555556,1653.0
84.37388888888889,28.470277777777778,1652.0
84.37388888888889,28.47,1652.0
84.37388888888889,28.469722222222224,1652.0
84.37388888888889,28.469444444444445,1651.0
84.37388888888889,28.469166666666663,1652.0
84.37388888888889,28.46888888888889,1653.0
84.37388888888889,28.468611111111112,1654.0
84.37388888888889,28.468333333333337,1656.0
84.37361111111112,28.46805555555556,1655.0
84.37361111111112,28.46777777777778,1658.0
84.37333333333333,28.4675,1653.0
84.37333333333333,28.467222222222222,1654.0
84.37333333333333,28.466944444444447,1655.0
84.37333333333333,28.46666666666667,1656.0
84.37333333333333,28.46638888888889,1656.0
84.37333333333333,28.46611111111111,1656.0
84.37333333333333,28.465833333333336,1656.0
84.37333333333333,28.465555555555557,1656.0
84.37333333333333,28.46527777777778,1657.0
84.37333333333333,28.465,1657.0
84.37333333333333,28.464722222222225,1658.0
84.37305555555555,28.46444444444445,1653.0
84.37305555555555,28.464166666666667,1654.0
84.37305555555555,28.46388888888889,1656.0
84.37305555555555,28.463611111111113,1658.0
84.37277777777778,28.463333333333335,1652.0
84.37277777777778,28.463055555555556,1656.0
84.3725,28.46277777777778,1652.0
84.3725,28.4625,1655.0
84.37222222222222,28.462222222222223,1657.0
84.37194444444445,28.461944444444445,1658.0
84.37166666666667,28.46166666666667,1658.0
84.37166666666667,28.46138888888889,1656.0
84.37166666666667,28.461111111111112,1653.0
84.37166666666667,28.460833333333333,1650.0
84.37166666666667,28.46055555555556,1644.0
84.37166666666667,28.46027777777778,1637.0
84.37166666666667,28.46,1631.0
84.37166666666667,28.459722222222226,1626.0
84.37194444444445,28.459444444444447,1617.0
84.37222222222222,28.45916666666667,1605.0
84.3725,28.45888888888889,1593.0
84.3725,28.45861111111111,1585.0
84.3725,28.458333333333336,1578.0
84.37277777777778,28.458055555555557,1575.0
84.37305555555555,28.45777777777778,1566.0
84.37333333333333,28.4575,1553.0
84.37333333333333,28.457222222222224,1546.0
84.37333333333333,28.45694444444445,1541.0
84.37333333333333,28.456666666666667,1535.0
84.37361111111112,28.456388888888892,1528.0
84.37388888888889,28.456111111111113,1520.0
84.37416666666667,28.455833333333334,1510.0
84.37416666666667,28.455555555555556,1503.0
84.37416666666667,28.45527777777778,1497.0
84.37416666666667,28.455,1490.0
84.37416666666667,28.454722222222223,1484.0
84.37416666666667,28.454444444444444,1478.0
84.37416666666667,28.45416666666667,1473.0
84.37416666666667,28.45388888888889,1470.0
84.37416666666667,28.453611111111112,1467.0
84.37416666666667,28.453333333333333,1465.0
84.37416666666667,28.45305555555556,1464.0
84.37416666666667,28.45277777777778,1465.0
84.37416666666667,28.4525,1465.0
84.37416666666667,28.452222222222225,1466.0
84.37416666666667,28.451944444444447,1467.0
84.37416666666667,28.451666666666668,1468.0
84.37416666666667,28.45138888888889,1468.0
84.37416666666667,28.45111111111111,1468.0
84.37416666666667,28.450833333333335,1467.0
84.37416666666667,28.450555555555557,1468.0
84.37416666666667,28.450277777777774,1468.0
84.37416666666667,28.450000000000003,1469.0
84.37444444444445,28.449722222222224,1457.0
84.37472222222222,28.449444444444445,1444.0
84.375,28.449166666666667,1432.0
84.37527777777778,28.44888888888889,1433.0
84.37555555555556,28.448611111111113,1430.0
84.37583333333333,28.448333333333338,1424.0
84.37611111111111,28.448055555555555,1428.0
84.3763888888889,28.44777777777778,1428.0
84.37666666666667,28.4475,1424.0
84.37694444444445,28.447222222222223,1426.0
84.37722222222223,28.446944444444444,1424.0
84.3775,28.44666666666667,1418.0
84.37777777777778,28.44638888888889,1420.0
84.37805555555556,28.44611111111111,1422.0
84.37833333333333,28.445833333333336,1423.0
84.37861111111111,28.44555555555556,1435.0
84.3788888888889,28.44527777777778,1446.0
84.37916666666666,28.445,1454.0
84.37944444444445,28.444722222222225,1468.0
84.37972222222223,28.444444444444446,1477.0
84.38,28.444166666666668,1481.0
84.38027777777778,28.444166666666668,1481.0
84.38055555555556,28.444166666666668,1481.0
84.38083333333334,28.44388888888889,1479.0
84.38111111111111,28.44361111111111,1474.0
84.38138888888889,28.443333333333335,1460.0
84.38166666666667,28.443333333333335,1452.0
84.38194444444444,28.443055555555556,1446.0
84.38222222222223,28.443055555555556,1442.0
84.38250000000001,28.442777777777778,1424.0
84.38277777777778,28.442500000000003,1408.0
84.38305555555556,28.442222222222224,1398.0
84.38333333333334,28.441944444444445,1384.0
84.38361111111111,28.441666666666663,1375.0
84.38388888888889,28.44138888888889,1375.0
84.38416666666667,28.441111111111113,1372.0
84.38444444444444,28.440833333333337,1369.0
84.38472222222222,28.440555555555555,1377.0
84.385,28.44027777777778,1382.0
84.38527777777777,28.44,1384.0
84.38555555555556,28.439722222222223,1396.0
84.38583333333334,28.439444444444447,1405.0
84.38611111111112,28.43916666666667,1411.0
84.38638888888889,28.43888888888889,1419.0
84.38666666666667,28.43861111111111,1424.0
84.38694444444445,28.438333333333336,1427.0
84.38722222222222,28.438055555555557,1430.0
84.3875,28.43777777777778,1432.0
84.38777777777779,28.4375,1435.0
84.38805555555555,28.437222222222225,1434.0
84.38833333333334,28.43694444444445,1431.0
84.38861111111112,28.436666666666667,1428.0
84.38888888888889,28.43638888888889,1423.0
84.38916666666667,28.436111111111114,1418.0
84.38944444444445,28.435833333333335,1414.0
84.38972222222222,28.435555555555556,1412.0
84.39,28.435277777777777,1414.0
84.39027777777778,28.435,1415.0
84.39055555555557,28.434722222222224,1419.0
84.39083333333333,28.434444444444445,1424.0
84.39111111111112,28.43416666666667,1426.0
84.3913888888889,28.43388888888889,1426.0
84.39166666666667,28.433611111111112,1425.0
84.39194444444445,28.433333333333337,1422.0
84.39222222222223,28.43305555555556,1417.0
84.3925,28.43277777777778,1441.0
84.39277777777778,28.4325,1442.0
84.39305555555556,28.432222222222222,1428.0
84.39305555555556,28.431944444444447,1443.0
84.39333333333333,28.43166666666667,1443.0
84.39361111111111,28.43138888888889,1438.0
84.39361111111111,28.43111111111111,1445.0
84.3938888888889,28.430833333333336,1422.0
84.3938888888889,28.430555555555557,1426.0
84.3938888888889,28.43027777777778,1428.0
84.3938888888889,28.43,1434.0
84.39416666666666,28.429722222222225,1403.0
84.39444444444445,28.42944444444445,1386.0
84.39472222222223,28.429166666666667,1362.0
84.395,28.428888888888892,1351.0
84.39527777777778,28.428611111111113,1350.0
84.39555555555556,28.428333333333335,1352.0
84.39583333333334,28.428055555555556,1357.0
84.39611111111111,28.42777777777778,1358.0
84.3963888888889,28.4275,1350.0
84.39666666666668,28.427222222222223,1376.0
84.39694444444444,28.426944444444445,1394.0
84.39722222222223,28.42666666666667,1404.0
84.39750000000001,28.42638888888889,1415.0
84.39777777777778,28.426111111111112,1427.0
84.39805555555556,28.425833333333333,1436.0
84.39833333333334,28.42555555555556,1441.0
84.39861111111111,28.42527777777778,1445.0
84.39888888888889,28.425,1446.0
84.39916666666667,28.424722222222226,1446.0
84.39944444444444,28.424444444444447,1448.0
84.39972222222222,28.424166666666668,1402.0
84.39972222222222,28.42388888888889,1393.0
84.4,28.42361111111111,1373.0
84.40027777777777,28.423333333333336,1375.0
84.40055555555556,28.423055555555557,1420.0
84.40083333333334,28.422777777777775,1428.0
84.40083333333334,28.422500000000003,1417.0
84.40111111111112,28.422222222222224,1402.0
84.40138888888889,28.42194444444445,1386.0
84.40166666666667,28.421666666666667,1367.0
84.40194444444445,28.42138888888889,1347.0
84.40194444444445,28.421111111111113,1333.0
84.40222222222222,28.420833333333334,1316.0
84.4025,28.420555555555556,1317.0
84.40277777777779,28.420555555555556,1315.0
84.40305555555555,28.420555555555556,1315.0
84.40333333333334,28.42027777777778,1305.0
84.40361111111112,28.42027777777778,1288.0
84.40388888888889,28.42027777777778,1267.0
84.40416666666667,28.42027777777778,1249.0
84.40416666666667,28.42,1240.0
84.40416666666667,28.419722222222223,1229.0
84.40416666666667,28.419444444444444,1213.0
84.40416666666667,28.41916666666667,1202.0
84.40416666666667,28.41888888888889,1207.0
84.40416666666667,28.41861111111111,1224.0
84.40416666666667,28.418333333333333,1247.0
84.40444444444445,28.41805555555556,1247.0
84.40472222222222,28.41777777777778,1235.0
84.40472222222222,28.4175,1248.0
84.405,28.417222222222225,1249.0
84.40527777777778,28.416944444444447,1250.0
84.40555555555555,28.416666666666668,1252.0
84.40583333333333,28.41638888888889,1251.0
84.40611111111112,28.41611111111111,1243.0
84.4063888888889,28.415833333333335,1237.0
84.40666666666667,28.415555555555557,1239.0
84.40694444444445,28.415277777777774,1245.0
84.40722222222223,28.415000000000003,1251.0
84.4075,28.414722222222224,1254.0
84.40777777777778,28.414444444444445,1250.0
84.40777777777778,28.414166666666667,1242.0
84.40777777777778,28.41388888888889,1236.0
84.40777777777778,28.413611111111113,1235.0
84.40777777777778,28.413333333333338,1240.0
84.40805555555556,28.413055555555555,1241.0
84.40805555555556,28.41277777777778,1238.0
84.40777777777778,28.4125,1230.0
84.40777777777778,28.412222222222223,1222.0
84.40777777777778,28.411944444444444,1217.0
84.40777777777778,28.41166666666667,1213.0
84.40777777777778,28.41138888888889,1211.0
84.40777777777778,28.41111111111111,1216.0
84.40777777777778,28.410833333333336,1222.0
84.4075,28.41055555555556,1222.0
84.4075,28.41027777777778,1220.0
84.4075,28.41,1219.0
84.4075,28.409722222222225,1224.0
84.40722222222223,28.409444444444446,1225.0
84.40722222222223,28.409166666666668,1223.0
84.40722222222223,28.40888888888889,1215.0
84.4075,28.408611111111114,1205.0
84.40777777777778,28.408333333333335,1201.0
84.40805555555556,28.408055555555556,1191.0
84.40833333333333,28.407777777777778,1179.0
84.40861111111111,28.407777777777778,1170.0
84.40861111111111,28.4075,1167.0
84.4088888888889,28.407222222222224,1160.0
84.4088888888889,28.406944444444445,1164.0
84.40916666666666,28.406666666666663,1163.0
84.40944444444445,28.40638888888889,1163.0
84.40972222222223,28.406111111111112,1166.0
84.41,28.405833333333337,1167.0
84.41,28.40555555555556,1164.0
84.41,28.40527777777778,1153.0
84.41,28.405,1146.0
84.41,28.404722222222222,1145.0
84.40972222222223,28.404444444444447,1141.0
84.40972222222223,28.40416666666667,1142.0
84.40972222222223,28.40388888888889,1142.0
84.40972222222223,28.40361111111111,1139.0
84.40972222222223,28.403333333333336,1134.0
84.40972222222223,28.403055555555557,1132.0
84.40972222222223,28.40277777777778,1139.0
84.40944444444445,28.4025,1145.0
84.40916666666666,28.402222222222225,1143.0
84.40916666666666,28.40194444444445,1145.0
84.4088888888889,28.401666666666667,1142.0
84.40861111111111,28.40138888888889,1143.0
84.40833333333333,28.401111111111113,1139.0
84.40833333333333,28.400833333333335,1142.0
84.40805555555556,28.400555555555556,1137.0
84.40805555555556,28.40027777777778,1142.0
84.40805555555556,28.4,1143.0
84.40805555555556,28.399722222222223,1144.0
84.40777777777778,28.399444444444445,1140.0
84.40777777777778,28.39916666666667,1140.0
84.40777777777778,28.39888888888889,1141.0
84.40777777777778,28.398611111111112,1142.0
84.40777777777778,28.398333333333333,1142.0
84.40777777777778,28.39805555555556,1142.0
84.4075,28.39777777777778,1146.0
84.40722222222223,28.3975,1144.0
84.40694444444445,28.397222222222226,1144.0
84.40666666666667,28.396944444444447,1146.0
84.40666666666667,28.39666666666667,1146.0
84.40666666666667,28.39638888888889,1144.0
84.40666666666667,28.39611111111111,1138.0
84.40666666666667,28.395833333333336,1132.0
84.40666666666667,28.395555555555557,1125.0
84.40666666666667,28.39527777777778,1122.0
84.4063888888889,28.395,1123.0
84.4063888888889,28.394722222222224,1120.0
84.4063888888889,28.39444444444445,1117.0
84.4063888888889,28.394166666666667,1121.0
84.40611111111112,28.393888888888892,1122.0
84.40583333333333,28.393611111111113,1112.0
84.40583333333333,28.393333333333334,1111.0
84.40583333333333,28.393055555555556,1112.0
84.40555555555555,28.39277777777778,1113.0
84.40555555555555,28.3925,1122.0
84.40527777777778,28.392222222222223,1122.0
84.405,28.391944444444444,1119.0
84.405,28.39166666666667,1107.0
84.405,28.39138888888889,1105.0
84.40472222222222,28.391111111111112,1103.0
84.40444444444445,28.390833333333333,1099.0
84.40416666666667,28.39055555555556,1099.0
84.40388888888889,28.39027777777778,1100.0
84.40361111111112,28.39,1104.0
84.40333333333334,28.389722222222225,1104.0
84.40305555555555,28.389444444444447,1106.0
84.40277777777779,28.389166666666668,1105.0
84.40277777777779,28.38888888888889,1106.0
84.40277777777779,28.38861111111111,1105.0
84.40277777777779,28.388333333333335,1102.0
84.40277777777779,28.388055555555557,1101.0
84.40277777777779,28.387777777777774,1098.0
84.4025,28.387500000000003,1095.0
84.4025,28.387222222222224,1094.0
84.4025,28.386944444444445,1088.0
84.4025,28.386666666666667,1082.0
84.4025,28.38638888888889,1080.0
84.4025,28.386111111111113,1080.0
84.4025,28.385833333333338,1082.0
84.40222222222222,28.385555555555555,1082.0
84.40194444444445,28.38527777777778,1081.0
84.40166666666667,28.38527777777778,1076.0
84.40166666666667,28.385,1073.0
84.40166666666667,28.384722222222223,1074.0
84.40166666666667,28.384444444444444,1076.0
84.40166666666667,28.38416666666667,1075.0
84.40166666666667,28.38388888888889,1074.0
84.40166666666667,28.38361111111111,1074.0
84.40138888888889,28.383333333333336,1073.0
84.40138888888889,28.38305555555556,1077.0
84.40138888888889,28.38277777777778,1077.0
84.40138888888889,28.3825,1069.0
84.40138888888889,28.382222222222225,1069.0
84.40111111111112,28.381944444444446,1070.0
84.40111111111112,28.381666666666668,1074.0
84.40111111111112,28.38138888888889,1076.0
84.40111111111112,28.38111111111111,1074.0
84.40111111111112,28.380833333333335,1074.0
84.40111111111112,28.380555555555556,1072.0
84.40111111111112,28.380277777777778,1071.0
84.40138888888889,28.380000000000003,1067.0
84.40138888888889,28.379722222222224,1060.0
84.40138888888889,28.379444444444445,1062.0
84.40138888888889,28.379166666666663,1063.0
84.40138888888889,28.37888888888889,1062.0
84.40138888888889,28.378611111111113,1062.0
84.40166666666667,28.378333333333337,1060.0
84.40166666666667,28.378055555555555,1063.0
84.40194444444445,28.37777777777778,1062.0
84.40222222222222,28.3775,1062.0
84.40222222222222,28.377222222222223,1063.0
84.40222222222222,28.376944444444447,1062.0
84.4025,28.37666666666667,1060.0
84.4025,28.37638888888889,1059.0
84.40277777777779,28.37611111111111,1056.0
84.40277777777779,28.375833333333336,1054.0
84.40277777777779,28.375555555555557,1051.0
84.40277777777779,28.37527777777778,1051.0
84.40277777777779,28.375,1050.0
84.40277777777779,28.374722222222225,1049.0
84.40277777777779,28.37444444444445,1049.0
84.40277777777779,28.374166666666667,1046.0
84.40277777777779,28.37388888888889,1044.0
84.40277777777779,28.373611111111114,1046.0
84.40277777777779,28.373333333333335,1054.0
84.4025,28.373055555555556,1056.0
84.4025,28.372777777777777,1053.0
84.4025,28.3725,1051.0
84.4025,28.372222222222224,1051.0
84.40277777777779,28.371944444444445,1045.0
84.40277777777779,28.37166666666667,1044.0
84.40277777777779,28.37138888888889,1045.0
84.40277777777779,28.371111111111112,1048.0
84.40305555555555,28.370833333333337,1043.0
84.40305555555555,28.37055555555556,1045.0
84.40305555555555,28.37027777777778,1049.0
84.40333333333334,28.37,1044.0
84.40333333333334,28.369722222222222,1046.0
84.40333333333334,28.369444444444447,1046.0
84.40333333333334,28.36916666666667,1044.0
84.40333333333334,28.36888888888889,1046.0
84.40333333333334,28.36861111111111,1044.0
84.40333333333334,28.368333333333336,1046.0
84.40361111111112,28.368055555555557,1041.0
84.40388888888889,28.36777777777778,1046.0
84.40416666666667,28.3675,1051.0
84.40416666666667,28.367222222222225,1050.0
84.40416666666667,28.36694444444445,1047.0
84.40444444444445,28.366666666666667,1046.0
84.40444444444445,28.366388888888892,1042.0
84.40444444444445,28.366111111111113,1039.0
84.40444444444445,28.365833333333335,1040.0
84.40444444444445,28.365555555555556,1041.0
84.40444444444445,28.36527777777778,1039.0
84.40416666666667,28.365,1033.0
84.40416666666667,28.364722222222223,1022.0
84.40416666666667,28.364444444444445,1023.0
84.40416666666667,28.36416666666667,1024.0
84.40416666666667,28.36388888888889,1024.0
84.40416666666667,28.363611111111112,1022.0
84.40416666666667,28.363333333333333,1024.0
84.40416666666667,28.36305555555556,1028.0
84.40388888888889,28.36277777777778,1026.0
84.40388888888889,28.3625,1023.0
84.40388888888889,28.362222222222226,1024.0
84.40388888888889,28.361944444444447,1025.0
84.40388888888889,28.361666666666668,1024.0
84.40388888888889,28.36138888888889,1020.0
84.40388888888889,28.36111111111111,1015.0
84.40388888888889,28.360833333333336,1014.0
84.40388888888889,28.360555555555557,1013.0
84.40388888888889,28.360277777777775,1011.0
84.40388888888889,28.360000000000003,1013.0
84.40388888888889,28.359722222222224,1014.0
84.40388888888889,28.35944444444445,1013.0
84.40388888888889,28.359166666666667,1009.0
84.40388888888889,28.35888888888889,1008.0
84.40388888888889,28.358611111111113,1011.0
84.40388888888889,28.358333333333334,1014.0
84.40388888888889,28.358055555555556,1019.0
84.40388888888889,28.35777777777778,1025.0
84.40361111111112,28.3575,1025.0
84.40361111111112,28.357222222222223,1027.0
84.40361111111112,28.356944444444444,1028.0
84.40333333333334,28.35666666666667,1021.0
84.40333333333334,28.35638888888889,1016.0
84.40333333333334,28.35611111111111,1013.0
84.40333333333334,28.355833333333333,1012.0
84.40361111111112,28.35555555555556,1008.0
84.40361111111112,28.35527777777778,1008.0
84.40361111111112,28.355,1007.0
84.40361111111112,28.354722222222225,1004.0
84.40388888888889,28.354444444444447,998.0
84.40388888888889,28.354166666666668,999.0
84.40388888888889,28.35388888888889,1005.0
84.40416666666667,28.35361111111111,1004.0
84.40416666666667,28.353333333333335,997.0
84.40416666666667,28.353055555555557,986.0
84.40416666666667,28.352777777777774,985.0
84.40416666666667,28.352500000000003,992.0
84.40416666666667,28.352222222222224,992.0
84.40416666666667,28.351944444444445,988.0
84.40416666666667,28.351666666666667,982.0
84.40416666666667,28.35138888888889,977.0
84.40416666666667,28.351111111111113,979.0
84.40388888888889,28.350833333333338,979.0
84.40361111111112,28.350555555555555,980.0
84.40333333333334,28.35027777777778,988.0
84.40305555555555,28.35,993.0
84.40277777777779,28.349722222222223,989.0
84.4025,28.349444444444444,987.0
84.40222222222222,28.34916666666667,980.0
84.40194444444445,28.34888888888889,980.0
84.40166666666667,28.34861111111111,992.0
84.40138888888889,28.348333333333336,1005.0
84.40111111111112,28.34805555555556,1008.0
84.40083333333334,28.34777777777778,997.0
84.40083333333334,28.3475,1001.0
84.40055555555556,28.347222222222225,1010.0
84.40027777777777,28.346944444444446,1010.0
84.4,28.346666666666668,1006.0
84.39972222222222,28.34638888888889,1004.0
84.39972222222222,28.346111111111114,1006.0
84.39972222222222,28.345833333333335,1010.0
84.39944444444444,28.345555555555556,1000.0
84.39916666666667,28.345277777777778,991.0
84.39888888888889,28.345,988.0
84.39861111111111,28.344722222222224,993.0
84.39833333333334,28.344444444444445,1005.0
84.39805555555556,28.344166666666663,1008.0
84.39805555555556,28.34388888888889,1005.0
84.39805555555556,28.343611111111112,1005.0
84.39777777777778,28.343333333333337,1005.0
84.39777777777778,28.34305555555556,1008.0
84.39750000000001,28.34277777777778,1004.0
84.39722222222223,28.3425,1008.0
84.39722222222223,28.342222222222222,1010.0
84.39722222222223,28.341944444444447,1010.0
84.39722222222223,28.34166666666667,1008.0
84.39722222222223,28.34138888888889,1005.0
84.39722222222223,28.34111111111111,1004.0
84.39750000000001,28.340833333333336,999.0
84.39750000000001,28.340555555555557,990.0
84.39750000000001,28.34027777777778,986.0
84.39722222222223,28.34,989.0
84.39722222222223,28.339722222222225,987.0
84.39722222222223,28.33944444444445,984.0
84.39722222222223,28.339166666666667,980.0
84.39722222222223,28.33888888888889,979.0
84.39722222222223,28.338611111111113,971.0
84.39722222222223,28.338333333333335,960.0
84.39750000000001,28.338055555555556,958.0
84.39777777777778,28.338055555555556,949.0
84.39805555555556,28.338055555555556,939.0
84.39805555555556,28.33777777777778,941.0
84.39805555555556,28.3375,948.0
84.39833333333334,28.337222222222223,942.0
84.39833333333334,28.336944444444445,947.0
84.39861111111111,28.33666666666667,943.0
84.39861111111111,28.33638888888889,944.0
84.39861111111111,28.336111111111112,944.0
84.39861111111111,28.335833333333333,942.0
84.39861111111111,28.33555555555556,942.0
84.39861111111111,28.33527777777778,943.0
84.39861111111111,28.335,948.0
84.39833333333334,28.334722222222226,948.0
84.39833333333334,28.334444444444447,948.0
84.39833333333334,28.33416666666667,942.0
84.39833333333334,28.33388888888889,938.0
84.39833333333334,28.33361111111111,939.0
84.39861111111111,28.333333333333336,943.0
84.39888888888889,28.333055555555557,937.0
84.39888888888889,28.33277777777778,935.0
84.39888888888889,28.332500000000003,932.0
84.39916666666667,28.332222222222224,929.0
84.39916666666667,28.33194444444445,932.0
84.39944444444444,28.331666666666667,928.0
84.39944444444444,28.331388888888892,930.0
84.39944444444444,28.331111111111113,930.0
84.39944444444444,28.330833333333334,929.0
84.39944444444444,28.330555555555556,931.0
84.39944444444444,28.33027777777778,931.0
84.39944444444444,28.33,932.0
84.39944444444444,28.329722222222223,931.0
84.39944444444444,28.329444444444444,931.0
84.39944444444444,28.32916666666667,927.0
84.39944444444444,28.32888888888889,924.0
84.39944444444444,28.328611111111112,923.0
84.39944444444444,28.328333333333333,920.0
84.39944444444444,28.32805555555556,914.0
84.39944444444444,28.32777777777778,917.0
84.39916666666667,28.3275,919.0
84.39916666666667,28.327222222222225,919.0
84.39916666666667,28.326944444444447,918.0
84.39916666666667,28.326666666666668,918.0
84.39916666666667,28.32638888888889,917.0
84.39944444444444,28.32611111111111,916.0
84.39944444444444,28.325833333333335,917.0
84.39944444444444,28.325555555555557,919.0
84.39944444444444,28.325277777777774,921.0
84.39972222222222,28.325000000000003,921.0
84.39972222222222,28.324722222222224,918.0
84.39972222222222,28.324444444444445,915.0
84.39972222222222,28.324166666666667,915.0
84.39972222222222,28.32388888888889,916.0
84.4,28.323611111111113,912.0
84.4,28.323333333333338,917.0
84.4,28.323055555555555,918.0
84.40027777777777,28.32277777777778,912.0
84.40055555555556,28.3225,909.0
84.40055555555556,28.322222222222223,913.0
84.40055555555556,28.321944444444444,920.0
84.40083333333334,28.32166666666667,918.0
84.40111111111112,28.32138888888889,920.0
84.40111111111112,28.32111111111111,911.0
84.40111111111112,28.320833333333333,912.0
84.40111111111112,28.32055555555556,918.0
84.40138888888889,28.32027777777778,916.0
84.40138888888889,28.32,918.0
84.40166666666667,28.319722222222225,917.0
84.40166666666667,28.319444444444446,909.0
84.40166666666667,28.319166666666668,902.0
84.40166666666667,28.31888888888889,899.0
84.40166666666667,28.31861111111111,899.0
84.40166666666667,28.318333333333335,898.0
84.40166666666667,28.318055555555556,899.0
84.40166666666667,28.317777777777778,900.0
84.40166666666667,28.317500000000003,900.0
84.40166666666667,28.317222222222224,902.0
84.40166666666667,28.316944444444445,903.0
84.40166666666667,28.316666666666663,906.0
84.40166666666667,28.31638888888889,915.0
84.40138888888889,28.316111111111113,905.0
84.40138888888889,28.315833333333337,911.0
84.40111111111112,28.315555555555555,908.0
84.40111111111112,28.31527777777778,906.0
84.40111111111112,28.315,906.0
84.40111111111112,28.314722222222223,912.0
84.40111111111112,28.314444444444447,915.0
84.40111111111112,28.31416666666667,915.0
84.40111111111112,28.31388888888889,912.0
84.40111111111112,28.31361111111111,906.0
84.40111111111112,28.313333333333336,898.0
84.40111111111112,28.313055555555557,896.0
84.40083333333334,28.31277777777778,897.0
84.40055555555556,28.3125,893.0
84.40055555555556,28.312222222222225,888.0
84.40027777777777,28.31194444444445,884.0
84.4,28.311666666666667,885.0
84.39972222222222,28.31138888888889,887.0
84.39944444444444,28.311111111111114,886.0
84.39916666666667,28.310833333333335,885.0
84.39888888888889,28.310555555555556,887.0
84.39861111111111,28.310277777777777,884.0
84.39833333333334,28.31,884.0
84.39805555555556,28.309722222222224,885.0
84.39805555555556,28.309444444444445,884.0
84.39777777777778,28.30916666666667,882.0
84.39750000000001,28.30888888888889,880.0
84.39722222222223,28.308611111111112,878.0
84.39694444444444,28.308611111111112,875.0
84.39666666666668,28.308333333333337,874.0
84.39666666666668,28.30805555555556,874.0
84.39666666666668,28.30777777777778,874.0
84.39666666666668,28.3075,873.0
84.3963888888889,28.307222222222222,871.0
84.3963888888889,28.306944444444447,871.0
84.39611111111111,28.30666666666667,870.0
84.39583333333334,28.30638888888889,868.0
84.39555555555556,28.30638888888889,866.0
84.39527777777778,28.30638888888889,865.0
84.395,28.30638888888889,865.0
84.39472222222223,28.30638888888889,865.0
84.39444444444445,28.30638888888889,862.0
84.39416666666666,28.30611111111111,863.0
84.3938888888889,28.305833333333336,864.0
84.39361111111111,28.305555555555557,862.0
84.39333333333333,28.30527777777778,861.0
84.39333333333333,28.305,862.0
84.39305555555556,28.304722222222225,863.0
84.39277777777778,28.30444444444445,859.0
84.3925,28.304166666666667,864.0
84.39222222222223,28.303888888888892,861.0
84.39194444444445,28.303611111111113,857.0
84.39166666666667,28.303611111111113,856.0
84.3913888888889,28.303333333333335,855.0
84.39111111111112,28.303333333333335,855.0
84.39083333333333,28.303333333333335,854.0
84.39055555555557,28.303333333333335,855.0
84.39027777777778,28.303333333333335,855.0
84.39,28.303333333333335,853.0
84.38972222222222,28.303333333333335,853.0
84.38944444444445,28.303055555555556,853.0
84.38916666666667,28.303055555555556,853.0
84.38888888888889,28.30277777777778,852.0
84.38861111111112,28.30277777777778,851.0
84.38833333333334,28.30277777777778,848.0
84.38805555555555,28.30277777777778,848.0
84.38777777777779,28.3025,847.0
84.3875,28.302222222222223,845.0
84.38722222222222,28.302222222222223,846.0
84.38694444444445,28.301944444444445,845.0
84.38666666666667,28.301944444444445,844.0
84.38638888888889,28.30166666666667,844.0
84.38611111111112,28.30138888888889,844.0
84.38611111111112,28.301111111111112,843.0
84.38611111111112,28.300833333333333,841.0
84.38611111111112,28.30055555555556,839.0
84.38611111111112,28.30027777777778,838.0
84.38611111111112,28.3,839.0
84.38611111111112,28.299722222222226,836.0
84.38611111111112,28.299444444444447,838.0
84.38611111111112,28.299166666666668,838.0
84.38611111111112,28.29888888888889,838.0
84.38611111111112,28.29861111111111,835.0
84.38583333333334,28.29861111111111,837.0
84.38555555555556,28.298333333333336,837.0
84.38527777777777,28.298055555555557,837.0
84.385,28.297777777777775,836.0
84.38472222222222,28.297777777777775,834.0
84.38444444444444,28.297777777777775,833.0
84.38416666666667,28.297777777777775,833.0
84.38388888888889,28.297777777777775,832.0
84.38361111111111,28.298055555555557,830.0
84.38333333333334,28.298055555555557,829.0
84.38305555555556,28.298055555555557,829.0
84.38277777777778,28.298055555555557,830.0
84.38250000000001,28.298055555555557,831.0
84.38222222222223,28.297777777777775,829.0
84.38194444444444,28.297777777777775,828.0
84.38166666666667,28.297500000000003,826.0
84.38138888888889,28.297222222222224,827.0
84.38138888888889,28.29694444444445,827.0
84.38111111111111,28.296666666666667,822.0
84.38083333333334,28.296666666666667,826.0
84.38055555555556,28.29638888888889,826.0
84.38027777777778,28.296111111111113,826.0
84.38027777777778,28.295833333333334,824.0
84.38,28.295833333333334,825.0
84.37972222222223,28.295555555555556,824.0
84.37944444444445,28.29527777777778,823.0
84.37944444444445,28.295,822.0
84.37916666666666,28.294722222222223,821.0
84.3788888888889,28.294444444444444,820.0
84.37861111111111,28.29416666666667,818.0
84.37861111111111,28.29388888888889,819.0
84.37833333333333,28.29361111111111,817.0
84.37833333333333,28.293333333333333,817.0
84.37833333333333,28.29305555555556,817.0
84.37805555555556,28.29277777777778,816.0
84.37777777777778,28.29277777777778,815.0
84.3775,28.29277777777778,815.0
84.37722222222223,28.2925,815.0
84.37694444444445,28.2925,815.0
84.37666666666667,28.2925,814.0
84.3763888888889,28.2925,813.0
84.37611111111111,28.2925,812.0
84.37583333333333,28.2925,811.0
84.37555555555556,28.2925,811.0
84.37527777777778,28.292222222222225,809.0
84.375,28.291944444444447,809.0
84.37472222222222,28.291666666666668,809.0
84.37444444444445,28.29138888888889,808.0
84.37416666666667,28.29138888888889,807.0
84.37388888888889,28.29138888888889,808.0
84.37361111111112,28.29111111111111,808.0
84.37333333333333,28.29111111111111,806.0
84.37305555555555,28.29111111111111,806.0
84.37277777777778,28.29111111111111,806.0
84.3725,28.29111111111111,805.0
84.37222222222222,28.29111111111111,804.0
84.37194444444445,28.29111111111111,805.0
84.37166666666667,28.29111111111111,803.0
84.37138888888889,28.29111111111111,803.0
84.37111111111112,28.29111111111111,807.0
84.37083333333334,28.290833333333335,808.0
84.37055555555555,28.29111111111111,806.0
84.37027777777779,28.29111111111111,804.0
84.37,28.29111111111111,800.0
84.36972222222222,28.29111111111111,801.0
84.36944444444444,28.29111111111111,799.0
84.36916666666667,28.29111111111111,799.0
84.36888888888889,28.29111111111111,800.0
84.36861111111111,28.290833333333335,801.0
84.36833333333334,28.290833333333335,797.0
84.36805555555556,28.290833333333335,798.0
84.36777777777777,28.290555555555557,797.0
84.3675,28.290555555555557,795.0
84.36722222222222,28.290555555555557,795.0
84.36694444444444,28.290555555555557,799.0
84.36666666666667,28.290277777777774,796.0
84.36638888888889,28.290000000000003,795.0
84.36611111111111,28.290000000000003,798.0
84.36583333333334,28.289722222222224,793.0
84.36555555555556,28.289444444444445,792.0
84.36527777777778,28.289166666666667,789.0
84.36500000000001,28.28888888888889,791.0
84.36472222222223,28.288611111111113,796.0
84.36444444444444,28.288333333333338,796.0
84.36416666666666,28.288055555555555,790.0
84.36416666666666,28.28777777777778,791.0
84.3638888888889,28.2875,789.0
84.36361111111111,28.287222222222223,799.0
84.36333333333333,28.286944444444444,798.0
84.36305555555556,28.28666666666667,799.0
84.36277777777778,28.28638888888889,790.0
84.3625,28.28611111111111,788.0
84.36222222222223,28.285833333333336,790.0
84.36194444444445,28.28555555555556,788.0
84.36166666666666,28.28527777777778,787.0
84.36166666666666,28.285,791.0
84.36166666666666,28.284722222222225,789.0
84.36166666666666,28.284444444444446,789.0
84.36166666666666,28.284166666666668,784.0
84.36166666666666,28.28388888888889,780.0
84.36166666666666,28.283611111111114,780.0
84.36166666666666,28.283333333333335,787.0
84.36166666666666,28.283055555555556,787.0
84.36166666666666,28.282777777777778,788.0
84.36194444444445,28.2825,785.0
84.36194444444445,28.282222222222224,786.0
84.36194444444445,28.281944444444445,789.0
84.36194444444445,28.281666666666663,791.0
84.36194444444445,28.28138888888889,788.0
84.36166666666666,28.281111111111112,779.0
84.36166666666666,28.280833333333337,780.0
84.3613888888889,28.28055555555556,779.0
84.36111111111111,28.28027777777778,780.0
84.36083333333333,28.28,778.0
84.36055555555556,28.279722222222222,780.0
84.36027777777778,28.279444444444447,779.0
84.36,28.27916666666667,774.0
84.36,28.27888888888889,773.0
84.36,28.27861111111111,771.0
84.36027777777778,28.278333333333336,770.0
84.36027777777778,28.278055555555557,770.0
84.36055555555556,28.27777777777778,768.0
84.36083333333333,28.2775,768.0
84.36111111111111,28.277222222222225,770.0
84.3613888888889,28.27694444444445,771.0
84.36166666666666,28.276666666666667,770.0
84.36166666666666,28.27638888888889,770.0
84.36194444444445,28.276111111111113,768.0
84.36222222222223,28.275833333333335,765.0
84.36222222222223,28.275555555555556,766.0
84.3625,28.27527777777778,764.0
84.3625,28.275,763.0
84.3625,28.274722222222223,762.0
84.3625,28.274444444444445,763.0
84.3625,28.27416666666667,762.0
84.3625,28.27388888888889,762.0
84.3625,28.273611111111112,762.0
84.3625,28.273333333333333,763.0
84.36222222222223,28.27305555555556,762.0
84.36222222222223,28.27277777777778,759.0
84.36222222222223,28.2725,758.0
84.36222222222223,28.272222222222226,756.0
84.36222222222223,28.271944444444447,755.0
84.36194444444445,28.27166666666667,754.0
84.36194444444445,28.27138888888889,757.0
84.36166666666666,28.27111111111111,755.0
84.36166666666666,28.270833333333336,756.0
84.36166666666666,28.270555555555557,757.0
84.3613888888889,28.27027777777778,757.0
84.3613888888889,28.270000000000003,757.0
84.3613888888889,28.269722222222224,754.0
84.3613888888889,28.26944444444445,754.0
84.3613888888889,28.269166666666667,753.0
84.3613888888889,28.268888888888892,755.0
84.36166666666666,28.268611111111113,754.0
84.36194444444445,28.268333333333334,753.0
84.36222222222223,28.268055555555556,754.0
84.36222222222223,28.26777777777778,752.0
84.36222222222223,28.2675,751.0
84.3625,28.267222222222223,754.0
84.36277777777778,28.266944444444444,752.0
84.36277777777778,28.26666666666667,755.0
84.36305555555556,28.26638888888889,749.0
84.36333333333333,28.266111111111112,748.0
84.36361111111111,28.265833333333333,748.0
84.3638888888889,28.26555555555556,751.0
84.36416666666666,28.26527777777778,750.0
84.36444444444444,28.265,748.0
84.36472222222223,28.264722222222225,753.0
84.36500000000001,28.264444444444447,753.0
84.36527777777778,28.264166666666668,752.0
84.36555555555556,28.26388888888889,749.0
84.36555555555556,28.26361111111111,754.0
84.36583333333334,28.263333333333335,753.0
84.36583333333334,28.263055555555557,756.0
84.36583333333334,28.262777777777774,756.0
84.36583333333334,28.262500000000003,756.0
84.36583333333334,28.262222222222224,756.0
84.36583333333334,28.261944444444445,755.0
84.36583333333334,28.261666666666667,754.0
84.36583333333334,28.26138888888889,753.0
84.36583333333334,28.261111111111113,748.0
84.36583333333334,28.260833333333338,743.0
84.36583333333334,28.260555555555555,739.0
84.36583333333334,28.26027777777778,740.0
84.36583333333334,28.26,746.0
84.36583333333334,28.259722222222223,750.0
84.36583333333334,28.259444444444444,750.0
84.36583333333334,28.25916666666667,751.0
84.36583333333334,28.25888888888889,750.0
84.36583333333334,28.25861111111111,742.0
84.36583333333334,28.258333333333333,741.0
84.36611111111111,28.25805555555556,740.0
84.36638888888889,28.25777777777778,748.0
84.36666666666667,28.2575,752.0
84.36694444444444,28.257222222222225,755.0
84.36722222222222,28.256944444444446,753.0
84.3675,28.256666666666668,756.0
84.36777777777777,28.25638888888889,754.0
84.36805555555556,28.25611111111111,752.0
84.36833333333334,28.255833333333335,747.0
84.36833333333334,28.255555555555556,737.0
84.36861111111111,28.255277777777778,732.0
84.36888888888889,28.255000000000003,733.0
84.36916666666667,28.255000000000003,734.0
84.36944444444444,28.254722222222224,731.0
84.36972222222222,28.254444444444445,728.0
84.37,28.254166666666663,725.0
84.37027777777779,28.254166666666663,726.0
84.37055555555555,28.25388888888889,725.0
84.37083333333334,28.25388888888889,729.0
84.37111111111112,28.253611111111113,729.0
84.37138888888889,28.253333333333337,726.0
84.37166666666667,28.253055555555555,724.0
84.37194444444445,28.25277777777778,719.0
84.37194444444445,28.2525,722.0
84.37222222222222,28.252222222222223,722.0
84.37222222222222,28.251944444444447,722.0
84.3725,28.25166666666667,721.0
84.37277777777778,28.25138888888889,721.0
84.37277777777778,28.25111111111111,719.0
84.37277777777778,28.250833333333336,719.0
84.3725,28.250555555555557,718.0
84.3725,28.25027777777778,716.0
84.37277777777778,28.25,718.0
84.37277777777778,28.249722222222225,717.0
84.37277777777778,28.24944444444445,715.0
84.37277777777778,28.249166666666667,712.0
84.37277777777778,28.24888888888889,713.0
84.37305555555555,28.248611111111114,715.0
84.37333333333333,28.248333333333335,713.0
84.37361111111112,28.248055555555556,713.0
84.37388888888889,28.247777777777777,713.0
84.37416666666667,28.247777777777777,713.0
84.37444444444445,28.247777777777777,713.0
84.37472222222222,28.247777777777777,712.0
84.375,28.2475,711.0
84.37527777777778,28.247222222222224,710.0
84.37527777777778,28.246944444444445,709.0
84.37527777777778,28.24666666666667,708.0
84.37527777777778,28.24638888888889,706.0
84.375,28.246111111111112,707.0
84.37472222222222,28.246111111111112,707.0
84.37444444444445,28.245833333333337,705.0
84.37416666666667,28.245833333333337,704.0
84.37388888888889,28.24555555555556,704.0
84.37361111111112,28.24527777777778,705.0
84.37361111111112,28.245,705.0
84.37361111111112,28.244722222222222,704.0
84.37361111111112,28.244444444444447,698.0
84.37388888888889,28.24416666666667,702.0
84.37416666666667,28.24388888888889,703.0
84.37444444444445,28.24388888888889,703.0
84.37472222222222,28.24361111111111,701.0
84.375,28.24361111111111,703.0
84.37527777777778,28.243333333333336,700.0
84.37555555555556,28.243055555555557,700.0
84.37583333333333,28.24277777777778,701.0
84.37611111111111,28.2425,701.0
84.3763888888889,28.242222222222225,699.0
84.3763888888889,28.24194444444445,703.0
84.37666666666667,28.241666666666667,704.0
84.37666666666667,28.241388888888892,699.0
84.37666666666667,28.241111111111113,696.0
84.37694444444445,28.240833333333335,696.0
84.37694444444445,28.240555555555556,698.0
84.37694444444445,28.24027777777778,696.0
84.37694444444445,28.24,694.0
84.37722222222223,28.239722222222223,695.0
84.37722222222223,28.239444444444445,694.0
84.3775,28.23916666666667,693.0
84.37777777777778,28.23888888888889,692.0
84.37805555555556,28.238611111111112,690.0
84.37833333333333,28.238333333333333,688.0
84.37861111111111,28.238333333333333,692.0
84.3788888888889,28.238333333333333,692.0
84.37916666666666,28.23805555555556,687.0
84.37944444444445,28.23805555555556,690.0
84.37972222222223,28.23805555555556,692.0
84.38,28.23805555555556,690.0
84.38027777777778,28.23777777777778,688.0
84.38055555555556,28.23777777777778,688.0
84.38083333333334,28.2375,689.0
84.38111111111111,28.237222222222226,689.0
84.38138888888889,28.236944444444447,689.0
84.38138888888889,28.236666666666668,685.0
84.38138888888889,28.23638888888889,687.0
84.38138888888889,28.23611111111111,686.0
84.38138888888889,28.235833333333336,686.0
84.38111111111111,28.235555555555557,686.0
84.38083333333334,28.235277777777775,686.0
84.38083333333334,28.235000000000003,685.0
84.38083333333334,28.234722222222224,683.0
84.38055555555556,28.23444444444445,683.0
84.38055555555556,28.234166666666667,680.0
84.38055555555556,28.23388888888889,679.0
84.38055555555556,28.233611111111113,679.0
84.38055555555556,28.233333333333334,679.0
84.38055555555556,28.233055555555556,679.0
84.38055555555556,28.23277777777778,678.0
84.38083333333334,28.23277777777778,678.0
84.38111111111111,28.2325,678.0
84.38138888888889,28.232222222222223,678.0
84.38166666666667,28.232222222222223,677.0
84.38194444444444,28.232222222222223,677.0
84.38222222222223,28.231944444444444,677.0
84.38250000000001,28.231944444444444,677.0
84.38277777777778,28.231944444444444,677.0
84.38305555555556,28.231944444444444,676.0
84.38333333333334,28.23166666666667,676.0
84.38361111111111,28.23138888888889,676.0
84.38361111111111,28.23111111111111,675.0
84.38361111111111,28.230833333333333,675.0
84.38361111111111,28.23055555555556,675.0
84.38361111111111,28.23027777777778,675.0
84.38388888888889,28.23,674.0
84.38388888888889,28.229722222222225,674.0
84.38388888888889,28.229444444444447,674.0
84.38416666666667,28.229166666666668,674.0
84.38444444444444,28.22888888888889,673.0
84.38472222222222,28.22888888888889,673.0
84.385,28.22888888888889,673.0
84.38527777777777,28.22888888888889,673.0
84.38555555555556,28.22888888888889,673.0
84.38583333333334,28.22888888888889,672.0
84.38611111111112,28.22888888888889,672.0
84.38638888888889,28.22888888888889,672.0
84.38666666666667,28.22888888888889,672.0
84.38694444444445,28.22888888888889,672.0
84.38722222222222,28.22888888888889,671.0
84.3875,28.22861111111111,671.0
84.38777777777779,28.228333333333335,671.0
84.38777777777779,28.228055555555557,670.0
84.38777777777779,28.227777777777774,670.0
84.38777777777779,28.227500000000003,670.0
84.38777777777779,28.227222222222224,670.0
84.3875,28.226944444444445,669.0
84.3875,28.226666666666667,667.0
84.3875,28.22638888888889,668.0
84.3875,28.226111111111113,670.0
84.38777777777779,28.225833333333338,668.0
84.38805555555555,28.225555555555555,668.0
84.38833333333334,28.22527777777778,666.0
84.38861111111112,28.225,665.0
84.38888888888889,28.224722222222223,664.0
84.38916666666667,28.224444444444444,664.0
84.38944444444445,28.22416666666667,666.0
84.38972222222222,28.22388888888889,666.0
84.39,28.22361111111111,666.0
84.39027777777778,28.223333333333336,667.0
84.39055555555557,28.22305555555556,668.0
84.39055555555557,28.22277777777778,666.0
84.39055555555557,28.2225,665.0
84.39055555555557,28.222222222222225,663.0
84.39027777777778,28.221944444444446,658.0
84.39,28.221666666666668,660.0
84.38972222222222,28.22138888888889,666.0
84.38944444444445,28.221111111111114,664.0
84.38944444444445,28.220833333333335,668.0
84.38944444444445,28.220555555555556,664.0
84.38916666666667,28.220277777777778,656.0
84.38916666666667,28.22,655.0
84.38916666666667,28.219722222222224,657.0
84.38916666666667,28.219444444444445,656.0
84.38916666666667,28.219166666666663,655.0
84.38916666666667,28.21888888888889,652.0
84.38916666666667,28.218611111111112,654.0
84.38944444444445,28.218333333333337,652.0
84.38972222222222,28.21805555555556,650.0
84.39,28.21777777777778,651.0
84.39027777777778,28.21777777777778,650.0
84.39055555555557,28.21777777777778,651.0
84.39083333333333,28.21777777777778,649.0
84.39111111111112,28.2175,650.0
84.3913888888889,28.2175,652.0
84.39166666666667,28.2175,650.0
84.39194444444445,28.2175,649.0
84.39222222222223,28.2175,650.0
84.3925,28.2175,651.0
84.39277777777778,28.2175,649.0
84.39305555555556,28.2175,648.0
84.39333333333333,28.2175,646.0
84.39361111111111,28.2175,647.0
84.3938888888889,28.2175,648.0
84.39416666666666,28.217222222222222,649.0
84.39444444444445,28.216944444444447,646.0
84.39444444444445,28.21666666666667,644.0
84.39444444444445,28.21638888888889,639.0
84.39444444444445,28.21611111111111,648.0
84.39416666666666,28.215833333333336,646.0
84.3938888888889,28.215555555555557,644.0
84.3938888888889,28.21527777777778,650.0
84.39361111111111,28.215,643.0
84.39361111111111,28.214722222222225,641.0
84.39361111111111,28.21444444444445,640.0
84.3938888888889,28.214166666666667,640.0
84.39416666666666,28.21388888888889,642.0
84.39444444444445,28.213611111111113,640.0
84.39472222222223,28.213333333333335,641.0
84.395,28.213055555555556,635.0
84.39527777777778,28.21277777777778,634.0
84.39555555555556,28.21277777777778,649.0
84.39583333333334,28.2125,644.0
84.39611111111111,28.212222222222223,633.0
84.3963888888889,28.212222222222223,648.0
84.39666666666668,28.211944444444445,644.0
84.39694444444444,28.21166666666667,639.0
84.39722222222223,28.21138888888889,632.0
84.39750000000001,28.211111111111112,632.0
84.39777777777778,28.210833333333333,648.0
84.39805555555556,28.21055555555556,648.0
84.39777777777778,28.21027777777778,650.0
84.39777777777778,28.21,650.0
84.39805555555556,28.209722222222226,646.0
84.39805555555556,28.209444444444447,634.0
84.39805555555556,28.20916666666667,636.0
84.39805555555556,28.20888888888889,633.0
84.39833333333334,28.20861111111111,632.0
84.39861111111111,28.208333333333336,630.0
84.39888888888889,28.208055555555557,635.0
84.39916666666667,28.20777777777778,631.0
84.39944444444444,28.207500000000003,635.0
84.39972222222222,28.207222222222224,647.0
84.4,28.20694444444445,641.0
84.4,28.206666666666667,634.0
84.40027777777777,28.206666666666667,633.0
84.40027777777777,28.206388888888892,633.0
84.40027777777777,28.206111111111113,633.0
84.40055555555556,28.205833333333334,633.0
84.40055555555556,28.205555555555556,633.0
84.40055555555556,28.20527777777778,632.0
84.40055555555556,28.205,632.0
84.40083333333334,28.204722222222223,632.0
84.40111111111112,28.204444444444444,632.0
84.40138888888889,28.20416666666667,631.0
84.40138888888889,28.20388888888889,631.0
84.40138888888889,28.203611111111112,631.0
84.40166666666667,28.203333333333333,631.0
84.40166666666667,28.20305555555556,631.0
84.40194444444445,28.20277777777778,630.0
84.40194444444445,28.2025,630.0
84.40194444444445,28.202222222222225,630.0
84.40222222222222,28.201944444444447,630.0
84.40222222222222,28.201666666666668,630.0
84.4025,28.20138888888889,629.0
84.40277777777779,28.20111111111111,629.0
84.40277777777779,28.200833333333335,629.0
84.40305555555555,28.200555555555557,629.0
84.40333333333334,28.200277777777774,628.0
84.40361111111112,28.200000000000003,628.0
84.40388888888889,28.200000000000003,628.0
84.40416666666667,28.200000000000003,628.0
84.40444444444445,28.200000000000003,627.0
84.40444444444445,28.200277777777774,627.0
84.40444444444445,28.200555555555557,627.0
84.40444444444445,28.200833333333335,627.0
84.40444444444445,28.20111111111111,627.0
84.40472222222222,28.20138888888889,626.0
84.405,28.20138888888889,626.0
84.40527777777778,28.201666666666668,626.0
84.40555555555555,28.201944444444447,626.0
84.40583333333333,28.201944444444447,626.0
84.40611111111112,28.201944444444447,625.0
84.4063888888889,28.201666666666668,625.0
84.40666666666667,28.20138888888889,625.0
84.40694444444445,28.20111111111111,625.0
84.40694444444445,28.200833333333335,624.0
84.40694444444445,28.200555555555557,624.0
84.40694444444445,28.200277777777774,624.0
84.40694444444445,28.200000000000003,624.0
84.40694444444445,28.199722222222224,624.0
84.40694444444445,28.199444444444445,624.0
84.40694444444445,28.199166666666667,624.0
84.40722222222223,28.19888888888889,623.0
84.40694444444445,28.198611111111113,623.0
84.40694444444445,28.198333333333338,623.0
84.40694444444445,28.198055555555555,623.0
84.40694444444445,28.19777777777778,623.0
84.40694444444445,28.1975,623.0
84.40694444444445,28.197222222222223,623.0
84.40694444444445,28.196944444444444,623.0
84.40694444444445,28.19666666666667,623.0
84.40694444444445,28.19638888888889,623.0
84.40666666666667,28.19611111111111,622.0
84.40666666666667,28.195833333333333,622.0
84.40666666666667,28.19555555555556,622.0
84.40666666666667,28.19527777777778,622.0
84.40694444444445,28.195,622.0
84.40722222222223,28.194722222222225,622.0
84.4075,28.194444444444446,621.0
84.40777777777778,28.194444444444446,621.0
84.40805555555556,28.194444444444446,621.0
84.40833333333333,28.194444444444446,621.0
84.40861111111111,28.194444444444446,621.0
84.4088888888889,28.194444444444446,621.0
84.40916666666666,28.194166666666668,621.0
84.40944444444445,28.19388888888889,621.0
84.40972222222223,28.19361111111111,620.0
84.41,28.193333333333335,620.0
84.41027777777778,28.193055555555556,620.0
84.41055555555556,28.193055555555556,620.0
84.41083333333333,28.193055555555556,620.0
84.41111111111111,28.193055555555556,620.0
84.4113888888889,28.193055555555556,620.0
84.41166666666668,28.193055555555556,620.0
84.41194444444444,28.193055555555556,620.0
84.41222222222223,28.193055555555556,620.0
84.41250000000001,28.193055555555556,620.0
84.41277777777778,28.192777777777778,620.0
84.41305555555556,28.192500000000003,620.0
84.41333333333334,28.192222222222224,620.0
84.41361111111111,28.191944444444445,620.0
84.41388888888889,28.191666666666663,620.0
84.41416666666667,28.19138888888889,620.0
84.41444444444444,28.191111111111113,620.0
84.41472222222222,28.190833333333337,620.0
84.415,28.190555555555555,620.0
84.41527777777777,28.190555555555555,620.0
84.41555555555556,28.190555555555555,620.0
84.41583333333334,28.190555555555555,620.0
84.4161111111111,28.190555555555555,620.0
84.41638888888889,28.190555555555555,620.0
84.41666666666667,28.190555555555555,620.0
84.41694444444445,28.190555555555555,620.0
84.41722222222222,28.190555555555555,620.0
84.4175,28.190555555555555,620.0
84.41777777777779,28.190555555555555,620.0
84.41805555555555,28.190555555555555,620.0
84.41833333333334,28.19027777777778,620.0
84.41861111111112,28.19,620.0
84.41888888888889,28.189722222222223,620.0
84.41916666666667,28.189444444444447,620.0
84.41944444444445,28.18916666666667,620.0
84.41972222222222,28.18888888888889,621.0
84.42,28.18861111111111,615.0
84.42027777777778,28.18861111111111,601.0
84.42055555555555,28.18861111111111,594.0
84.42083333333333,28.188333333333336,590.0
84.42111111111112,28.188333333333336,589.0
84.42138888888888,28.188333333333336,590.0
84.42166666666667,28.188333333333336,589.0
84.42194444444445,28.188333333333336,591.0
84.42222222222223,28.188055555555557,588.0
84.4225,28.188055555555557,589.0
84.42277777777778,28.188055555555557,591.0
84.42305555555556,28.18777777777778,589.0
84.42333333333333,28.18777777777778,591.0
84.42361111111111,28.1875,589.0
84.4238888888889,28.1875,589.0
84.42416666666666,28.1875,588.0
84.42444444444445,28.187222222222225,588.0
84.42472222222223,28.187222222222225,587.0
84.425,28.187222222222225,587.0
84.42527777777778,28.187222222222225,587.0
84.42555555555556,28.18694444444445,587.0
84.42583333333333,28.18694444444445,586.0
84.42611111111111,28.18694444444445,586.0
84.4263888888889,28.18694444444445,585.0
84.42666666666666,28.18694444444445,586.0
84.42694444444444,28.186666666666667,586.0
84.42722222222223,28.186666666666667,586.0
84.42750000000001,28.186666666666667,586.0
84.42777777777778,28.18638888888889,586.0
84.42805555555556,28.18638888888889,585.0
84.42833333333334,28.186111111111114,585.0
84.42861111111111,28.185833333333335,585.0
84.42861111111111,28.185555555555556,584.0
84.42861111111111,28.185277777777777,584.0
84.42888888888889,28.185,584.0
84.42888888888889,28.184722222222224,582.0
84.42888888888889,28.184444444444445,582.0
84.42888888888889,28.18416666666667,582.0
84.42888888888889,28.18388888888889,582.0
84.42861111111111,28.183611111111112,581.0
84.42861111111111,28.183333333333337,581.0
84.42888888888889,28.18305555555556,581.0
84.42916666666667,28.18277777777778,580.0
84.42944444444444,28.18277777777778,581.0
84.42972222222222,28.18277777777778,579.0
84.43,28.18277777777778,579.0
84.43027777777777,28.18277777777778,579.0
84.43055555555556,28.18277777777778,579.0
84.43083333333334,28.18277777777778,579.0
84.43111111111111,28.18305555555556,579.0
84.43138888888889,28.18305555555556,578.0
84.43166666666667,28.183333333333337,577.0
84.43194444444444,28.183333333333337,577.0
84.43222222222222,28.183333333333337,578.0
84.4325,28.183611111111112,577.0
84.43277777777779,28.183611111111112,575.0
84.43305555555555,28.183611111111112,577.0
84.43333333333334,28.183611111111112,576.0
84.43361111111112,28.183611111111112,578.0
84.43388888888889,28.183611111111112,576.0
84.43416666666667,28.183611111111112,575.0
84.43444444444445,28.183611111111112,575.0
84.43472222222222,28.183611111111112,576.0
84.435,28.183611111111112,576.0
84.43527777777778,28.183333333333337,576.0
84.43555555555555,28.18305555555556,575.0
84.43555555555555,28.18277777777778,574.0
84.43555555555555,28.1825,575.0
84.43555555555555,28.182222222222222,575.0
84.43527777777778,28.181944444444447,574.0
84.43527777777778,28.18166666666667,574.0
84.435,28.18138888888889,573.0
84.43472222222222,28.18111111111111,573.0
84.43472222222222,28.180833333333336,572.0
84.43472222222222,28.180555555555557,572.0
84.43472222222222,28.18027777777778,573.0
84.435,28.18,571.0
84.43527777777778,28.179722222222225,571.0
84.43555555555555,28.179722222222225,571.0
84.43583333333333,28.179722222222225,571.0
84.43611111111112,28.179722222222225,572.0
84.43638888888889,28.17944444444445,571.0
84.43666666666667,28.17944444444445,571.0
84.43694444444445,28.17944444444445,570.0
84.43722222222222,28.17944444444445,570.0
84.4375,28.17944444444445,569.0
84.43777777777778,28.179166666666667,570.0
84.43805555555556,28.178888888888892,569.0
84.43805555555556,28.178611111111113,568.0
84.43777777777778,28.178333333333335,568.0
84.43777777777778,28.178055555555556,567.0
84.43777777777778,28.17777777777778,567.0
84.4375,28.1775,567.0
84.4375,28.177222222222223,568.0
84.43722222222222,28.176944444444445,567.0
84.43722222222222,28.17666666666667,568.0
84.43694444444445,28.17638888888889,566.0
84.43694444444445,28.176111111111112,566.0
84.43694444444445,28.175833333333333,568.0
84.43722222222222,28.17555555555556,567.0
84.4375,28.17527777777778,566.0
84.43777777777778,28.175,566.0
84.43805555555556,28.174722222222226,566.0
84.43833333333333,28.174444444444447,565.0
84.43861111111111,28.174166666666668,564.0
84.43861111111111,28.17388888888889,566.0
84.43861111111111,28.17361111111111,565.0
84.43861111111111,28.173333333333336,564.0
84.43861111111111,28.173055555555557,564.0
84.43861111111111,28.172777777777775,565.0
84.43833333333333,28.172500000000003,563.0
84.43833333333333,28.172222222222224,564.0
84.43805555555556,28.17194444444445,561.0
84.43805555555556,28.171666666666667,562.0
84.43833333333333,28.17138888888889,565.0
84.43861111111111,28.171111111111113,564.0
84.4388888888889,28.170833333333334,562.0
84.43916666666667,28.170833333333334,563.0
84.43944444444445,28.170833333333334,565.0
84.43972222222223,28.170555555555556,560.0
84.44,28.170555555555556,560.0
84.44027777777778,28.170555555555556,559.0
84.44055555555556,28.170555555555556,560.0
84.44083333333333,28.170555555555556,561.0
84.44111111111111,28.170555555555556,563.0
84.4413888888889,28.17027777777778,559.0
84.44166666666666,28.17,563.0
84.44194444444445,28.169722222222223,557.0
84.44222222222223,28.169444444444444,556.0
84.44222222222223,28.16916666666667,565.0
84.4425,28.16888888888889,559.0
84.4425,28.16861111111111,556.0
84.4425,28.168333333333333,555.0
84.4425,28.16805555555556,555.0
84.4425,28.16777777777778,554.0
84.4425,28.1675,556.0
84.4425,28.167222222222225,564.0
84.44277777777778,28.166944444444447,562.0
84.44277777777778,28.166666666666668,564.0
84.44305555555556,28.16638888888889,561.0
84.44333333333334,28.16611111111111,552.0
84.44333333333334,28.165833333333335,561.0
84.44361111111111,28.165555555555557,555.0
84.44388888888889,28.165277777777774,554.0
84.44416666666667,28.165000000000003,553.0
84.44416666666667,28.164722222222224,561.0
84.44416666666667,28.164444444444445,565.0
84.44416666666667,28.164166666666667,557.0
84.44416666666667,28.16388888888889,549.0
84.44416666666667,28.163611111111113,549.0
84.44416666666667,28.163333333333338,549.0
84.44416666666667,28.163055555555555,548.0
84.44416666666667,28.16277777777778,548.0
84.44416666666667,28.1625,548.0
84.44416666666667,28.162222222222223,547.0
84.44416666666667,28.161944444444444,546.0
84.44416666666667,28.16166666666667,547.0
84.44416666666667,28.16138888888889,545.0
84.44416666666667,28.16111111111111,545.0
84.44416666666667,28.160833333333336,543.0
84.44416666666667,28.16055555555556,544.0
84.44416666666667,28.16027777777778,543.0
84.44416666666667,28.16,543.0
84.44416666666667,28.159722222222225,542.0
84.44416666666667,28.159444444444446,541.0
84.44416666666667,28.159166666666668,541.0
84.44416666666667,28.15888888888889,541.0
84.44416666666667,28.158611111111114,541.0
84.44416666666667,28.158333333333335,542.0
84.44416666666667,28.158055555555556,551.0
84.44416666666667,28.157777777777778,565.0
84.44444444444444,28.1575,561.0
84.44444444444444,28.157222222222224,564.0
84.44444444444444,28.156944444444445,561.0
84.44444444444444,28.156666666666663,554.0
84.44444444444444,28.15638888888889,555.0
84.44444444444444,28.156111111111112,558.0
84.44444444444444,28.155833333333337,565.0
84.44416666666667,28.15555555555556,563.0
84.44416666666667,28.15527777777778,562.0
84.44416666666667,28.155,561.0
84.44416666666667,28.154722222222222,561.0
84.44416666666667,28.154444444444447,556.0
84.44416666666667,28.15416666666667,553.0
84.44416666666667,28.15388888888889,550.0
84.44388888888889,28.15361111111111,550.0
84.44388888888889,28.153333333333336,542.0
84.44388888888889,28.153055555555557,540.0
84.44388888888889,28.15277777777778,543.0
84.44361111111111,28.1525,533.0
84.44333333333334,28.152222222222225,530.0
84.44333333333334,28.15194444444445,539.0
84.44305555555556,28.151666666666667,531.0
84.44305555555556,28.15138888888889,537.0
84.44277777777778,28.151111111111113,529.0
84.44277777777778,28.150833333333335,534.0
84.44277777777778,28.150555555555556,533.0
84.44277777777778,28.15027777777778,531.0
84.44277777777778,28.15,535.0
84.44277777777778,28.149722222222223,535.0
84.44277777777778,28.149444444444445,532.0
84.44277777777778,28.14916666666667,527.0
84.44277777777778,28.14888888888889,528.0
84.44277777777778,28.148611111111112,525.0
84.44277777777778,28.148333333333333,539.0
84.44305555555556,28.14805555555556,535.0
84.44305555555556,28.14777777777778,543.0
84.44305555555556,28.1475,543.0
84.44333333333334,28.147222222222226,538.0
84.44333333333334,28.146944444444447,539.0
84.44305555555556,28.14666666666667,543.0
84.44277777777778,28.14638888888889,538.0
84.44277777777778,28.14611111111111,536.0
84.4425,28.145833333333336,537.0
84.4425,28.145555555555557,537.0
84.4425,28.14527777777778,534.0
84.4425,28.145000000000003,532.0
84.44222222222223,28.144722222222224,533.0
84.44222222222223,28.14444444444445,527.0
84.44222222222223,28.144166666666667,522.0
84.44222222222223,28.143888888888892,522.0
84.44222222222223,28.143611111111113,521.0
84.44194444444445,28.143333333333334,519.0
84.44194444444445,28.143055555555556,520.0
84.44194444444445,28.14277777777778,519.0
84.44166666666666,28.1425,518.0
84.44166666666666,28.142222222222223,518.0
84.44166666666666,28.141944444444444,519.0
84.4413888888889,28.14166666666667,516.0
84.4413888888889,28.14138888888889,517.0
84.44111111111111,28.141111111111112,518.0
84.44111111111111,28.140833333333333,522.0
84.44083333333333,28.14055555555556,518.0
84.44055555555556,28.14027777777778,520.0
84.44027777777778,28.14,520.0
84.44,28.139722222222225,522.0
84.44027777777778,28.139444444444447,519.0
84.44027777777778,28.139166666666668,516.0
84.44027777777778,28.13888888888889,516.0
84.44027777777778,28.13861111111111,516.0
84.44027777777778,28.138333333333335,515.0
84.44027777777778,28.138055555555557,514.0
84.44027777777778,28.137777777777774,515.0
84.44027777777778,28.137500000000003,516.0
84.44055555555556,28.137222222222224,515.0
84.44083333333333,28.136944444444445,514.0
84.44083333333333,28.136666666666667,514.0
84.44083333333333,28.13638888888889,516.0
84.44111111111111,28.136111111111113,516.0
84.44111111111111,28.135833333333338,516.0
84.44111111111111,28.135555555555555,513.0
84.44083333333333,28.135555555555555,514.0
84.44055555555556,28.13527777777778,514.0
84.44027777777778,28.135,512.0
84.44,28.135,513.0
84.43972222222223,28.135,512.0
84.43944444444445,28.135,511.0
84.43916666666667,28.135,509.0
84.4388888888889,28.135,510.0
84.43861111111111,28.135,510.0
84.43833333333333,28.135,511.0
84.43805555555556,28.134722222222223,510.0
84.43777777777778,28.134444444444444,511.0
84.4375,28.13416666666667,510.0
84.4375,28.13388888888889,510.0
84.4375,28.13361111111111,507.0
84.4375,28.133333333333333,507.0
84.4375,28.13305555555556,514.0
84.43777777777778,28.13277777777778,511.0
84.43805555555556,28.1325,511.0
84.43833333333333,28.132222222222225,510.0
84.43833333333333,28.131944444444446,515.0
84.43861111111111,28.131666666666668,515.0
84.43833333333333,28.13138888888889,510.0
84.43833333333333,28.13111111111111,507.0
84.43805555555556,28.130833333333335,504.0
84.43777777777778,28.130833333333335,504.0
84.4375,28.130555555555556,504.0
84.43722222222222,28.130277777777778,504.0
84.43694444444445,28.130000000000003,503.0
84.43666666666667,28.130000000000003,503.0
84.43638888888889,28.130000000000003,503.0
84.43611111111112,28.129722222222224,503.0
84.43583333333333,28.129444444444445,503.0
84.43555555555555,28.129166666666663,502.0
84.43527777777778,28.12888888888889,502.0
84.435,28.128611111111113,501.0
84.435,28.128333333333337,501.0
84.435,28.128055555555555,501.0
84.435,28.12777777777778,501.0
84.435,28.1275,501.0
84.435,28.127222222222223,500.0
84.435,28.126944444444447,500.0
84.435,28.12666666666667,500.0
84.435,28.12638888888889,500.0
84.43527777777778,28.12611111111111,499.0
84.43527777777778,28.125833333333336,499.0
84.43555555555555,28.125555555555557,499.0
84.43555555555555,28.12527777777778,499.0
84.43527777777778,28.125,498.0
84.43527777777778,28.124722222222225,498.0
84.43527777777778,28.12444444444445,498.0
84.43527777777778,28.124166666666667,498.0
84.43527777777778,28.12388888888889,498.0
84.43527777777778,28.123611111111114,497.0
84.43527777777778,28.123333333333335,497.0
84.43527777777778,28.123055555555556,497.0
84.43527777777778,28.122777777777777,497.0
84.43527777777778,28.1225,497.0
84.43527777777778,28.122222222222224,496.0
84.43527777777778,28.121944444444445,496.0
84.43527777777778,28.12166666666667,496.0
84.43555555555555,28.12138888888889,496.0
84.43583333333333,28.121111111111112,497.0
84.43583333333333,28.120833333333337,495.0
84.43555555555555,28.12055555555556,496.0
84.43527777777778,28.12055555555556,495.0
84.435,28.12055555555556,496.0
84.43472222222222,28.12027777777778,495.0
84.43444444444445,28.12027777777778,496.0
84.43416666666667,28.12027777777778,495.0
84.43388888888889,28.12027777777778,494.0
84.43361111111112,28.12027777777778,494.0
84.43333333333334,28.12027777777778,496.0
84.43305555555555,28.12,495.0
84.43277777777779,28.119722222222222,492.0
84.4325,28.119444444444447,495.0
84.43222222222222,28.11916666666667,495.0
84.43194444444444,28.11888888888889,493.0
84.43194444444444,28.11861111111111,492.0
84.43194444444444,28.118333333333336,492.0
84.43194444444444,28.118055555555557,492.0
84.43194444444444,28.11777777777778,492.0
84.43194444444444,28.1175,491.0
84.43194444444444,28.117222222222225,492.0
84.43194444444444,28.11694444444445,492.0
84.43194444444444,28.116666666666667,493.0
84.43194444444444,28.116388888888892,494.0
84.43222222222222,28.116111111111113,491.0
84.43222222222222,28.115833333333335,495.0
84.4325,28.115555555555556,494.0
84.43277777777779,28.11527777777778,489.0
84.43277777777779,28.115,492.0
84.43277777777779,28.114722222222223,495.0
84.43305555555555,28.114444444444445,494.0
84.43333333333334,28.11416666666667,496.0
84.43333333333334,28.11388888888889,494.0
84.43305555555555,28.113611111111112,491.0
84.43305555555555,28.113333333333333,490.0
84.43305555555555,28.11305555555556,485.0
84.43305555555555,28.11277777777778,485.0
84.43277777777779,28.1125,485.0
84.4325,28.112222222222226,484.0
84.43222222222222,28.112222222222226,484.0
84.43194444444444,28.111944444444447,484.0
84.43166666666667,28.111666666666668,483.0
84.43166666666667,28.11138888888889,483.0
84.43166666666667,28.11111111111111,483.0
84.43166666666667,28.110833333333336,483.0
84.43166666666667,28.110555555555557,482.0
84.43194444444444,28.110277777777775,482.0
84.43222222222222,28.110000000000003,482.0
84.4325,28.109722222222224,481.0
84.43277777777779,28.10944444444445,481.0
84.43305555555555,28.109166666666667,480.0
84.43333333333334,28.10888888888889,480.0
84.43361111111112,28.108611111111113,479.0
84.43388888888889,28.108333333333334,479.0
84.43416666666667,28.108333333333334,479.0
84.43444444444445,28.108055555555556,478.0
84.43472222222222,28.108055555555556,478.0
84.435,28.108055555555556,478.0
84.43527777777778,28.108055555555556,478.0
84.43555555555555,28.108055555555556,477.0
84.43583333333333,28.108055555555556,477.0
84.43611111111112,28.108055555555556,477.0
84.43638888888889,28.108055555555556,480.0
84.43666666666667,28.10777777777778,476.0
84.43694444444445,28.1075,476.0
84.43694444444445,28.107222222222223,482.0
84.43722222222222,28.106944444444444,475.0
84.43722222222222,28.10666666666667,479.0
84.4375,28.10638888888889,474.0
84.43777777777778,28.10611111111111,474.0
84.43805555555556,28.105833333333333,473.0
84.43833333333333,28.10555555555556,473.0
84.43861111111111,28.10555555555556,481.0
84.4388888888889,28.10527777777778,472.0
84.43916666666667,28.10527777777778,472.0
84.43944444444445,28.10527777777778,472.0
84.43972222222223,28.10527777777778,472.0
84.44,28.10527777777778,471.0
84.44027777777778,28.10527777777778,471.0
84.44055555555556,28.10527777777778,471.0
84.44083333333333,28.10527777777778,470.0
84.44111111111111,28.10527777777778,470.0
84.4413888888889,28.10527777777778,480.0
84.44166666666666,28.10527777777778,482.0
84.44194444444445,28.105,469.0
84.44222222222223,28.105,469.0
84.4425,28.105,469.0
84.44277777777778,28.104722222222225,468.0
84.44305555555556,28.104444444444447,478.0
84.44333333333334,28.104166666666668,480.0
84.44333333333334,28.10388888888889,480.0
84.44333333333334,28.10361111111111,483.0
84.44333333333334,28.103333333333335,483.0
84.44333333333334,28.103055555555557,480.0
84.44333333333334,28.102777777777774,478.0
84.44333333333334,28.102500000000003,474.0
84.44333333333334,28.102222222222224,470.0
84.44333333333334,28.101944444444445,467.0
84.44333333333334,28.101666666666667,467.0
84.44333333333334,28.10138888888889,469.0
84.44333333333334,28.101111111111113,473.0
84.44333333333334,28.100833333333338,478.0
84.44305555555556,28.100555555555555,473.0
84.44277777777778,28.10027777777778,478.0
84.44277777777778,28.1,483.0
84.44305555555556,28.099722222222223,483.0
84.44333333333334,28.099444444444444,480.0
84.44361111111111,28.09916666666667,477.0
84.44361111111111,28.09888888888889,468.0
84.44388888888889,28.09888888888889,467.0
84.44416666666667,28.09888888888889,467.0
84.44444444444444,28.09888888888889,467.0
84.44472222222223,28.09888888888889,465.0
84.44500000000001,28.09888888888889,465.0
84.44527777777778,28.09888888888889,464.0
84.44555555555556,28.09888888888889,464.0
84.44583333333334,28.09888888888889,464.0
84.44611111111111,28.09888888888889,464.0
84.44638888888889,28.09861111111111,464.0
84.44666666666667,28.09861111111111,463.0
84.44694444444444,28.09861111111111,463.0
84.44722222222222,28.09861111111111,463.0
84.4475,28.098333333333336,463.0
84.44777777777777,28.098333333333336,463.0
84.44805555555556,28.09805555555556,462.0
84.44833333333334,28.09777777777778,462.0
84.44861111111112,28.0975,462.0
84.44888888888889,28.097222222222225,462.0
84.44916666666667,28.096944444444446,461.0
84.44944444444445,28.096944444444446,461.0
84.44972222222222,28.096666666666668,461.0
84.45,28.09638888888889,461.0
84.45027777777779,28.09638888888889,461.0
84.45055555555555,28.09638888888889,460.0
84.45083333333334,28.09638888888889,460.0
84.45111111111112,28.09638888888889,460.0
84.45138888888889,28.09638888888889,460.0
84.45166666666667,28.096111111111114,460.0
84.45194444444445,28.095833333333335,459.0
84.45222222222222,28.095555555555556,459.0
84.45222222222222,28.095277777777778,459.0
84.45222222222222,28.095,459.0
84.45222222222222,28.094722222222224,458.0
84.45222222222222,28.094444444444445,458.0
84.45194444444445,28.094166666666663,458.0
84.45166666666667,28.09388888888889,458.0
84.45138888888889,28.093611111111112,458.0
84.45138888888889,28.093333333333337,460.0
84.45111111111112,28.09305555555556,457.0
84.45138888888889,28.09277777777778,460.0
84.45166666666667,28.0925,458.0
84.45194444444445,28.092222222222222,456.0
84.45222222222222,28.092222222222222,457.0
84.4525,28.091944444444447,457.0
84.45277777777778,28.091944444444447,454.0
84.45305555555557,28.091944444444447,455.0
84.45333333333333,28.091944444444447,459.0
84.45361111111112,28.091944444444447,460.0
84.4538888888889,28.09166666666667,453.0
84.45416666666667,28.09166666666667,453.0
84.45444444444445,28.09166666666667,455.0
84.45472222222223,28.09166666666667,453.0
84.455,28.09166666666667,456.0
84.45527777777778,28.09166666666667,458.0
84.45555555555556,28.09138888888889,460.0
84.45583333333333,28.09138888888889,459.0
84.45611111111111,28.09138888888889,458.0
84.4563888888889,28.09138888888889,456.0
84.45666666666666,28.09138888888889,455.0
84.45694444444445,28.09138888888889,459.0
84.45722222222223,28.09111111111111,458.0
84.4575,28.09111111111111,454.0
84.45777777777778,28.09111111111111,453.0
84.45805555555556,28.090833333333336,453.0
84.45805555555556,28.090555555555557,452.0
84.45805555555556,28.09027777777778,452.0
84.45805555555556,28.09,452.0
84.45833333333334,28.089722222222225,448.0
84.45833333333334,28.08944444444445,452.0
84.45861111111111,28.089166666666667,450.0
84.45861111111111,28.08888888888889,449.0
84.45861111111111,28.088611111111113,446.0
84.45861111111111,28.088333333333335,451.0
84.4588888888889,28.088055555555556,450.0
84.4588888888889,28.08777777777778,450.0
84.4588888888889,28.0875,449.0
84.4588888888889,28.087222222222223,449.0
84.4588888888889,28.086944444444445,449.0
84.4588888888889,28.08666666666667,449.0
84.45916666666668,28.08638888888889,449.0
84.45916666666668,28.086111111111112,449.0
84.45944444444444,28.085833333333333,448.0
84.45944444444444,28.08555555555556,448.0
84.45972222222223,28.08527777777778,448.0
84.45972222222223,28.085,448.0
84.46000000000001,28.084722222222226,448.0
84.46027777777778,28.084444444444447,447.0
84.46055555555556,28.08416666666667,447.0
84.46083333333334,28.08388888888889,447.0
84.46083333333334,28.08361111111111,447.0
84.46111111111111,28.083333333333336,447.0
84.46138888888889,28.083055555555557,446.0
84.46166666666667,28.083055555555557,446.0
84.46194444444444,28.083055555555557,446.0
84.46222222222222,28.08277777777778,446.0
84.4625,28.082500000000003,446.0
84.46277777777777,28.082500000000003,446.0
84.46305555555556,28.082222222222224,446.0
84.46333333333334,28.082222222222224,445.0
84.46361111111112,28.082222222222224,445.0
84.46388888888889,28.082222222222224,445.0
84.46416666666667,28.082222222222224,445.0
84.46444444444445,28.082222222222224,445.0
84.46472222222222,28.082222222222224,445.0
84.465,28.082222222222224,444.0
84.46527777777779,28.08194444444445,444.0
84.46555555555555,28.081666666666667,444.0
84.46583333333334,28.081388888888892,444.0
84.46583333333334,28.081111111111113,444.0
84.46583333333334,28.080833333333334,443.0
84.46583333333334,28.080555555555556,443.0
84.46583333333334,28.08027777777778,443.0
84.46583333333334,28.08,443.0
84.46583333333334,28.079722222222223,443.0
84.46583333333334,28.079444444444444,443.0
84.46583333333334,28.07916666666667,442.0
84.46583333333334,28.07888888888889,442.0
84.46583333333334,28.078611111111112,442.0
84.46583333333334,28.078333333333333,442.0
84.46583333333334,28.07805555555556,442.0
84.46583333333334,28.07777777777778,442.0
84.46555555555555,28.0775,441.0
84.46555555555555,28.077222222222225,441.0
84.46583333333334,28.076944444444447,441.0
84.46611111111112,28.076666666666668,441.0
84.46638888888889,28.076666666666668,441.0
84.46666666666667,28.07638888888889,440.0
84.46694444444445,28.07638888888889,440.0
84.46722222222222,28.07611111111111,440.0
84.4675,28.07611111111111,440.0
84.46777777777778,28.075833333333335,439.0
84.46805555555555,28.075555555555557,439.0
84.46833333333333,28.075277777777774,439.0
84.46861111111112,28.075000000000003,439.0
84.4688888888889,28.074722222222224,438.0
84.4688888888889,28.074444444444445,438.0
84.4688888888889,28.074166666666667,438.0
84.4688888888889,28.07388888888889,438.0
84.4688888888889,28.073611111111113,438.0
84.46916666666667,28.073333333333338,438.0
84.46916666666667,28.073055555555555,437.0
84.46944444444445,28.07277777777778,437.0
84.46944444444445,28.0725,437.0
84.46944444444445,28.072222222222223,437.0
84.46944444444445,28.071944444444444,437.0
84.46944444444445,28.07166666666667,437.0
84.46944444444445,28.07138888888889,436.0
84.46916666666667,28.07138888888889,436.0
84.4688888888889,28.07111111111111,436.0
84.46861111111112,28.07111111111111,436.0
84.46833333333333,28.07111111111111,436.0
84.46805555555555,28.07111111111111,436.0
84.46777777777778,28.07111111111111,436.0
84.4675,28.07111111111111,435.0
84.4675,28.070833333333333,435.0
84.4675,28.07055555555556,435.0
84.4675,28.07027777777778,435.0
84.4675,28.07,435.0
84.46777777777778,28.069722222222225,435.0
84.46805555555555,28.069722222222225,434.0
84.46833333333333,28.069722222222225,434.0
84.46861111111112,28.069722222222225,434.0
84.4688888888889,28.069722222222225,434.0
84.46916666666667,28.069722222222225,434.0
84.46944444444445,28.069444444444446,434.0
84.46972222222223,28.069444444444446,433.0
84.47,28.069444444444446,433.0
84.47027777777778,28.069444444444446,433.0
84.47055555555556,28.069444444444446,433.0
84.47083333333333,28.069444444444446,433.0
84.47111111111111,28.069444444444446,433.0
84.4713888888889,28.069444444444446,433.0
84.47166666666666,28.069166666666668,432.0
84.47194444444445,28.069166666666668,432.0
84.47222222222223,28.06888888888889,432.0
84.4725,28.06888888888889,432.0
84.47277777777778,28.06861111111111,432.0
84.47305555555556,28.068333333333335,431.0
84.47333333333333,28.068333333333335,431.0
84.47361111111111,28.068055555555556,431.0
84.4738888888889,28.067777777777778,431.0
84.47416666666668,28.067500000000003,431.0
84.47444444444444,28.067222222222224,430.0
84.47472222222223,28.066944444444445,430.0
84.47500000000001,28.066666666666663,430.0
84.47527777777778,28.06638888888889,430.0
84.47555555555556,28.066111111111113,429.0
84.47555555555556,28.065833333333337,429.0
84.47555555555556,28.065555555555555,429.0
84.47583333333334,28.06527777777778,429.0
84.47611111111111,28.065,429.0
84.47611111111111,28.064722222222223,429.0
84.47638888888889,28.064444444444447,428.0
84.47638888888889,28.06416666666667,428.0
84.47638888888889,28.06388888888889,428.0
84.47611111111111,28.06361111111111,428.0
84.47583333333334,28.063333333333336,428.0
84.47555555555556,28.063055555555557,427.0
84.47527777777778,28.06277777777778,427.0
84.47500000000001,28.0625,427.0
84.47472222222223,28.062222222222225,427.0
84.47472222222223,28.06194444444445,426.0
84.47472222222223,28.061666666666667,426.0
84.47472222222223,28.06138888888889,426.0
84.47500000000001,28.061111111111114,426.0
84.47527777777778,28.060833333333335,426.0
84.47555555555556,28.060555555555556,425.0
84.47583333333334,28.060277777777777,425.0
84.47611111111111,28.06,424.0
84.47638888888889,28.059722222222224,424.0
84.47666666666667,28.059444444444445,424.0
84.47694444444444,28.05916666666667,423.0
84.47722222222222,28.05888888888889,423.0
84.47722222222222,28.058611111111112,423.0
84.47722222222222,28.058333333333337,423.0
84.4775,28.05805555555556,422.0
84.4775,28.05777777777778,422.0
84.4775,28.0575,422.0
84.4775,28.057222222222222,422.0
84.47722222222222,28.056944444444447,422.0
84.47694444444444,28.05666666666667,422.0
84.47666666666667,28.05638888888889,421.0
84.47638888888889,28.05611111111111,421.0
84.47611111111111,28.055833333333336,421.0
84.47583333333334,28.055555555555557,421.0
84.47555555555556,28.05527777777778,420.0
84.47527777777778,28.055,420.0
84.47500000000001,28.054722222222225,420.0
84.47472222222223,28.05444444444445,420.0
84.47444444444444,28.054166666666667,419.0
84.47416666666668,28.053888888888892,419.0
84.47416666666668,28.053611111111113,419.0
84.4738888888889,28.053333333333335,419.0
84.47361111111111,28.053055555555556,418.0
84.47333333333333,28.05277777777778,418.0
84.47305555555556,28.0525,418.0
84.47277777777778,28.052222222222223,418.0
84.4725,28.051944444444445,417.0
84.47222222222223,28.051944444444445,417.0
84.47194444444445,28.05166666666667,417.0
84.47166666666666,28.05166666666667,417.0
84.4713888888889,28.05166666666667,417.0
84.47111111111111,28.05138888888889,416.0
84.47083333333333,28.05138888888889,416.0
84.47055555555556,28.05138888888889,416.0
84.47027777777778,28.05138888888889,416.0
84.47,28.05166666666667,416.0
84.46972222222223,28.05166666666667,415.0
84.46944444444445,28.05166666666667,415.0
84.46916666666667,28.05166666666667,415.0
84.4688888888889,28.051944444444445,415.0
84.46861111111112,28.051944444444445,415.0
84.46833333333333,28.051944444444445,415.0
84.46805555555555,28.051944444444445,414.0
84.46777777777778,28.051944444444445,414.0
84.4675,28.051944444444445,414.0
84.46722222222222,28.051944444444445,414.0
84.46694444444445,28.051944444444445,414.0
84.46666666666667,28.05166666666667,413.0
84.46638888888889,28.05138888888889,413.0
84.46611111111112,28.051111111111112,413.0
84.46583333333334,28.050833333333333,413.0
84.46583333333334,28.05055555555556,412.0
84.46583333333334,28.05027777777778,412.0
84.46583333333334,28.05,412.0
84.46583333333334,28.049722222222226,412.0
84.46611111111112,28.049444444444447,411.0
84.46611111111112,28.049166666666668,411.0
84.46638888888889,28.04888888888889,411.0
84.46638888888889,28.04861111111111,411.0
84.46666666666667,28.048333333333336,411.0
84.46694444444445,28.048055555555557,410.0
84.46694444444445,28.047777777777775,410.0
84.46722222222222,28.047500000000003,410.0
84.46722222222222,28.047222222222224,410.0
84.4675,28.04694444444445,410.0
84.4675,28.046666666666667,409.0
84.46777777777778,28.04638888888889,409.0
84.46777777777778,28.046111111111113,409.0
84.46777777777778,28.045833333333334,409.0
84.46777777777778,28.045555555555556,408.0
84.4675,28.04527777777778,408.0
84.46722222222222,28.045,408.0
84.46694444444445,28.045,408.0
84.46666666666667,28.044722222222223,407.0
84.46638888888889,28.044722222222223,407.0
84.46611111111112,28.044722222222223,407.0
84.46583333333334,28.044722222222223,407.0
84.46555555555555,28.044722222222223,407.0
84.46527777777779,28.044722222222223,407.0
84.465,28.044722222222223,406.0
84.46472222222222,28.044444444444444,406.0
84.46472222222222,28.04416666666667,406.0
84.46444444444445,28.04388888888889,406.0
84.46444444444445,28.04361111111111,405.0
84.46444444444445,28.043333333333333,405.0
84.46444444444445,28.04305555555556,405.0
84.46472222222222,28.04277777777778,405.0
84.46472222222222,28.0425,405.0
84.46472222222222,28.042222222222225,404.0
84.465,28.041944444444447,404.0
84.465,28.041666666666668,404.0
84.46527777777779,28.04138888888889,404.0
84.46527777777779,28.04111111111111,404.0
84.46527777777779,28.040833333333335,403.0
84.46527777777779,28.040555555555557,403.0
84.465,28.040277777777774,403.0
84.46472222222222,28.040000000000003,403.0
84.46444444444445,28.039722222222224,402.0
84.46416666666667,28.039722222222224,402.0
84.46388888888889,28.039722222222224,402.0
84.46361111111112,28.039722222222224,402.0
84.46333333333334,28.039444444444445,402.0
84.46305555555556,28.039444444444445,401.0
84.46277777777777,28.039444444444445,401.0
84.4625,28.039444444444445,401.0
84.46222222222222,28.039444444444445,401.0
84.46194444444444,28.039444444444445,401.0
84.46166666666667,28.039166666666667,400.0
84.46166666666667,28.03888888888889,400.0
84.46166666666667,28.038611111111113,400.0
84.46166666666667,28.038333333333338,400.0
84.46166666666667,28.038055555555555,400.0
84.46166666666667,28.03777777777778,400.0
84.46194444444444,28.0375,400.0
84.46222222222222,28.037222222222223,400.0
84.4625,28.036944444444444,399.0
84.4625,28.03666666666667,399.0
84.46277777777777,28.03638888888889,399.0
84.46305555555556,28.03611111111111,399.0
84.46333333333334,28.035833333333336,399.0
84.46361111111112,28.03555555555556,399.0
84.46361111111112,28.03527777777778,399.0
84.46361111111112,28.035,399.0
84.46361111111112,28.034722222222225,399.0
84.46361111111112,28.034444444444446,399.0
84.46361111111112,28.034166666666668,399.0
84.46361111111112,28.03388888888889,399.0
84.46333333333334,28.033611111111114,399.0
84.46305555555556,28.033333333333335,399.0
84.46277777777777,28.033055555555556,399.0
84.4625,28.032777777777778,398.0
84.4625,28.0325,398.0
84.46222222222222,28.032222222222224,398.0
84.46194444444444,28.031944444444445,398.0
84.46194444444444,28.031666666666663,398.0
84.46194444444444,28.03138888888889,398.0
84.46194444444444,28.031111111111112,398.0
84.46194444444444,28.030833333333337,398.0
84.46194444444444,28.03055555555556,398.0
84.46194444444444,28.03027777777778,398.0
84.46222222222222,28.03,398.0
84.4625,28.029722222222222,398.0
84.46277777777777,28.029444444444447,397.0
84.46305555555556,28.029444444444447,397.0
84.46333333333334,28.02916666666667,397.0
84.46361111111112,28.02888888888889,397.0
84.46361111111112,28.02861111111111,397.0
84.46388888888889,28.028333333333336,397.0
84.46361111111112,28.028055555555557,396.0
84.46333333333334,28.02777777777778,396.0
84.46305555555556,28.0275,396.0
84.46277777777777,28.0275,396.0
84.4625,28.027222222222225,396.0
84.46222222222222,28.02694444444445,396.0
84.46194444444444,28.026666666666667,395.0
84.46166666666667,28.02638888888889,395.0
84.46138888888889,28.026111111111113,395.0
84.46111111111111,28.025833333333335,395.0
84.46083333333334,28.025555555555556,395.0
84.46055555555556,28.02527777777778,395.0
84.46027777777778,28.025,394.0
84.46027777777778,28.024722222222223,394.0
84.46027777777778,28.024444444444445,394.0
84.46000000000001,28.02416666666667,394.0
84.45972222222223,28.02388888888889,394.0
84.45972222222223,28.023611111111112,394.0
84.45972222222223,28.023333333333333,394.0
84.45972222222223,28.02305555555556,394.0
84.45972222222223,28.02277777777778,393.0
84.46000000000001,28.0225,393.0
84.46027777777778,28.022222222222226,393.0
84.46027777777778,28.021944444444447,393.0
84.46055555555556,28.02166666666667,393.0
84.46055555555556,28.02138888888889,393.0
84.46055555555556,28.02111111111111,392.0
84.46055555555556,28.020833333333336,392.0
84.46055555555556,28.020555555555557,392.0
84.46027777777778,28.02027777777778,392.0
84.46000000000001,28.020000000000003,392.0
84.45972222222223,28.019722222222224,392.0
84.45944444444444,28.01944444444445,391.0
84.45944444444444,28.019166666666667,391.0
84.45944444444444,28.018888888888892,391.0
84.45944444444444,28.018611111111113,391.0
84.45944444444444,28.018333333333334,391.0
84.45944444444444,28.018055555555556,391.0
84.45944444444444,28.01777777777778,391.0
84.45944444444444,28.0175,391.0
84.45944444444444,28.017222222222223,390.0
84.45944444444444,28.016944444444444,390.0
84.45944444444444,28.01666666666667,390.0
84.45944444444444,28.01638888888889,390.0
84.45944444444444,28.016111111111112,390.0
84.45944444444444,28.015833333333333,390.0
84.45944444444444,28.01555555555556,390.0
84.45944444444444,28.01527777777778,390.0
84.45972222222223,28.015,389.0
84.45972222222223,28.014722222222225,389.0
84.45972222222223,28.014444444444447,389.0
84.45972222222223,28.014166666666668,389.0
84.45972222222223,28.01388888888889,389.0
84.45972222222223,28.01361111111111,389.0
84.45972222222223,28.013333333333335,389.0
84.45972222222223,28.013055555555557,389.0
84.45972222222223,28.012777777777774,388.0
84.45972222222223,28.012500000000003,388.0
84.45972222222223,28.012222222222224,388.0
84.45972222222223,28.011944444444445,388.0
84.45944444444444,28.011666666666667,388.0
84.45916666666668,28.01138888888889,388.0
84.4588888888889,28.011111111111113,388.0
84.45861111111111,28.010833333333338,387.0
84.45861111111111,28.010555555555555,387.0
84.45833333333334,28.01027777777778,387.0
84.45805555555556,28.01,387.0
84.45777777777778,28.009722222222223,387.0
84.4575,28.009444444444444,387.0
84.45722222222223,28.00916666666667,387.0
84.45694444444445,28.00888888888889,386.0
84.45694444444445,28.00861111111111,386.0
84.45694444444445,28.008333333333333,386.0
84.45666666666666,28.00805555555556,386.0
84.45666666666666,28.00777777777778,386.0
84.45666666666666,28.0075,386.0
84.45666666666666,28.007222222222225,386.0
84.45666666666666,28.006944444444446,385.0
84.45666666666666,28.006666666666668,385.0
84.45666666666666,28.00638888888889,385.0
84.4563888888889,28.00611111111111,385.0
84.4563888888889,28.005833333333335,385.0
84.45666666666666,28.005555555555556,385.0
84.45694444444445,28.005277777777778,385.0
84.45722222222223,28.005000000000003,384.0
84.45722222222223,28.004722222222224,384.0
84.45722222222223,28.004444444444445,384.0
84.45722222222223,28.004166666666663,384.0
84.45694444444445,28.00388888888889,384.0
84.45666666666666,28.003611111111113,384.0
84.4563888888889,28.003611111111113,384.0
84.45611111111111,28.003611111111113,384.0
84.45583333333333,28.003611111111113,383.0
84.45555555555556,28.003611111111113,383.0
84.45527777777778,28.003611111111113,383.0
84.455,28.003611111111113,383.0
84.45472222222223,28.003611111111113,383.0
84.45444444444445,28.003611111111113,383.0
84.45416666666667,28.003611111111113,383.0
84.4538888888889,28.003611111111113,383.0
84.45361111111112,28.003333333333337,382.0
84.45333333333333,28.003333333333337,382.0
84.45305555555557,28.003055555555555,382.0
84.45277777777778,28.00277777777778,382.0
84.4525,28.0025,382.0
84.4525,28.002222222222223,382.0
84.4525,28.001944444444447,382.0
84.4525,28.00166666666667,381.0
84.4525,28.00138888888889,381.0
84.4525,28.00111111111111,381.0
84.4525,28.000833333333336,381.0
84.4525,28.000555555555557,381.0
84.45222222222222,28.00027777777778,381.0
84.45194444444445,28.0,381.0
84.45166666666667,28.0,381.0
84.45138888888889,27.999722222222225,381.0
84.45111111111112,27.99944444444445,381.0
84.45083333333334,27.999166666666667,381.0
84.45055555555555,27.99888888888889,381.0
84.45027777777779,27.998611111111114,381.0
84.45,27.998333333333335,381.0
84.44972222222222,27.998055555555556,380.0
84.44944444444445,27.998055555555556,380.0
84.44916666666667,27.997777777777777,380.0
84.44888888888889,27.9975,380.0
84.44861111111112,27.997222222222224,380.0
84.44833333333334,27.996944444444445,380.0
84.44805555555556,27.99666666666667,379.0
84.44777777777777,27.99666666666667,379.0
84.4475,27.99638888888889,379.0
84.44722222222222,27.996111111111112,379.0
84.44694444444444,27.995833333333337,379.0
84.44666666666667,27.99555555555556,379.0
84.44638888888889,27.99527777777778,378.0
84.44611111111111,27.995,378.0
84.44583333333334,27.994722222222222,378.0
84.44555555555556,27.994444444444447,378.0
84.44527777777778,27.99416666666667,378.0
84.44500000000001,27.99388888888889,377.0
84.44472222222223,27.99388888888889,377.0
84.44444444444444,27.99388888888889,377.0
84.44416666666667,27.99361111111111,377.0
84.44388888888889,27.993333333333336,377.0
84.44361111111111,27.993333333333336,377.0
84.44333333333334,27.993055555555557,377.0
84.44305555555556,27.99277777777778,376.0
84.44277777777778,27.99277777777778,376.0
84.4425,27.9925,376.0
84.44222222222223,27.9925,376.0
84.44194444444445,27.9925,376.0
84.44166666666666,27.9925,376.0
84.4413888888889,27.9925,376.0
84.44111111111111,27.9925,375.0
84.44083333333333,27.9925,375.0
84.44055555555556,27.9925,375.0
84.44027777777778,27.99277777777778,375.0
84.44,27.99277777777778,375.0
84.43972222222223,27.993055555555557,375.0
84.43944444444445,27.993333333333336,375.0
84.43916666666667,27.993333333333336,374.0
84.4388888888889,27.993333333333336,374.0
84.43861111111111,27.993333333333336,374.0
84.43833333333333,27.993055555555557,374.0
84.43805555555556,27.99277777777778,374.0
84.43805555555556,27.9925,374.0
84.43777777777778,27.992222222222225,373.0
84.43777777777778,27.99194444444445,373.0
84.43777777777778,27.991666666666667,373.0
84.43805555555556,27.991388888888892,373.0
84.43833333333333,27.991111111111113,373.0
84.43861111111111,27.990833333333335,373.0
84.4388888888889,27.990555555555556,372.0
84.43916666666667,27.99027777777778,372.0
84.43944444444445,27.99,372.0
84.43972222222223,27.989722222222223,372.0
84.43972222222223,27.989444444444445,372.0
84.44,27.98916666666667,372.0
84.44,27.98888888888889,371.0
84.44,27.988611111111112,371.0
84.43972222222223,27.988333333333333,371.0
84.43944444444445,27.98805555555556,371.0
84.43916666666667,27.98805555555556,371.0
84.4388888888889,27.98805555555556,371.0
84.43861111111111,27.98805555555556,370.0
84.43833333333333,27.98805555555556,370.0
84.43805555555556,27.98805555555556,370.0
84.43777777777778,27.98805555555556,370.0
84.4375,27.98805555555556,370.0
84.43722222222222,27.988333333333333,370.0
84.43694444444445,27.988333333333333,370.0
84.43666666666667,27.988333333333333,370.0
84.43638888888889,27.988611111111112,369.0
84.43611111111112,27.988611111111112,369.0
84.43583333333333,27.988333333333333,369.0
84.43555555555555,27.988333333333333,369.0
84.43527777777778,27.988333333333333,369.0
84.435,27.988333333333333,369.0
84.43472222222222,27.98805555555556,369.0
84.43444444444445,27.98805555555556,369.0
84.43416666666667,27.98777777777778,368.0
84.43388888888889,27.98777777777778,368.0
84.43361111111112,27.9875,368.0
84.43333333333334,27.9875,368.0
84.43305555555555,27.987222222222226,368.0
84.43277777777779,27.986944444444447,368.0
84.4325,27.986944444444447,368.0
84.43222222222222,27.986944444444447,368.0
84.43194444444444,27.986666666666668,367.0
84.43166666666667,27.986666666666668,367.0
84.43138888888889,27.986666666666668,367.0
84.43111111111111,27.986666666666668,367.0
84.43083333333334,27.986666666666668,367.0
84.43055555555556,27.986666666666668,367.0
84.43027777777777,27.986666666666668,367.0
84.43,27.986666666666668,367.0
84.42972222222222,27.986666666666668,367.0
84.42944444444444,27.986666666666668,366.0
84.42916666666667,27.986666666666668,366.0
84.42888888888889,27.98638888888889,366.0
84.42861111111111,27.98638888888889,366.0
84.42833333333334,27.98638888888889,366.0
84.42805555555556,27.98638888888889,366.0
84.42777777777778,27.98611111111111,366.0
84.42750000000001,27.985833333333336,365.0
84.42750000000001,27.985555555555557,365.0
84.42750000000001,27.985277777777775,365.0
84.42750000000001,27.985000000000003,365.0
84.42722222222223,27.984722222222224,365.0
84.42722222222223,27.98444444444445,365.0
84.42722222222223,27.984166666666667,365.0
84.42722222222223,27.98388888888889,365.0
84.42722222222223,27.983611111111113,365.0
84.42694444444444,27.983333333333334,365.0
84.42694444444444,27.983055555555556,365.0
84.42694444444444,27.98277777777778,364.0
84.42666666666666,27.9825,364.0
84.4263888888889,27.982222222222223,364.0
84.42611111111111,27.981944444444444,364.0
84.42583333333333,27.98166666666667,364.0
84.42555555555556,27.98166666666667,364.0
84.42527777777778,27.98138888888889,364.0
84.425,27.98111111111111,364.0
84.42472222222223,27.980833333333333,364.0
84.42444444444445,27.98055555555556,364.0
84.42416666666666,27.98027777777778,364.0
84.4238888888889,27.98027777777778,364.0
84.42361111111111,27.98,364.0
84.42333333333333,27.979722222222225,364.0
84.42305555555556,27.979722222222225,364.0
84.42277777777778,27.979444444444447,363.0
84.4225,27.979166666666668,363.0
84.42222222222223,27.979166666666668,363.0
84.42194444444445,27.97888888888889,363.0
84.42166666666667,27.97861111111111,363.0
84.42138888888888,27.978333333333335,363.0
84.42111111111112,27.978055555555557,363.0
84.42083333333333,27.977777777777774,363.0
84.42055555555555,27.977500000000003,363.0
84.42055555555555,27.977222222222224,363.0
84.42055555555555,27.976944444444445,363.0
84.42055555555555,27.976666666666667,363.0
84.42055555555555,27.97638888888889,363.0
84.42055555555555,27.976111111111113,363.0
84.42083333333333,27.975833333333338,363.0
84.42111111111112,27.975555555555555,362.0
84.42111111111112,27.97527777777778,362.0
84.42111111111112,27.975,362.0
84.42138888888888,27.974722222222223,362.0
84.42138888888888,27.974444444444444,362.0
84.42138888888888,27.97416666666667,362.0
84.42138888888888,27.97388888888889,362.0
84.42111111111112,27.97361111111111,361.0
84.42111111111112,27.973333333333336,361.0
84.42111111111112,27.97305555555556,361.0
84.42083333333333,27.97277777777778,361.0
84.42055555555555,27.9725,360.0
84.42027777777778,27.972222222222225,360.0
84.42,27.971944444444446,360.0
84.41972222222222,27.971666666666668,359.0
84.41972222222222,27.97138888888889,359.0
84.41944444444445,27.971111111111114,359.0
84.41916666666667,27.970833333333335,359.0
84.41888888888889,27.970555555555556,359.0
84.41861111111112,27.970277777777778,358.0
84.41861111111112,27.97,358.0
84.41861111111112,27.969722222222224,358.0
84.41861111111112,27.969444444444445,358.0
84.41861111111112,27.969166666666663,358.0
84.41888888888889,27.96888888888889,358.0
84.41916666666667,27.968611111111112,358.0
84.41944444444445,27.968333333333337,358.0
84.41972222222222,27.96805555555556,358.0
84.42,27.96777777777778,358.0
84.42027777777778,27.9675,358.0
84.42055555555555,27.967222222222222,357.0
84.42055555555555,27.966944444444447,357.0
84.42055555555555,27.96666666666667,357.0
84.42083333333333,27.96638888888889,357.0
84.42111111111112,27.96611111111111,357.0
84.42138888888888,27.965833333333336,357.0
84.42138888888888,27.965555555555557,357.0
84.42166666666667,27.96527777777778,357.0
84.42166666666667,27.965,357.0
84.42194444444445,27.964722222222225,357.0
84.42222222222223,27.96444444444445,356.0
84.42222222222223,27.964166666666667,356.0
84.42222222222223,27.96388888888889,356.0
84.42222222222223,27.963611111111113,356.0
84.42222222222223,27.963333333333335,356.0
84.42222222222223,27.963055555555556,356.0
84.42222222222223,27.96277777777778,356.0
84.42222222222223,27.9625,356.0
84.42222222222223,27.962222222222223,356.0
84.42222222222223,27.961944444444445,355.0
84.42222222222223,27.96166666666667,355.0
84.42222222222223,27.96138888888889,355.0
84.42222222222223,27.961111111111112,355.0
84.42194444444445,27.960833333333333,355.0
84.42166666666667,27.96055555555556,355.0
84.42138888888888,27.96027777777778,355.0
84.42111111111112,27.96,354.0
84.42111111111112,27.959722222222226,354.0
84.42111111111112,27.959444444444447,354.0
84.42083333333333,27.95916666666667,354.0
84.42083333333333,27.95888888888889,354.0
84.42083333333333,27.95861111111111,354.0
84.42083333333333,27.958333333333336,354.0
84.42083333333333,27.958055555555557,354.0
84.42083333333333,27.95777777777778,353.0
84.42111111111112,27.957500000000003,353.0
84.42138888888888,27.957222222222224,353.0
84.42166666666667,27.95694444444445,353.0
84.42194444444445,27.956666666666667,353.0
84.42222222222223,27.956388888888892,353.0
84.4225,27.956111111111113,352.0
84.4225,27.955833333333334,352.0
84.42277777777778,27.955555555555556,352.0
84.42305555555556,27.95527777777778,352.0
84.42333333333333,27.955,352.0
84.42361111111111,27.954722222222223,352.0
84.4238888888889,27.954444444444444,352.0
84.42416666666666,27.95416666666667,352.0
84.42444444444445,27.95388888888889,352.0
84.42472222222223,27.953611111111112,351.0
84.42472222222223,27.953333333333333,351.0
84.42472222222223,27.95305555555556,351.0
84.425,27.95277777777778,351.0
84.42527777777778,27.9525,351.0
84.42555555555556,27.952222222222225,351.0
84.42583333333333,27.951944444444447,351.0
84.42611111111111,27.951944444444447,351.0
84.4263888888889,27.951666666666668,351.0
84.42666666666666,27.951666666666668,351.0
84.42694444444444,27.95138888888889,350.0
84.42722222222223,27.95138888888889,350.0
84.42750000000001,27.95138888888889,350.0
84.42777777777778,27.95111111111111,350.0
84.42805555555556,27.95111111111111,350.0
84.42833333333334,27.95111111111111,350.0
84.42861111111111,27.95111111111111,350.0
84.42888888888889,27.95111111111111,350.0
84.42916666666667,27.95111111111111,350.0
84.42944444444444,27.950833333333335,350.0
84.42972222222222,27.950833333333335,350.0
84.43,27.950833333333335,350.0
84.43027777777777,27.950833333333335,350.0
84.43055555555556,27.950555555555557,350.0
84.43083333333334,27.950277777777774,349.0
84.43111111111111,27.950277777777774,349.0
84.43138888888889,27.950277777777774,349.0
84.43166666666667,27.950277777777774,349.0
84.43194444444444,27.950277777777774,349.0
84.43222222222222,27.950277777777774,349.0
84.4325,27.950000000000003,349.0
84.43277777777779,27.950000000000003,349.0
