longitude,latitude,elevation
81.26305555555555,29.82305555555556,2682.0
81.26277777777779,29.82277777777778,2669.0
81.2625,29.822500000000005,2662.0
81.26222222222222,29.822500000000005,2660.0
81.26194444444445,29.822222222222226,2657.0
81.26166666666667,29.821944444444448,2656.0
81.26138888888889,29.82166666666667,2653.0
81.26138888888889,29.821388888888894,2651.0
81.26111111111112,29.821111111111115,2650.0
81.26111111111112,29.820833333333336,2648.0
81.26111111111112,29.820555555555558,2642.0
81.26111111111112,29.820277777777783,2632.0
81.26111111111112,29.820000000000004,2630.0
81.26083333333334,29.819722222222225,2636.0
81.26055555555556,29.819444444444446,2647.0
81.26027777777779,29.81916666666667,2646.0
81.26,29.818888888888893,2637.0
81.25972222222222,29.818611111111114,2629.0
81.25944444444444,29.818333333333335,2623.0
81.25916666666667,29.81805555555556,2622.0
81.25916666666667,29.81777777777778,2617.0
81.25916666666667,29.817500000000003,2610.0
81.25916666666667,29.817222222222227,2603.0
81.25916666666667,29.81694444444445,2603.0
81.25916666666667,29.81666666666667,2607.0
81.25916666666667,29.81638888888889,2610.0
81.25916666666667,29.816111111111116,2612.0
81.25916666666667,29.815833333333337,2614.0
81.25916666666667,29.81555555555556,2607.0
81.25944444444444,29.81527777777778,2597.0
81.25944444444444,29.815000000000005,2590.0
81.25944444444444,29.814722222222226,2583.0
81.25944444444444,29.814444444444447,2578.0
81.25944444444444,29.81416666666667,2574.0
81.25944444444444,29.813888888888894,2573.0
81.25944444444444,29.813611111111115,2575.0
81.25944444444444,29.813333333333336,2577.0
81.25972222222222,29.813055555555557,2579.0
81.25972222222222,29.812777777777782,2581.0
81.25972222222222,29.812500000000004,2577.0
81.25972222222222,29.812222222222225,2567.0
81.25972222222222,29.811944444444446,2557.0
81.25972222222222,29.81166666666667,2549.0
81.25972222222222,29.811388888888892,2542.0
81.25972222222222,29.811111111111114,2539.0
81.25972222222222,29.81083333333334,2543.0
81.25972222222222,29.81055555555556,2549.0
81.25972222222222,29.81027777777778,2554.0
81.25972222222222,29.810000000000002,2557.0
81.25972222222222,29.809722222222227,2556.0
81.25972222222222,29.80944444444445,2557.0
81.26,29.80916666666667,2557.0
81.26,29.80888888888889,2555.0
81.25972222222222,29.808611111111116,2553.0
81.25972222222222,29.808333333333337,2549.0
81.25972222222222,29.80805555555556,2539.0
81.25972222222222,29.80777777777778,2526.0
81.25972222222222,29.807500000000005,2520.0
81.25972222222222,29.807222222222226,2515.0
81.25972222222222,29.806944444444447,2517.0
81.25972222222222,29.80666666666667,2523.0
81.25972222222222,29.806388888888893,2526.0
81.25944444444444,29.806111111111115,2519.0
81.25916666666667,29.805833333333336,2518.0
81.25888888888889,29.80555555555556,2518.0
81.25888888888889,29.805277777777782,2524.0
81.25888888888889,29.805000000000003,2527.0
81.25861111111111,29.804722222222225,2527.0
81.25833333333334,29.80444444444445,2527.0
81.25833333333334,29.80416666666667,2513.0
81.25833333333334,29.803888888888892,2492.0
81.25833333333334,29.803611111111113,2481.0
81.25833333333334,29.803333333333338,2482.0
81.25805555555556,29.80305555555556,2491.0
81.25777777777778,29.80277777777778,2512.0
81.25750000000001,29.802500000000002,2525.0
81.25722222222223,29.802222222222227,2528.0
81.25694444444444,29.801944444444448,2522.0
81.25666666666667,29.80166666666667,2512.0
81.25666666666667,29.80138888888889,2509.0
81.25666666666667,29.801111111111116,2508.0
81.25666666666667,29.800833333333337,2507.0
81.25666666666667,29.800555555555558,2505.0
81.25666666666667,29.800277777777783,2504.0
81.25666666666667,29.800000000000004,2503.0
81.25666666666667,29.799722222222226,2505.0
81.25666666666667,29.799444444444447,2502.0
81.25666666666667,29.79916666666667,2497.0
81.25666666666667,29.798888888888893,2492.0
81.25666666666667,29.798611111111114,2493.0
81.25666666666667,29.798333333333336,2491.0
81.25666666666667,29.79805555555556,2485.0
81.25666666666667,29.79777777777778,2488.0
81.25666666666667,29.797500000000003,2499.0
81.25666666666667,29.797222222222224,2509.0
81.25694444444444,29.79694444444445,2512.0
81.25666666666667,29.79666666666667,2509.0
81.25666666666667,29.79638888888889,2496.0
81.25666666666667,29.796111111111113,2488.0
81.25666666666667,29.795833333333338,2481.0
81.25666666666667,29.79555555555556,2474.0
81.25666666666667,29.79527777777778,2472.0
81.25666666666667,29.795,2475.0
81.25638888888889,29.794722222222227,2475.0
81.25638888888889,29.794444444444448,2468.0
81.25638888888889,29.79416666666667,2460.0
81.25638888888889,29.793888888888894,2455.0
81.25666666666667,29.793611111111115,2441.0
81.25666666666667,29.793333333333337,2433.0
81.25666666666667,29.793055555555558,2430.0
81.25694444444444,29.792777777777783,2424.0
81.25694444444444,29.792500000000004,2430.0
81.25722222222223,29.792222222222225,2430.0
81.25722222222223,29.791944444444447,2425.0
81.25722222222223,29.79166666666667,2418.0
81.25750000000001,29.791388888888893,2416.0
81.25777777777778,29.791111111111114,2411.0
81.25777777777778,29.790833333333335,2408.0
81.25777777777778,29.79055555555556,2410.0
81.25805555555556,29.79027777777778,2408.0
81.25805555555556,29.790000000000003,2405.0
81.25833333333334,29.789722222222224,2400.0
81.25833333333334,29.78944444444445,2395.0
81.25861111111111,29.78916666666667,2394.0
81.25861111111111,29.78888888888889,2394.0
81.25888888888889,29.788611111111116,2391.0
81.25888888888889,29.788333333333338,2388.0
81.25888888888889,29.78805555555556,2388.0
81.25916666666667,29.78777777777778,2385.0
81.25916666666667,29.787500000000005,2382.0
81.25916666666667,29.787222222222226,2379.0
81.25916666666667,29.786944444444448,2379.0
81.25916666666667,29.78666666666667,2381.0
81.25916666666667,29.786388888888894,2383.0
81.25944444444444,29.786111111111115,2379.0
81.25944444444444,29.785833333333336,2381.0
81.25944444444444,29.785555555555558,2384.0
81.25972222222222,29.785277777777782,2384.0
81.26,29.785000000000004,2382.0
81.26027777777779,29.784722222222225,2380.0
81.26055555555556,29.784444444444446,2378.0
81.26083333333334,29.78416666666667,2375.0
81.26111111111112,29.783888888888892,2372.0
81.26111111111112,29.783611111111114,2370.0
81.26138888888889,29.78333333333334,2369.0
81.26138888888889,29.78305555555556,2371.0
81.26138888888889,29.78277777777778,2366.0
81.26166666666667,29.78277777777778,2364.0
81.26166666666667,29.782500000000002,2362.0
81.26166666666667,29.782222222222227,2361.0
81.26166666666667,29.78194444444445,2364.0
81.26166666666667,29.78166666666667,2361.0
81.26166666666667,29.78138888888889,2359.0
81.26194444444445,29.781111111111116,2356.0
81.26166666666667,29.780833333333337,2353.0
81.26166666666667,29.78055555555556,2350.0
81.26166666666667,29.78027777777778,2347.0
81.26194444444445,29.780000000000005,2346.0
81.26194444444445,29.779722222222226,2344.0
81.26222222222222,29.779444444444447,2341.0
81.26222222222222,29.77916666666667,2339.0
81.2625,29.778888888888893,2339.0
81.26277777777779,29.778611111111115,2337.0
81.26277777777779,29.778333333333336,2335.0
81.26305555555555,29.778055555555557,2333.0
81.26333333333334,29.778055555555557,2333.0
81.26361111111112,29.777777777777782,2331.0
81.26388888888889,29.777777777777782,2328.0
81.26416666666667,29.777500000000003,2328.0
81.26444444444445,29.777500000000003,2326.0
81.26472222222222,29.777222222222225,2324.0
81.265,29.777222222222225,2322.0
81.26527777777778,29.777222222222225,2322.0
81.26555555555555,29.77694444444445,2320.0
81.26583333333333,29.77666666666667,2318.0
81.26611111111112,29.776388888888892,2315.0
81.2663888888889,29.776111111111113,2314.0
81.26666666666667,29.77583333333334,2312.0
81.26694444444445,29.77555555555556,2311.0
81.26722222222223,29.77527777777778,2313.0
81.2675,29.775000000000002,2311.0
81.26777777777778,29.774722222222227,2310.0
81.26805555555556,29.774722222222227,2307.0
81.26833333333333,29.77444444444445,2305.0
81.26833333333333,29.77416666666667,2304.0
81.26833333333333,29.77388888888889,2304.0
81.26833333333333,29.773611111111116,2304.0
81.26833333333333,29.773333333333337,2303.0
81.26833333333333,29.77305555555556,2301.0
81.26833333333333,29.77277777777778,2302.0
81.26805555555556,29.772500000000004,2301.0
81.26833333333333,29.772222222222226,2301.0
81.26861111111111,29.771944444444447,2301.0
81.2688888888889,29.771944444444447,2297.0
81.26916666666666,29.771944444444447,2295.0
81.26944444444445,29.771944444444447,2294.0
81.26972222222223,29.771944444444447,2294.0
81.27,29.772222222222226,2292.0
81.27027777777778,29.772500000000004,2292.0
81.27055555555556,29.77277777777778,2291.0
81.27083333333334,29.77305555555556,2290.0
81.27111111111111,29.77305555555556,2290.0
81.2713888888889,29.77277777777778,2289.0
81.27166666666668,29.77277777777778,2290.0
81.27194444444444,29.77277777777778,2290.0
81.27222222222223,29.77277777777778,2288.0
81.27250000000001,29.772500000000004,2286.0
81.27277777777778,29.772500000000004,2285.0
81.27305555555556,29.772222222222226,2285.0
81.27333333333334,29.772222222222226,2284.0
81.27361111111111,29.772222222222226,2285.0
81.27388888888889,29.772222222222226,2281.0
81.27416666666667,29.772222222222226,2281.0
81.27444444444444,29.772222222222226,2283.0
81.27472222222222,29.772222222222226,2284.0
81.275,29.772222222222226,2284.0
81.27527777777777,29.771944444444447,2285.0
81.27555555555556,29.771944444444447,2281.0
81.27583333333334,29.771666666666672,2279.0
81.27611111111112,29.771666666666672,2276.0
81.27638888888889,29.771666666666672,2275.0
81.27666666666667,29.771666666666672,2274.0
81.27694444444445,29.771666666666672,2275.0
81.27722222222222,29.771666666666672,2277.0
81.2775,29.771666666666672,2276.0
81.27777777777779,29.771666666666672,2272.0
81.27805555555555,29.771666666666672,2273.0
81.27833333333334,29.771666666666672,2279.0
81.27861111111112,29.771388888888893,2276.0
81.27888888888889,29.771388888888893,2269.0
81.27916666666667,29.771388888888893,2266.0
81.27944444444445,29.771388888888893,2266.0
81.27972222222222,29.771111111111114,2265.0
81.28,29.770833333333336,2273.0
81.28027777777778,29.77055555555556,2274.0
81.28027777777778,29.770277777777782,2276.0
81.28055555555555,29.770000000000003,2272.0
81.28083333333333,29.769722222222224,2265.0
81.28111111111112,29.76944444444445,2267.0
81.2813888888889,29.76916666666667,2272.0
81.28166666666667,29.768888888888892,2268.0
81.28194444444445,29.768888888888892,2262.0
81.28222222222223,29.768611111111113,2257.0
81.2825,29.768333333333338,2249.0
81.28277777777778,29.76805555555556,2237.0
81.28305555555556,29.76777777777778,2231.0
81.28333333333333,29.767500000000002,2235.0
81.28361111111111,29.767222222222227,2236.0
81.2838888888889,29.766944444444448,2236.0
81.28416666666666,29.76666666666667,2233.0
81.28444444444445,29.766388888888894,2240.0
81.28472222222223,29.766111111111115,2253.0
81.285,29.765833333333337,2257.0
81.28472222222223,29.765555555555558,2258.0
81.28444444444445,29.765277777777783,2234.0
81.28444444444445,29.765000000000004,2215.0
81.28444444444445,29.764722222222225,2193.0
81.28444444444445,29.764444444444447,2173.0
81.28444444444445,29.76416666666667,2159.0
81.28444444444445,29.763888888888893,2150.0
81.28444444444445,29.763611111111114,2138.0
81.28444444444445,29.763333333333335,2125.0
81.28444444444445,29.76305555555556,2119.0
81.28444444444445,29.76277777777778,2120.0
81.28416666666666,29.762500000000003,2116.0
81.28416666666666,29.762222222222224,2111.0
81.28444444444445,29.76194444444445,2104.0
81.28472222222223,29.76166666666667,2100.0
81.285,29.76138888888889,2097.0
81.28527777777778,29.76138888888889,2097.0
81.28555555555556,29.76138888888889,2100.0
81.28583333333333,29.761111111111113,2101.0
81.28611111111111,29.760833333333338,2099.0
81.2863888888889,29.760833333333338,2088.0
81.28666666666668,29.76055555555556,2083.0
81.28694444444444,29.76055555555556,2084.0
81.28722222222223,29.76027777777778,2083.0
81.28750000000001,29.760000000000005,2085.0
81.28777777777778,29.759722222222226,2080.0
81.28805555555556,29.759722222222226,2075.0
81.28833333333334,29.759444444444448,2066.0
81.28861111111111,29.759444444444448,2066.0
81.28888888888889,29.75916666666667,2067.0
81.28916666666667,29.75916666666667,2069.0
81.28944444444444,29.758888888888894,2070.0
81.28972222222222,29.758611111111115,2070.0
81.29,29.758333333333336,2069.0
81.29,29.758055555555558,2065.0
81.29027777777777,29.758055555555558,2062.0
81.29055555555556,29.758055555555558,2062.0
81.29083333333334,29.757777777777783,2061.0
81.2911111111111,29.757500000000004,2063.0
81.29138888888889,29.757222222222225,2058.0
81.29166666666667,29.757222222222225,2060.0
81.29194444444445,29.757222222222225,2062.0
81.29222222222222,29.757222222222225,2061.0
81.2925,29.757222222222225,2061.0
81.29277777777779,29.756944444444446,2057.0
81.29305555555555,29.75666666666667,2061.0
81.29333333333334,29.756388888888893,2064.0
81.29361111111112,29.756111111111114,2065.0
81.29388888888889,29.755833333333335,2059.0
81.29388888888889,29.75555555555556,2060.0
81.29416666666667,29.75527777777778,2055.0
81.29416666666667,29.755000000000003,2059.0
81.29444444444445,29.754722222222227,2060.0
81.29472222222222,29.75444444444445,2065.0
81.29472222222222,29.75416666666667,2061.0
81.29472222222222,29.75388888888889,2051.0
81.29472222222222,29.753611111111116,2045.0
81.29472222222222,29.753333333333337,2043.0
81.295,29.75305555555556,2036.0
81.29527777777778,29.75277777777778,2035.0
81.29555555555555,29.752500000000005,2044.0
81.29583333333333,29.752222222222226,2047.0
81.29611111111112,29.751944444444447,2043.0
81.29638888888888,29.75166666666667,2038.0
81.29666666666667,29.75166666666667,2039.0
81.29694444444445,29.751388888888894,2030.0
81.29722222222223,29.751111111111115,2029.0
81.2975,29.750833333333336,2032.0
81.29777777777778,29.750555555555557,2038.0
81.29805555555556,29.750277777777782,2049.0
81.29833333333333,29.750000000000004,2052.0
81.29861111111111,29.749722222222225,2050.0
81.29861111111111,29.74944444444445,2050.0
81.2988888888889,29.74916666666667,2039.0
81.2988888888889,29.748888888888892,2040.0
81.2988888888889,29.748611111111114,2036.0
81.2988888888889,29.74833333333334,2035.0
81.2988888888889,29.74805555555556,2039.0
81.2988888888889,29.74777777777778,2040.0
81.2988888888889,29.747500000000002,2031.0
81.2988888888889,29.747222222222227,2021.0
81.2988888888889,29.74694444444445,2018.0
81.2988888888889,29.74666666666667,2020.0
81.2988888888889,29.74638888888889,2015.0
81.2988888888889,29.746111111111116,2010.0
81.2988888888889,29.745833333333337,2007.0
81.2988888888889,29.74555555555556,2003.0
81.2988888888889,29.74527777777778,2003.0
81.2988888888889,29.745000000000005,2004.0
81.2988888888889,29.744722222222226,2007.0
81.2988888888889,29.744444444444447,2010.0
81.2988888888889,29.74416666666667,2015.0
81.2988888888889,29.743888888888893,2020.0
81.2988888888889,29.743611111111115,2020.0
81.2988888888889,29.743333333333336,2022.0
81.2988888888889,29.74305555555556,2021.0
81.2988888888889,29.742777777777782,2020.0
81.2988888888889,29.742500000000003,2020.0
81.2988888888889,29.742222222222225,2026.0
81.2988888888889,29.74194444444445,2037.0
81.2988888888889,29.74166666666667,2045.0
81.2988888888889,29.741388888888892,2051.0
81.29916666666666,29.741111111111113,2050.0
81.29916666666666,29.740833333333338,2043.0
81.29916666666666,29.74055555555556,2037.0
81.29916666666666,29.74027777777778,2031.0
81.29916666666666,29.740000000000002,2023.0
81.29916666666666,29.739722222222227,2012.0
81.29916666666666,29.739444444444448,1998.0
81.29916666666666,29.73916666666667,1986.0
81.29916666666666,29.73888888888889,1978.0
81.29916666666666,29.738611111111116,1969.0
81.29916666666666,29.738333333333337,1966.0
81.29916666666666,29.738055555555558,1970.0
81.29916666666666,29.737777777777783,1976.0
81.29916666666666,29.737500000000004,1986.0
81.29916666666666,29.737222222222226,1991.0
81.29916666666666,29.736944444444447,1994.0
81.2988888888889,29.73666666666667,1993.0
81.2988888888889,29.736388888888893,1990.0
81.2988888888889,29.736111111111114,1983.0
81.29916666666666,29.735833333333336,1970.0
81.29916666666666,29.73555555555556,1964.0
81.29916666666666,29.73527777777778,1963.0
81.29916666666666,29.735000000000003,1958.0
81.29944444444445,29.734722222222224,1945.0
81.29972222222223,29.73444444444445,1940.0
81.3,29.73444444444445,1933.0
81.30027777777778,29.73444444444445,1931.0
81.30055555555556,29.73444444444445,1931.0
81.30083333333333,29.73444444444445,1930.0
81.30111111111111,29.73444444444445,1933.0
81.3013888888889,29.73444444444445,1931.0
81.30166666666666,29.73444444444445,1925.0
81.30194444444444,29.73444444444445,1921.0
81.30222222222223,29.73444444444445,1921.0
81.30250000000001,29.73444444444445,1920.0
81.30277777777778,29.73444444444445,1918.0
81.30305555555556,29.73444444444445,1917.0
81.30333333333334,29.73444444444445,1922.0
81.30361111111111,29.73444444444445,1936.0
81.30388888888889,29.734722222222224,1915.0
81.30416666666667,29.734722222222224,1921.0
81.30444444444444,29.734722222222224,1930.0
81.30472222222222,29.734722222222224,1930.0
81.305,29.734722222222224,1922.0
81.30527777777777,29.734722222222224,1920.0
81.30555555555556,29.734722222222224,1915.0
81.30583333333334,29.73444444444445,1932.0
81.30611111111111,29.73416666666667,1928.0
81.30611111111111,29.73388888888889,1924.0
81.30611111111111,29.733611111111113,1912.0
81.30611111111111,29.733333333333338,1907.0
81.30611111111111,29.73305555555556,1908.0
81.30611111111111,29.73277777777778,1917.0
81.30638888888889,29.7325,1911.0
81.30666666666667,29.732222222222227,1902.0
81.30694444444444,29.731944444444448,1893.0
81.30722222222222,29.73166666666667,1888.0
81.3075,29.731388888888894,1882.0
81.30777777777779,29.731111111111115,1882.0
81.30805555555555,29.730833333333337,1888.0
81.30833333333334,29.730555555555558,1893.0
81.30861111111112,29.730277777777783,1890.0
81.30888888888889,29.730000000000004,1889.0
81.30916666666667,29.729722222222225,1894.0
81.30944444444445,29.729444444444447,1908.0
81.30972222222222,29.72916666666667,1922.0
81.31,29.728888888888893,1926.0
81.31027777777778,29.728611111111114,1928.0
81.31055555555555,29.728333333333335,1931.0
81.31083333333333,29.72805555555556,1933.0
81.31111111111112,29.72777777777778,1932.0
81.31138888888889,29.727500000000003,1925.0
81.31166666666667,29.727222222222224,1920.0
81.31194444444445,29.72694444444445,1912.0
81.31222222222222,29.72666666666667,1908.0
81.3125,29.72638888888889,1907.0
81.31277777777778,29.726111111111116,1902.0
81.31305555555556,29.725833333333338,1900.0
81.31333333333333,29.72555555555556,1897.0
81.31361111111111,29.72527777777778,1903.0
81.3138888888889,29.725000000000005,1924.0
81.31416666666667,29.724722222222226,1927.0
81.31444444444445,29.724444444444448,1909.0
81.31444444444445,29.72416666666667,1907.0
81.31444444444445,29.723888888888894,1896.0
81.31416666666667,29.723611111111115,1909.0
81.3138888888889,29.723333333333336,1909.0
81.31361111111111,29.723333333333336,1924.0
81.31333333333333,29.723055555555558,1902.0
81.31305555555556,29.722777777777782,1872.0
81.31277777777778,29.722500000000004,1873.0
81.3125,29.722222222222225,1885.0
81.31222222222222,29.721944444444446,1904.0
81.31194444444445,29.72166666666667,1921.0
81.31166666666667,29.721388888888892,1925.0
81.31138888888889,29.721111111111114,1927.0
81.31138888888889,29.72083333333334,1933.0
81.31111111111112,29.72055555555556,1930.0
81.31111111111112,29.72027777777778,1931.0
81.31111111111112,29.720000000000002,1934.0
81.31111111111112,29.719722222222227,1937.0
81.31083333333333,29.71944444444445,1932.0
81.31083333333333,29.71916666666667,1911.0
81.31083333333333,29.71888888888889,1893.0
81.31083333333333,29.718611111111116,1874.0
81.31083333333333,29.718333333333337,1861.0
81.31083333333333,29.71805555555556,1850.0
81.31083333333333,29.71777777777778,1840.0
81.31083333333333,29.717500000000005,1834.0
81.31083333333333,29.717222222222226,1829.0
81.31111111111112,29.716944444444447,1820.0
81.31138888888889,29.71666666666667,1823.0
81.31166666666667,29.716388888888893,1830.0
81.31194444444445,29.716111111111115,1829.0
81.31222222222222,29.715833333333336,1829.0
81.3125,29.715555555555557,1828.0
81.31277777777778,29.715277777777782,1827.0
81.31305555555556,29.715000000000003,1830.0
81.31333333333333,29.714722222222225,1830.0
81.31361111111111,29.71444444444445,1823.0
81.3138888888889,29.71416666666667,1823.0
81.31416666666667,29.713888888888892,1842.0
81.31444444444445,29.713611111111113,1867.0
81.31472222222223,29.71333333333334,1859.0
81.31472222222223,29.71305555555556,1855.0
81.31472222222223,29.71277777777778,1851.0
81.31472222222223,29.712500000000002,1847.0
81.31472222222223,29.712222222222227,1847.0
81.31472222222223,29.71194444444445,1843.0
81.31444444444445,29.71166666666667,1848.0
81.31416666666667,29.71138888888889,1849.0
81.3138888888889,29.711111111111116,1854.0
81.31361111111111,29.710833333333337,1853.0
81.31333333333333,29.710833333333337,1850.0
81.31305555555556,29.71055555555556,1850.0
81.31277777777778,29.71055555555556,1844.0
81.31277777777778,29.71027777777778,1847.0
81.3125,29.710000000000004,1848.0
81.31277777777778,29.709722222222226,1849.0
81.31277777777778,29.709444444444447,1846.0
81.31305555555556,29.709166666666672,1838.0
81.31333333333333,29.708888888888893,1822.0
81.31333333333333,29.708611111111114,1810.0
81.31361111111111,29.708611111111114,1804.0
81.3138888888889,29.708333333333336,1795.0
81.31416666666667,29.70805555555556,1797.0
81.31444444444445,29.707777777777782,1800.0
81.31472222222223,29.707500000000003,1802.0
81.315,29.707222222222224,1803.0
81.31527777777778,29.70694444444445,1801.0
81.31555555555556,29.70666666666667,1802.0
81.31555555555556,29.706388888888892,1806.0
81.31527777777778,29.706111111111113,1804.0
81.315,29.706111111111113,1807.0
81.31472222222223,29.705833333333338,1807.0
81.31444444444445,29.705833333333338,1807.0
81.31416666666667,29.705833333333338,1805.0
81.3138888888889,29.705833333333338,1798.0
81.31361111111111,29.705833333333338,1788.0
81.31333333333333,29.705833333333338,1779.0
81.31305555555556,29.70555555555556,1777.0
81.31277777777778,29.70527777777778,1786.0
81.3125,29.705000000000002,1801.0
81.31222222222222,29.704722222222227,1807.0
81.31222222222222,29.704444444444448,1807.0
81.31222222222222,29.70416666666667,1804.0
81.31194444444445,29.70388888888889,1801.0
81.31166666666667,29.703611111111115,1791.0
81.31138888888889,29.703611111111115,1783.0
81.31138888888889,29.703333333333337,1774.0
81.31138888888889,29.703055555555558,1765.0
81.31166666666667,29.702777777777783,1772.0
81.31194444444445,29.702500000000004,1778.0
81.31222222222222,29.702222222222225,1781.0
81.3125,29.702222222222225,1776.0
81.31277777777778,29.702222222222225,1774.0
81.31277777777778,29.701944444444447,1770.0
81.31277777777778,29.70166666666667,1769.0
81.31277777777778,29.701388888888893,1771.0
81.31277777777778,29.701111111111114,1774.0
81.3125,29.700833333333335,1773.0
81.3125,29.70055555555556,1764.0
81.3125,29.70027777777778,1763.0
81.3125,29.700000000000003,1758.0
81.3125,29.699722222222224,1742.0
81.31277777777778,29.69944444444445,1748.0
81.31305555555556,29.69916666666667,1754.0
81.31333333333333,29.69888888888889,1752.0
81.31361111111111,29.698611111111113,1762.0
81.3138888888889,29.698333333333338,1772.0
81.31416666666667,29.69805555555556,1771.0
81.31444444444445,29.69805555555556,1772.0
81.31472222222223,29.69805555555556,1773.0
81.315,29.69805555555556,1773.0
81.31527777777778,29.69805555555556,1771.0
81.31555555555556,29.698333333333338,1769.0
81.31583333333333,29.698333333333338,1764.0
81.31611111111111,29.698611111111113,1763.0
81.3163888888889,29.69888888888889,1760.0
81.31666666666666,29.69888888888889,1757.0
81.31694444444445,29.69916666666667,1750.0
81.31722222222223,29.69944444444445,1746.0
81.3175,29.69944444444445,1744.0
81.31777777777778,29.69944444444445,1748.0
81.31805555555556,29.699722222222224,1739.0
81.31833333333334,29.699722222222224,1739.0
81.31861111111111,29.699722222222224,1739.0
81.31888888888889,29.699722222222224,1739.0
81.31916666666667,29.699722222222224,1739.0
81.31944444444444,29.699722222222224,1741.0
81.31972222222223,29.699722222222224,1741.0
81.32000000000001,29.699722222222224,1740.0
81.32027777777778,29.69944444444445,1747.0
81.32055555555556,29.69916666666667,1749.0
81.32083333333334,29.69916666666667,1745.0
81.32083333333334,29.69888888888889,1741.0
81.32083333333334,29.698611111111113,1737.0
81.32083333333334,29.698333333333338,1740.0
81.32083333333334,29.69805555555556,1745.0
81.32083333333334,29.69777777777778,1744.0
81.32083333333334,29.697500000000005,1739.0
81.32055555555556,29.697222222222226,1742.0
81.32027777777778,29.696944444444448,1744.0
81.32027777777778,29.69666666666667,1746.0
81.32000000000001,29.696388888888894,1739.0
81.31972222222223,29.696111111111115,1741.0
81.31944444444444,29.695833333333336,1731.0
81.31944444444444,29.695555555555558,1734.0
81.31944444444444,29.695277777777783,1736.0
81.31944444444444,29.695000000000004,1725.0
81.31972222222223,29.694722222222225,1722.0
81.32000000000001,29.694444444444446,1727.0
81.32027777777778,29.69416666666667,1734.0
81.32055555555556,29.69416666666667,1742.0
81.32083333333334,29.69416666666667,1744.0
81.32111111111111,29.69416666666667,1739.0
81.32138888888889,29.69416666666667,1736.0
81.32166666666667,29.69416666666667,1734.0
81.32194444444444,29.694444444444446,1732.0
81.32222222222222,29.694722222222225,1744.0
81.3225,29.695000000000004,1747.0
81.32277777777779,29.695277777777783,1743.0
81.32305555555556,29.695555555555558,1732.0
81.32333333333334,29.695833333333336,1710.0
81.32361111111112,29.696111111111115,1701.0
81.32388888888889,29.696111111111115,1697.0
81.32416666666667,29.696111111111115,1697.0
81.32444444444445,29.696111111111115,1693.0
81.32472222222222,29.696111111111115,1687.0
81.325,29.696111111111115,1681.0
81.32527777777779,29.696111111111115,1680.0
81.32555555555555,29.696111111111115,1679.0
81.32583333333334,29.695833333333336,1677.0
81.32611111111112,29.695555555555558,1679.0
81.32638888888889,29.695277777777783,1678.0
81.32638888888889,29.695000000000004,1679.0
81.32666666666667,29.694722222222225,1674.0
81.32666666666667,29.694444444444446,1678.0
81.32666666666667,29.69416666666667,1682.0
81.32666666666667,29.693888888888893,1681.0
81.32666666666667,29.693611111111114,1680.0
81.32638888888889,29.693333333333335,1681.0
81.32611111111112,29.69305555555556,1677.0
81.32583333333334,29.69277777777778,1676.0
81.32555555555555,29.692500000000003,1679.0
81.32527777777779,29.692222222222227,1683.0
81.325,29.69194444444445,1683.0
81.32472222222222,29.69166666666667,1678.0
81.32444444444445,29.69138888888889,1672.0
81.32416666666667,29.69138888888889,1669.0
81.32416666666667,29.691111111111116,1668.0
81.32416666666667,29.690833333333337,1666.0
81.32388888888889,29.69055555555556,1661.0
81.32388888888889,29.69027777777778,1653.0
81.32388888888889,29.690000000000005,1647.0
81.32388888888889,29.689722222222226,1646.0
81.32416666666667,29.689444444444447,1645.0
81.32444444444445,29.68916666666667,1645.0
81.32472222222222,29.688888888888894,1651.0
81.325,29.688611111111115,1648.0
81.32527777777779,29.688611111111115,1652.0
81.32555555555555,29.688333333333336,1644.0
81.32583333333334,29.688333333333336,1643.0
81.32611111111112,29.688333333333336,1641.0
81.32638888888889,29.688333333333336,1641.0
81.32666666666667,29.688333333333336,1640.0
81.32694444444445,29.688333333333336,1637.0
81.32722222222222,29.688333333333336,1638.0
81.3275,29.688333333333336,1640.0
81.32777777777778,29.688333333333336,1643.0
81.32805555555555,29.688333333333336,1646.0
81.32833333333333,29.688333333333336,1649.0
81.32861111111112,29.688333333333336,1652.0
81.3288888888889,29.688333333333336,1653.0
81.32916666666667,29.688333333333336,1649.0
81.32944444444445,29.688055555555557,1644.0
81.32972222222223,29.687777777777782,1638.0
81.33,29.687500000000004,1640.0
81.33027777777778,29.687222222222225,1644.0
81.33055555555556,29.68694444444445,1645.0
81.33083333333333,29.68666666666667,1636.0
81.33083333333333,29.686388888888892,1643.0
81.33111111111111,29.686111111111114,1631.0
81.33111111111111,29.68583333333334,1640.0
81.3313888888889,29.68555555555556,1632.0
81.3313888888889,29.68527777777778,1646.0
81.33166666666666,29.685000000000002,1637.0
81.33166666666666,29.684722222222227,1643.0
81.33166666666666,29.68444444444445,1645.0
81.33166666666666,29.68416666666667,1647.0
81.33166666666666,29.68388888888889,1646.0
81.33166666666666,29.683611111111116,1639.0
81.33166666666666,29.683333333333337,1633.0
81.33166666666666,29.68305555555556,1629.0
81.33166666666666,29.68277777777778,1627.0
81.3313888888889,29.682500000000005,1642.0
81.33111111111111,29.682222222222226,1646.0
81.33083333333333,29.681944444444447,1638.0
81.33055555555556,29.681944444444447,1640.0
81.33027777777778,29.681944444444447,1637.0
81.33,29.681944444444447,1630.0
81.32972222222223,29.681944444444447,1625.0
81.32944444444445,29.681944444444447,1623.0
81.32916666666667,29.68166666666667,1610.0
81.3288888888889,29.681388888888893,1606.0
81.32861111111112,29.681111111111115,1607.0
81.32833333333333,29.680833333333336,1616.0
81.32805555555555,29.68055555555556,1640.0
81.32777777777778,29.680277777777782,1649.0
81.3275,29.680000000000003,1650.0
81.32722222222222,29.679722222222225,1650.0
81.32722222222222,29.67944444444445,1647.0
81.32694444444445,29.67916666666667,1646.0
81.32666666666667,29.678888888888892,1629.0
81.32638888888889,29.678611111111113,1606.0
81.32611111111112,29.678611111111113,1598.0
81.32583333333334,29.678611111111113,1598.0
81.32555555555555,29.678611111111113,1601.0
81.32527777777779,29.678611111111113,1601.0
81.325,29.678333333333338,1594.0
81.32472222222222,29.678333333333338,1594.0
81.32444444444445,29.678333333333338,1588.0
81.32416666666667,29.678333333333338,1585.0
81.32388888888889,29.678333333333338,1586.0
81.32361111111112,29.67805555555556,1574.0
81.32333333333334,29.67777777777778,1591.0
81.32305555555556,29.677500000000002,1592.0
81.32277777777779,29.677500000000002,1595.0
81.3225,29.677500000000002,1601.0
81.32222222222222,29.677222222222227,1593.0
81.32194444444444,29.677222222222227,1598.0
81.32166666666667,29.676944444444448,1594.0
81.32138888888889,29.676944444444448,1594.0
81.32111111111111,29.676944444444448,1586.0
81.32083333333334,29.676944444444448,1577.0
81.32055555555556,29.67666666666667,1566.0
81.32027777777778,29.67638888888889,1584.0
81.32000000000001,29.676111111111116,1591.0
81.32000000000001,29.675833333333337,1601.0
81.31972222222223,29.675555555555558,1597.0
81.31944444444444,29.675277777777783,1594.0
81.31916666666667,29.675000000000004,1571.0
81.31888888888889,29.674722222222226,1562.0
81.31861111111111,29.674444444444447,1560.0
81.31833333333334,29.67416666666667,1563.0
81.31805555555556,29.673888888888893,1566.0
81.31777777777778,29.673611111111114,1578.0
81.3175,29.673333333333336,1590.0
81.31722222222223,29.67305555555556,1591.0
81.31694444444445,29.67277777777778,1586.0
81.31694444444445,29.672500000000003,1597.0
81.31666666666666,29.672222222222224,1595.0
81.3163888888889,29.67194444444445,1595.0
81.31611111111111,29.67166666666667,1590.0
81.31611111111111,29.67138888888889,1590.0
81.31611111111111,29.671111111111113,1593.0
81.31583333333333,29.670833333333338,1586.0
81.31555555555556,29.67055555555556,1592.0
81.31555555555556,29.67027777777778,1601.0
81.31527777777778,29.67,1592.0
81.31527777777778,29.669722222222227,1595.0
81.315,29.669444444444448,1584.0
81.315,29.66916666666667,1588.0
81.315,29.668888888888894,1589.0
81.315,29.668611111111115,1588.0
81.315,29.668333333333337,1587.0
81.315,29.668055555555558,1586.0
81.315,29.667777777777783,1585.0
81.315,29.667500000000004,1586.0
81.315,29.667222222222225,1592.0
81.31527777777778,29.666944444444447,1594.0
81.31527777777778,29.66666666666667,1597.0
81.31527777777778,29.666388888888893,1599.0
81.31527777777778,29.666111111111114,1601.0
81.31527777777778,29.665833333333335,1598.0
81.31527777777778,29.66555555555556,1597.0
81.315,29.66527777777778,1593.0
81.315,29.665000000000003,1583.0
81.31472222222223,29.664722222222224,1569.0
81.31444444444445,29.66444444444445,1548.0
81.31416666666667,29.66416666666667,1538.0
81.31416666666667,29.66388888888889,1539.0
81.3138888888889,29.663611111111116,1527.0
81.3138888888889,29.663333333333338,1535.0
81.31361111111111,29.66305555555556,1533.0
81.31333333333333,29.66277777777778,1538.0
81.31305555555556,29.662500000000005,1543.0
81.31277777777778,29.662222222222226,1536.0
81.31277777777778,29.661944444444448,1541.0
81.31277777777778,29.66166666666667,1545.0
81.3125,29.661388888888894,1541.0
81.31222222222222,29.661111111111115,1544.0
81.31194444444445,29.660833333333336,1547.0
81.31166666666667,29.660555555555558,1550.0
81.31166666666667,29.660277777777782,1542.0
81.31166666666667,29.660000000000004,1528.0
81.31166666666667,29.659722222222225,1519.0
81.31166666666667,29.659444444444446,1512.0
81.31166666666667,29.65916666666667,1509.0
81.31166666666667,29.658888888888892,1505.0
81.31166666666667,29.658611111111114,1502.0
81.31166666666667,29.65833333333334,1509.0
81.31166666666667,29.65805555555556,1519.0
81.31166666666667,29.65777777777778,1532.0
81.31194444444445,29.657500000000002,1522.0
81.31194444444445,29.657222222222227,1531.0
81.31222222222222,29.65694444444445,1520.0
81.31222222222222,29.65666666666667,1521.0
81.31222222222222,29.65638888888889,1520.0
81.31222222222222,29.656111111111116,1517.0
81.31222222222222,29.655833333333337,1514.0
81.31222222222222,29.65555555555556,1511.0
81.31222222222222,29.65527777777778,1511.0
81.31222222222222,29.655000000000005,1512.0
81.31194444444445,29.654722222222226,1514.0
81.31166666666667,29.654444444444447,1521.0
81.31138888888889,29.65416666666667,1528.0
81.31111111111112,29.653888888888893,1534.0
81.31111111111112,29.653611111111115,1535.0
81.31083333333333,29.653333333333336,1532.0
81.31083333333333,29.653055555555557,1520.0
81.31083333333333,29.652777777777782,1507.0
81.31083333333333,29.652500000000003,1498.0
81.31083333333333,29.652222222222225,1501.0
81.31083333333333,29.65194444444445,1506.0
81.31055555555555,29.65166666666667,1503.0
81.31027777777778,29.651388888888892,1506.0
81.31,29.651111111111113,1512.0
81.30972222222222,29.65083333333334,1510.0
81.30944444444445,29.65055555555556,1507.0
81.30944444444445,29.65027777777778,1510.0
81.30944444444445,29.650000000000002,1512.0
81.30944444444445,29.649722222222227,1507.0
81.30944444444445,29.64944444444445,1506.0
81.30944444444445,29.64916666666667,1512.0
81.30916666666667,29.64888888888889,1505.0
81.30916666666667,29.648611111111116,1502.0
81.30916666666667,29.648333333333337,1498.0
81.30916666666667,29.64805555555556,1497.0
81.30916666666667,29.64777777777778,1499.0
81.30916666666667,29.647500000000004,1509.0
81.30888888888889,29.647222222222226,1510.0
81.30861111111112,29.646944444444447,1513.0
81.30833333333334,29.646666666666672,1508.0
81.30833333333334,29.646388888888893,1512.0
81.30833333333334,29.646111111111114,1513.0
81.30805555555555,29.645833333333336,1498.0
81.30805555555555,29.64555555555556,1488.0
81.30805555555555,29.645277777777782,1477.0
81.30805555555555,29.645000000000003,1469.0
81.30805555555555,29.644722222222224,1466.0
81.30805555555555,29.64444444444445,1463.0
81.30805555555555,29.64416666666667,1463.0
81.30805555555555,29.643888888888892,1471.0
81.30805555555555,29.643611111111113,1492.0
81.30805555555555,29.643333333333338,1512.0
81.30777777777779,29.64305555555556,1507.0
81.3075,29.64277777777778,1504.0
81.30722222222222,29.642500000000002,1506.0
81.30694444444444,29.642222222222227,1506.0
81.30666666666667,29.641944444444448,1510.0
81.30666666666667,29.64166666666667,1511.0
81.30666666666667,29.64138888888889,1510.0
81.30666666666667,29.641111111111115,1510.0
81.30666666666667,29.640833333333337,1501.0
81.30666666666667,29.640555555555558,1488.0
81.30666666666667,29.640277777777783,1481.0
81.30666666666667,29.640000000000004,1468.0
81.30666666666667,29.639722222222225,1460.0
81.30666666666667,29.639444444444447,1472.0
81.30666666666667,29.63916666666667,1484.0
81.30666666666667,29.638888888888893,1493.0
81.30666666666667,29.638611111111114,1498.0
81.30666666666667,29.638333333333335,1503.0
81.30666666666667,29.63805555555556,1509.0
81.30638888888889,29.63777777777778,1483.0
81.30638888888889,29.637500000000003,1492.0
81.30638888888889,29.637222222222224,1507.0
81.30611111111111,29.63694444444445,1502.0
81.30583333333334,29.63666666666667,1493.0
81.30555555555556,29.63638888888889,1479.0
81.30527777777777,29.636111111111113,1478.0
81.305,29.635833333333338,1480.0
81.305,29.63555555555556,1499.0
81.305,29.63527777777778,1502.0
81.305,29.635000000000005,1501.0
81.305,29.634722222222226,1502.0
81.305,29.634444444444448,1508.0
81.30472222222222,29.63416666666667,1489.0
81.30472222222222,29.633888888888894,1495.0
81.30472222222222,29.633611111111115,1506.0
81.30444444444444,29.633333333333336,1497.0
81.30444444444444,29.633055555555558,1507.0
81.30416666666667,29.632777777777783,1496.0
81.30388888888889,29.632500000000004,1493.0
81.30361111111111,29.632222222222225,1494.0
81.30333333333334,29.631944444444446,1505.0
81.30305555555556,29.63166666666667,1513.0
81.30277777777778,29.631388888888893,1513.0
81.30277777777778,29.631111111111114,1513.0
81.30277777777778,29.630833333333335,1509.0
81.30277777777778,29.63055555555556,1496.0
81.30305555555556,29.63027777777778,1480.0
81.30305555555556,29.630000000000003,1467.0
81.30305555555556,29.629722222222227,1456.0
81.30305555555556,29.62944444444445,1453.0
81.30305555555556,29.62916666666667,1459.0
81.30305555555556,29.62888888888889,1462.0
81.30305555555556,29.628611111111116,1466.0
81.30305555555556,29.628333333333337,1474.0
81.30333333333334,29.62805555555556,1467.0
81.30333333333334,29.62777777777778,1472.0
81.30361111111111,29.627500000000005,1466.0
81.30361111111111,29.627222222222226,1472.0
81.30388888888889,29.626944444444447,1468.0
81.30388888888889,29.62666666666667,1473.0
81.30388888888889,29.626388888888894,1472.0
81.30388888888889,29.626111111111115,1470.0
81.30416666666667,29.625833333333336,1472.0
81.30416666666667,29.625555555555557,1474.0
81.30416666666667,29.625277777777782,1470.0
81.30416666666667,29.625000000000004,1469.0
81.30416666666667,29.624722222222225,1468.0
81.30416666666667,29.62444444444445,1470.0
81.30444444444444,29.62416666666667,1463.0
81.30444444444444,29.623888888888892,1468.0
81.30444444444444,29.623611111111114,1470.0
81.30444444444444,29.62333333333334,1469.0
81.30444444444444,29.62305555555556,1465.0
81.30444444444444,29.62277777777778,1466.0
81.30444444444444,29.622500000000002,1474.0
81.30472222222222,29.622222222222227,1468.0
81.30472222222222,29.62194444444445,1476.0
81.30444444444444,29.62166666666667,1472.0
81.30444444444444,29.62138888888889,1467.0
81.30416666666667,29.621111111111116,1463.0
81.30388888888889,29.620833333333337,1467.0
81.30361111111111,29.62055555555556,1469.0
81.30333333333334,29.62027777777778,1463.0
81.30333333333334,29.620000000000005,1459.0
81.30305555555556,29.619722222222226,1457.0
81.30305555555556,29.619444444444447,1455.0
81.30305555555556,29.61916666666667,1453.0
81.30305555555556,29.618888888888893,1449.0
81.30305555555556,29.618611111111115,1443.0
81.30305555555556,29.618333333333336,1441.0
81.30305555555556,29.61805555555556,1441.0
81.30277777777778,29.617777777777782,1437.0
81.30277777777778,29.617500000000003,1433.0
81.30277777777778,29.617222222222225,1431.0
81.30277777777778,29.61694444444445,1426.0
81.30277777777778,29.61666666666667,1424.0
81.30250000000001,29.616388888888892,1422.0
81.30222222222223,29.616111111111113,1422.0
81.30222222222223,29.615833333333338,1418.0
81.30222222222223,29.61555555555556,1418.0
81.30222222222223,29.61527777777778,1422.0
81.30222222222223,29.615000000000002,1422.0
81.30222222222223,29.614722222222227,1419.0
81.30222222222223,29.614444444444448,1421.0
81.30194444444444,29.61416666666667,1413.0
81.30194444444444,29.61388888888889,1405.0
81.30194444444444,29.613611111111116,1413.0
81.30194444444444,29.613333333333337,1414.0
81.30194444444444,29.613055555555558,1411.0
81.30166666666666,29.612777777777783,1408.0
81.30166666666666,29.612500000000004,1409.0
81.30166666666666,29.612222222222226,1410.0
81.30166666666666,29.611944444444447,1407.0
81.30166666666666,29.61166666666667,1401.0
81.3013888888889,29.611388888888893,1400.0
81.30111111111111,29.611111111111114,1402.0
81.30083333333333,29.610833333333336,1406.0
81.30055555555556,29.61055555555556,1402.0
81.30027777777778,29.61027777777778,1401.0
81.3,29.610000000000003,1405.0
81.29972222222223,29.609722222222224,1407.0
81.29944444444445,29.60944444444445,1413.0
81.29916666666666,29.60916666666667,1414.0
81.2988888888889,29.60888888888889,1404.0
81.29861111111111,29.608611111111113,1401.0
81.29833333333333,29.608333333333338,1396.0
81.29805555555556,29.608333333333338,1395.0
81.29777777777778,29.608333333333338,1398.0
81.2975,29.60805555555556,1387.0
81.29722222222223,29.60805555555556,1391.0
81.29694444444445,29.60805555555556,1394.0
81.29666666666667,29.60805555555556,1400.0
81.29638888888888,29.60777777777778,1390.0
81.29611111111112,29.60777777777778,1392.0
81.29583333333333,29.60777777777778,1394.0
81.29555555555555,29.60777777777778,1395.0
81.29527777777778,29.60777777777778,1396.0
81.295,29.60777777777778,1397.0
81.29472222222222,29.60777777777778,1398.0
81.29444444444445,29.60777777777778,1400.0
81.29416666666667,29.60777777777778,1394.0
81.29388888888889,29.60777777777778,1389.0
81.29361111111112,29.60777777777778,1388.0
81.29333333333334,29.60777777777778,1388.0
81.29305555555555,29.6075,1387.0
81.29277777777779,29.607222222222227,1387.0
81.2925,29.606944444444448,1386.0
81.29222222222222,29.60666666666667,1386.0
81.29194444444445,29.606388888888894,1385.0
81.29166666666667,29.606388888888894,1385.0
81.29138888888889,29.606388888888894,1385.0
81.2911111111111,29.606388888888894,1385.0
81.29083333333334,29.606388888888894,1384.0
81.29055555555556,29.606388888888894,1384.0
81.29027777777777,29.606388888888894,1383.0
81.29,29.606388888888894,1383.0
81.28972222222222,29.606388888888894,1383.0
81.28944444444444,29.606388888888894,1382.0
81.28916666666667,29.606388888888894,1382.0
81.28888888888889,29.60666666666667,1382.0
81.28861111111111,29.60666666666667,1381.0
81.28833333333334,29.606944444444448,1381.0
81.28805555555556,29.606944444444448,1381.0
81.28777777777778,29.606944444444448,1380.0
81.28750000000001,29.606944444444448,1380.0
81.28722222222223,29.606944444444448,1380.0
81.28694444444444,29.606944444444448,1379.0
81.28666666666668,29.606944444444448,1379.0
81.2863888888889,29.606944444444448,1379.0
81.28611111111111,29.606944444444448,1378.0
81.28583333333333,29.606944444444448,1378.0
81.28555555555556,29.606944444444448,1378.0
81.28527777777778,29.606944444444448,1377.0
81.285,29.606944444444448,1377.0
81.28472222222223,29.606944444444448,1377.0
81.28444444444445,29.606944444444448,1376.0
81.28416666666666,29.606944444444448,1376.0
81.2838888888889,29.606944444444448,1376.0
81.28361111111111,29.606944444444448,1375.0
81.28333333333333,29.606944444444448,1375.0
81.28305555555556,29.606944444444448,1375.0
81.28277777777778,29.606944444444448,1374.0
81.2825,29.606944444444448,1374.0
81.28222222222223,29.606944444444448,1373.0
81.28194444444445,29.607222222222227,1373.0
81.28166666666667,29.6075,1372.0
81.2813888888889,29.6075,1375.0
81.28111111111112,29.60777777777778,1374.0
81.28083333333333,29.60777777777778,1375.0
81.28055555555555,29.60777777777778,1375.0
81.28027777777778,29.60777777777778,1375.0
81.28,29.60777777777778,1374.0
81.27972222222222,29.60777777777778,1374.0
81.27944444444445,29.60777777777778,1375.0
81.27916666666667,29.60777777777778,1373.0
81.27888888888889,29.60777777777778,1371.0
81.27861111111112,29.60777777777778,1367.0
81.27833333333334,29.60777777777778,1368.0
81.27805555555555,29.60777777777778,1369.0
81.27777777777779,29.6075,1368.0
81.2775,29.6075,1377.0
81.27722222222222,29.607222222222227,1376.0
81.27694444444445,29.606944444444448,1374.0
81.27666666666667,29.60666666666667,1369.0
81.27638888888889,29.60666666666667,1369.0
81.27611111111112,29.60666666666667,1366.0
81.27583333333334,29.60666666666667,1363.0
81.27555555555556,29.60666666666667,1363.0
81.27527777777777,29.60666666666667,1362.0
81.275,29.60666666666667,1362.0
81.27472222222222,29.60666666666667,1362.0
81.27444444444444,29.60666666666667,1363.0
81.27416666666667,29.60666666666667,1364.0
81.27388888888889,29.60666666666667,1363.0
81.27361111111111,29.60666666666667,1362.0
81.27333333333334,29.60666666666667,1363.0
81.27305555555556,29.60666666666667,1365.0
81.27277777777778,29.60666666666667,1363.0
81.27250000000001,29.60666666666667,1361.0
81.27222222222223,29.60666666666667,1361.0
81.27194444444444,29.60666666666667,1360.0
81.27166666666668,29.606388888888894,1360.0
81.2713888888889,29.606111111111115,1358.0
81.27111111111111,29.605833333333337,1358.0
81.27083333333334,29.605555555555558,1357.0
81.27055555555556,29.605277777777783,1358.0
81.27027777777778,29.605000000000004,1361.0
81.27,29.604722222222225,1362.0
81.26972222222223,29.604444444444447,1374.0
81.26944444444445,29.60416666666667,1372.0
81.26916666666666,29.60416666666667,1365.0
81.2688888888889,29.60416666666667,1359.0
81.26861111111111,29.60416666666667,1354.0
81.26833333333333,29.60416666666667,1353.0
81.26805555555556,29.60416666666667,1353.0
81.26777777777778,29.60416666666667,1354.0
81.2675,29.60416666666667,1361.0
81.26722222222223,29.604444444444447,1362.0
81.26694444444445,29.604722222222225,1370.0
81.26666666666667,29.604722222222225,1378.0
81.2663888888889,29.604722222222225,1367.0
81.26611111111112,29.604722222222225,1357.0
81.26583333333333,29.604722222222225,1353.0
81.26555555555555,29.604722222222225,1349.0
81.26527777777778,29.604722222222225,1345.0
81.265,29.604722222222225,1343.0
81.26472222222222,29.604722222222225,1347.0
81.26444444444445,29.604722222222225,1353.0
81.26416666666667,29.604722222222225,1353.0
81.26388888888889,29.604722222222225,1353.0
81.26361111111112,29.604722222222225,1359.0
81.26333333333334,29.604722222222225,1365.0
81.26305555555555,29.604444444444447,1368.0
81.26277777777779,29.60416666666667,1367.0
81.2625,29.603888888888893,1362.0
81.26222222222222,29.603888888888893,1365.0
81.26194444444445,29.603888888888893,1363.0
81.26166666666667,29.603888888888893,1361.0
81.26138888888889,29.603888888888893,1366.0
81.26111111111112,29.603611111111114,1346.0
81.26083333333334,29.603611111111114,1358.0
81.26055555555556,29.603611111111114,1371.0
81.26027777777779,29.603333333333335,1369.0
81.26,29.603333333333335,1377.0
81.25972222222222,29.603333333333335,1378.0
81.25944444444444,29.603333333333335,1372.0
81.25916666666667,29.603333333333335,1362.0
81.25888888888889,29.603333333333335,1357.0
81.25861111111111,29.603333333333335,1356.0
81.25833333333334,29.603333333333335,1358.0
81.25805555555556,29.60305555555556,1346.0
81.25777777777778,29.60305555555556,1349.0
81.25750000000001,29.60305555555556,1352.0
81.25722222222223,29.60305555555556,1357.0
81.25694444444444,29.60277777777778,1345.0
81.25666666666667,29.60277777777778,1352.0
81.25638888888889,29.602500000000003,1339.0
81.25611111111111,29.602500000000003,1348.0
81.25583333333334,29.602222222222224,1347.0
81.25555555555556,29.602222222222224,1356.0
81.25527777777778,29.60194444444445,1344.0
81.255,29.60194444444445,1348.0
81.25472222222223,29.60194444444445,1352.0
81.25444444444445,29.60194444444445,1356.0
81.25416666666666,29.60194444444445,1356.0
81.2538888888889,29.60194444444445,1358.0
81.25361111111111,29.60166666666667,1341.0
81.25333333333333,29.60166666666667,1351.0
81.25305555555556,29.60166666666667,1357.0
81.25277777777778,29.60138888888889,1335.0
81.2525,29.60138888888889,1343.0
81.25222222222223,29.60138888888889,1347.0
81.25194444444445,29.60138888888889,1353.0
81.25166666666667,29.601111111111116,1346.0
81.2513888888889,29.601111111111116,1337.0
81.25111111111111,29.601111111111116,1336.0
81.25083333333333,29.601111111111116,1341.0
81.25055555555556,29.601111111111116,1349.0
81.25027777777778,29.601111111111116,1355.0
81.25,29.600833333333338,1339.0
81.24972222222222,29.600833333333338,1348.0
81.24944444444445,29.600833333333338,1356.0
81.24916666666667,29.60055555555556,1348.0
81.24888888888889,29.60055555555556,1358.0
81.24861111111112,29.60027777777778,1342.0
81.24833333333333,29.60027777777778,1348.0
81.24805555555555,29.60027777777778,1358.0
81.24777777777778,29.600000000000005,1339.0
81.2475,29.600000000000005,1348.0
81.24722222222222,29.600000000000005,1354.0
81.24694444444445,29.599722222222226,1342.0
81.24666666666667,29.599722222222226,1353.0
81.24638888888889,29.599722222222226,1359.0
81.24611111111112,29.599722222222226,1358.0
81.24583333333334,29.599722222222226,1354.0
81.24555555555555,29.599722222222226,1351.0
81.24527777777779,29.599444444444448,1340.0
81.245,29.59916666666667,1349.0
81.24472222222222,29.598888888888894,1359.0
81.24444444444444,29.598611111111115,1346.0
81.24444444444444,29.598333333333336,1352.0
81.24416666666667,29.598055555555558,1352.0
81.24388888888889,29.597777777777782,1355.0
81.24361111111111,29.597500000000004,1359.0
81.24333333333334,29.597222222222225,1358.0
81.24305555555556,29.596944444444446,1350.0
81.24277777777777,29.59666666666667,1344.0
81.24277777777777,29.596388888888892,1333.0
81.24277777777777,29.596111111111114,1324.0
81.24277777777777,29.59583333333334,1318.0
81.24277777777777,29.59555555555556,1320.0
81.24277777777777,29.59527777777778,1326.0
81.24277777777777,29.595000000000002,1332.0
81.2425,29.594722222222227,1329.0
81.24222222222222,29.59444444444445,1328.0
81.24194444444444,29.59416666666667,1330.0
81.24166666666667,29.59388888888889,1332.0
81.24138888888889,29.593611111111116,1331.0
81.24138888888889,29.593333333333337,1331.0
81.24111111111111,29.59305555555556,1330.0
81.24083333333334,29.59277777777778,1327.0
81.24083333333334,29.592500000000005,1322.0
81.24055555555556,29.592222222222226,1322.0
81.24027777777778,29.591944444444447,1325.0
81.24000000000001,29.59166666666667,1323.0
81.24000000000001,29.591388888888893,1323.0
81.24000000000001,29.591111111111115,1322.0
81.24000000000001,29.590833333333336,1322.0
81.23972222222223,29.590555555555557,1322.0
81.23972222222223,29.590277777777782,1320.0
81.23972222222223,29.590000000000003,1316.0
81.24000000000001,29.589722222222225,1315.0
81.24027777777778,29.58944444444445,1316.0
81.24027777777778,29.58916666666667,1315.0
81.24055555555556,29.588888888888892,1311.0
81.24083333333334,29.588611111111113,1308.0
81.24083333333334,29.58833333333334,1306.0
81.24083333333334,29.58805555555556,1307.0
81.24111111111111,29.58777777777778,1308.0
81.24138888888889,29.587500000000002,1307.0
81.24166666666667,29.587222222222227,1305.0
81.24166666666667,29.58694444444445,1303.0
81.24194444444444,29.58666666666667,1300.0
81.24166666666667,29.58638888888889,1300.0
81.24138888888889,29.58638888888889,1300.0
81.24111111111111,29.58638888888889,1299.0
81.24083333333334,29.586111111111116,1299.0
81.24055555555556,29.585833333333337,1299.0
81.24027777777778,29.585833333333337,1299.0
81.24000000000001,29.58555555555556,1298.0
81.23972222222223,29.58555555555556,1298.0
81.23944444444444,29.58527777777778,1298.0
81.23916666666666,29.585000000000004,1298.0
81.2388888888889,29.584722222222226,1297.0
81.23861111111111,29.584722222222226,1297.0
81.23833333333333,29.584722222222226,1297.0
81.23805555555556,29.584722222222226,1297.0
81.23777777777778,29.584444444444447,1297.0
81.2375,29.584444444444447,1296.0
81.2375,29.584166666666672,1296.0
81.2375,29.583888888888893,1296.0
81.23722222222223,29.583611111111114,1296.0
81.23694444444445,29.583333333333336,1295.0
81.23666666666666,29.583333333333336,1295.0
81.2363888888889,29.58305555555556,1295.0
81.23611111111111,29.582777777777782,1295.0
81.23583333333333,29.582500000000003,1294.0
81.23555555555556,29.582500000000003,1294.0
81.23527777777778,29.582500000000003,1294.0
81.235,29.582500000000003,1294.0
81.23472222222223,29.582500000000003,1294.0
81.23444444444445,29.582500000000003,1294.0
81.23416666666667,29.582500000000003,1293.0
81.23416666666667,29.582222222222224,1293.0
81.23416666666667,29.58194444444445,1293.0
81.23416666666667,29.58166666666667,1292.0
81.23416666666667,29.581388888888892,1292.0
81.23416666666667,29.581111111111113,1292.0
81.23416666666667,29.580833333333338,1292.0
81.23416666666667,29.58055555555556,1292.0
81.23416666666667,29.58027777777778,1291.0
81.23416666666667,29.580000000000002,1291.0
81.23416666666667,29.579722222222227,1291.0
81.23388888888888,29.579444444444448,1291.0
81.23361111111112,29.57916666666667,1290.0
81.23333333333333,29.57916666666667,1290.0
81.23305555555555,29.57888888888889,1290.0
81.23277777777778,29.578611111111115,1290.0
81.2325,29.578611111111115,1289.0
81.2325,29.578333333333337,1289.0
81.2325,29.578055555555558,1289.0
81.23222222222222,29.577777777777783,1289.0
81.23194444444445,29.577500000000004,1288.0
81.23194444444445,29.577222222222225,1288.0
81.23166666666667,29.576944444444447,1288.0
81.23138888888889,29.57666666666667,1288.0
81.23111111111112,29.576388888888893,1287.0
81.23111111111112,29.576111111111114,1287.0
81.23083333333334,29.575833333333335,1287.0
81.23083333333334,29.57555555555556,1287.0
81.23055555555555,29.57527777777778,1286.0
81.23027777777779,29.575000000000003,1286.0
81.23,29.574722222222224,1286.0
81.22972222222222,29.57444444444445,1285.0
81.22972222222222,29.57416666666667,1285.0
81.22944444444445,29.57388888888889,1285.0
81.22944444444445,29.573611111111113,1285.0
81.22916666666667,29.573333333333338,1285.0
81.22916666666667,29.57305555555556,1284.0
81.22888888888889,29.57305555555556,1284.0
81.2286111111111,29.57277777777778,1284.0
81.22833333333334,29.572500000000005,1284.0
81.22805555555556,29.572500000000005,1283.0
81.22777777777777,29.572222222222226,1283.0
81.2275,29.571944444444448,1283.0
81.22722222222222,29.571944444444448,1283.0
81.22694444444444,29.57166666666667,1282.0
81.22666666666667,29.571388888888894,1282.0
81.22638888888889,29.571111111111115,1282.0
81.22611111111111,29.570833333333336,1281.0
81.22583333333334,29.570833333333336,1281.0
81.22555555555556,29.570833333333336,1281.0
81.22527777777778,29.570833333333336,1281.0
81.22500000000001,29.570555555555558,1281.0
81.22472222222223,29.570555555555558,1280.0
81.22444444444444,29.570555555555558,1280.0
81.22416666666668,29.570277777777783,1280.0
81.2238888888889,29.570277777777783,1280.0
81.22361111111111,29.570000000000004,1280.0
81.22333333333333,29.570000000000004,1279.0
81.22305555555556,29.570000000000004,1279.0
81.22277777777778,29.569722222222225,1279.0
81.2225,29.569722222222225,1279.0
81.22222222222223,29.569722222222225,1279.0
81.22194444444445,29.569722222222225,1279.0
81.22166666666666,29.569444444444446,1278.0
81.2213888888889,29.56916666666667,1278.0
81.22111111111111,29.568888888888893,1278.0
81.22083333333333,29.568611111111114,1277.0
81.22055555555556,29.568333333333335,1277.0
81.22055555555556,29.56805555555556,1277.0
81.22055555555556,29.56777777777778,1279.0
81.22027777777778,29.567500000000003,1276.0
81.22027777777778,29.567222222222227,1276.0
81.22027777777778,29.56694444444445,1277.0
81.22027777777778,29.56666666666667,1278.0
81.22027777777778,29.56638888888889,1278.0
81.22027777777778,29.566111111111116,1279.0
81.22055555555556,29.565833333333337,1277.0
81.22055555555556,29.56555555555556,1275.0
81.22055555555556,29.56527777777778,1277.0
81.22083333333333,29.565000000000005,1277.0
81.22083333333333,29.564722222222226,1277.0
81.22083333333333,29.564444444444447,1277.0
81.22083333333333,29.56416666666667,1276.0
81.22055555555556,29.563888888888894,1276.0
81.22027777777778,29.563611111111115,1276.0
81.22,29.563611111111115,1275.0
81.22,29.563333333333336,1272.0
81.22027777777778,29.563055555555557,1274.0
81.22027777777778,29.562777777777782,1275.0
81.22055555555556,29.562500000000004,1273.0
81.22055555555556,29.562222222222225,1270.0
81.22055555555556,29.56194444444445,1273.0
81.22027777777778,29.56166666666667,1273.0
81.22055555555556,29.561388888888892,1273.0
81.22027777777778,29.561111111111114,1272.0
81.22027777777778,29.56083333333334,1273.0
81.22027777777778,29.56055555555556,1272.0
81.22,29.56027777777778,1270.0
81.22,29.560000000000002,1268.0
81.21972222222223,29.559722222222227,1271.0
81.21944444444445,29.55944444444445,1269.0
81.21916666666667,29.55916666666667,1271.0
81.2188888888889,29.55916666666667,1271.0
81.21861111111112,29.55916666666667,1270.0
81.21833333333333,29.55916666666667,1270.0
81.21805555555555,29.55916666666667,1270.0
81.21777777777778,29.55916666666667,1270.0
81.2175,29.55916666666667,1270.0
81.21722222222222,29.55916666666667,1269.0
81.21694444444445,29.55916666666667,1269.0
81.21666666666667,29.55916666666667,1269.0
81.21638888888889,29.55916666666667,1269.0
81.21611111111112,29.55888888888889,1269.0
81.21583333333334,29.55888888888889,1269.0
81.21555555555555,29.55888888888889,1268.0
81.21527777777779,29.55888888888889,1268.0
81.215,29.55888888888889,1268.0
81.21472222222222,29.55888888888889,1268.0
81.21444444444445,29.558611111111116,1267.0
81.21416666666667,29.558611111111116,1267.0
81.21388888888889,29.558611111111116,1267.0
81.21361111111112,29.558611111111116,1267.0
81.21333333333334,29.558333333333337,1267.0
81.21305555555556,29.55805555555556,1266.0
81.21277777777777,29.55805555555556,1266.0
81.2125,29.55805555555556,1266.0
81.21222222222222,29.55805555555556,1266.0
81.21194444444444,29.55777777777778,1266.0
81.21166666666667,29.55777777777778,1265.0
81.21138888888889,29.557500000000005,1265.0
81.21111111111111,29.557222222222226,1265.0
81.21083333333334,29.557222222222226,1265.0
81.21055555555556,29.556944444444447,1264.0
81.21027777777778,29.556944444444447,1264.0
81.21000000000001,29.55666666666667,1264.0
81.20972222222223,29.556388888888893,1264.0
81.20944444444444,29.556388888888893,1263.0
81.20944444444444,29.556111111111115,1263.0
81.20916666666668,29.555833333333336,1263.0
81.2088888888889,29.55555555555556,1263.0
81.20861111111111,29.555277777777782,1263.0
81.20833333333334,29.555277777777782,1262.0
81.20805555555556,29.555277777777782,1262.0
81.20777777777778,29.555277777777782,1262.0
81.2075,29.555277777777782,1262.0
81.20722222222223,29.555277777777782,1262.0
81.20694444444445,29.555277777777782,1262.0
81.20666666666666,29.555277777777782,1261.0
81.2063888888889,29.55555555555556,1261.0
81.20611111111111,29.555833333333336,1261.0
81.20583333333333,29.556111111111115,1260.0
81.20555555555556,29.556388888888893,1260.0
81.20527777777778,29.55666666666667,1260.0
81.205,29.55666666666667,1260.0
81.20472222222223,29.55666666666667,1259.0
81.20444444444445,29.556944444444447,1259.0
81.20416666666667,29.556944444444447,1259.0
81.2038888888889,29.556944444444447,1259.0
81.20361111111112,29.556944444444447,1259.0
81.20333333333333,29.556944444444447,1258.0
81.20305555555555,29.556944444444447,1258.0
81.20277777777778,29.556944444444447,1258.0
81.2025,29.55666666666667,1258.0
81.20222222222222,29.556388888888893,1257.0
81.20194444444445,29.556111111111115,1257.0
81.20166666666667,29.555833333333336,1257.0
81.20138888888889,29.55555555555556,1256.0
81.20138888888889,29.555277777777782,1256.0
81.20138888888889,29.555000000000003,1256.0
81.20111111111112,29.554722222222225,1256.0
81.20083333333334,29.55444444444445,1255.0
81.20083333333334,29.55416666666667,1255.0
81.20083333333334,29.553888888888892,1255.0
81.20055555555555,29.553611111111113,1255.0
81.20027777777779,29.553333333333338,1254.0
81.20027777777779,29.55305555555556,1254.0
81.20027777777779,29.55277777777778,1254.0
81.20027777777779,29.552500000000002,1254.0
81.20055555555555,29.552222222222227,1253.0
81.20083333333334,29.551944444444448,1253.0
81.20111111111112,29.551944444444448,1253.0
81.20138888888889,29.55166666666667,1253.0
81.20166666666667,29.55138888888889,1252.0
81.20194444444445,29.55138888888889,1252.0
81.20222222222222,29.551111111111116,1252.0
81.2025,29.550833333333337,1251.0
81.2025,29.550555555555558,1251.0
81.20277777777778,29.550277777777783,1251.0
81.2025,29.550000000000004,1251.0
81.2025,29.549722222222226,1250.0
81.20222222222222,29.549722222222226,1250.0
81.20194444444445,29.549444444444447,1250.0
81.20166666666667,29.54916666666667,1250.0
81.20138888888889,29.548888888888893,1249.0
81.20111111111112,29.548611111111114,1249.0
81.20083333333334,29.548333333333336,1249.0
81.20055555555555,29.54805555555556,1248.0
81.20027777777779,29.54805555555556,1248.0
81.2,29.54805555555556,1248.0
81.19972222222222,29.54805555555556,1248.0
81.19944444444445,29.54805555555556,1248.0
81.19916666666667,29.54805555555556,1247.0
81.19888888888889,29.54805555555556,1247.0
81.19861111111112,29.54805555555556,1247.0
81.19833333333334,29.548333333333336,1247.0
81.19805555555556,29.548611111111114,1246.0
81.19777777777777,29.548888888888893,1246.0
81.1975,29.548888888888893,1246.0
81.19722222222222,29.54916666666667,1246.0
81.19694444444444,29.54916666666667,1245.0
81.19666666666667,29.54916666666667,1245.0
81.19638888888889,29.54916666666667,1245.0
81.19611111111111,29.54916666666667,1245.0
81.19583333333334,29.54916666666667,1245.0
81.19555555555556,29.548888888888893,1243.0
81.19527777777778,29.548888888888893,1241.0
81.19527777777778,29.548611111111114,1241.0
81.19500000000001,29.548333333333336,1240.0
81.19500000000001,29.54805555555556,1239.0
81.19500000000001,29.54777777777778,1238.0
81.19527777777778,29.547500000000003,1238.0
81.19527777777778,29.547222222222224,1237.0
81.19555555555556,29.54694444444445,1236.0
81.19555555555556,29.54666666666667,1235.0
81.19555555555556,29.54638888888889,1235.0
81.19555555555556,29.546111111111113,1236.0
81.19583333333334,29.545833333333338,1236.0
81.19583333333334,29.54555555555556,1236.0
81.19611111111111,29.54527777777778,1235.0
81.19611111111111,29.545,1234.0
81.19638888888889,29.544722222222227,1233.0
81.19638888888889,29.544444444444448,1232.0
81.19666666666667,29.54416666666667,1231.0
81.19666666666667,29.543888888888894,1231.0
81.19694444444444,29.543611111111115,1230.0
81.19694444444444,29.543333333333337,1230.0
81.19694444444444,29.543055555555558,1230.0
81.19694444444444,29.542777777777783,1229.0
81.19694444444444,29.542500000000004,1228.0
81.19694444444444,29.542222222222225,1229.0
81.19694444444444,29.541944444444447,1228.0
81.19694444444444,29.54166666666667,1228.0
81.19694444444444,29.541388888888893,1227.0
81.19666666666667,29.541111111111114,1225.0
81.19666666666667,29.540833333333335,1224.0
81.19666666666667,29.54055555555556,1224.0
81.19666666666667,29.54027777777778,1223.0
81.19638888888889,29.540000000000003,1222.0
81.19611111111111,29.540000000000003,1221.0
81.19583333333334,29.539722222222224,1220.0
81.19555555555556,29.53944444444445,1220.0
81.19527777777778,29.53916666666667,1218.0
81.19500000000001,29.53916666666667,1218.0
81.19472222222223,29.53916666666667,1217.0
81.19444444444444,29.53916666666667,1217.0
81.19416666666667,29.53916666666667,1216.0
81.19388888888889,29.53916666666667,1215.0
81.19361111111111,29.53944444444445,1214.0
81.19333333333334,29.53944444444445,1214.0
81.19305555555556,29.53944444444445,1213.0
81.19277777777778,29.53944444444445,1212.0
81.1925,29.53944444444445,1211.0
81.19222222222223,29.53944444444445,1211.0
81.19194444444445,29.53916666666667,1210.0
81.19166666666666,29.53916666666667,1209.0
81.1913888888889,29.53888888888889,1208.0
81.19111111111111,29.53888888888889,1208.0
81.19083333333333,29.538611111111116,1206.0
81.19055555555556,29.538333333333338,1206.0
81.19027777777778,29.53805555555556,1205.0
81.19027777777778,29.53777777777778,1207.0
81.19,29.537500000000005,1207.0
81.19,29.537222222222226,1208.0
81.19,29.536944444444448,1208.0
81.19,29.53666666666667,1207.0
81.18972222222223,29.536388888888894,1205.0
81.18972222222223,29.536111111111115,1205.0
81.18972222222223,29.535833333333336,1205.0
81.18944444444445,29.535555555555558,1204.0
81.18916666666667,29.535555555555558,1204.0
81.1888888888889,29.535277777777782,1203.0
81.18861111111111,29.535277777777782,1203.0
81.18833333333333,29.535000000000004,1202.0
81.18805555555556,29.535000000000004,1202.0
81.18777777777778,29.535000000000004,1201.0
81.1875,29.535000000000004,1201.0
81.18722222222222,29.535000000000004,1200.0
81.18694444444445,29.535000000000004,1200.0
81.18666666666667,29.535000000000004,1199.0
81.18638888888889,29.535000000000004,1199.0
81.18611111111112,29.535000000000004,1198.0
81.18583333333333,29.535000000000004,1198.0
81.18555555555555,29.535000000000004,1197.0
81.18527777777778,29.534722222222225,1196.0
81.185,29.534722222222225,1196.0
81.18472222222222,29.534722222222225,1195.0
81.18444444444445,29.534444444444446,1194.0
81.18416666666667,29.534444444444446,1194.0
81.18388888888889,29.53416666666667,1193.0
81.18361111111112,29.53416666666667,1193.0
81.18333333333334,29.533888888888892,1192.0
81.18305555555555,29.533888888888892,1192.0
81.18277777777779,29.533888888888892,1191.0
81.1825,29.533888888888892,1190.0
81.18222222222222,29.533888888888892,1190.0
81.18194444444444,29.533888888888892,1189.0
81.18166666666667,29.533888888888892,1189.0
81.18138888888889,29.533888888888892,1188.0
81.18111111111111,29.533888888888892,1188.0
81.18083333333334,29.533888888888892,1187.0
81.18055555555556,29.53416666666667,1187.0
81.18027777777777,29.53416666666667,1186.0
81.18,29.534444444444446,1185.0
81.17972222222222,29.534444444444446,1185.0
81.17944444444444,29.534722222222225,1184.0
81.17916666666667,29.535000000000004,1183.0
81.17888888888889,29.535000000000004,1183.0
81.17861111111111,29.535000000000004,1183.0
81.17833333333334,29.535000000000004,1182.0
81.17805555555556,29.535277777777782,1181.0
81.17777777777778,29.535277777777782,1181.0
81.17750000000001,29.535277777777782,1180.0
81.17722222222223,29.535277777777782,1180.0
81.17694444444444,29.535555555555558,1179.0
81.17666666666666,29.535555555555558,1179.0
81.1763888888889,29.535555555555558,1178.0
81.17611111111111,29.535555555555558,1178.0
81.17583333333333,29.535833333333336,1177.0
81.17555555555556,29.535833333333336,1176.0
81.17527777777778,29.535833333333336,1176.0
81.175,29.535833333333336,1175.0
81.17472222222223,29.535833333333336,1175.0
81.17444444444445,29.535833333333336,1174.0
81.17416666666666,29.535833333333336,1174.0
81.1738888888889,29.535555555555558,1173.0
81.17361111111111,29.535555555555558,1173.0
81.17333333333333,29.535277777777782,1172.0
81.17305555555556,29.535277777777782,1171.0
81.17277777777778,29.535277777777782,1171.0
81.1725,29.535000000000004,1171.0
81.17222222222223,29.534722222222225,1171.0
81.17194444444445,29.534722222222225,1171.0
81.17166666666667,29.534722222222225,1171.0
81.17138888888888,29.534722222222225,1170.0
81.17111111111112,29.534444444444446,1170.0
81.17083333333333,29.534444444444446,1169.0
81.17055555555555,29.53416666666667,1168.0
81.17055555555555,29.533888888888892,1168.0
81.17027777777778,29.533611111111114,1167.0
81.17027777777778,29.53333333333334,1167.0
81.17,29.53305555555556,1166.0
81.17,29.53277777777778,1165.0
81.17,29.532500000000002,1165.0
81.16972222222222,29.532222222222227,1164.0
81.16944444444445,29.53194444444445,1163.0
81.16944444444445,29.53166666666667,1163.0
81.16916666666667,29.53138888888889,1162.0
81.16888888888889,29.53138888888889,1162.0
81.16861111111112,29.531111111111116,1161.0
81.16833333333334,29.530833333333337,1161.0
81.16805555555555,29.530833333333337,1160.0
81.16777777777779,29.53055555555556,1159.0
81.1675,29.53027777777778,1158.0
81.16722222222222,29.530000000000005,1158.0
81.16694444444445,29.529722222222226,1157.0
81.16666666666667,29.529444444444447,1156.0
81.16638888888889,29.52916666666667,1155.0
81.1661111111111,29.528888888888893,1155.0
81.16583333333334,29.528611111111115,1154.0
81.16555555555556,29.528611111111115,1154.0
81.16527777777777,29.528333333333336,1153.0
81.16527777777777,29.528055555555557,1153.0
81.165,29.527777777777782,1152.0
81.16472222222222,29.527777777777782,1152.0
81.16444444444444,29.527500000000003,1151.0
81.16416666666667,29.527222222222225,1151.0
81.16388888888889,29.52694444444445,1150.0
81.16361111111111,29.52694444444445,1150.0
81.16333333333334,29.52666666666667,1149.0
81.16305555555556,29.526388888888892,1149.0
81.16277777777778,29.526388888888892,1148.0
81.16250000000001,29.526388888888892,1148.0
81.16222222222223,29.526111111111113,1147.0
81.16194444444444,29.52583333333334,1147.0
81.16166666666668,29.52555555555556,1146.0
81.1613888888889,29.52555555555556,1146.0
81.16111111111111,29.52527777777778,1145.0
81.16083333333333,29.525000000000002,1144.0
81.16055555555556,29.524722222222227,1146.0
81.16055555555556,29.52444444444445,1145.0
81.16027777777778,29.52416666666667,1145.0
81.16027777777778,29.52388888888889,1144.0
81.16027777777778,29.523611111111116,1142.0
81.16027777777778,29.523333333333337,1139.0
81.16027777777778,29.52305555555556,1143.0
81.16,29.52277777777778,1143.0
81.15972222222223,29.522500000000004,1140.0
81.15944444444445,29.522222222222226,1139.0
81.15916666666666,29.521944444444447,1138.0
81.1588888888889,29.521666666666672,1137.0
81.15861111111111,29.521388888888893,1137.0
81.15833333333333,29.521111111111114,1136.0
81.15805555555556,29.520833333333336,1137.0
81.15777777777778,29.52055555555556,1138.0
81.1575,29.520277777777782,1136.0
81.1575,29.520000000000003,1143.0
81.15722222222223,29.519722222222224,1143.0
81.15694444444445,29.51944444444445,1141.0
81.15694444444445,29.51916666666667,1141.0
81.15666666666667,29.518888888888892,1135.0
81.1563888888889,29.518611111111113,1133.0
81.15611111111112,29.518333333333338,1133.0
81.15583333333333,29.51805555555556,1133.0
81.15555555555555,29.51777777777778,1131.0
81.15527777777778,29.517500000000002,1128.0
81.155,29.517222222222227,1132.0
81.15472222222222,29.516944444444448,1135.0
81.15444444444445,29.51666666666667,1136.0
81.15416666666667,29.51638888888889,1135.0
81.15388888888889,29.51638888888889,1139.0
81.15361111111112,29.516111111111115,1129.0
81.15333333333334,29.515833333333337,1131.0
81.15305555555555,29.515555555555558,1133.0
81.15277777777779,29.515555555555558,1142.0
81.1525,29.515277777777783,1128.0
81.15222222222222,29.515277777777783,1125.0
81.15194444444445,29.515277777777783,1125.0
81.15166666666667,29.515277777777783,1126.0
81.15138888888889,29.515277777777783,1127.0
81.15111111111112,29.515277777777783,1126.0
81.15083333333334,29.515277777777783,1128.0
81.15055555555556,29.515277777777783,1137.0
81.15027777777777,29.515000000000004,1126.0
81.15,29.514722222222225,1121.0
81.14972222222222,29.514444444444447,1118.0
81.14944444444444,29.51416666666667,1116.0
81.14916666666667,29.513888888888893,1113.0
81.14888888888889,29.513611111111114,1114.0
81.14861111111111,29.513333333333335,1115.0
81.14833333333334,29.51305555555556,1122.0
81.14805555555556,29.51277777777778,1137.0
81.14777777777778,29.512500000000003,1143.0
81.14750000000001,29.512222222222224,1141.0
81.14750000000001,29.51194444444445,1140.0
81.14722222222223,29.51166666666667,1142.0
81.14694444444444,29.51138888888889,1137.0
81.14694444444444,29.511111111111113,1127.0
81.14694444444444,29.510833333333338,1120.0
81.14694444444444,29.51055555555556,1115.0
81.14694444444444,29.51027777777778,1114.0
81.14694444444444,29.510000000000005,1116.0
81.14694444444444,29.509722222222226,1121.0
81.14666666666668,29.509444444444448,1116.0
81.14666666666668,29.50916666666667,1119.0
81.1463888888889,29.508888888888894,1119.0
81.1463888888889,29.508611111111115,1121.0
81.1463888888889,29.508333333333336,1121.0
81.1463888888889,29.508055555555558,1117.0
81.1463888888889,29.507777777777783,1115.0
81.1463888888889,29.507500000000004,1116.0
81.1463888888889,29.507222222222225,1121.0
81.14611111111111,29.506944444444446,1122.0
81.14583333333334,29.50666666666667,1110.0
81.14583333333334,29.506388888888893,1104.0
81.14555555555556,29.506111111111114,1101.0
81.14527777777778,29.506111111111114,1100.0
81.145,29.505833333333335,1100.0
81.14472222222223,29.50555555555556,1099.0
81.14444444444445,29.50555555555556,1100.0
81.14416666666666,29.50555555555556,1097.0
81.1438888888889,29.50555555555556,1096.0
81.14361111111111,29.50527777777778,1096.0
81.14333333333333,29.50527777777778,1096.0
81.14305555555556,29.50527777777778,1096.0
81.14277777777778,29.505000000000003,1095.0
81.1425,29.505000000000003,1095.0
81.14222222222223,29.504722222222227,1095.0
81.14194444444445,29.50444444444445,1094.0
81.14194444444445,29.50416666666667,1094.0
81.14166666666667,29.50388888888889,1094.0
81.1413888888889,29.503611111111116,1093.0
81.14111111111112,29.503333333333337,1093.0
81.14083333333333,29.50305555555556,1093.0
81.14055555555557,29.50277777777778,1092.0
81.14027777777778,29.50277777777778,1092.0
81.14,29.502500000000005,1092.0
81.13972222222222,29.502222222222226,1091.0
81.13944444444445,29.502222222222226,1091.0
81.13916666666667,29.501944444444447,1091.0
81.13888888888889,29.501944444444447,1091.0
81.13861111111112,29.50166666666667,1090.0
81.13833333333334,29.50166666666667,1090.0
81.13805555555555,29.50166666666667,1090.0
81.13777777777779,29.501388888888894,1090.0
81.1375,29.501388888888894,1089.0
81.13722222222222,29.501388888888894,1089.0
81.13694444444445,29.501388888888894,1089.0
81.13666666666667,29.501388888888894,1089.0
81.13638888888889,29.501388888888894,1089.0
81.13611111111112,29.501388888888894,1088.0
81.13583333333334,29.50166666666667,1088.0
81.13555555555556,29.50166666666667,1088.0
81.13527777777777,29.50166666666667,1088.0
81.135,29.501944444444447,1087.0
81.13472222222222,29.502222222222226,1087.0
81.13472222222222,29.502500000000005,1086.0
81.13444444444444,29.50277777777778,1086.0
81.13444444444444,29.50305555555556,1086.0
81.13416666666667,29.503333333333337,1085.0
81.13388888888889,29.503611111111116,1085.0
81.13361111111111,29.503611111111116,1085.0
81.13333333333334,29.503611111111116,1085.0
81.13305555555556,29.503611111111116,1085.0
81.13277777777778,29.503611111111116,1084.0
81.13250000000001,29.503611111111116,1084.0
81.13222222222223,29.503611111111116,1083.0
81.13194444444444,29.503611111111116,1083.0
81.13166666666667,29.503611111111116,1083.0
81.13138888888889,29.50388888888889,1082.0
81.13111111111111,29.50388888888889,1082.0
81.13083333333334,29.50388888888889,1082.0
81.13055555555556,29.50388888888889,1081.0
81.13027777777778,29.50388888888889,1081.0
81.13,29.50388888888889,1081.0
81.12972222222223,29.503611111111116,1081.0
81.12944444444445,29.503611111111116,1080.0
81.12916666666666,29.503611111111116,1080.0
81.1288888888889,29.503611111111116,1079.0
81.12861111111111,29.503333333333337,1079.0
81.12833333333333,29.503333333333337,1079.0
81.12805555555556,29.503333333333337,1078.0
81.12777777777778,29.50305555555556,1078.0
81.1275,29.50277777777778,1077.0
81.12722222222223,29.50277777777778,1077.0
81.12694444444445,29.50277777777778,1077.0
81.12666666666667,29.502500000000005,1076.0
81.1263888888889,29.502500000000005,1076.0
81.12611111111111,29.502222222222226,1076.0
81.12583333333333,29.502222222222226,1075.0
81.12555555555556,29.501944444444447,1075.0
81.12527777777778,29.501944444444447,1075.0
81.125,29.501944444444447,1074.0
81.12472222222222,29.501944444444447,1074.0
81.12444444444445,29.501944444444447,1074.0
81.12416666666667,29.501944444444447,1073.0
81.12388888888889,29.501944444444447,1073.0
81.12361111111112,29.502222222222226,1073.0
81.12333333333333,29.502500000000005,1072.0
81.12305555555555,29.502500000000005,1072.0
81.12277777777778,29.50277777777778,1071.0
81.12277777777778,29.50305555555556,1071.0
81.12277777777778,29.503333333333337,1071.0
81.1225,29.503611111111116,1071.0
81.1225,29.50388888888889,1070.0
81.12222222222222,29.50416666666667,1070.0
81.12222222222222,29.50444444444445,1069.0
81.12194444444445,29.50444444444445,1069.0
81.12166666666667,29.504722222222227,1069.0
81.12138888888889,29.505000000000003,1068.0
81.12111111111112,29.505000000000003,1068.0
81.12083333333334,29.505000000000003,1068.0
81.12055555555555,29.504722222222227,1067.0
81.12027777777779,29.504722222222227,1067.0
81.12,29.50444444444445,1066.0
81.11972222222222,29.50416666666667,1066.0
81.11944444444444,29.50388888888889,1065.0
81.11916666666667,29.503611111111116,1065.0
81.11888888888889,29.503333333333337,1064.0
81.11861111111111,29.50305555555556,1064.0
81.11861111111111,29.50277777777778,1063.0
81.11833333333334,29.502500000000005,1063.0
81.11833333333334,29.502222222222226,1063.0
81.11805555555556,29.501944444444447,1062.0
81.11777777777777,29.50166666666667,1062.0
81.1175,29.501388888888894,1061.0
81.11722222222222,29.501388888888894,1061.0
81.11694444444444,29.501388888888894,1061.0
81.11666666666667,29.501111111111115,1060.0
81.11638888888889,29.501111111111115,1060.0
81.11611111111111,29.501111111111115,1060.0
81.11583333333334,29.501111111111115,1059.0
81.11555555555556,29.501111111111115,1059.0
81.11527777777778,29.501111111111115,1059.0
81.11500000000001,29.501111111111115,1059.0
81.11472222222223,29.501111111111115,1059.0
81.11444444444444,29.501111111111115,1058.0
81.11416666666666,29.501111111111115,1058.0
81.1138888888889,29.501111111111115,1058.0
81.11361111111111,29.501111111111115,1058.0
81.11333333333333,29.501111111111115,1057.0
81.11305555555556,29.501111111111115,1057.0
81.11277777777778,29.501111111111115,1057.0
81.1125,29.501111111111115,1057.0
81.11222222222223,29.501111111111115,1056.0
81.11194444444445,29.501111111111115,1056.0
81.11166666666666,29.501111111111115,1056.0
81.1113888888889,29.501111111111115,1056.0
81.11111111111111,29.501111111111115,1055.0
81.11083333333333,29.501111111111115,1055.0
81.11055555555556,29.501111111111115,1055.0
81.11027777777778,29.501111111111115,1055.0
81.11,29.501111111111115,1054.0
81.10972222222223,29.501111111111115,1054.0
81.10944444444445,29.501111111111115,1054.0
81.10916666666667,29.501111111111115,1054.0
81.10888888888888,29.501111111111115,1054.0
81.10861111111112,29.501111111111115,1053.0
81.10833333333333,29.501111111111115,1053.0
81.10805555555555,29.501111111111115,1053.0
81.10777777777778,29.500833333333336,1052.0
81.1075,29.500833333333336,1052.0
81.10722222222222,29.500833333333336,1052.0
81.10694444444445,29.500833333333336,1052.0
81.10666666666667,29.500555555555557,1051.0
81.10638888888889,29.500555555555557,1051.0
81.10611111111112,29.500555555555557,1051.0
81.10583333333334,29.500277777777782,1051.0
81.10555555555555,29.500000000000004,1050.0
81.10527777777779,29.500000000000004,1050.0
81.105,29.500000000000004,1050.0
81.10472222222222,29.500000000000004,1050.0
81.10444444444445,29.500000000000004,1050.0
81.10416666666667,29.500000000000004,1049.0
81.10388888888889,29.500000000000004,1049.0
81.1036111111111,29.500000000000004,1049.0
81.10333333333334,29.500000000000004,1049.0
81.10305555555556,29.500000000000004,1048.0
81.10277777777777,29.500000000000004,1048.0
81.1025,29.500000000000004,1048.0
81.10222222222222,29.500000000000004,1048.0
81.10194444444444,29.500000000000004,1047.0
81.10166666666667,29.500000000000004,1047.0
81.10138888888889,29.500000000000004,1047.0
81.10111111111111,29.499722222222225,1047.0
81.10083333333334,29.49944444444445,1046.0
81.10055555555556,29.49944444444445,1046.0
81.10027777777778,29.49944444444445,1046.0
81.10000000000001,29.49944444444445,1046.0
81.09972222222223,29.49916666666667,1045.0
81.09944444444444,29.49916666666667,1045.0
81.09916666666668,29.49916666666667,1045.0
81.0988888888889,29.49916666666667,1045.0
81.09861111111111,29.498888888888892,1044.0
81.09833333333333,29.498611111111114,1044.0
81.09805555555556,29.49833333333334,1044.0
81.09805555555556,29.49805555555556,1043.0
81.09777777777778,29.49777777777778,1043.0
81.0975,29.497500000000002,1043.0
81.0975,29.497222222222227,1042.0
81.09722222222223,29.497222222222227,1042.0
81.09694444444445,29.497222222222227,1042.0
81.09666666666666,29.497222222222227,1042.0
81.0963888888889,29.497222222222227,1042.0
81.09611111111111,29.497222222222227,1041.0
81.09583333333333,29.497222222222227,1041.0
81.09555555555556,29.497222222222227,1041.0
81.09527777777778,29.49694444444445,1041.0
81.095,29.49694444444445,1040.0
81.09472222222223,29.49694444444445,1040.0
81.09444444444445,29.49666666666667,1040.0
81.09416666666667,29.49666666666667,1040.0
81.0938888888889,29.49638888888889,1039.0
81.09361111111112,29.49638888888889,1039.0
81.09333333333333,29.496111111111116,1039.0
81.09305555555555,29.495833333333337,1038.0
81.09277777777778,29.495833333333337,1038.0
81.0925,29.495833333333337,1038.0
81.09222222222222,29.495833333333337,1038.0
81.09194444444445,29.495833333333337,1038.0
81.09166666666667,29.495833333333337,1037.0
81.09138888888889,29.495833333333337,1037.0
81.09111111111112,29.495833333333337,1037.0
81.09083333333334,29.495833333333337,1037.0
81.09055555555555,29.495833333333337,1036.0
81.09027777777779,29.495833333333337,1036.0
81.09,29.496111111111116,1036.0
81.08972222222222,29.496111111111116,1036.0
81.08944444444445,29.49638888888889,1035.0
81.08916666666667,29.49638888888889,1035.0
81.08888888888889,29.49638888888889,1035.0
81.08861111111112,29.49638888888889,1035.0
81.08833333333334,29.49666666666667,1034.0
81.08805555555556,29.49666666666667,1034.0
81.08777777777777,29.49694444444445,1034.0
81.0875,29.497222222222227,1033.0
81.08722222222222,29.497500000000002,1033.0
81.08694444444444,29.49777777777778,1033.0
81.08666666666667,29.49805555555556,1032.0
81.08638888888889,29.49805555555556,1032.0
81.08611111111111,29.49805555555556,1032.0
81.08583333333334,29.49833333333334,1032.0
81.08555555555556,29.49833333333334,1031.0
81.08527777777778,29.49833333333334,1031.0
81.08500000000001,29.49833333333334,1031.0
81.08472222222223,29.49833333333334,1031.0
81.08444444444444,29.49833333333334,1030.0
81.08416666666668,29.49833333333334,1030.0
81.0838888888889,29.49833333333334,1030.0
81.08361111111111,29.49805555555556,1030.0
81.08333333333334,29.49777777777778,1029.0
81.08305555555556,29.49777777777778,1029.0
81.08277777777778,29.497500000000002,1029.0
81.0825,29.497500000000002,1029.0
81.08222222222223,29.497222222222227,1028.0
81.08194444444445,29.497222222222227,1028.0
81.08166666666666,29.497222222222227,1028.0
81.0813888888889,29.49694444444445,1028.0
81.08111111111111,29.49666666666667,1027.0
81.08083333333333,29.49638888888889,1027.0
81.08055555555556,29.496111111111116,1026.0
81.08027777777778,29.495833333333337,1026.0
81.08,29.49555555555556,1026.0
81.07972222222223,29.49527777777778,1025.0
81.07972222222223,29.495000000000005,1025.0
81.07944444444445,29.494722222222226,1025.0
81.07916666666667,29.494444444444447,1024.0
81.0788888888889,29.494444444444447,1024.0
81.07861111111112,29.49416666666667,1024.0
81.07833333333333,29.49416666666667,1024.0
81.07805555555557,29.49416666666667,1024.0
81.07777777777778,29.49416666666667,1023.0
81.0775,29.49416666666667,1023.0
81.07722222222222,29.49416666666667,1023.0
81.07694444444445,29.493888888888893,1023.0
81.07666666666667,29.493888888888893,1022.0
81.07638888888889,29.493888888888893,1022.0
81.07611111111112,29.493611111111115,1022.0
81.07583333333334,29.493333333333336,1021.0
81.07555555555555,29.493333333333336,1021.0
81.07527777777779,29.49305555555556,1021.0
81.075,29.492777777777782,1020.0
81.07472222222222,29.492777777777782,1020.0
81.07444444444445,29.492500000000003,1020.0
81.07416666666667,29.492222222222225,1019.0
81.07388888888889,29.492222222222225,1019.0
81.07361111111112,29.492222222222225,1019.0
81.07333333333334,29.49194444444445,1019.0
81.07305555555556,29.49166666666667,1018.0
81.07277777777777,29.49166666666667,1018.0
81.0725,29.49166666666667,1018.0
81.07222222222222,29.49166666666667,1018.0
81.07194444444444,29.49166666666667,1018.0
81.07166666666667,29.49166666666667,1017.0
81.07138888888889,29.49166666666667,1017.0
81.07111111111111,29.49194444444445,1017.0
81.07083333333334,29.49194444444445,1016.0
81.07083333333334,29.492222222222225,1016.0
81.07055555555556,29.492500000000003,1016.0
81.07055555555556,29.492777777777782,1016.0
81.07027777777778,29.49305555555556,1015.0
81.07000000000001,29.49305555555556,1015.0
81.06972222222223,29.493333333333336,1015.0
81.06944444444444,29.493611111111115,1014.0
81.06916666666667,29.493888888888893,1014.0
81.06888888888889,29.49416666666667,1014.0
81.06861111111111,29.494444444444447,1013.0
81.06833333333334,29.494444444444447,1013.0
81.06805555555556,29.494444444444447,1013.0
81.06777777777778,29.494722222222226,1013.0
81.0675,29.494722222222226,1012.0
81.06722222222223,29.494722222222226,1012.0
81.06694444444445,29.494722222222226,1012.0
81.06666666666666,29.494444444444447,1011.0
81.0663888888889,29.494444444444447,1011.0
81.06611111111111,29.49416666666667,1011.0
81.06583333333333,29.493888888888893,1010.0
81.06555555555556,29.493888888888893,1010.0
81.06527777777778,29.493611111111115,1010.0
81.065,29.493333333333336,1010.0
81.06472222222223,29.49305555555556,1009.0
81.06444444444445,29.49305555555556,1009.0
81.06416666666667,29.492777777777782,1009.0
81.0638888888889,29.492500000000003,1008.0
81.0638888888889,29.492222222222225,1008.0
81.06361111111111,29.49194444444445,1008.0
81.06333333333333,29.49166666666667,1007.0
81.06305555555556,29.491388888888892,1007.0
81.06277777777778,29.491111111111113,1007.0
81.0625,29.490833333333338,1006.0
81.06222222222222,29.490833333333338,1006.0
81.06194444444445,29.49055555555556,1006.0
81.06166666666667,29.49055555555556,1006.0
81.06138888888889,29.49027777777778,1005.0
81.06111111111112,29.49027777777778,1005.0
81.06083333333333,29.490000000000002,1005.0
81.06055555555555,29.489722222222227,1004.0
81.06027777777778,29.489722222222227,1004.0
81.06,29.489722222222227,1004.0
81.05972222222222,29.489722222222227,1004.0
81.05944444444445,29.489722222222227,1004.0
81.05916666666667,29.489722222222227,1003.0
81.05888888888889,29.489722222222227,1003.0
81.05861111111112,29.489722222222227,1003.0
81.05833333333334,29.489722222222227,1003.0
81.05805555555555,29.490000000000002,1002.0
81.05777777777779,29.490000000000002,1002.0
81.0575,29.490000000000002,1002.0
81.05722222222222,29.490000000000002,1002.0
81.05694444444444,29.49027777777778,1001.0
81.05666666666667,29.49027777777778,1001.0
81.05638888888889,29.49027777777778,1001.0
81.05611111111111,29.49027777777778,1001.0
81.05583333333334,29.49027777777778,1000.0
81.05555555555556,29.49027777777778,1000.0
81.05527777777777,29.49027777777778,1000.0
81.055,29.49027777777778,1000.0
81.05472222222222,29.490000000000002,1000.0
81.05472222222222,29.489722222222227,1000.0
81.05472222222222,29.489444444444448,1000.0
81.05472222222222,29.48916666666667,1000.0
81.055,29.48888888888889,999.0
81.055,29.488611111111116,999.0
81.05527777777777,29.488333333333337,999.0
81.05527777777777,29.488055555555558,999.0
81.05527777777777,29.487777777777783,998.0
81.05527777777777,29.487500000000004,998.0
81.05555555555556,29.487222222222226,998.0
81.05555555555556,29.486944444444447,998.0
81.05555555555556,29.48666666666667,997.0
81.05555555555556,29.486388888888893,997.0
81.05527777777777,29.486111111111114,997.0
81.055,29.485833333333336,997.0
81.05472222222222,29.485833333333336,996.0
81.05444444444444,29.485833333333336,996.0
81.05416666666667,29.48555555555556,996.0
81.05388888888889,29.48555555555556,995.0
81.05361111111111,29.48527777777778,995.0
81.05333333333334,29.48527777777778,995.0
81.05305555555556,29.485000000000003,994.0
81.05277777777778,29.485000000000003,994.0
81.05250000000001,29.485000000000003,994.0
81.05222222222223,29.484722222222224,993.0
81.05194444444444,29.484722222222224,993.0
81.05166666666666,29.484722222222224,993.0
81.0513888888889,29.48444444444445,992.0
81.05111111111111,29.48444444444445,992.0
81.05083333333333,29.48416666666667,992.0
81.05055555555556,29.48388888888889,991.0
81.05027777777778,29.48388888888889,991.0
81.05,29.483611111111113,991.0
81.04972222222223,29.483333333333338,990.0
81.04944444444445,29.48305555555556,990.0
81.04916666666666,29.48277777777778,989.0
81.0488888888889,29.48277777777778,989.0
81.04861111111111,29.4825,989.0
81.04833333333333,29.482222222222227,988.0
81.04805555555556,29.481944444444448,988.0
81.04777777777778,29.48166666666667,987.0
81.04777777777778,29.481388888888894,987.0
81.04777777777778,29.481111111111115,987.0
81.0475,29.480833333333337,986.0
81.04722222222223,29.480555555555558,986.0
81.04694444444445,29.480277777777783,986.0
81.04666666666667,29.480000000000004,985.0
81.04638888888888,29.480000000000004,985.0
81.04611111111112,29.480000000000004,985.0
81.04583333333333,29.480000000000004,984.0
81.04555555555555,29.479722222222225,984.0
81.04527777777778,29.479722222222225,984.0
81.045,29.479722222222225,984.0
81.04472222222222,29.479722222222225,984.0
81.04444444444445,29.479722222222225,983.0
81.04416666666667,29.479722222222225,983.0
81.04388888888889,29.479722222222225,983.0
81.04361111111112,29.479722222222225,983.0
81.04333333333334,29.479722222222225,982.0
81.04305555555555,29.479722222222225,982.0
81.04277777777779,29.479722222222225,982.0
81.0425,29.479722222222225,982.0
81.04222222222222,29.479722222222225,981.0
81.04194444444445,29.479722222222225,981.0
81.04166666666667,29.479722222222225,981.0
81.04138888888889,29.479722222222225,981.0
81.0411111111111,29.479722222222225,981.0
81.04083333333334,29.480000000000004,980.0
81.04055555555556,29.480000000000004,980.0
81.04027777777777,29.480000000000004,980.0
81.04,29.480000000000004,980.0
81.03972222222222,29.480000000000004,979.0
81.03944444444444,29.480277777777783,979.0
81.03916666666667,29.480277777777783,979.0
81.03888888888889,29.480277777777783,979.0
81.03861111111111,29.480277777777783,978.0
81.03833333333334,29.480277777777783,978.0
81.03805555555556,29.480277777777783,978.0
81.03777777777778,29.480277777777783,978.0
81.03750000000001,29.480555555555558,977.0
81.03722222222223,29.480555555555558,977.0
81.03694444444444,29.480555555555558,977.0
81.03666666666668,29.480277777777783,977.0
81.0363888888889,29.480000000000004,976.0
81.03611111111111,29.480000000000004,976.0
81.03583333333333,29.480000000000004,976.0
81.03555555555556,29.480000000000004,976.0
81.03527777777778,29.480000000000004,976.0
81.035,29.480000000000004,975.0
81.03472222222223,29.479722222222225,975.0
81.03444444444445,29.479722222222225,975.0
81.03416666666666,29.479444444444447,974.0
81.0338888888889,29.479444444444447,974.0
81.03361111111111,29.479444444444447,974.0
81.03333333333333,29.47916666666667,974.0
81.03305555555556,29.478888888888893,973.0
81.03277777777778,29.478888888888893,973.0
81.0325,29.478888888888893,973.0
81.03222222222223,29.478611111111114,973.0
81.03194444444445,29.478333333333335,972.0
81.03166666666667,29.478333333333335,972.0
81.0313888888889,29.478333333333335,972.0
81.03111111111112,29.478333333333335,972.0
81.03083333333333,29.478333333333335,972.0
81.03055555555555,29.478333333333335,971.0
81.03027777777778,29.478333333333335,971.0
81.03,29.478333333333335,971.0
81.02972222222222,29.47805555555556,971.0
81.02944444444445,29.47805555555556,970.0
81.02916666666667,29.47805555555556,970.0
81.02888888888889,29.47805555555556,970.0
81.02861111111112,29.47805555555556,970.0
81.02833333333334,29.47805555555556,969.0
81.02805555555555,29.47805555555556,969.0
81.02777777777779,29.47805555555556,969.0
81.0275,29.47805555555556,969.0
81.02722222222222,29.478333333333335,968.0
81.02694444444445,29.478333333333335,968.0
81.02666666666667,29.478333333333335,968.0
81.02638888888889,29.478333333333335,968.0
81.02611111111112,29.478333333333335,968.0
81.02583333333334,29.478333333333335,967.0
81.02555555555556,29.478333333333335,967.0
81.02527777777777,29.478333333333335,967.0
81.025,29.478333333333335,967.0
81.02472222222222,29.478333333333335,966.0
81.02444444444444,29.478333333333335,966.0
81.02416666666667,29.478333333333335,966.0
81.02388888888889,29.478611111111114,966.0
81.02361111111111,29.478611111111114,965.0
81.02333333333334,29.478611111111114,965.0
81.02305555555556,29.478888888888893,965.0
81.02277777777778,29.478888888888893,965.0
81.02250000000001,29.478888888888893,965.0
81.02222222222223,29.47916666666667,964.0
81.02194444444444,29.47916666666667,964.0
81.02166666666668,29.47916666666667,964.0
81.0213888888889,29.47916666666667,964.0
81.02111111111111,29.47916666666667,963.0
81.02083333333334,29.47916666666667,963.0
81.02055555555556,29.479444444444447,963.0
81.02027777777778,29.479444444444447,963.0
81.02,29.479444444444447,962.0
81.01972222222223,29.479444444444447,962.0
81.01944444444445,29.479444444444447,962.0
81.01916666666666,29.479444444444447,962.0
81.0188888888889,29.479722222222225,961.0
81.01861111111111,29.479722222222225,961.0
81.01833333333333,29.479722222222225,961.0
81.01805555555556,29.480000000000004,961.0
81.01777777777778,29.480277777777783,960.0
81.0175,29.480555555555558,960.0
81.01722222222223,29.480833333333337,960.0
81.01694444444445,29.481111111111115,959.0
81.01666666666667,29.481111111111115,959.0
81.0163888888889,29.481111111111115,959.0
81.01611111111112,29.481388888888894,959.0
81.01583333333333,29.48166666666667,958.0
81.01555555555557,29.48166666666667,958.0
81.01527777777778,29.481944444444448,958.0
81.015,29.481944444444448,958.0
81.01472222222222,29.481944444444448,957.0
81.01444444444445,29.481944444444448,957.0
81.01416666666667,29.481944444444448,957.0
81.01388888888889,29.481944444444448,957.0
81.01361111111112,29.48166666666667,956.0
81.01333333333334,29.48166666666667,956.0
81.01305555555555,29.48166666666667,956.0
81.01277777777779,29.481388888888894,956.0
81.0125,29.481111111111115,955.0
81.01222222222222,29.481111111111115,955.0
81.01194444444445,29.480833333333337,955.0
81.01166666666667,29.480833333333337,955.0
81.01138888888889,29.480555555555558,954.0
81.01138888888889,29.480277777777783,954.0
81.01111111111112,29.480000000000004,954.0
81.01083333333334,29.479722222222225,953.0
81.01055555555556,29.479444444444447,953.0
81.01027777777777,29.47916666666667,953.0
81.01,29.478888888888893,952.0
81.00972222222222,29.478611111111114,952.0
81.00944444444444,29.478333333333335,952.0
81.00916666666667,29.47805555555556,951.0
81.00888888888889,29.47805555555556,951.0
81.00861111111111,29.47777777777778,951.0
81.00833333333334,29.477500000000003,950.0
81.00833333333334,29.477222222222224,950.0
81.00833333333334,29.47694444444445,950.0
81.00833333333334,29.47666666666667,950.0
81.00833333333334,29.47638888888889,950.0
81.00805555555556,29.476111111111116,949.0
81.00805555555556,29.475833333333338,949.0
81.00805555555556,29.47555555555556,949.0
81.00777777777778,29.47527777777778,948.0
81.00777777777778,29.475000000000005,948.0
81.00777777777778,29.474722222222226,948.0
81.00777777777778,29.474444444444448,948.0
81.00750000000001,29.47416666666667,947.0
81.00750000000001,29.473888888888894,947.0
81.00722222222223,29.473611111111115,947.0
81.00694444444444,29.473333333333336,946.0
81.00666666666667,29.473055555555558,946.0
81.00638888888889,29.472777777777782,946.0
81.00611111111111,29.472500000000004,945.0
81.00611111111111,29.472222222222225,945.0
81.00583333333334,29.471944444444446,945.0
81.00555555555556,29.47166666666667,944.0
81.00527777777778,29.471388888888892,944.0
81.005,29.471111111111114,944.0
81.00472222222223,29.47083333333334,943.0
81.00444444444445,29.47083333333334,943.0
81.00416666666666,29.47083333333334,943.0
81.0038888888889,29.47055555555556,943.0
81.00361111111111,29.47027777777778,942.0
81.00333333333333,29.47027777777778,942.0
81.00305555555556,29.47027777777778,942.0
81.00277777777778,29.47027777777778,942.0
81.0025,29.470000000000002,941.0
81.00222222222223,29.470000000000002,941.0
81.00194444444445,29.469722222222227,941.0
81.00166666666667,29.469722222222227,941.0
81.0013888888889,29.46944444444445,940.0
81.00111111111111,29.46944444444445,940.0
81.00083333333333,29.46944444444445,940.0
81.00055555555556,29.46944444444445,940.0
81.00027777777778,29.46944444444445,940.0
81.0,29.46916666666667,940.0
80.99972222222222,29.46916666666667,940.0
80.99944444444445,29.46916666666667,939.0
80.99916666666667,29.46916666666667,939.0
80.99888888888889,29.46916666666667,938.0
80.99861111111112,29.46916666666667,938.0
80.99833333333333,29.46916666666667,938.0
80.99805555555555,29.46916666666667,937.0
80.99777777777778,29.46916666666667,937.0
80.9975,29.46916666666667,937.0
80.99722222222222,29.46888888888889,936.0
80.99694444444445,29.46888888888889,936.0
80.99666666666667,29.468611111111116,935.0
80.99638888888889,29.468611111111116,935.0
80.99611111111112,29.468611111111116,934.0
80.99583333333334,29.468333333333337,934.0
80.99555555555555,29.46805555555556,933.0
80.99527777777779,29.46805555555556,933.0
80.995,29.46805555555556,933.0
80.99472222222222,29.46805555555556,932.0
80.99444444444444,29.46805555555556,932.0
80.99416666666667,29.46805555555556,932.0
80.99388888888889,29.46805555555556,931.0
80.99361111111111,29.46805555555556,931.0
80.99333333333334,29.46805555555556,930.0
80.99305555555556,29.46805555555556,930.0
80.99277777777777,29.46777777777778,930.0
80.9925,29.46777777777778,929.0
80.99222222222222,29.46777777777778,929.0
80.99194444444444,29.46777777777778,929.0
80.99166666666667,29.46777777777778,928.0
80.99138888888889,29.46777777777778,928.0
80.99111111111111,29.46777777777778,927.0
80.99083333333334,29.46777777777778,927.0
80.99055555555556,29.467500000000005,927.0
80.99027777777778,29.467500000000005,926.0
80.99000000000001,29.467500000000005,926.0
80.98972222222223,29.467500000000005,925.0
80.98944444444444,29.467500000000005,925.0
80.98916666666666,29.467500000000005,925.0
80.9888888888889,29.467500000000005,924.0
80.98861111111111,29.467500000000005,924.0
80.98833333333333,29.467500000000005,924.0
80.98805555555556,29.467222222222226,923.0
80.98777777777778,29.467222222222226,923.0
80.9875,29.466944444444447,922.0
80.98722222222223,29.46666666666667,921.0
80.98722222222223,29.466388888888893,921.0
80.98694444444445,29.466111111111115,921.0
80.98694444444445,29.465833333333336,920.0
80.98694444444445,29.465555555555557,920.0
80.98694444444445,29.465277777777782,919.0
80.98694444444445,29.465000000000003,919.0
80.98666666666666,29.464722222222225,918.0
80.9863888888889,29.46444444444445,918.0
80.98611111111111,29.46416666666667,917.0
80.98611111111111,29.463888888888892,917.0
80.98583333333333,29.463611111111113,916.0
80.98555555555556,29.46333333333334,916.0
80.98527777777778,29.46305555555556,915.0
80.985,29.46305555555556,915.0
80.98472222222223,29.46277777777778,915.0
80.98444444444445,29.462500000000002,914.0
80.98416666666667,29.462500000000002,914.0
80.98388888888888,29.462500000000002,914.0
80.98361111111112,29.462500000000002,913.0
80.98333333333333,29.462500000000002,913.0
80.98305555555555,29.462500000000002,913.0
80.98277777777778,29.462500000000002,912.0
80.9825,29.46277777777778,912.0
80.98222222222222,29.46305555555556,911.0
80.98194444444445,29.46333333333334,911.0
80.98166666666667,29.463611111111113,910.0
80.98138888888889,29.463888888888892,910.0
80.98111111111112,29.46416666666667,909.0
80.98083333333334,29.46416666666667,909.0
80.98055555555555,29.46444444444445,909.0
80.98027777777779,29.464722222222225,908.0
80.98,29.464722222222225,908.0
80.97972222222222,29.465000000000003,908.0
80.97944444444445,29.465000000000003,907.0
80.97916666666667,29.465277777777782,907.0
80.97888888888889,29.465277777777782,907.0
80.9786111111111,29.465277777777782,906.0
80.97833333333334,29.465555555555557,906.0
80.97805555555556,29.465555555555557,906.0
80.97777777777777,29.465555555555557,905.0
80.9775,29.465833333333336,905.0
80.97722222222222,29.465833333333336,905.0
80.97694444444444,29.465833333333336,904.0
80.97666666666667,29.466111111111115,904.0
80.97638888888889,29.466111111111115,904.0
80.97611111111111,29.466111111111115,903.0
80.97583333333334,29.466388888888893,903.0
80.97555555555556,29.466388888888893,903.0
80.97527777777778,29.46666666666667,902.0
80.97500000000001,29.46666666666667,902.0
80.97472222222223,29.466944444444447,901.0
80.97444444444444,29.466944444444447,901.0
80.97416666666668,29.466944444444447,901.0
80.9738888888889,29.46666666666667,900.0
80.97361111111111,29.46666666666667,900.0
80.97333333333333,29.46666666666667,900.0
80.97305555555556,29.46666666666667,899.0
80.97277777777778,29.46666666666667,899.0
80.9725,29.466388888888893,899.0
80.97222222222223,29.466388888888893,898.0
80.97194444444445,29.466388888888893,898.0
80.97166666666666,29.466111111111115,898.0
80.9713888888889,29.465833333333336,897.0
80.97111111111111,29.465833333333336,897.0
80.97083333333333,29.465833333333336,897.0
80.97055555555556,29.465833333333336,897.0
80.97027777777778,29.465833333333336,896.0
80.97,29.465833333333336,896.0
80.96972222222223,29.465555555555557,895.0
80.96944444444445,29.465555555555557,895.0
80.96916666666667,29.465555555555557,895.0
80.9688888888889,29.465555555555557,895.0
80.96861111111112,29.465277777777782,894.0
80.96833333333333,29.465277777777782,894.0
80.96805555555555,29.465000000000003,893.0
80.96777777777778,29.465000000000003,893.0
80.9675,29.465000000000003,893.0
80.96722222222222,29.464722222222225,892.0
80.96694444444445,29.464722222222225,892.0
80.96666666666667,29.464722222222225,892.0
80.96638888888889,29.464722222222225,892.0
80.96611111111112,29.464722222222225,891.0
80.96583333333334,29.464722222222225,891.0
80.96555555555555,29.46444444444445,890.0
80.96527777777779,29.46444444444445,890.0
80.965,29.46416666666667,890.0
80.96472222222222,29.463888888888892,889.0
80.96472222222222,29.463611111111113,889.0
80.96472222222222,29.46333333333334,889.0
80.96472222222222,29.46305555555556,888.0
80.96444444444445,29.46305555555556,888.0
80.96416666666667,29.46305555555556,887.0
80.96388888888889,29.46305555555556,887.0
80.96361111111112,29.46305555555556,887.0
80.96333333333334,29.46305555555556,886.0
80.96305555555556,29.46305555555556,886.0
80.96277777777777,29.46305555555556,886.0
80.9625,29.46305555555556,885.0
80.96222222222222,29.46305555555556,885.0
80.96194444444444,29.46305555555556,885.0
80.96166666666667,29.46305555555556,885.0
80.96138888888889,29.46305555555556,884.0
80.96111111111111,29.46305555555556,884.0
80.96083333333334,29.46305555555556,884.0
80.96055555555556,29.46305555555556,883.0
80.96027777777778,29.46305555555556,883.0
80.96000000000001,29.46305555555556,883.0
80.95972222222223,29.46305555555556,882.0
80.95944444444444,29.46305555555556,882.0
80.95916666666668,29.46305555555556,882.0
80.9588888888889,29.46277777777778,881.0
80.95861111111111,29.46277777777778,881.0
80.95833333333334,29.46277777777778,881.0
80.95805555555556,29.46277777777778,881.0
80.95777777777778,29.46277777777778,880.0
80.9575,29.46277777777778,880.0
80.95722222222223,29.46277777777778,879.0
80.95694444444445,29.46277777777778,879.0
80.95666666666666,29.46277777777778,879.0
80.9563888888889,29.46277777777778,879.0
80.95611111111111,29.46277777777778,878.0
80.95583333333333,29.46277777777778,878.0
80.95555555555556,29.46277777777778,878.0
80.95527777777778,29.46277777777778,877.0
80.955,29.46277777777778,877.0
80.95472222222223,29.46277777777778,877.0
80.95444444444445,29.46277777777778,876.0
80.95416666666667,29.46277777777778,876.0
80.9538888888889,29.46277777777778,876.0
80.95361111111112,29.46277777777778,875.0
80.95333333333333,29.46277777777778,875.0
80.95305555555557,29.46277777777778,875.0
80.95277777777778,29.46277777777778,874.0
80.9525,29.462500000000002,874.0
80.95222222222222,29.462500000000002,874.0
80.95194444444445,29.462500000000002,873.0
80.95166666666667,29.462222222222227,873.0
80.95138888888889,29.46194444444445,872.0
80.95111111111112,29.46194444444445,872.0
80.95083333333334,29.46166666666667,872.0
80.95055555555555,29.46138888888889,871.0
80.95027777777779,29.461111111111116,871.0
80.95,29.460833333333337,870.0
80.94972222222222,29.460833333333337,870.0
80.94944444444445,29.460833333333337,870.0
80.94916666666667,29.46055555555556,870.0
80.94888888888889,29.46055555555556,869.0
80.94861111111112,29.46055555555556,869.0
80.94833333333334,29.460833333333337,868.0
80.94805555555556,29.461111111111116,868.0
80.94777777777777,29.46138888888889,867.0
80.9475,29.46166666666667,867.0
80.94722222222222,29.46194444444445,866.0
80.94694444444444,29.46194444444445,866.0
80.94666666666667,29.46194444444445,866.0
80.94638888888889,29.46194444444445,865.0
80.94611111111111,29.46166666666667,865.0
80.94583333333334,29.46138888888889,864.0
80.94555555555556,29.461111111111116,864.0
80.94527777777778,29.460833333333337,863.0
80.94527777777778,29.46055555555556,863.0
80.94527777777778,29.46027777777778,863.0
80.94527777777778,29.460000000000004,862.0
80.94500000000001,29.459722222222226,862.0
80.94472222222223,29.459722222222226,862.0
80.94444444444444,29.459722222222226,861.0
80.94416666666667,29.459722222222226,861.0
80.94388888888889,29.459722222222226,861.0
80.94361111111111,29.460000000000004,860.0
80.94333333333334,29.460000000000004,860.0
80.94305555555556,29.46027777777778,860.0
80.94277777777778,29.46055555555556,859.0
80.9425,29.46055555555556,859.0
80.94222222222223,29.460833333333337,859.0
80.94194444444445,29.461111111111116,858.0
80.94166666666666,29.461111111111116,858.0
80.9413888888889,29.461111111111116,858.0
80.94111111111111,29.46138888888889,857.0
80.94083333333333,29.46138888888889,857.0
80.94055555555556,29.46138888888889,857.0
80.94027777777778,29.46166666666667,857.0
80.94,29.46166666666667,856.0
80.93972222222223,29.46166666666667,856.0
80.93944444444445,29.46166666666667,856.0
80.93916666666667,29.46194444444445,856.0
80.9388888888889,29.46194444444445,855.0
80.93861111111111,29.46194444444445,855.0
80.93833333333333,29.462222222222227,855.0
80.93805555555556,29.462222222222227,854.0
80.93777777777778,29.462222222222227,854.0
80.9375,29.462222222222227,854.0
80.93722222222222,29.462500000000002,853.0
80.93694444444445,29.462500000000002,853.0
80.93666666666667,29.462500000000002,853.0
80.93638888888889,29.462500000000002,853.0
80.93611111111112,29.46277777777778,852.0
80.93583333333333,29.46277777777778,852.0
80.93555555555555,29.46277777777778,852.0
80.93527777777778,29.46305555555556,852.0
80.935,29.46305555555556,851.0
80.93472222222222,29.46333333333334,851.0
80.93444444444445,29.46333333333334,851.0
80.93416666666667,29.46333333333334,850.0
80.93388888888889,29.463611111111113,850.0
80.93361111111112,29.463888888888892,849.0
80.93333333333334,29.46416666666667,849.0
80.93305555555555,29.46416666666667,849.0
80.93277777777779,29.46416666666667,849.0
80.9325,29.46444444444445,848.0
80.93222222222222,29.46444444444445,848.0
80.93194444444444,29.46444444444445,848.0
80.93166666666667,29.46444444444445,847.0
80.93138888888889,29.46444444444445,847.0
80.93111111111111,29.46444444444445,847.0
80.93083333333334,29.46416666666667,846.0
80.93055555555556,29.46416666666667,846.0
80.93027777777777,29.46416666666667,846.0
80.93,29.46416666666667,846.0
80.92972222222222,29.46416666666667,845.0
80.92944444444444,29.46416666666667,845.0
80.92916666666667,29.463888888888892,845.0
80.92888888888889,29.463888888888892,845.0
80.92861111111111,29.463611111111113,844.0
80.92833333333334,29.46333333333334,844.0
80.92805555555556,29.46305555555556,843.0
80.92777777777778,29.46305555555556,843.0
80.92750000000001,29.46277777777778,843.0
80.92722222222223,29.462500000000002,842.0
80.92694444444444,29.462500000000002,842.0
80.92666666666666,29.462222222222227,842.0
80.9263888888889,29.46194444444445,841.0
80.9263888888889,29.46166666666667,841.0
80.9263888888889,29.46138888888889,841.0
80.92611111111111,29.461111111111116,840.0
80.92583333333333,29.460833333333337,840.0
80.92583333333333,29.46055555555556,840.0
80.92555555555556,29.46027777777778,839.0
80.92527777777778,29.46027777777778,839.0
80.925,29.460000000000004,839.0
80.92472222222223,29.459722222222226,838.0
80.92444444444445,29.459444444444447,838.0
80.92416666666666,29.459166666666672,838.0
80.9238888888889,29.458888888888893,837.0
80.92361111111111,29.458888888888893,837.0
80.92333333333333,29.458888888888893,837.0
80.92305555555556,29.458611111111114,837.0
80.92277777777778,29.458611111111114,837.0
80.9225,29.458333333333336,836.0
80.92222222222223,29.458333333333336,836.0
80.92194444444445,29.458333333333336,836.0
80.92166666666667,29.45805555555556,836.0
80.92138888888888,29.457777777777782,835.0
80.92111111111112,29.457777777777782,835.0
80.92083333333333,29.457777777777782,835.0
80.92055555555555,29.457777777777782,835.0
80.92027777777778,29.457500000000003,835.0
80.92,29.457500000000003,834.0
80.91972222222222,29.457500000000003,834.0
80.91944444444445,29.457500000000003,834.0
80.91916666666667,29.457500000000003,834.0
80.91888888888889,29.457500000000003,834.0
80.91861111111112,29.457500000000003,834.0
80.91833333333334,29.457500000000003,833.0
80.91805555555555,29.457500000000003,833.0
80.91777777777779,29.457500000000003,833.0
80.9175,29.457500000000003,833.0
80.91722222222222,29.457500000000003,832.0
80.91694444444445,29.457500000000003,832.0
80.91666666666667,29.457500000000003,832.0
80.91638888888889,29.457500000000003,832.0
80.9161111111111,29.457500000000003,832.0
80.91583333333334,29.457222222222224,831.0
80.91555555555556,29.457222222222224,831.0
80.91527777777777,29.457222222222224,831.0
80.915,29.457222222222224,831.0
80.91472222222222,29.457222222222224,831.0
80.91444444444444,29.45694444444445,830.0
80.91416666666667,29.45694444444445,830.0
80.91388888888889,29.45694444444445,830.0
80.91361111111111,29.45666666666667,830.0
80.91333333333334,29.456388888888892,829.0
80.91305555555556,29.456388888888892,829.0
80.91277777777778,29.456388888888892,829.0
80.91250000000001,29.456111111111113,829.0
80.91222222222223,29.455833333333338,829.0
80.91194444444444,29.45555555555556,829.0
80.91194444444444,29.45527777777778,829.0
80.91194444444444,29.455000000000002,829.0
80.91194444444444,29.454722222222227,829.0
80.91166666666668,29.454444444444448,827.0
80.91166666666668,29.45416666666667,826.0
80.91194444444444,29.45388888888889,826.0
80.91222222222223,29.453611111111115,828.0
80.91250000000001,29.453333333333337,825.0
80.91277777777778,29.453055555555558,826.0
80.91305555555556,29.452777777777783,827.0
80.91333333333334,29.452500000000004,829.0
80.91333333333334,29.452222222222225,828.0
80.91361111111111,29.451944444444447,824.0
80.91361111111111,29.45166666666667,823.0
80.91361111111111,29.451388888888893,825.0
80.91361111111111,29.451111111111114,824.0
80.91333333333334,29.451111111111114,824.0
80.91305555555556,29.451111111111114,822.0
80.91305555555556,29.450833333333335,823.0
80.91305555555556,29.45055555555556,823.0
80.91305555555556,29.45027777777778,823.0
80.91305555555556,29.450000000000003,823.0
80.91277777777778,29.449722222222224,822.0
80.91277777777778,29.44944444444445,822.0
80.91277777777778,29.44916666666667,822.0
80.91277777777778,29.44888888888889,821.0
80.91277777777778,29.448611111111113,821.0
80.91277777777778,29.448333333333338,820.0
80.91277777777778,29.44805555555556,820.0
80.91277777777778,29.44777777777778,821.0
80.91250000000001,29.447500000000005,820.0
80.91222222222223,29.447222222222226,819.0
80.91222222222223,29.446944444444448,820.0
80.91194444444444,29.44666666666667,820.0
80.91194444444444,29.446388888888894,819.0
80.91166666666668,29.446111111111115,819.0
80.9113888888889,29.445833333333336,819.0
80.91111111111111,29.445555555555558,818.0
80.91083333333333,29.445555555555558,818.0
80.91055555555556,29.445277777777783,817.0
80.91027777777778,29.445000000000004,816.0
80.91,29.444722222222225,814.0
80.90972222222223,29.444444444444446,815.0
80.90944444444445,29.44416666666667,816.0
80.90916666666666,29.443888888888893,818.0
80.9088888888889,29.443611111111114,820.0
80.90861111111111,29.443333333333335,819.0
80.90833333333333,29.44305555555556,818.0
80.90833333333333,29.44277777777778,821.0
80.90833333333333,29.442500000000003,821.0
80.90805555555556,29.442222222222227,817.0
80.90805555555556,29.44194444444445,819.0
80.90805555555556,29.44166666666667,816.0
80.90805555555556,29.44138888888889,815.0
80.90805555555556,29.441111111111116,817.0
80.90805555555556,29.440833333333337,821.0
80.90777777777778,29.44055555555556,817.0
80.90777777777778,29.44027777777778,819.0
80.9075,29.440000000000005,819.0
80.9075,29.439722222222226,820.0
80.90722222222223,29.439444444444447,821.0
80.90722222222223,29.43916666666667,820.0
80.90722222222223,29.438888888888894,816.0
80.90694444444445,29.438611111111115,811.0
80.90694444444445,29.438333333333336,810.0
80.90666666666667,29.438055555555557,809.0
80.9063888888889,29.438055555555557,809.0
80.90611111111112,29.438055555555557,809.0
80.90583333333333,29.437777777777782,808.0
80.90555555555555,29.437777777777782,807.0
80.90527777777778,29.437777777777782,804.0
80.905,29.437777777777782,802.0
80.90472222222222,29.437777777777782,805.0
80.90444444444445,29.437777777777782,807.0
80.90416666666667,29.437777777777782,806.0
80.90388888888889,29.437777777777782,806.0
80.90361111111112,29.437500000000004,807.0
80.90333333333334,29.437222222222225,806.0
80.90305555555555,29.437222222222225,804.0
80.90277777777779,29.437222222222225,803.0
80.9025,29.437222222222225,803.0
80.90222222222222,29.437222222222225,803.0
80.90194444444445,29.43694444444445,802.0
80.90166666666667,29.43666666666667,804.0
80.90138888888889,29.436388888888892,805.0
80.90111111111112,29.436111111111114,804.0
80.90083333333334,29.43583333333334,806.0
80.90083333333334,29.43555555555556,804.0
80.90083333333334,29.43527777777778,804.0
80.90083333333334,29.435000000000002,803.0
80.90083333333334,29.434722222222227,806.0
80.90055555555556,29.43444444444445,795.0
80.90027777777777,29.43416666666667,796.0
80.9,29.43388888888889,802.0
80.89972222222222,29.433611111111116,806.0
80.89944444444444,29.433333333333337,803.0
80.89916666666667,29.43305555555556,802.0
80.89888888888889,29.43305555555556,802.0
80.89861111111111,29.43277777777778,795.0
80.89833333333334,29.43277777777778,798.0
80.89805555555556,29.432500000000005,795.0
80.89777777777778,29.432222222222226,798.0
80.89750000000001,29.431944444444447,802.0
80.89722222222223,29.431944444444447,801.0
80.89694444444444,29.43166666666667,802.0
80.89666666666668,29.43166666666667,801.0
80.8963888888889,29.431388888888893,800.0
80.8963888888889,29.431111111111115,801.0
80.8963888888889,29.430833333333336,800.0
80.8963888888889,29.43055555555556,798.0
80.89611111111111,29.430277777777782,800.0
80.89583333333334,29.430000000000003,801.0
80.89555555555556,29.429722222222225,800.0
80.89527777777778,29.42944444444445,799.0
80.895,29.42916666666667,798.0
80.89472222222223,29.428888888888892,795.0
80.89472222222223,29.428611111111113,794.0
80.89444444444445,29.428333333333338,792.0
80.89444444444445,29.42805555555556,792.0
80.89416666666666,29.42777777777778,792.0
80.8938888888889,29.427500000000002,792.0
80.89361111111111,29.427222222222227,791.0
80.89333333333333,29.426944444444448,791.0
80.89305555555556,29.42666666666667,791.0
80.89277777777778,29.42638888888889,790.0
80.8925,29.426111111111116,790.0
80.89222222222223,29.425833333333337,790.0
80.89194444444445,29.425555555555558,789.0
80.89194444444445,29.425277777777783,789.0
80.89166666666667,29.425000000000004,789.0
80.89166666666667,29.424722222222226,789.0
80.8913888888889,29.424444444444447,788.0
80.89111111111112,29.424444444444447,788.0
80.89083333333333,29.42416666666667,788.0
80.89055555555557,29.423888888888893,788.0
80.89027777777778,29.423611111111114,787.0
80.89,29.423611111111114,787.0
80.88972222222222,29.423611111111114,787.0
80.88944444444445,29.423333333333336,787.0
80.88916666666667,29.423333333333336,787.0
80.88888888888889,29.423333333333336,786.0
80.88861111111112,29.423333333333336,786.0
80.88833333333334,29.423333333333336,786.0
80.88805555555555,29.423333333333336,786.0
80.88777777777779,29.42305555555556,785.0
80.8875,29.42305555555556,785.0
80.88722222222222,29.42305555555556,785.0
80.88694444444445,29.42305555555556,785.0
80.88666666666667,29.42305555555556,785.0
80.88638888888889,29.42305555555556,784.0
80.88611111111112,29.42305555555556,784.0
80.88583333333334,29.42305555555556,784.0
80.88555555555556,29.42305555555556,784.0
80.88527777777777,29.42277777777778,783.0
80.885,29.42277777777778,783.0
80.88472222222222,29.422500000000003,783.0
80.88444444444444,29.422500000000003,783.0
80.88416666666667,29.422222222222224,783.0
80.88388888888889,29.42194444444445,782.0
80.88361111111111,29.42194444444445,782.0
80.88333333333334,29.42166666666667,782.0
80.88305555555556,29.42138888888889,781.0
80.88305555555556,29.421111111111113,781.0
80.88277777777778,29.420833333333338,781.0
80.88250000000001,29.42055555555556,780.0
80.88250000000001,29.42027777777778,780.0
80.88250000000001,29.42,780.0
80.88222222222223,29.419722222222227,780.0
80.88194444444444,29.419444444444448,780.0
80.88166666666667,29.41916666666667,780.0
80.88138888888889,29.418888888888894,779.0
80.88111111111111,29.418888888888894,779.0
80.88083333333334,29.418611111111115,779.0
80.88055555555556,29.418333333333337,779.0
80.88027777777778,29.418333333333337,779.0
80.88,29.418055555555558,779.0
80.87972222222223,29.417777777777783,779.0
80.87944444444445,29.417777777777783,779.0
80.87916666666666,29.417500000000004,779.0
80.8788888888889,29.417222222222225,779.0
80.87861111111111,29.416944444444447,778.0
80.87833333333333,29.41666666666667,778.0
80.87805555555556,29.416388888888893,778.0
80.87777777777778,29.416111111111114,778.0
80.8775,29.415833333333335,778.0
80.8775,29.41555555555556,779.0
80.87722222222223,29.41527777777778,779.0
80.87722222222223,29.415000000000003,779.0
80.87694444444445,29.414722222222224,778.0
80.87694444444445,29.41444444444445,779.0
80.87666666666667,29.41416666666667,778.0
80.87666666666667,29.41388888888889,777.0
80.8763888888889,29.413611111111116,776.0
80.8763888888889,29.413333333333338,776.0
80.87611111111111,29.41305555555556,775.0
80.87611111111111,29.41277777777778,775.0
80.87583333333333,29.412500000000005,774.0
80.87555555555556,29.412500000000005,774.0
80.87527777777778,29.412500000000005,774.0
80.875,29.412500000000005,773.0
80.87472222222222,29.412222222222226,772.0
80.87444444444445,29.412222222222226,772.0
80.87416666666667,29.411944444444448,771.0
80.87388888888889,29.411944444444448,774.0
80.87361111111112,29.411944444444448,773.0
80.87333333333333,29.411944444444448,774.0
80.87305555555555,29.411944444444448,774.0
80.87277777777778,29.41166666666667,768.0
80.8725,29.41166666666667,768.0
80.87222222222222,29.41166666666667,767.0
80.87194444444445,29.41166666666667,767.0
80.87166666666667,29.41166666666667,767.0
80.87138888888889,29.41166666666667,767.0
80.87111111111112,29.41166666666667,770.0
80.87083333333334,29.41166666666667,766.0
80.87055555555555,29.41166666666667,766.0
80.87027777777779,29.41166666666667,766.0
80.87,29.41166666666667,765.0
80.86972222222222,29.41166666666667,765.0
80.86944444444444,29.41166666666667,765.0
80.86916666666667,29.41166666666667,765.0
80.86888888888889,29.41166666666667,764.0
80.86861111111111,29.41166666666667,764.0
80.86833333333334,29.41166666666667,764.0
80.86805555555556,29.41166666666667,764.0
80.86777777777777,29.41166666666667,763.0
80.8675,29.41166666666667,763.0
80.86722222222222,29.41166666666667,763.0
80.86694444444444,29.41166666666667,763.0
80.86666666666667,29.41166666666667,763.0
80.86638888888889,29.411944444444448,762.0
80.86611111111111,29.411944444444448,762.0
80.86583333333334,29.412222222222226,762.0
80.86555555555556,29.412500000000005,761.0
80.86527777777778,29.41277777777778,761.0
80.86500000000001,29.41277777777778,772.0
80.86472222222223,29.41305555555556,769.0
80.86444444444444,29.41305555555556,773.0
80.86416666666666,29.413333333333338,769.0
80.8638888888889,29.413333333333338,774.0
80.86361111111111,29.413611111111116,767.0
80.86333333333333,29.413611111111116,772.0
80.86305555555556,29.41388888888889,758.0
80.86277777777778,29.41388888888889,764.0
80.8625,29.41388888888889,768.0
80.86222222222223,29.413611111111116,774.0
80.86194444444445,29.413333333333338,771.0
80.86166666666666,29.41305555555556,770.0
80.8613888888889,29.41277777777778,766.0
80.86111111111111,29.412500000000005,759.0
80.86083333333333,29.412222222222226,760.0
80.86055555555556,29.411944444444448,765.0
80.86027777777778,29.41166666666667,765.0
80.86,29.411388888888894,765.0
80.85972222222223,29.411111111111115,766.0
80.85944444444445,29.410833333333336,769.0
80.85916666666667,29.410555555555558,772.0
80.85888888888888,29.410277777777782,771.0
80.85861111111112,29.410277777777782,774.0
80.85833333333333,29.410000000000004,764.0
80.85805555555555,29.410000000000004,765.0
80.85777777777778,29.410000000000004,768.0
80.8575,29.409722222222225,759.0
80.85722222222222,29.409722222222225,759.0
80.85694444444445,29.409722222222225,759.0
80.85666666666667,29.409722222222225,758.0
80.85638888888889,29.409722222222225,758.0
80.85611111111112,29.409722222222225,765.0
80.85583333333334,29.409722222222225,768.0
80.85555555555555,29.409722222222225,771.0
80.85527777777779,29.409444444444446,767.0
80.855,29.409444444444446,771.0
80.85472222222222,29.409444444444446,771.0
80.85444444444445,29.409444444444446,769.0
80.85416666666667,29.409444444444446,767.0
80.85388888888889,29.40916666666667,762.0
80.8536111111111,29.408888888888892,756.0
80.85333333333334,29.408611111111114,755.0
80.85305555555556,29.40833333333334,762.0
80.85277777777777,29.40805555555556,767.0
80.8525,29.40777777777778,763.0
80.8525,29.407500000000002,767.0
80.8525,29.407222222222227,771.0
80.8525,29.40694444444445,772.0
80.8525,29.40666666666667,769.0
80.8525,29.40638888888889,767.0
80.8525,29.406111111111116,763.0
80.8525,29.405833333333337,763.0
80.8525,29.40555555555556,766.0
80.8525,29.40527777777778,768.0
80.85222222222222,29.405000000000005,772.0
80.85194444444444,29.404722222222226,770.0
80.85194444444444,29.404444444444447,773.0
80.85222222222222,29.40416666666667,774.0
80.8525,29.403888888888893,773.0
80.85277777777777,29.403888888888893,774.0
80.85305555555556,29.403611111111115,773.0
80.85333333333334,29.403333333333336,763.0
80.8536111111111,29.403333333333336,756.0
80.85388888888889,29.403333333333336,755.0
80.85416666666667,29.403055555555557,754.0
80.85444444444445,29.402777777777782,755.0
80.85472222222222,29.402777777777782,755.0
80.855,29.402500000000003,752.0
80.85527777777779,29.402222222222225,751.0
80.85555555555555,29.40194444444445,750.0
80.85583333333334,29.40166666666667,750.0
80.85611111111112,29.401388888888892,749.0
80.85638888888889,29.401111111111113,749.0
80.85666666666667,29.40083333333334,749.0
80.85694444444445,29.40055555555556,750.0
80.85722222222222,29.40027777777778,751.0
80.8575,29.400000000000002,752.0
80.85777777777778,29.399722222222227,752.0
80.85805555555555,29.39944444444445,751.0
80.85833333333333,29.39916666666667,750.0
80.85861111111112,29.39888888888889,751.0
80.85888888888888,29.398611111111116,751.0
80.85916666666667,29.398333333333337,751.0
80.85944444444445,29.39805555555556,748.0
80.85944444444445,29.39777777777778,749.0
80.85944444444445,29.397500000000004,752.0
80.85972222222223,29.397222222222226,748.0
80.85972222222223,29.396944444444447,747.0
80.85972222222223,29.396666666666672,747.0
80.85972222222223,29.396388888888893,748.0
80.85972222222223,29.396111111111114,750.0
80.85972222222223,29.395833333333336,750.0
80.85972222222223,29.39555555555556,750.0
80.86,29.395277777777782,746.0
80.86,29.395000000000003,748.0
80.86,29.394722222222224,749.0
80.86,29.39444444444445,750.0
80.86,29.39416666666667,748.0
80.86,29.393888888888892,748.0
80.86,29.393611111111113,748.0
80.86,29.393333333333338,747.0
80.86,29.39305555555556,749.0
80.86,29.39277777777778,752.0
80.85972222222223,29.392500000000002,750.0
80.85972222222223,29.392222222222227,749.0
80.85944444444445,29.391944444444448,747.0
80.85944444444445,29.39166666666667,745.0
80.85944444444445,29.39138888888889,745.0
80.85944444444445,29.391111111111115,747.0
80.85972222222223,29.390833333333337,748.0
80.85972222222223,29.390555555555558,748.0
80.85972222222223,29.390277777777783,748.0
80.85944444444445,29.390000000000004,746.0
80.85916666666667,29.389722222222225,743.0
80.85916666666667,29.389444444444447,742.0
80.85916666666667,29.38916666666667,741.0
80.85916666666667,29.388888888888893,741.0
80.85916666666667,29.388611111111114,740.0
80.85916666666667,29.388333333333335,741.0
80.85888888888888,29.38805555555556,740.0
80.85888888888888,29.38777777777778,742.0
80.85861111111112,29.387500000000003,742.0
80.85861111111112,29.387222222222224,742.0
80.85833333333333,29.38694444444445,740.0
80.85805555555555,29.38666666666667,739.0
80.85805555555555,29.38638888888889,741.0
80.85777777777778,29.386111111111113,737.0
80.85777777777778,29.385833333333338,741.0
80.8575,29.38555555555556,741.0
80.8575,29.38527777777778,743.0
80.85722222222222,29.385000000000005,738.0
80.85722222222222,29.384722222222226,740.0
80.85694444444445,29.384444444444448,739.0
80.85666666666667,29.38416666666667,738.0
80.85638888888889,29.383888888888894,740.0
80.85638888888889,29.383611111111115,744.0
80.85611111111112,29.383333333333336,742.0
80.85583333333334,29.383055555555558,735.0
80.85583333333334,29.382777777777783,732.0
80.85583333333334,29.382500000000004,735.0
80.85555555555555,29.382222222222225,733.0
80.85555555555555,29.381944444444446,736.0
80.85527777777779,29.38166666666667,735.0
80.855,29.381388888888893,734.0
80.85472222222222,29.381111111111114,735.0
80.85444444444445,29.380833333333335,735.0
80.85416666666667,29.38055555555556,736.0
80.85416666666667,29.38027777777778,736.0
80.85416666666667,29.380000000000003,735.0
80.85388888888889,29.380000000000003,735.0
80.8536111111111,29.379722222222227,732.0
80.8536111111111,29.37944444444445,731.0
80.85333333333334,29.37916666666667,733.0
80.85333333333334,29.37888888888889,733.0
80.85305555555556,29.378611111111116,732.0
80.85277777777777,29.378333333333337,732.0
80.8525,29.37805555555556,732.0
80.85222222222222,29.37777777777778,732.0
80.85194444444444,29.377500000000005,731.0
80.85166666666667,29.377222222222226,731.0
80.85138888888889,29.376944444444447,731.0
80.85111111111111,29.37666666666667,731.0
80.85083333333334,29.376388888888894,730.0
80.85055555555556,29.376388888888894,730.0
80.85027777777778,29.376388888888894,730.0
80.85000000000001,29.376111111111115,730.0
80.84972222222223,29.376111111111115,730.0
80.84944444444444,29.375833333333336,729.0
80.84916666666668,29.375833333333336,729.0
80.8488888888889,29.375833333333336,729.0
80.84861111111111,29.375833333333336,729.0
80.84833333333333,29.375833333333336,729.0
80.84805555555556,29.375833333333336,729.0
80.84777777777778,29.375833333333336,729.0
80.8475,29.375833333333336,728.0
80.84722222222223,29.375833333333336,728.0
80.84694444444445,29.375833333333336,728.0
80.84666666666666,29.375833333333336,728.0
80.8463888888889,29.375833333333336,728.0
80.84611111111111,29.375833333333336,728.0
80.84583333333333,29.375833333333336,727.0
80.84555555555556,29.375833333333336,727.0
80.84527777777778,29.375833333333336,727.0
80.845,29.375833333333336,727.0
80.84472222222223,29.375833333333336,727.0
80.84444444444445,29.375833333333336,727.0
80.84416666666667,29.375833333333336,726.0
80.8438888888889,29.376111111111115,726.0
80.84361111111112,29.376388888888894,726.0
80.84333333333333,29.376388888888894,726.0
80.84305555555555,29.376388888888894,727.0
80.84277777777778,29.37666666666667,725.0
80.8425,29.37666666666667,725.0
80.84222222222222,29.37666666666667,725.0
80.84194444444445,29.37666666666667,725.0
80.84166666666667,29.37666666666667,725.0
80.84138888888889,29.37666666666667,725.0
80.84111111111112,29.376944444444447,724.0
80.84083333333334,29.377222222222226,724.0
80.84055555555555,29.377222222222226,724.0
80.84027777777779,29.377500000000005,724.0
80.84,29.377500000000005,723.0
80.84,29.37777777777778,723.0
80.83972222222222,29.37805555555556,723.0
80.83944444444445,29.378333333333337,723.0
80.83916666666667,29.378611111111116,723.0
80.83888888888889,29.37888888888889,722.0
80.83888888888889,29.37916666666667,722.0
80.83861111111112,29.37944444444445,722.0
80.83833333333334,29.379722222222227,722.0
80.83805555555556,29.380000000000003,721.0
80.83777777777777,29.380000000000003,721.0
80.8375,29.38027777777778,721.0
80.83722222222222,29.38055555555556,721.0
80.83694444444444,29.38055555555556,721.0
80.83666666666667,29.380833333333335,720.0
80.83638888888889,29.380833333333335,720.0
80.83611111111111,29.380833333333335,720.0
80.83583333333334,29.380833333333335,720.0
80.83555555555556,29.380833333333335,720.0
80.83527777777778,29.380833333333335,719.0
80.83500000000001,29.380833333333335,719.0
80.83472222222223,29.380833333333335,719.0
80.83444444444444,29.380833333333335,719.0
80.83416666666668,29.380833333333335,719.0
80.8338888888889,29.38055555555556,719.0
80.83361111111111,29.38027777777778,718.0
80.83361111111111,29.380000000000003,718.0
80.83333333333334,29.379722222222227,718.0
80.83305555555556,29.37944444444445,718.0
80.83277777777778,29.37916666666667,717.0
80.83277777777778,29.37888888888889,717.0
80.8325,29.378611111111116,717.0
80.83222222222223,29.378333333333337,717.0
80.83194444444445,29.37805555555556,717.0
80.83166666666666,29.37777777777778,716.0
80.83166666666666,29.377500000000005,716.0
80.8313888888889,29.377222222222226,716.0
80.83111111111111,29.376944444444447,716.0
80.83083333333333,29.37666666666667,715.0
80.83055555555556,29.376388888888894,715.0
80.83027777777778,29.376111111111115,715.0
80.83,29.375833333333336,715.0
80.82972222222223,29.375555555555557,714.0
80.82944444444445,29.375277777777782,714.0
80.82916666666667,29.375000000000004,714.0
80.8288888888889,29.374722222222225,714.0
80.8288888888889,29.37444444444445,713.0
80.82861111111112,29.37416666666667,713.0
80.82833333333333,29.373888888888892,713.0
80.82805555555557,29.373611111111114,713.0
80.82777777777778,29.37333333333334,712.0
80.8275,29.37305555555556,712.0
80.8275,29.37277777777778,712.0
80.82722222222222,29.372500000000002,712.0
80.82722222222222,29.372222222222227,711.0
80.82722222222222,29.37194444444445,711.0
80.82722222222222,29.37166666666667,711.0
80.82694444444445,29.37138888888889,711.0
80.82666666666667,29.371111111111116,710.0
80.82638888888889,29.371111111111116,710.0
80.82611111111112,29.370833333333337,710.0
80.82583333333334,29.370833333333337,710.0
80.82555555555555,29.370833333333337,710.0
80.82527777777779,29.37055555555556,709.0
80.825,29.37055555555556,709.0
80.82472222222222,29.37055555555556,709.0
80.82444444444445,29.37055555555556,709.0
80.82416666666667,29.37055555555556,709.0
80.82388888888889,29.37027777777778,709.0
80.82361111111112,29.37027777777778,709.0
80.82333333333334,29.37027777777778,708.0
80.82305555555556,29.37027777777778,708.0
80.82277777777777,29.37027777777778,708.0
80.8225,29.37027777777778,708.0
80.82222222222222,29.37027777777778,708.0
80.82194444444444,29.370000000000005,708.0
80.82166666666667,29.370000000000005,708.0
80.82138888888889,29.370000000000005,707.0
80.82111111111111,29.369722222222226,707.0
80.82083333333334,29.369722222222226,707.0
80.82055555555556,29.369722222222226,707.0
80.82027777777778,29.369722222222226,707.0
80.82000000000001,29.369722222222226,707.0
80.81972222222223,29.369444444444447,706.0
80.81944444444444,29.36916666666667,706.0
80.81944444444444,29.368888888888893,706.0
80.81916666666667,29.368611111111115,706.0
80.81916666666667,29.368333333333336,706.0
80.81888888888889,29.36805555555556,705.0
80.81861111111111,29.367777777777782,705.0
80.81861111111111,29.367500000000003,705.0
80.81833333333334,29.367222222222225,705.0
80.81805555555556,29.36694444444445,705.0
80.81777777777778,29.36666666666667,704.0
80.8175,29.36666666666667,704.0
80.81722222222223,29.36666666666667,704.0
80.81694444444445,29.366388888888892,704.0
80.81666666666666,29.366388888888892,704.0
80.8163888888889,29.366111111111113,704.0
80.81611111111111,29.365833333333338,703.0
80.81583333333333,29.365833333333338,703.0
80.81555555555556,29.365833333333338,703.0
80.81527777777778,29.36555555555556,703.0
80.815,29.36527777777778,703.0
80.81472222222223,29.36527777777778,703.0
80.81444444444445,29.365000000000002,702.0
80.81416666666667,29.365000000000002,702.0
80.8138888888889,29.365000000000002,702.0
80.81361111111111,29.365000000000002,702.0
80.81333333333333,29.365000000000002,702.0
80.81305555555556,29.365000000000002,702.0
80.81277777777778,29.365000000000002,702.0
80.8125,29.365000000000002,701.0
80.81222222222222,29.365000000000002,701.0
80.81194444444445,29.365000000000002,701.0
80.81166666666667,29.365000000000002,701.0
80.81138888888889,29.365000000000002,701.0
80.81111111111112,29.365000000000002,701.0
80.81083333333333,29.365000000000002,700.0
80.81055555555555,29.365000000000002,700.0
80.81027777777778,29.364722222222227,700.0
80.81,29.364722222222227,700.0
80.80972222222222,29.364722222222227,700.0
80.80944444444445,29.364722222222227,700.0
80.80916666666667,29.364722222222227,699.0
80.80888888888889,29.364722222222227,699.0
80.80861111111112,29.364722222222227,699.0
80.80833333333334,29.364722222222227,699.0
80.80805555555555,29.364722222222227,699.0
80.80777777777779,29.364722222222227,699.0
80.8075,29.364722222222227,699.0
80.80722222222222,29.364722222222227,698.0
80.80694444444444,29.364722222222227,698.0
80.80666666666667,29.364722222222227,698.0
80.80638888888889,29.364722222222227,701.0
80.80611111111111,29.364722222222227,701.0
80.80583333333334,29.364722222222227,701.0
80.80555555555556,29.365000000000002,700.0
80.80527777777777,29.365000000000002,701.0
80.805,29.36527777777778,699.0
80.80472222222222,29.36527777777778,699.0
80.80444444444444,29.36527777777778,699.0
80.80416666666667,29.36527777777778,698.0
80.80388888888889,29.36527777777778,696.0
80.80361111111111,29.36527777777778,696.0
80.80333333333334,29.36527777777778,696.0
80.80305555555556,29.36527777777778,696.0
80.80277777777778,29.36527777777778,696.0
80.80250000000001,29.36527777777778,696.0
80.80222222222223,29.36527777777778,695.0
80.80194444444444,29.36527777777778,695.0
80.80166666666666,29.36527777777778,695.0
80.8013888888889,29.36527777777778,695.0
80.80111111111111,29.36527777777778,695.0
80.80083333333333,29.36527777777778,696.0
80.80055555555556,29.36527777777778,699.0
80.80027777777778,29.36527777777778,698.0
80.8,29.36527777777778,698.0
80.79972222222223,29.36527777777778,697.0
80.79944444444445,29.36527777777778,696.0
80.79916666666666,29.36527777777778,694.0
80.7988888888889,29.36527777777778,695.0
80.79861111111111,29.36527777777778,697.0
80.79833333333333,29.36527777777778,697.0
80.79805555555556,29.36527777777778,698.0
80.79777777777778,29.36527777777778,698.0
80.7975,29.36527777777778,698.0
80.79722222222223,29.36527777777778,697.0
80.79694444444445,29.36527777777778,697.0
80.79666666666667,29.36527777777778,697.0
80.79638888888888,29.36527777777778,696.0
80.79611111111112,29.36527777777778,696.0
80.79583333333333,29.36527777777778,692.0
80.79555555555555,29.36527777777778,692.0
80.79527777777778,29.36527777777778,691.0
80.795,29.36527777777778,691.0
80.79472222222222,29.36527777777778,691.0
80.79444444444445,29.36527777777778,691.0
80.79416666666667,29.36527777777778,691.0
80.79388888888889,29.36527777777778,691.0
80.79361111111112,29.36527777777778,690.0
80.79333333333334,29.36527777777778,690.0
80.79305555555555,29.36527777777778,690.0
80.79277777777779,29.36527777777778,690.0
80.7925,29.36527777777778,690.0
80.79222222222222,29.36527777777778,690.0
80.79194444444445,29.36527777777778,690.0
80.79166666666667,29.36527777777778,689.0
80.79138888888889,29.36527777777778,689.0
80.7911111111111,29.36527777777778,689.0
80.79083333333334,29.36527777777778,692.0
80.79055555555556,29.36527777777778,692.0
80.79027777777777,29.36527777777778,691.0
80.79,29.36527777777778,692.0
80.78972222222222,29.36527777777778,692.0
80.78944444444444,29.36527777777778,691.0
80.78916666666667,29.36527777777778,692.0
80.78888888888889,29.36527777777778,692.0
80.78861111111111,29.36527777777778,691.0
80.78833333333334,29.36527777777778,691.0
80.78805555555556,29.36527777777778,692.0
80.78777777777778,29.36527777777778,692.0
80.78750000000001,29.36527777777778,692.0
80.78722222222223,29.36527777777778,691.0
80.78694444444444,29.36527777777778,691.0
80.78666666666668,29.36527777777778,690.0
80.7863888888889,29.36527777777778,689.0
80.78611111111111,29.36527777777778,686.0
80.78583333333333,29.36527777777778,686.0
80.78555555555556,29.36527777777778,686.0
80.78527777777778,29.36527777777778,686.0
80.785,29.36527777777778,686.0
80.78472222222223,29.36527777777778,686.0
80.78444444444445,29.36527777777778,686.0
80.78416666666666,29.36527777777778,689.0
80.7838888888889,29.36527777777778,689.0
80.78361111111111,29.36527777777778,689.0
80.78333333333333,29.36527777777778,689.0
80.78305555555556,29.36527777777778,689.0
80.78277777777778,29.36527777777778,690.0
80.7825,29.36527777777778,689.0
80.78222222222223,29.36527777777778,687.0
80.78194444444445,29.36527777777778,684.0
80.78166666666667,29.36527777777778,684.0
80.7813888888889,29.36527777777778,683.0
80.78111111111112,29.36527777777778,686.0
80.78083333333333,29.36527777777778,687.0
80.78055555555555,29.36527777777778,687.0
80.78027777777778,29.36527777777778,687.0
80.78,29.36527777777778,687.0
80.77972222222222,29.36527777777778,687.0
80.77944444444445,29.36527777777778,686.0
80.77916666666667,29.36527777777778,686.0
80.77888888888889,29.36527777777778,686.0
80.77861111111112,29.36527777777778,686.0
80.77833333333334,29.36527777777778,686.0
80.77805555555555,29.36527777777778,684.0
80.77777777777779,29.36527777777778,683.0
80.7775,29.36527777777778,683.0
80.77722222222222,29.36527777777778,684.0
80.77694444444445,29.36527777777778,683.0
80.77666666666667,29.36527777777778,681.0
80.77638888888889,29.36527777777778,681.0
80.77611111111112,29.36527777777778,681.0
80.77583333333334,29.36527777777778,681.0
80.77555555555556,29.36527777777778,680.0
80.77527777777777,29.36527777777778,680.0
80.775,29.365000000000002,680.0
80.77472222222222,29.364722222222227,681.0
80.77444444444444,29.364444444444448,676.0
80.77416666666667,29.36416666666667,679.0
80.77388888888889,29.36388888888889,680.0
80.77361111111111,29.363611111111116,680.0
80.77333333333334,29.363333333333337,680.0
80.77305555555556,29.363055555555558,683.0
80.77277777777778,29.36277777777778,691.0
80.77250000000001,29.362500000000004,694.0
80.77222222222223,29.362222222222226,691.0
80.77222222222223,29.361944444444447,700.0
80.77194444444444,29.36166666666667,691.0
80.77194444444444,29.361388888888893,696.0
80.77166666666668,29.361111111111114,687.0
80.77166666666668,29.360833333333336,695.0
80.7713888888889,29.36055555555556,694.0
80.7713888888889,29.36027777777778,699.0
80.7713888888889,29.360000000000003,699.0
80.7713888888889,29.359722222222224,700.0
80.77111111111111,29.35944444444445,699.0
80.77111111111111,29.35916666666667,700.0
80.77083333333334,29.35888888888889,700.0
80.77055555555556,29.358611111111113,689.0
80.77027777777778,29.358611111111113,698.0
80.77,29.358333333333338,700.0
80.76972222222223,29.35805555555556,692.0
80.76944444444445,29.35777777777778,683.0
80.76916666666666,29.35777777777778,683.0
80.7688888888889,29.35777777777778,681.0
80.76861111111111,29.35777777777778,680.0
80.76833333333333,29.35777777777778,678.0
80.76805555555556,29.35777777777778,677.0
80.76777777777778,29.35805555555556,681.0
80.7675,29.358333333333338,692.0
80.76722222222223,29.358611111111113,689.0
80.76694444444445,29.35888888888889,700.0
80.76666666666667,29.35916666666667,701.0
80.7663888888889,29.35944444444445,696.0
80.76611111111112,29.359722222222224,689.0
80.76611111111112,29.360000000000003,700.0
80.76583333333333,29.36027777777778,700.0
80.76555555555557,29.36055555555556,701.0
80.76583333333333,29.360833333333336,700.0
80.76555555555557,29.361111111111114,700.0
80.76555555555557,29.361388888888893,695.0
80.76555555555557,29.36166666666667,691.0
80.76555555555557,29.361944444444447,692.0
80.76527777777778,29.362222222222226,691.0
80.765,29.362500000000004,686.0
80.76472222222222,29.362500000000004,692.0
80.76444444444445,29.36277777777778,682.0
80.76416666666667,29.36277777777778,686.0
80.76388888888889,29.36277777777778,684.0
80.76361111111112,29.36277777777778,683.0
80.76333333333334,29.36277777777778,683.0
80.76305555555555,29.36277777777778,680.0
80.76277777777779,29.362500000000004,681.0
80.7625,29.362222222222226,682.0
80.7625,29.361944444444447,689.0
80.7625,29.36166666666667,690.0
80.76222222222222,29.361388888888893,680.0
80.76194444444445,29.361111111111114,677.0
80.76194444444445,29.360833333333336,690.0
80.76166666666667,29.36055555555556,679.0
80.76166666666667,29.36027777777778,680.0
80.76166666666667,29.360000000000003,682.0
80.76166666666667,29.359722222222224,687.0
80.76138888888889,29.35944444444445,680.0
80.76138888888889,29.35916666666667,680.0
80.76138888888889,29.35888888888889,685.0
80.76138888888889,29.358611111111113,689.0
80.76138888888889,29.358333333333338,690.0
80.76138888888889,29.35805555555556,687.0
80.76138888888889,29.35777777777778,684.0
80.76138888888889,29.3575,685.0
80.76138888888889,29.357222222222227,686.0
80.76138888888889,29.356944444444448,684.0
80.76138888888889,29.35666666666667,683.0
80.76138888888889,29.356388888888894,683.0
80.76138888888889,29.356111111111115,684.0
80.76138888888889,29.355833333333337,682.0
80.76138888888889,29.355555555555558,684.0
80.76166666666667,29.355277777777783,690.0
80.76194444444445,29.355000000000004,693.0
80.76194444444445,29.354722222222225,693.0
80.76222222222222,29.354444444444447,689.0
80.76222222222222,29.35416666666667,683.0
80.76222222222222,29.353888888888893,678.0
80.7625,29.353611111111114,674.0
80.7625,29.353333333333335,676.0
80.7625,29.35305555555556,674.0
80.7625,29.35277777777778,667.0
80.7625,29.352500000000003,664.0
80.76222222222222,29.352222222222224,665.0
80.76222222222222,29.35194444444445,667.0
80.76194444444445,29.35166666666667,666.0
80.76194444444445,29.35138888888889,664.0
80.76194444444445,29.351111111111116,663.0
80.76194444444445,29.350833333333338,664.0
80.76194444444445,29.35055555555556,664.0
80.76166666666667,29.35027777777778,662.0
80.76166666666667,29.350000000000005,662.0
80.76138888888889,29.349722222222226,662.0
80.76111111111112,29.349444444444448,662.0
80.76083333333334,29.34916666666667,661.0
80.76055555555556,29.34916666666667,662.0
80.76027777777777,29.348888888888894,662.0
80.76,29.348888888888894,660.0
80.75972222222222,29.348888888888894,661.0
80.75944444444444,29.348888888888894,661.0
80.75916666666667,29.348888888888894,659.0
80.75888888888889,29.348888888888894,659.0
80.75861111111111,29.348611111111115,660.0
80.75833333333334,29.348333333333336,661.0
80.75805555555556,29.348055555555558,661.0
80.75777777777778,29.347777777777782,660.0
80.75777777777778,29.347500000000004,659.0
80.75750000000001,29.347222222222225,654.0
80.75750000000001,29.346944444444446,656.0
80.75750000000001,29.34666666666667,658.0
80.75750000000001,29.346388888888892,658.0
80.75750000000001,29.346111111111114,659.0
80.75750000000001,29.34583333333334,659.0
80.75750000000001,29.34555555555556,658.0
80.75777777777778,29.34527777777778,658.0
80.75805555555556,29.345000000000002,659.0
80.75805555555556,29.344722222222227,658.0
80.75833333333334,29.34444444444445,659.0
80.75861111111111,29.34416666666667,658.0
80.75888888888889,29.34388888888889,658.0
80.75916666666667,29.343611111111116,658.0
80.75888888888889,29.343333333333337,657.0
80.75888888888889,29.34305555555556,656.0
80.75916666666667,29.34277777777778,657.0
80.75944444444444,29.342500000000005,656.0
80.75972222222222,29.342222222222226,657.0
80.76,29.341944444444447,657.0
80.76027777777777,29.34166666666667,657.0
80.76055555555556,29.34166666666667,656.0
80.76083333333334,29.341388888888893,656.0
80.76111111111112,29.341111111111115,655.0
80.76111111111112,29.340833333333336,655.0
80.76111111111112,29.34055555555556,655.0
80.76138888888889,29.340277777777782,655.0
80.76166666666667,29.340000000000003,655.0
80.76194444444445,29.339722222222225,654.0
80.76194444444445,29.33944444444445,654.0
80.76194444444445,29.33916666666667,654.0
80.76194444444445,29.338888888888892,654.0
80.76194444444445,29.338611111111113,654.0
80.76194444444445,29.33833333333334,654.0
80.76222222222222,29.33805555555556,654.0
80.76222222222222,29.33777777777778,653.0
80.7625,29.337500000000002,653.0
80.7625,29.337222222222227,653.0
80.7625,29.33694444444445,653.0
80.76277777777779,29.33666666666667,653.0
80.76277777777779,29.33638888888889,653.0
80.76277777777779,29.336111111111116,652.0
80.7625,29.335833333333337,652.0
80.76222222222222,29.33555555555556,652.0
80.76194444444445,29.33527777777778,652.0
80.76166666666667,29.335000000000004,651.0
80.76166666666667,29.334722222222226,651.0
80.76138888888889,29.334444444444447,651.0
80.76111111111112,29.334166666666672,651.0
80.76083333333334,29.333888888888893,651.0
80.76055555555556,29.333888888888893,650.0
80.76055555555556,29.333611111111114,650.0
80.76027777777777,29.333333333333336,650.0
80.76,29.33305555555556,650.0
80.75972222222222,29.332777777777782,650.0
80.75944444444444,29.332500000000003,650.0
80.75916666666667,29.332222222222224,650.0
80.75916666666667,29.33194444444445,650.0
80.75944444444444,29.33166666666667,650.0
80.75972222222222,29.331388888888892,649.0
80.75972222222222,29.331111111111113,649.0
80.75972222222222,29.330833333333338,649.0
80.76,29.33055555555556,649.0
80.76027777777777,29.33027777777778,649.0
80.76055555555556,29.330000000000002,648.0
80.76055555555556,29.329722222222227,648.0
80.76055555555556,29.329444444444448,648.0
80.76083333333334,29.32916666666667,648.0
80.76111111111112,29.32888888888889,648.0
80.76138888888889,29.328611111111115,647.0
80.76138888888889,29.328333333333337,647.0
80.76166666666667,29.328055555555558,647.0
80.76194444444445,29.327777777777783,647.0
80.76222222222222,29.327500000000004,647.0
80.7625,29.327222222222225,646.0
80.76277777777779,29.327222222222225,646.0
80.76305555555555,29.327222222222225,646.0
80.76333333333334,29.326944444444447,646.0
80.76361111111112,29.326944444444447,646.0
80.76388888888889,29.32666666666667,646.0
80.76416666666667,29.32666666666667,645.0
80.76416666666667,29.326388888888893,645.0
80.76444444444445,29.326111111111114,645.0
80.76472222222222,29.325833333333335,645.0
80.765,29.32555555555556,645.0
80.76527777777778,29.32527777777778,645.0
80.76555555555557,29.325000000000003,645.0
80.76583333333333,29.324722222222224,644.0
80.76611111111112,29.32444444444445,643.0
80.7663888888889,29.32444444444445,644.0
80.76666666666667,29.32444444444445,644.0
80.76694444444445,29.32416666666667,644.0
80.76694444444445,29.32388888888889,643.0
80.76722222222223,29.32388888888889,643.0
80.7675,29.32416666666667,643.0
80.76777777777778,29.32416666666667,643.0
80.76805555555556,29.32444444444445,640.0
80.76833333333333,29.32444444444445,640.0
80.76861111111111,29.32444444444445,639.0
80.7688888888889,29.32444444444445,639.0
80.76916666666666,29.32416666666667,639.0
80.76944444444445,29.32388888888889,638.0
80.76972222222223,29.323611111111113,638.0
80.77,29.323333333333338,637.0
80.77027777777778,29.323333333333338,637.0
80.77055555555556,29.32305555555556,637.0
80.77083333333334,29.32277777777778,636.0
80.77083333333334,29.322500000000005,636.0
80.77111111111111,29.322222222222226,635.0
80.77111111111111,29.321944444444448,635.0
80.77111111111111,29.32166666666667,635.0
80.77111111111111,29.321388888888894,635.0
80.77083333333334,29.321111111111115,635.0
80.77055555555556,29.320833333333336,634.0
80.77055555555556,29.320555555555558,634.0
80.77027777777778,29.320277777777783,634.0
80.77027777777778,29.320000000000004,634.0
80.77027777777778,29.319722222222225,634.0
80.77,29.319444444444446,634.0
80.77,29.31916666666667,634.0
80.77,29.318888888888893,634.0
80.77027777777778,29.318611111111114,634.0
80.77055555555556,29.318333333333335,634.0
80.77083333333334,29.318333333333335,634.0
80.77111111111111,29.31805555555556,634.0
80.7713888888889,29.31805555555556,634.0
80.77166666666668,29.31805555555556,633.0
80.77194444444444,29.31805555555556,633.0
80.77222222222223,29.31805555555556,633.0
80.77250000000001,29.31777777777778,633.0
80.77277777777778,29.31777777777778,633.0
80.77305555555556,29.317500000000003,633.0
80.77333333333334,29.317222222222227,633.0
80.77361111111111,29.317222222222227,633.0
80.77388888888889,29.31694444444445,633.0
80.77416666666667,29.31694444444445,633.0
80.77444444444444,29.31666666666667,633.0
80.77472222222222,29.31638888888889,633.0
80.775,29.316111111111116,633.0
80.77527777777777,29.315833333333337,632.0
80.77555555555556,29.31555555555556,632.0
80.77583333333334,29.31527777777778,633.0
80.77611111111112,29.315000000000005,632.0
80.77583333333334,29.314722222222226,632.0
80.77555555555556,29.314444444444447,632.0
80.77527777777777,29.31416666666667,632.0
80.775,29.313888888888894,632.0
80.77472222222222,29.313611111111115,631.0
80.77444444444444,29.313333333333336,631.0
80.77416666666667,29.313055555555557,631.0
80.77388888888889,29.312777777777782,631.0
80.77361111111111,29.312500000000004,631.0
80.77333333333334,29.312222222222225,631.0
80.77305555555556,29.31194444444445,633.0
80.77277777777778,29.31166666666667,633.0
80.77250000000001,29.311388888888892,633.0
80.77222222222223,29.311111111111114,633.0
80.77194444444444,29.31083333333334,632.0
80.77194444444444,29.31055555555556,633.0
80.77166666666668,29.31027777777778,630.0
80.77166666666668,29.310000000000002,630.0
80.77166666666668,29.309722222222227,632.0
80.77194444444444,29.30944444444445,632.0
80.77194444444444,29.30916666666667,631.0
80.77194444444444,29.30888888888889,631.0
80.77194444444444,29.308611111111116,630.0
80.77194444444444,29.308333333333337,629.0
80.77194444444444,29.30805555555556,630.0
80.77194444444444,29.30777777777778,629.0
80.77194444444444,29.307500000000005,629.0
80.77194444444444,29.307222222222226,630.0
80.77194444444444,29.306944444444447,630.0
80.77194444444444,29.30666666666667,630.0
80.77194444444444,29.306388888888893,630.0
80.77194444444444,29.306111111111115,630.0
80.77166666666668,29.305833333333336,629.0
80.77166666666668,29.30555555555556,629.0
80.77166666666668,29.305277777777782,629.0
80.77166666666668,29.305000000000003,629.0
80.77166666666668,29.304722222222225,627.0
80.77194444444444,29.30444444444445,627.0
80.77222222222223,29.30416666666667,624.0
80.77222222222223,29.303888888888892,625.0
80.77222222222223,29.303611111111113,625.0
80.77222222222223,29.303333333333338,625.0
80.77222222222223,29.30305555555556,624.0
80.77222222222223,29.30277777777778,624.0
80.77222222222223,29.302500000000002,624.0
80.77222222222223,29.302222222222227,624.0
80.77250000000001,29.301944444444448,624.0
80.77277777777778,29.30166666666667,624.0
80.77305555555556,29.30138888888889,623.0
80.77305555555556,29.301111111111116,623.0
80.77333333333334,29.300833333333337,623.0
80.77361111111111,29.300555555555558,623.0
80.77388888888889,29.30027777777778,623.0
80.77416666666667,29.300000000000004,622.0
80.77444444444444,29.299722222222226,622.0
80.77472222222222,29.299444444444447,622.0
80.775,29.299444444444447,622.0
80.77527777777777,29.299444444444447,622.0
80.77555555555556,29.29916666666667,621.0
80.77583333333334,29.29916666666667,621.0
80.77611111111112,29.29916666666667,621.0
80.77638888888889,29.29916666666667,621.0
80.77666666666667,29.29916666666667,621.0
80.77694444444445,29.29916666666667,621.0
80.77722222222222,29.29916666666667,621.0
80.7775,29.29916666666667,621.0
80.77777777777779,29.29916666666667,620.0
80.77805555555555,29.29916666666667,620.0
80.77833333333334,29.29916666666667,620.0
80.77861111111112,29.29916666666667,620.0
80.77888888888889,29.29916666666667,620.0
80.77916666666667,29.298888888888893,620.0
80.77944444444445,29.298611111111114,620.0
80.77972222222222,29.298333333333336,619.0
80.78,29.298333333333336,619.0
80.78027777777778,29.298333333333336,619.0
80.78055555555555,29.29805555555556,619.0
80.78083333333333,29.29777777777778,619.0
80.78111111111112,29.297500000000003,619.0
80.7813888888889,29.297222222222224,618.0
80.78166666666667,29.297222222222224,618.0
80.78194444444445,29.297222222222224,618.0
80.78222222222223,29.297222222222224,618.0
80.7825,29.29694444444445,618.0
80.78277777777778,29.29694444444445,618.0
80.78305555555556,29.29666666666667,618.0
80.78333333333333,29.29666666666667,617.0
80.78361111111111,29.29666666666667,617.0
80.7838888888889,29.29666666666667,617.0
80.78416666666666,29.29694444444445,617.0
80.78416666666666,29.297222222222224,617.0
80.78444444444445,29.297500000000003,617.0
80.78472222222223,29.29777777777778,616.0
80.785,29.29805555555556,616.0
80.78527777777778,29.298333333333336,616.0
80.78555555555556,29.298611111111114,616.0
80.78583333333333,29.298888888888893,616.0
80.78611111111111,29.29916666666667,615.0
80.7863888888889,29.29916666666667,615.0
80.78666666666668,29.29916666666667,615.0
80.78694444444444,29.29916666666667,615.0
80.78722222222223,29.29916666666667,615.0
80.78750000000001,29.298888888888893,615.0
80.78777777777778,29.298888888888893,615.0
80.78805555555556,29.298888888888893,615.0
80.78833333333334,29.298888888888893,615.0
80.78861111111111,29.298888888888893,614.0
80.78888888888889,29.298888888888893,614.0
80.78916666666667,29.298888888888893,614.0
80.78944444444444,29.298888888888893,614.0
80.78972222222222,29.298888888888893,614.0
80.79,29.298888888888893,614.0
80.79027777777777,29.298888888888893,614.0
80.79055555555556,29.298888888888893,613.0
80.79083333333334,29.298888888888893,613.0
80.7911111111111,29.298888888888893,613.0
80.79138888888889,29.29916666666667,613.0
80.79166666666667,29.29916666666667,613.0
80.79194444444445,29.29916666666667,613.0
80.79222222222222,29.29916666666667,613.0
80.7925,29.29916666666667,612.0
80.79277777777779,29.29916666666667,612.0
80.79305555555555,29.29916666666667,612.0
80.79333333333334,29.299444444444447,612.0
80.79361111111112,29.299444444444447,612.0
80.79388888888889,29.299444444444447,612.0
80.79416666666667,29.299722222222226,612.0
80.79444444444445,29.300000000000004,611.0
80.79472222222222,29.300000000000004,611.0
80.795,29.300000000000004,611.0
80.79527777777778,29.300000000000004,611.0
80.79555555555555,29.300000000000004,611.0
80.79583333333333,29.30027777777778,611.0
80.79611111111112,29.30027777777778,611.0
80.79638888888888,29.300555555555558,610.0
80.79666666666667,29.300555555555558,610.0
80.79694444444445,29.300555555555558,610.0
80.79722222222223,29.300555555555558,610.0
80.7975,29.300555555555558,610.0
80.79777777777778,29.300833333333337,610.0
80.79805555555556,29.301111111111116,610.0
80.79833333333333,29.301111111111116,609.0
80.79861111111111,29.301111111111116,609.0
80.7988888888889,29.301111111111116,609.0
80.79916666666666,29.301111111111116,609.0
80.79944444444445,29.301111111111116,609.0
80.79972222222223,29.301111111111116,609.0
80.8,29.301111111111116,609.0
80.80027777777778,29.301111111111116,609.0
80.80055555555556,29.301111111111116,608.0
80.80083333333333,29.301111111111116,608.0
80.80111111111111,29.301111111111116,608.0
80.8013888888889,29.301111111111116,608.0
80.80166666666666,29.301111111111116,608.0
80.80194444444444,29.30138888888889,608.0
80.80222222222223,29.30138888888889,608.0
80.80250000000001,29.30138888888889,607.0
80.80277777777778,29.30138888888889,607.0
80.80305555555556,29.30138888888889,607.0
80.80333333333334,29.30138888888889,607.0
80.80361111111111,29.30138888888889,607.0
80.80388888888889,29.301111111111116,607.0
80.80416666666667,29.300833333333337,606.0
80.80444444444444,29.300555555555558,606.0
80.80472222222222,29.30027777777778,606.0
80.805,29.300000000000004,606.0
80.80527777777777,29.299722222222226,606.0
80.80555555555556,29.299444444444447,605.0
80.80583333333334,29.299444444444447,605.0
80.80611111111111,29.299444444444447,605.0
80.80638888888889,29.299444444444447,605.0
80.80666666666667,29.299444444444447,605.0
80.80694444444444,29.299444444444447,605.0
80.80722222222222,29.29916666666667,605.0
80.8075,29.29916666666667,605.0
80.80777777777779,29.29916666666667,604.0
80.80805555555555,29.29916666666667,604.0
80.80833333333334,29.29916666666667,604.0
80.80861111111112,29.29916666666667,604.0
80.80888888888889,29.29916666666667,604.0
80.80916666666667,29.298888888888893,604.0
80.80944444444445,29.298888888888893,604.0
80.80972222222222,29.298888888888893,603.0
80.81,29.298888888888893,603.0
80.81027777777778,29.298888888888893,603.0
80.81055555555555,29.298888888888893,603.0
80.81083333333333,29.298888888888893,603.0
80.81111111111112,29.29916666666667,603.0
80.81138888888889,29.29916666666667,603.0
80.81166666666667,29.299444444444447,602.0
80.81194444444445,29.299722222222226,602.0
80.81222222222222,29.300000000000004,602.0
80.8125,29.30027777777778,602.0
80.81277777777778,29.300555555555558,602.0
80.81305555555556,29.300833333333337,601.0
80.81333333333333,29.300833333333337,601.0
80.81361111111111,29.300833333333337,601.0
80.8138888888889,29.300833333333337,601.0
80.81416666666667,29.300833333333337,601.0
80.81444444444445,29.300833333333337,601.0
80.81472222222223,29.300833333333337,601.0
80.815,29.300555555555558,601.0
80.81527777777778,29.300555555555558,600.0
80.81555555555556,29.300555555555558,600.0
80.81583333333333,29.300555555555558,600.0
80.81611111111111,29.30027777777778,600.0
80.8163888888889,29.300000000000004,600.0
80.81666666666666,29.299722222222226,600.0
80.81694444444445,29.299444444444447,600.0
80.81722222222223,29.29916666666667,600.0
80.8175,29.298888888888893,600.0
80.81777777777778,29.298888888888893,599.0
80.81805555555556,29.298611111111114,599.0
80.81833333333334,29.298611111111114,599.0
80.81861111111111,29.298611111111114,599.0
80.81888888888889,29.298611111111114,599.0
80.81916666666667,29.298611111111114,599.0
80.81944444444444,29.298611111111114,599.0
80.81972222222223,29.298611111111114,599.0
80.82000000000001,29.298611111111114,598.0
80.82027777777778,29.298611111111114,598.0
80.82055555555556,29.298611111111114,598.0
80.82083333333334,29.298611111111114,598.0
80.82111111111111,29.298888888888893,598.0
80.82138888888889,29.29916666666667,598.0
80.82166666666667,29.299444444444447,597.0
80.82194444444444,29.299444444444447,597.0
80.82222222222222,29.299444444444447,597.0
80.8225,29.299444444444447,597.0
80.82277777777777,29.299444444444447,597.0
80.82305555555556,29.299444444444447,597.0
80.82333333333334,29.299444444444447,597.0
80.82361111111112,29.299444444444447,597.0
80.82388888888889,29.29916666666667,596.0
80.82416666666667,29.29916666666667,596.0
80.82444444444445,29.29916666666667,596.0
80.82472222222222,29.298888888888893,596.0
80.825,29.298611111111114,596.0
80.82527777777779,29.298333333333336,596.0
80.82555555555555,29.29805555555556,595.0
80.82583333333334,29.29805555555556,595.0
80.82611111111112,29.29805555555556,595.0
80.82638888888889,29.29805555555556,595.0
80.82666666666667,29.29777777777778,595.0
80.82694444444445,29.297500000000003,595.0
80.82722222222222,29.297500000000003,595.0
80.8275,29.297500000000003,595.0
80.82777777777778,29.297222222222224,594.0
80.82805555555557,29.297222222222224,594.0
80.82833333333333,29.297222222222224,594.0
80.82861111111112,29.29694444444445,594.0
80.8288888888889,29.29694444444445,594.0
80.82916666666667,29.29694444444445,594.0
80.82944444444445,29.29694444444445,594.0
80.82972222222223,29.29694444444445,593.0
80.83,29.29694444444445,593.0
80.83027777777778,29.29694444444445,593.0
80.83055555555556,29.29694444444445,593.0
80.83083333333333,29.29694444444445,593.0
80.83111111111111,29.29694444444445,593.0
80.8313888888889,29.29694444444445,593.0
80.83166666666666,29.29694444444445,592.0
80.83194444444445,29.29694444444445,592.0
80.83222222222223,29.29666666666667,592.0
80.8325,29.29638888888889,592.0
80.83277777777778,29.296111111111113,592.0
80.83305555555556,29.295833333333338,591.0
80.83305555555556,29.29555555555556,591.0
80.83333333333334,29.29527777777778,591.0
80.83333333333334,29.295,591.0
80.83333333333334,29.294722222222227,591.0
80.83333333333334,29.294444444444448,591.0
80.83361111111111,29.29416666666667,591.0
80.83361111111111,29.293888888888894,590.0
80.8338888888889,29.293611111111115,590.0
80.8338888888889,29.293333333333337,590.0
80.8338888888889,29.293055555555558,590.0
80.83416666666668,29.292777777777783,590.0
80.83416666666668,29.292500000000004,590.0
80.83416666666668,29.292222222222225,590.0
80.83416666666668,29.291944444444447,591.0
80.83444444444444,29.29166666666667,591.0
80.83472222222223,29.291388888888893,590.0
80.83500000000001,29.291111111111114,589.0
80.83527777777778,29.291111111111114,589.0
80.83555555555556,29.290833333333335,589.0
80.83583333333334,29.290833333333335,589.0
80.83611111111111,29.290833333333335,589.0
80.83638888888889,29.290833333333335,589.0
80.83666666666667,29.290833333333335,589.0
80.83694444444444,29.291111111111114,589.0
80.83722222222222,29.291111111111114,588.0
80.8375,29.291111111111114,588.0
80.83777777777777,29.291111111111114,588.0
80.83805555555556,29.290833333333335,588.0
80.83833333333334,29.29055555555556,588.0
80.83861111111112,29.29027777777778,588.0
80.83888888888889,29.290000000000003,588.0
80.83916666666667,29.289722222222224,587.0
80.83944444444445,29.289722222222224,587.0
80.83972222222222,29.289722222222224,587.0
80.84,29.28944444444445,587.0
80.84027777777779,29.28916666666667,587.0
80.84055555555555,29.28888888888889,587.0
80.84083333333334,29.288611111111116,587.0
80.84111111111112,29.288333333333338,586.0
80.84138888888889,29.288333333333338,586.0
80.84166666666667,29.288333333333338,586.0
80.84194444444445,29.288333333333338,586.0
80.84222222222222,29.28805555555556,586.0
80.8425,29.28777777777778,586.0
80.84277777777778,29.287500000000005,586.0
80.84305555555555,29.287222222222226,586.0
80.84333333333333,29.286944444444448,585.0
80.84361111111112,29.28666666666667,585.0
80.8438888888889,29.286388888888894,585.0
80.84416666666667,29.286388888888894,585.0
80.84444444444445,29.286388888888894,585.0
80.84472222222223,29.286111111111115,585.0
80.845,29.286111111111115,585.0
80.84527777777778,29.285833333333336,584.0
80.84555555555556,29.285833333333336,584.0
80.84583333333333,29.285833333333336,584.0
80.84611111111111,29.285833333333336,584.0
80.8463888888889,29.285833333333336,584.0
80.84666666666666,29.285833333333336,584.0
80.84694444444445,29.285833333333336,584.0
80.84722222222223,29.285833333333336,584.0
80.8475,29.285833333333336,584.0
80.84777777777778,29.285833333333336,583.0
80.84805555555556,29.285833333333336,583.0
80.84833333333333,29.285833333333336,583.0
80.84861111111111,29.286111111111115,583.0
80.8488888888889,29.286388888888894,583.0
80.84916666666668,29.28666666666667,583.0
80.84944444444444,29.286944444444448,583.0
80.84972222222223,29.287222222222226,582.0
80.85000000000001,29.287222222222226,582.0
80.85027777777778,29.287222222222226,582.0
80.85055555555556,29.287222222222226,582.0
80.85083333333334,29.287222222222226,582.0
80.85111111111111,29.287222222222226,582.0
80.85138888888889,29.287222222222226,582.0
80.85166666666667,29.287222222222226,582.0
80.85194444444444,29.287222222222226,582.0
80.85222222222222,29.287222222222226,582.0
80.8525,29.287222222222226,581.0
80.85277777777777,29.287222222222226,581.0
80.85305555555556,29.287222222222226,581.0
80.85333333333334,29.287222222222226,581.0
80.8536111111111,29.287222222222226,581.0
80.85388888888889,29.287222222222226,581.0
80.85416666666667,29.287222222222226,581.0
80.85444444444445,29.287222222222226,581.0
80.85472222222222,29.287222222222226,581.0
80.855,29.287500000000005,580.0
80.85527777777779,29.287500000000005,580.0
80.85555555555555,29.28777777777778,580.0
80.85583333333334,29.28805555555556,580.0
80.85611111111112,29.288333333333338,580.0
80.85638888888889,29.288611111111116,580.0
80.85666666666667,29.28888888888889,580.0
80.85694444444445,29.28916666666667,579.0
80.85722222222222,29.28916666666667,579.0
80.8575,29.28916666666667,579.0
80.85777777777778,29.28916666666667,579.0
80.85805555555555,29.28916666666667,579.0
80.85833333333333,29.28916666666667,579.0
80.85861111111112,29.28944444444445,579.0
80.85888888888888,29.28944444444445,579.0
80.85916666666667,29.289722222222224,578.0
80.85944444444445,29.290000000000003,578.0
80.85972222222223,29.29027777777778,578.0
80.86,29.29027777777778,578.0
80.86027777777778,29.29027777777778,578.0
80.86055555555556,29.29027777777778,578.0
80.86083333333333,29.29027777777778,578.0
80.86111111111111,29.29027777777778,578.0
80.8613888888889,29.29027777777778,578.0
80.86166666666666,29.290000000000003,577.0
80.86194444444445,29.290000000000003,577.0
80.86222222222223,29.290000000000003,577.0
80.8625,29.289722222222224,577.0
80.86277777777778,29.28944444444445,577.0
80.86305555555556,29.28916666666667,577.0
80.86333333333333,29.28888888888889,577.0
80.86361111111111,29.288611111111116,576.0
80.8638888888889,29.288333333333338,576.0
80.86416666666666,29.28805555555556,576.0
80.86444444444444,29.28777777777778,576.0
80.86472222222223,29.287500000000005,576.0
80.86500000000001,29.287222222222226,576.0
80.86527777777778,29.286944444444448,575.0
80.86527777777778,29.28666666666667,575.0
80.86555555555556,29.286388888888894,575.0
80.86583333333334,29.286111111111115,575.0
80.86611111111111,29.285833333333336,575.0
80.86638888888889,29.285555555555558,575.0
80.86666666666667,29.285277777777782,575.0
80.86666666666667,29.285000000000004,575.0
80.86666666666667,29.284722222222225,574.0
80.86666666666667,29.284444444444446,574.0
80.86666666666667,29.28416666666667,574.0
80.86666666666667,29.283888888888892,574.0
80.86694444444444,29.283611111111114,574.0
80.86722222222222,29.283611111111114,574.0
80.8675,29.28333333333334,574.0
80.86777777777777,29.28305555555556,573.0
80.86805555555556,29.28277777777778,573.0
80.86833333333334,29.282500000000002,573.0
80.86861111111111,29.282222222222227,573.0
80.86861111111111,29.28194444444445,573.0
80.86861111111111,29.28166666666667,573.0
80.86861111111111,29.28138888888889,573.0
80.86861111111111,29.281111111111116,573.0
80.86861111111111,29.280833333333337,573.0
80.86861111111111,29.28055555555556,572.0
80.86833333333334,29.28027777777778,572.0
80.86805555555556,29.28027777777778,572.0
80.86777777777777,29.280000000000005,572.0
80.8675,29.279722222222226,572.0
80.86722222222222,29.279444444444447,572.0
80.86694444444444,29.27916666666667,572.0
80.86666666666667,29.278888888888893,572.0
80.86638888888889,29.278611111111115,571.0
80.86638888888889,29.278333333333336,571.0
80.86611111111111,29.27805555555556,571.0
80.86611111111111,29.277777777777782,571.0
80.86611111111111,29.277500000000003,571.0
80.86611111111111,29.277222222222225,571.0
80.86611111111111,29.27694444444445,571.0
80.86638888888889,29.27666666666667,570.0
80.86638888888889,29.276388888888892,570.0
80.86666666666667,29.276111111111113,570.0
80.86694444444444,29.27583333333334,570.0
80.86722222222222,29.27555555555556,570.0
80.8675,29.27527777777778,570.0
80.86777777777777,29.275000000000002,570.0
80.86805555555556,29.274722222222227,570.0
80.86805555555556,29.27444444444445,570.0
80.86805555555556,29.27416666666667,570.0
80.86805555555556,29.27388888888889,569.0
80.86805555555556,29.273611111111116,568.0
80.86833333333334,29.273333333333337,568.0
80.86861111111111,29.27305555555556,567.0
80.86888888888889,29.27305555555556,567.0
80.86916666666667,29.27277777777778,567.0
80.86916666666667,29.272500000000004,567.0
80.86944444444444,29.272222222222226,567.0
80.86972222222222,29.271944444444447,566.0
80.87,29.271666666666672,566.0
80.87027777777779,29.271388888888893,566.0
80.87055555555555,29.271111111111114,566.0
80.87083333333334,29.270833333333336,566.0
80.87111111111112,29.27055555555556,565.0
80.87138888888889,29.27055555555556,565.0
80.87166666666667,29.270277777777782,565.0
80.87194444444445,29.270000000000003,565.0
80.87222222222222,29.269722222222224,565.0
80.8725,29.26944444444445,564.0
80.87277777777778,29.26944444444445,564.0
80.87305555555555,29.26944444444445,564.0
80.87333333333333,29.26944444444445,564.0
80.87361111111112,29.26944444444445,564.0
80.87388888888889,29.26944444444445,564.0
80.87416666666667,29.26944444444445,564.0
80.87444444444445,29.26944444444445,564.0
80.87472222222222,29.26944444444445,563.0
80.875,29.26944444444445,563.0
80.87527777777778,29.26944444444445,563.0
80.87555555555556,29.26944444444445,563.0
80.87583333333333,29.26944444444445,563.0
80.87611111111111,29.26944444444445,563.0
80.8763888888889,29.26944444444445,563.0
80.87666666666667,29.26944444444445,562.0
80.87694444444445,29.269722222222224,562.0
80.87722222222223,29.269722222222224,562.0
80.8775,29.269722222222224,562.0
80.87777777777778,29.270000000000003,562.0
80.87805555555556,29.270277777777782,562.0
80.87833333333333,29.27055555555556,562.0
80.87861111111111,29.270833333333336,561.0
80.8788888888889,29.270833333333336,561.0
80.87916666666666,29.270833333333336,561.0
80.87944444444445,29.271111111111114,561.0
80.87972222222223,29.271388888888893,561.0
80.88,29.271666666666672,561.0
80.88027777777778,29.271944444444447,561.0
80.88055555555556,29.272222222222226,561.0
80.88083333333334,29.272500000000004,560.0
80.88111111111111,29.272500000000004,560.0
80.88138888888889,29.272500000000004,560.0
80.88166666666667,29.272500000000004,560.0
80.88194444444444,29.272500000000004,560.0
80.88222222222223,29.27277777777778,560.0
80.88250000000001,29.27277777777778,560.0
80.88277777777778,29.27305555555556,560.0
80.88305555555556,29.27305555555556,560.0
80.88333333333334,29.27305555555556,559.0
80.88361111111111,29.27305555555556,559.0
80.88388888888889,29.27305555555556,559.0
80.88416666666667,29.27305555555556,559.0
80.88444444444444,29.27305555555556,559.0
80.88472222222222,29.27305555555556,559.0
80.885,29.27305555555556,559.0
80.88527777777777,29.27305555555556,559.0
80.88555555555556,29.27305555555556,559.0
80.88583333333334,29.27277777777778,558.0
80.88611111111112,29.272500000000004,558.0
80.88638888888889,29.272222222222226,558.0
80.88638888888889,29.271944444444447,558.0
80.88666666666667,29.271666666666672,558.0
80.88694444444445,29.271388888888893,558.0
80.88722222222222,29.271111111111114,557.0
80.88722222222222,29.270833333333336,557.0
80.88722222222222,29.27055555555556,557.0
80.8875,29.270277777777782,557.0
80.88777777777779,29.270000000000003,557.0
80.88805555555555,29.269722222222224,557.0
80.88833333333334,29.26944444444445,557.0
80.88861111111112,29.26916666666667,556.0
80.88888888888889,29.26916666666667,556.0
80.88916666666667,29.268888888888892,556.0
80.88944444444445,29.268611111111113,556.0
80.88972222222222,29.268333333333338,556.0
80.89,29.26805555555556,556.0
80.89027777777778,29.26777777777778,556.0
80.89055555555557,29.267500000000002,555.0
80.89083333333333,29.267500000000002,555.0
80.89111111111112,29.267500000000002,555.0
80.8913888888889,29.267222222222227,555.0
80.89166666666667,29.266944444444448,555.0
80.89194444444445,29.26666666666667,555.0
80.89194444444445,29.26638888888889,555.0
80.89194444444445,29.266111111111115,554.0
80.89194444444445,29.265833333333337,554.0
80.89194444444445,29.265555555555558,554.0
80.89194444444445,29.265277777777783,554.0
80.89194444444445,29.265000000000004,554.0
80.89194444444445,29.264722222222225,554.0
80.89222222222223,29.264444444444447,554.0
80.8925,29.26416666666667,554.0
80.89277777777778,29.263888888888893,553.0
80.89277777777778,29.263611111111114,553.0
80.89277777777778,29.263333333333335,553.0
80.89277777777778,29.26305555555556,553.0
80.89277777777778,29.26277777777778,553.0
80.89277777777778,29.262500000000003,553.0
80.89277777777778,29.262222222222224,553.0
80.89277777777778,29.26194444444445,553.0
80.89277777777778,29.26166666666667,553.0
80.89277777777778,29.26138888888889,553.0
80.89277777777778,29.261111111111113,552.0
80.89277777777778,29.260833333333338,552.0
80.89277777777778,29.26055555555556,552.0
80.89277777777778,29.26027777777778,552.0
80.89277777777778,29.260000000000005,552.0
80.89277777777778,29.259722222222226,552.0
80.89277777777778,29.259444444444448,552.0
80.89277777777778,29.25916666666667,552.0
80.89305555555556,29.258888888888894,551.0
80.89305555555556,29.258611111111115,551.0
80.89305555555556,29.258333333333336,551.0
80.89305555555556,29.258055555555558,551.0
80.89305555555556,29.257777777777783,551.0
80.89305555555556,29.257500000000004,551.0
80.89333333333333,29.257222222222225,551.0
80.89361111111111,29.256944444444446,551.0
80.8938888888889,29.25666666666667,550.0
80.8938888888889,29.256388888888893,550.0
80.8938888888889,29.256111111111114,550.0
80.8938888888889,29.255833333333335,550.0
80.8938888888889,29.25555555555556,550.0
80.89416666666666,29.25527777777778,550.0
80.89444444444445,29.255000000000003,550.0
80.89472222222223,29.254722222222227,550.0
80.895,29.25444444444445,549.0
80.89527777777778,29.25416666666667,549.0
80.89555555555556,29.25388888888889,549.0
80.89583333333334,29.253611111111116,549.0
80.89611111111111,29.253333333333337,549.0
80.8963888888889,29.25305555555556,549.0
80.89666666666668,29.25277777777778,549.0
80.89694444444444,29.252500000000005,548.0
80.89722222222223,29.252500000000005,548.0
80.89750000000001,29.252500000000005,548.0
80.89777777777778,29.252500000000005,548.0
80.89805555555556,29.252500000000005,548.0
80.89833333333334,29.252222222222226,548.0
80.89861111111111,29.252222222222226,548.0
80.89888888888889,29.251944444444447,548.0
80.89916666666667,29.251944444444447,548.0
80.89944444444444,29.251944444444447,548.0
80.89972222222222,29.251944444444447,547.0
80.9,29.251944444444447,547.0
80.90027777777777,29.251944444444447,547.0
80.90055555555556,29.251944444444447,547.0
80.90083333333334,29.251944444444447,547.0
80.90111111111112,29.251944444444447,547.0
80.90138888888889,29.252222222222226,547.0
80.90166666666667,29.252222222222226,547.0
80.90194444444445,29.252222222222226,547.0
80.90222222222222,29.252222222222226,547.0
80.9025,29.252222222222226,546.0
80.90277777777779,29.252222222222226,546.0
80.90305555555555,29.252500000000005,546.0
80.90333333333334,29.25277777777778,546.0
80.90361111111112,29.25277777777778,546.0
80.90388888888889,29.252500000000005,546.0
80.90416666666667,29.252500000000005,546.0
80.90444444444445,29.252500000000005,546.0
80.90472222222222,29.252500000000005,546.0
80.905,29.252222222222226,545.0
80.905,29.251944444444447,545.0
80.90527777777778,29.25166666666667,545.0
80.90555555555555,29.251388888888894,545.0
80.90555555555555,29.251111111111115,545.0
80.90583333333333,29.250833333333336,545.0
80.90583333333333,29.250555555555557,545.0
80.90583333333333,29.250277777777782,545.0
80.90583333333333,29.250000000000004,544.0
80.90583333333333,29.249722222222225,544.0
80.90583333333333,29.24944444444445,544.0
80.90583333333333,29.24916666666667,544.0
80.90583333333333,29.248888888888892,544.0
80.90583333333333,29.248611111111114,544.0
80.90583333333333,29.24833333333334,544.0
80.90583333333333,29.24805555555556,544.0
80.90583333333333,29.24777777777778,544.0
80.90583333333333,29.247500000000002,543.0
80.90583333333333,29.247222222222227,543.0
80.90583333333333,29.24694444444445,543.0
80.90583333333333,29.24666666666667,543.0
80.90583333333333,29.24638888888889,543.0
80.90611111111112,29.246111111111116,543.0
80.90611111111112,29.245833333333337,543.0
80.9063888888889,29.24555555555556,543.0
80.90666666666667,29.24527777777778,542.0
80.90666666666667,29.245000000000005,542.0
80.90666666666667,29.244722222222226,542.0
80.90666666666667,29.244444444444447,542.0
80.90694444444445,29.24416666666667,542.0
80.90722222222223,29.243888888888893,542.0
80.9075,29.243611111111115,542.0
80.9075,29.243333333333336,542.0
80.9075,29.24305555555556,541.0
80.9075,29.242777777777782,541.0
80.9075,29.242500000000003,541.0
80.9075,29.242222222222225,541.0
80.9075,29.24194444444445,541.0
80.90722222222223,29.24166666666667,541.0
80.90694444444445,29.241388888888892,541.0
80.90666666666667,29.241111111111113,541.0
80.9063888888889,29.240833333333338,540.0
80.9063888888889,29.24055555555556,540.0
80.9063888888889,29.24027777777778,540.0
80.9063888888889,29.240000000000002,540.0
80.90611111111112,29.239722222222227,540.0
80.90611111111112,29.239444444444448,540.0
80.90611111111112,29.23916666666667,540.0
80.90611111111112,29.23888888888889,540.0
80.90611111111112,29.238611111111116,540.0
80.9063888888889,29.238333333333337,539.0
80.90666666666667,29.238333333333337,539.0
80.90694444444445,29.238333333333337,539.0
80.90722222222223,29.238055555555558,539.0
80.9075,29.23777777777778,539.0
80.90777777777778,29.237500000000004,539.0
80.90805555555556,29.237222222222226,539.0
80.90833333333333,29.236944444444447,538.0
80.90861111111111,29.236944444444447,538.0
80.9088888888889,29.237222222222226,538.0
80.90916666666666,29.237500000000004,538.0
80.90944444444445,29.23777777777778,538.0
80.90972222222223,29.238055555555558,538.0
80.90972222222223,29.238333333333337,538.0
80.90972222222223,29.238611111111116,538.0
80.90972222222223,29.23888888888889,537.0
80.91,29.23888888888889,537.0
80.91027777777778,29.23916666666667,537.0
80.91055555555556,29.239444444444448,537.0
80.91083333333333,29.239722222222227,537.0
80.91111111111111,29.240000000000002,537.0
80.9113888888889,29.24027777777778,537.0
80.91166666666668,29.24055555555556,536.0
80.91166666666668,29.240833333333338,536.0
80.91194444444444,29.241111111111113,536.0
80.91222222222223,29.241388888888892,536.0
80.91250000000001,29.24166666666667,536.0
80.91277777777778,29.24194444444445,536.0
80.91277777777778,29.242222222222225,536.0
80.91305555555556,29.242500000000003,536.0
80.91333333333334,29.242777777777782,535.0
80.91333333333334,29.24305555555556,535.0
80.91361111111111,29.243333333333336,535.0
80.91361111111111,29.243611111111115,535.0
80.91388888888889,29.243888888888893,535.0
80.91416666666667,29.24416666666667,535.0
80.91444444444444,29.244444444444447,535.0
80.91472222222222,29.244722222222226,534.0
80.91472222222222,29.245000000000005,534.0
80.915,29.24527777777778,534.0
80.91527777777777,29.24555555555556,534.0
80.91555555555556,29.245833333333337,534.0
80.91583333333334,29.246111111111116,534.0
80.9161111111111,29.24638888888889,534.0
80.91638888888889,29.24666666666667,533.0
80.91666666666667,29.24666666666667,533.0
80.91694444444445,29.24666666666667,533.0
80.91722222222222,29.24694444444445,533.0
80.9175,29.24694444444445,533.0
80.91777777777779,29.24694444444445,533.0
80.91805555555555,29.24694444444445,533.0
80.91833333333334,29.24694444444445,533.0
80.91861111111112,29.24694444444445,533.0
80.91888888888889,29.24694444444445,533.0
80.91916666666667,29.24694444444445,532.0
80.91944444444445,29.24694444444445,532.0
80.91972222222222,29.24666666666667,532.0
80.92,29.24666666666667,532.0
80.92027777777778,29.24638888888889,532.0
80.92055555555555,29.24638888888889,532.0
80.92083333333333,29.24638888888889,532.0
80.92111111111112,29.24638888888889,532.0
80.92138888888888,29.24638888888889,532.0
80.92166666666667,29.24666666666667,531.0
80.92194444444445,29.24666666666667,531.0
80.92222222222223,29.24666666666667,531.0
80.9225,29.24666666666667,531.0
80.92277777777778,29.24666666666667,531.0
80.92305555555556,29.24666666666667,531.0
80.92333333333333,29.24666666666667,531.0
80.92361111111111,29.24666666666667,531.0
80.9238888888889,29.24666666666667,531.0
80.92416666666666,29.24666666666667,531.0
80.92444444444445,29.24666666666667,530.0
80.92472222222223,29.24666666666667,530.0
80.925,29.24694444444445,530.0
80.92527777777778,29.24694444444445,530.0
80.92555555555556,29.24694444444445,530.0
80.92583333333333,29.24694444444445,530.0
80.92611111111111,29.247222222222227,530.0
80.9263888888889,29.247500000000002,530.0
80.92666666666666,29.24777777777778,530.0
80.92694444444444,29.24805555555556,529.0
80.92722222222223,29.24805555555556,529.0
80.92750000000001,29.24833333333334,529.0
80.92777777777778,29.248611111111114,529.0
80.92805555555556,29.248888888888892,529.0
80.92833333333334,29.24916666666667,529.0
80.92861111111111,29.24944444444445,529.0
80.92888888888889,29.24944444444445,528.0
80.92916666666667,29.249722222222225,528.0
80.92944444444444,29.250000000000004,528.0
80.92972222222222,29.250277777777782,528.0
80.93,29.250555555555557,528.0
80.93027777777777,29.250833333333336,528.0
80.93055555555556,29.251111111111115,528.0
80.93083333333334,29.251388888888894,527.0
80.93083333333334,29.25166666666667,527.0
80.93111111111111,29.251944444444447,527.0
80.93138888888889,29.252222222222226,527.0
80.93138888888889,29.252500000000005,527.0
80.93138888888889,29.25277777777778,527.0
80.93138888888889,29.25305555555556,527.0
80.93111111111111,29.253333333333337,527.0
80.93083333333334,29.253611111111116,526.0
80.93083333333334,29.25388888888889,526.0
80.93083333333334,29.25416666666667,526.0
80.93083333333334,29.25444444444445,526.0
80.93083333333334,29.254722222222227,526.0
80.93055555555556,29.255000000000003,526.0
80.93027777777777,29.25527777777778,526.0
80.93,29.25555555555556,526.0
80.92972222222222,29.255833333333335,525.0
80.92972222222222,29.256111111111114,525.0
80.92972222222222,29.256388888888893,525.0
80.92972222222222,29.25666666666667,525.0
80.92944444444444,29.256944444444446,525.0
80.92916666666667,29.257222222222225,525.0
80.92888888888889,29.257500000000004,525.0
80.92861111111111,29.257777777777783,525.0
80.92861111111111,29.258055555555558,524.0
80.92833333333334,29.258333333333336,524.0
80.92833333333334,29.258611111111115,524.0
80.92833333333334,29.258888888888894,524.0
80.92833333333334,29.25916666666667,524.0
80.92833333333334,29.259444444444448,524.0
80.92861111111111,29.259722222222226,524.0
80.92888888888889,29.260000000000005,524.0
80.92916666666667,29.260000000000005,523.0
80.92944444444444,29.260000000000005,523.0
80.92972222222222,29.260000000000005,523.0
80.93,29.260000000000005,523.0
80.93027777777777,29.260000000000005,523.0
80.93055555555556,29.260000000000005,523.0
80.93083333333334,29.260000000000005,523.0
80.93111111111111,29.259722222222226,523.0
80.93138888888889,29.259444444444448,523.0
80.93166666666667,29.259444444444448,522.0
80.93194444444444,29.259444444444448,522.0
80.93222222222222,29.259444444444448,522.0
80.9325,29.259444444444448,522.0
80.93277777777779,29.25916666666667,522.0
80.93305555555555,29.258888888888894,522.0
80.93333333333334,29.258611111111115,522.0
80.93361111111112,29.258333333333336,522.0
80.93388888888889,29.258055555555558,521.0
80.93416666666667,29.258055555555558,521.0
80.93444444444445,29.257777777777783,521.0
80.93472222222222,29.257500000000004,521.0
80.935,29.257222222222225,521.0
80.93527777777778,29.256944444444446,521.0
80.93555555555555,29.25666666666667,521.0
80.93583333333333,29.256388888888893,520.0
80.93583333333333,29.256111111111114,520.0
80.93583333333333,29.255833333333335,520.0
80.93555555555555,29.25555555555556,520.0
80.93527777777778,29.25527777777778,520.0
80.93527777777778,29.255000000000003,520.0
80.93527777777778,29.254722222222227,520.0
80.93527777777778,29.25444444444445,520.0
80.93555555555555,29.25416666666667,519.0
80.93583333333333,29.25388888888889,519.0
80.93611111111112,29.25388888888889,519.0
80.93638888888889,29.25388888888889,519.0
80.93666666666667,29.25388888888889,519.0
80.93694444444445,29.25388888888889,519.0
80.93722222222222,29.253611111111116,519.0
80.9375,29.253611111111116,519.0
80.93777777777778,29.253611111111116,519.0
80.93805555555556,29.253611111111116,519.0
80.93833333333333,29.253611111111116,518.0
80.93861111111111,29.253611111111116,518.0
80.9388888888889,29.253611111111116,518.0
80.93916666666667,29.253611111111116,518.0
80.93944444444445,29.253611111111116,518.0
80.93972222222223,29.253611111111116,518.0
80.94,29.253611111111116,518.0
80.94027777777778,29.253611111111116,518.0
80.94055555555556,29.253611111111116,518.0
80.94083333333333,29.253611111111116,518.0
80.94111111111111,29.253611111111116,517.0
80.9413888888889,29.253333333333337,517.0
80.94166666666666,29.253333333333337,517.0
80.94194444444445,29.253333333333337,517.0
80.94222222222223,29.253333333333337,517.0
80.9425,29.253333333333337,517.0
80.94277777777778,29.253333333333337,517.0
80.94305555555556,29.253333333333337,517.0
80.94333333333334,29.253333333333337,517.0
80.94361111111111,29.253333333333337,517.0
80.94388888888889,29.253333333333337,516.0
80.94416666666667,29.253333333333337,516.0
80.94444444444444,29.253333333333337,516.0
80.94472222222223,29.253333333333337,516.0
80.94500000000001,29.253333333333337,516.0
80.94527777777778,29.253333333333337,516.0
80.94555555555556,29.253333333333337,516.0
80.94583333333334,29.253333333333337,516.0
80.94611111111111,29.253333333333337,516.0
80.94638888888889,29.253333333333337,516.0
80.94666666666667,29.253333333333337,515.0
80.94666666666667,29.25305555555556,515.0
80.94694444444444,29.25277777777778,515.0
80.94722222222222,29.252500000000005,515.0
80.9475,29.252222222222226,515.0
80.94777777777777,29.251944444444447,515.0
80.94805555555556,29.25166666666667,515.0
80.94833333333334,29.251388888888894,514.0
80.94833333333334,29.251111111111115,514.0
80.94833333333334,29.250833333333336,514.0
80.94833333333334,29.250555555555557,514.0
80.94833333333334,29.250277777777782,514.0
80.94833333333334,29.250000000000004,514.0
80.94833333333334,29.249722222222225,514.0
80.94833333333334,29.24944444444445,514.0
80.94833333333334,29.24916666666667,514.0
80.94833333333334,29.248888888888892,514.0
80.94861111111112,29.248611111111114,513.0
80.94861111111112,29.24833333333334,513.0
80.94888888888889,29.24805555555556,513.0
80.94916666666667,29.24777777777778,513.0
80.94944444444445,29.247500000000002,513.0
80.94972222222222,29.247222222222227,513.0
80.95,29.24694444444445,513.0
80.95027777777779,29.24666666666667,512.0
80.95055555555555,29.24638888888889,512.0
80.95083333333334,29.246111111111116,512.0
80.95111111111112,29.245833333333337,512.0
80.95138888888889,29.24555555555556,512.0
80.95166666666667,29.24527777777778,512.0
80.95194444444445,29.24527777777778,512.0
80.95222222222222,29.24527777777778,511.0
80.9525,29.24527777777778,511.0
80.95277777777778,29.24527777777778,511.0
80.95305555555557,29.24527777777778,511.0
80.95333333333333,29.24527777777778,511.0
80.95361111111112,29.24527777777778,511.0
80.9538888888889,29.24527777777778,511.0
80.95416666666667,29.24555555555556,511.0
80.95444444444445,29.24555555555556,511.0
80.95472222222223,29.245833333333337,510.0
80.955,29.245833333333337,510.0
80.95527777777778,29.245833333333337,510.0
80.95555555555556,29.245833333333337,510.0
80.95583333333333,29.245833333333337,510.0
80.95611111111111,29.245833333333337,510.0
80.9563888888889,29.245833333333337,510.0
80.95666666666666,29.245833333333337,510.0
80.95694444444445,29.24555555555556,510.0
80.95722222222223,29.24527777777778,509.0
80.9575,29.245000000000005,509.0
80.9575,29.244722222222226,509.0
80.9575,29.244444444444447,509.0
80.9575,29.24416666666667,509.0
80.9575,29.243888888888893,509.0
80.9575,29.243611111111115,509.0
80.95722222222223,29.243333333333336,509.0
80.95694444444445,29.24305555555556,508.0
80.95722222222223,29.242777777777782,508.0
80.9575,29.242500000000003,508.0
80.95777777777778,29.242222222222225,508.0
80.95805555555556,29.242222222222225,508.0
80.95833333333334,29.24194444444445,508.0
80.95861111111111,29.24194444444445,508.0
80.9588888888889,29.24166666666667,508.0
80.95916666666668,29.241388888888892,507.0
80.95944444444444,29.241111111111113,507.0
80.95972222222223,29.240833333333338,507.0
80.95972222222223,29.24055555555556,507.0
80.96000000000001,29.24027777777778,507.0
80.96000000000001,29.240000000000002,507.0
80.96000000000001,29.239722222222227,507.0
80.96000000000001,29.239444444444448,506.0
80.96000000000001,29.23916666666667,506.0
80.96000000000001,29.23888888888889,506.0
80.96000000000001,29.238611111111116,506.0
80.95972222222223,29.238333333333337,506.0
80.95972222222223,29.238055555555558,506.0
80.95972222222223,29.23777777777778,506.0
80.95972222222223,29.237500000000004,506.0
80.95972222222223,29.237222222222226,506.0
80.95972222222223,29.236944444444447,505.0
80.95972222222223,29.23666666666667,505.0
80.95972222222223,29.236388888888893,505.0
80.95972222222223,29.236111111111114,505.0
80.95972222222223,29.235833333333336,505.0
80.95944444444444,29.23555555555556,505.0
80.95944444444444,29.23527777777778,505.0
80.95944444444444,29.235000000000003,505.0
80.95944444444444,29.234722222222224,505.0
80.95944444444444,29.23444444444445,504.0
80.95944444444444,29.23416666666667,504.0
80.95944444444444,29.23388888888889,504.0
80.95944444444444,29.233611111111113,504.0
80.95972222222223,29.233333333333338,504.0
80.96000000000001,29.23305555555556,504.0
80.96027777777778,29.23277777777778,504.0
80.96055555555556,29.2325,503.0
80.96083333333334,29.2325,503.0
80.96111111111111,29.232222222222227,503.0
80.96138888888889,29.231944444444448,503.0
80.96166666666667,29.23166666666667,503.0
80.96194444444444,29.23166666666667,503.0
80.96222222222222,29.23166666666667,503.0
80.9625,29.231388888888894,503.0
80.96277777777777,29.231388888888894,502.0
80.96305555555556,29.231388888888894,502.0
80.96333333333334,29.231388888888894,502.0
80.96361111111112,29.231388888888894,502.0
80.96388888888889,29.231388888888894,502.0
80.96416666666667,29.231388888888894,502.0
80.96444444444445,29.231388888888894,502.0
80.96472222222222,29.231388888888894,502.0
80.965,29.23166666666667,502.0
80.96527777777779,29.23166666666667,502.0
80.96555555555555,29.23166666666667,501.0
80.96583333333334,29.23166666666667,501.0
80.96611111111112,29.23166666666667,501.0
80.96638888888889,29.23166666666667,501.0
80.96666666666667,29.23166666666667,501.0
80.96694444444445,29.23166666666667,501.0
80.96722222222222,29.231388888888894,501.0
80.9675,29.231388888888894,501.0
80.96777777777778,29.231388888888894,501.0
80.96805555555555,29.231388888888894,501.0
80.96833333333333,29.231388888888894,500.0
80.96861111111112,29.231388888888894,500.0
80.9688888888889,29.231111111111115,500.0
80.96916666666667,29.231111111111115,500.0
80.96944444444445,29.230833333333337,500.0
80.96972222222223,29.230555555555558,500.0
80.97,29.230277777777783,500.0
80.97027777777778,29.230000000000004,500.0
80.97055555555556,29.229722222222225,499.0
80.97083333333333,29.229722222222225,499.0
80.97111111111111,29.229444444444447,499.0
80.9713888888889,29.229444444444447,499.0
80.97166666666666,29.22916666666667,499.0
80.97194444444445,29.228888888888893,499.0
80.97222222222223,29.228888888888893,499.0
80.9725,29.228611111111114,499.0
80.97277777777778,29.228333333333335,498.0
80.97305555555556,29.228333333333335,498.0
80.97333333333333,29.22805555555556,498.0
80.97361111111111,29.22805555555556,498.0
80.9738888888889,29.22777777777778,498.0
80.97416666666668,29.22777777777778,498.0
80.97444444444444,29.227500000000003,498.0
80.97472222222223,29.227222222222224,498.0
80.97500000000001,29.22694444444445,497.0
80.97527777777778,29.22666666666667,497.0
80.97527777777778,29.22638888888889,497.0
80.97555555555556,29.226111111111116,497.0
80.97555555555556,29.225833333333338,497.0
80.97555555555556,29.22555555555556,497.0
80.97555555555556,29.22527777777778,497.0
80.97555555555556,29.225000000000005,497.0
80.97527777777778,29.224722222222226,496.0
80.97500000000001,29.224722222222226,496.0
80.97472222222223,29.224444444444448,496.0
80.97444444444444,29.22416666666667,496.0
80.97416666666668,29.223888888888894,496.0
80.9738888888889,29.223611111111115,496.0
80.97361111111111,29.223333333333336,496.0
80.97361111111111,29.223055555555558,496.0
80.97333333333333,29.222777777777782,495.0
80.97333333333333,29.222500000000004,495.0
80.97333333333333,29.222222222222225,495.0
80.97333333333333,29.221944444444446,495.0
80.97361111111111,29.22166666666667,495.0
80.9738888888889,29.221388888888892,495.0
80.97416666666668,29.221111111111114,495.0
80.97444444444444,29.221111111111114,494.0
80.97472222222223,29.221111111111114,494.0
80.97500000000001,29.22083333333334,494.0
80.97527777777778,29.22055555555556,494.0
80.97555555555556,29.22055555555556,494.0
80.97583333333334,29.22027777777778,494.0
80.97611111111111,29.220000000000002,494.0
80.97638888888889,29.219722222222227,494.0
80.97666666666667,29.21944444444445,493.0
80.97694444444444,29.21944444444445,493.0
80.97722222222222,29.21944444444445,493.0
80.9775,29.21944444444445,493.0
80.97777777777777,29.21944444444445,493.0
80.97805555555556,29.21944444444445,493.0
80.97833333333334,29.219722222222227,493.0
80.9786111111111,29.220000000000002,493.0
80.9786111111111,29.22027777777778,492.0
80.97888888888889,29.22027777777778,492.0
80.97916666666667,29.22055555555556,492.0
80.97944444444445,29.22083333333334,492.0
80.97972222222222,29.221111111111114,492.0
80.98,29.221388888888892,492.0
80.98027777777779,29.22166666666667,492.0
80.98055555555555,29.22166666666667,492.0
80.98083333333334,29.221944444444446,491.0
80.98111111111112,29.221944444444446,491.0
80.98138888888889,29.221944444444446,491.0
80.98166666666667,29.221944444444446,491.0
80.98194444444445,29.221944444444446,491.0
80.98222222222222,29.221944444444446,491.0
80.9825,29.221944444444446,491.0
80.98277777777778,29.221944444444446,491.0
80.98305555555555,29.222222222222225,491.0
80.98333333333333,29.222500000000004,490.0
80.98361111111112,29.222500000000004,490.0
80.98388888888888,29.222500000000004,490.0
80.98416666666667,29.222500000000004,490.0
80.98444444444445,29.222500000000004,490.0
80.98472222222223,29.222222222222225,490.0
80.985,29.221944444444446,490.0
80.98527777777778,29.221944444444446,490.0
80.98555555555556,29.221944444444446,490.0
80.98583333333333,29.221944444444446,490.0
80.98611111111111,29.221944444444446,489.0
80.9863888888889,29.221944444444446,489.0
80.98666666666666,29.221944444444446,489.0
80.98694444444445,29.22166666666667,489.0
80.98722222222223,29.22166666666667,489.0
80.9875,29.221388888888892,489.0
80.98777777777778,29.221111111111114,489.0
80.98805555555556,29.22083333333334,489.0
80.98833333333333,29.22055555555556,488.0
80.98861111111111,29.22027777777778,488.0
80.9888888888889,29.220000000000002,488.0
80.98916666666666,29.219722222222227,488.0
80.98944444444444,29.21944444444445,488.0
80.98972222222223,29.21916666666667,488.0
80.99000000000001,29.21888888888889,488.0
80.99027777777778,29.218611111111116,487.0
80.99055555555556,29.218611111111116,487.0
80.99083333333334,29.218611111111116,487.0
80.99111111111111,29.218333333333337,487.0
80.99138888888889,29.21805555555556,487.0
80.99166666666667,29.21777777777778,487.0
80.99194444444444,29.217500000000005,487.0
80.99222222222222,29.217222222222226,487.0
80.9925,29.216944444444447,486.0
80.9925,29.21666666666667,486.0
80.9925,29.216388888888893,486.0
80.9925,29.216111111111115,486.0
80.9925,29.215833333333336,486.0
80.99277777777777,29.21555555555556,486.0
80.99305555555556,29.215277777777782,486.0
80.99333333333334,29.215000000000003,486.0
80.99361111111111,29.214722222222225,486.0
80.99388888888889,29.21444444444445,485.0
80.99388888888889,29.21416666666667,485.0
80.99388888888889,29.213888888888892,485.0
80.99388888888889,29.213611111111113,485.0
80.99388888888889,29.21333333333334,485.0
80.99388888888889,29.21305555555556,485.0
80.99388888888889,29.21277777777778,485.0
80.99388888888889,29.212500000000002,485.0
80.99388888888889,29.212222222222227,485.0
80.99388888888889,29.21194444444445,485.0
80.99416666666667,29.21166666666667,484.0
80.99416666666667,29.21138888888889,484.0
80.99416666666667,29.211111111111116,484.0
80.99416666666667,29.210833333333337,484.0
80.99416666666667,29.21055555555556,484.0
80.99416666666667,29.21027777777778,484.0
80.99416666666667,29.210000000000004,484.0
80.99416666666667,29.209722222222226,484.0
80.99416666666667,29.209444444444447,484.0
80.99444444444444,29.209166666666672,484.0
80.99472222222222,29.208888888888893,483.0
80.995,29.208888888888893,483.0
80.99527777777779,29.208888888888893,483.0
80.99555555555555,29.208611111111114,483.0
80.99583333333334,29.208333333333336,483.0
80.99611111111112,29.20805555555556,483.0
80.99638888888889,29.20805555555556,483.0
80.99666666666667,29.20805555555556,483.0
80.99694444444445,29.20805555555556,483.0
80.99722222222222,29.20805555555556,483.0
80.9975,29.20805555555556,482.0
80.99777777777778,29.20805555555556,482.0
80.99805555555555,29.20805555555556,482.0
80.99833333333333,29.20805555555556,482.0
80.99861111111112,29.20805555555556,482.0
80.99888888888889,29.207777777777782,482.0
80.99916666666667,29.207777777777782,482.0
80.99944444444445,29.207777777777782,482.0
80.99972222222222,29.207500000000003,482.0
81.0,29.207500000000003,482.0
81.00027777777778,29.207222222222224,482.0
81.00055555555556,29.207222222222224,482.0
81.00083333333333,29.207222222222224,482.0
81.00111111111111,29.207222222222224,482.0
81.0013888888889,29.20694444444445,482.0
81.00166666666667,29.20694444444445,482.0
81.00194444444445,29.20694444444445,482.0
81.00222222222223,29.20666666666667,482.0
81.0025,29.20666666666667,482.0
81.00277777777778,29.20666666666667,482.0
81.00305555555556,29.20666666666667,482.0
81.00333333333333,29.206388888888892,482.0
81.00361111111111,29.206111111111113,482.0
81.0038888888889,29.205833333333338,482.0
81.00416666666666,29.20555555555556,482.0
81.00444444444445,29.20527777777778,482.0
81.00472222222223,29.205000000000002,481.0
81.005,29.205000000000002,481.0
81.00527777777778,29.205000000000002,481.0
81.00555555555556,29.205000000000002,481.0
81.00583333333334,29.204722222222227,481.0
81.00611111111111,29.204444444444448,481.0
81.00638888888889,29.20416666666667,481.0
81.00666666666667,29.20388888888889,480.0
81.00666666666667,29.203611111111115,480.0
81.00694444444444,29.203333333333337,480.0
81.00694444444444,29.203055555555558,480.0
81.00694444444444,29.202777777777783,480.0
81.00722222222223,29.202500000000004,480.0
81.00750000000001,29.202222222222225,479.0
81.00750000000001,29.201944444444447,479.0
81.00750000000001,29.20166666666667,479.0
81.00750000000001,29.201388888888893,479.0
81.00750000000001,29.201111111111114,479.0
81.00750000000001,29.200833333333335,479.0
81.00750000000001,29.20055555555556,479.0
81.00750000000001,29.20027777777778,479.0
81.00750000000001,29.200000000000003,479.0
81.00750000000001,29.199722222222224,478.0
81.00777777777778,29.199722222222224,478.0
81.00805555555556,29.199722222222224,478.0
81.00833333333334,29.19944444444445,478.0
81.00861111111111,29.19944444444445,478.0
81.00888888888889,29.19916666666667,478.0
81.00916666666667,29.19888888888889,478.0
81.00944444444444,29.198611111111113,477.0
81.00944444444444,29.198333333333338,477.0
81.00972222222222,29.19805555555556,477.0
81.01,29.19777777777778,477.0
81.01027777777777,29.197500000000005,477.0
81.01055555555556,29.197222222222226,477.0
81.01083333333334,29.196944444444448,476.0
81.01083333333334,29.19666666666667,476.0
81.01083333333334,29.196388888888894,476.0
81.01083333333334,29.196111111111115,476.0
81.01083333333334,29.195833333333336,476.0
81.01083333333334,29.195555555555558,476.0
81.01083333333334,29.195277777777783,476.0
81.01111111111112,29.195000000000004,476.0
81.01111111111112,29.194722222222225,475.0
81.01138888888889,29.194722222222225,475.0
81.01166666666667,29.194722222222225,475.0
81.01194444444445,29.194722222222225,475.0
81.01222222222222,29.194444444444446,475.0
81.0125,29.19416666666667,475.0
81.01277777777779,29.193888888888893,475.0
81.01305555555555,29.193611111111114,475.0
81.01333333333334,29.193333333333335,474.0
81.01361111111112,29.193333333333335,474.0
81.01388888888889,29.19305555555556,474.0
81.01416666666667,29.19277777777778,474.0
81.01444444444445,29.192500000000003,474.0
81.01472222222222,29.192222222222227,474.0
81.015,29.19194444444445,473.0
81.01527777777778,29.19194444444445,473.0
81.01555555555557,29.19194444444445,473.0
81.01583333333333,29.19194444444445,473.0
81.01611111111112,29.19194444444445,473.0
81.0163888888889,29.19194444444445,473.0
81.01666666666667,29.19194444444445,473.0
81.01694444444445,29.19194444444445,473.0
81.01722222222223,29.19194444444445,472.0
81.0175,29.19194444444445,472.0
81.01777777777778,29.19194444444445,472.0
81.01805555555556,29.19194444444445,472.0
81.01833333333333,29.19194444444445,472.0
81.01861111111111,29.19194444444445,472.0
81.0188888888889,29.19194444444445,472.0
81.01916666666666,29.19194444444445,472.0
81.01944444444445,29.19194444444445,472.0
81.01972222222223,29.19194444444445,471.0
81.02,29.19194444444445,471.0
81.02027777777778,29.19194444444445,471.0
81.02055555555556,29.19194444444445,471.0
81.02083333333334,29.19194444444445,471.0
81.02111111111111,29.192222222222227,471.0
81.0213888888889,29.19194444444445,471.0
81.02166666666668,29.19166666666667,470.0
81.02194444444444,29.19138888888889,470.0
81.02222222222223,29.191111111111116,470.0
81.02250000000001,29.190833333333337,470.0
81.02277777777778,29.19055555555556,470.0
81.02277777777778,29.19027777777778,469.0
81.02250000000001,29.190000000000005,469.0
81.02222222222223,29.189722222222226,469.0
81.02194444444444,29.189444444444447,469.0
81.02166666666668,29.18916666666667,469.0
81.0213888888889,29.188888888888894,469.0
81.02111111111111,29.188611111111115,468.0
81.02083333333334,29.188333333333336,468.0
81.02083333333334,29.188055555555557,468.0
81.02055555555556,29.187777777777782,468.0
81.02055555555556,29.187500000000004,468.0
81.02055555555556,29.187222222222225,468.0
81.02055555555556,29.18694444444445,468.0
81.02055555555556,29.18666666666667,467.0
81.02055555555556,29.186388888888892,467.0
81.02055555555556,29.186111111111114,467.0
81.02055555555556,29.18583333333334,467.0
81.02055555555556,29.18555555555556,467.0
81.02055555555556,29.18527777777778,467.0
81.02055555555556,29.185000000000002,467.0
81.02083333333334,29.184722222222227,466.0
81.02111111111111,29.18444444444445,466.0
81.0213888888889,29.18416666666667,466.0
81.02166666666668,29.18388888888889,466.0
81.02194444444444,29.183611111111116,466.0
81.02222222222223,29.183333333333337,465.0
81.02250000000001,29.18305555555556,465.0
81.02277777777778,29.18305555555556,465.0
81.02305555555556,29.18305555555556,465.0
81.02333333333334,29.18305555555556,465.0
81.02361111111111,29.18305555555556,465.0
81.02388888888889,29.18305555555556,465.0
81.02416666666667,29.18277777777778,465.0
81.02444444444444,29.18277777777778,464.0
81.02472222222222,29.18277777777778,464.0
81.025,29.18277777777778,464.0
81.02527777777777,29.18277777777778,464.0
81.02555555555556,29.18277777777778,464.0
81.02583333333334,29.18277777777778,464.0
81.02611111111112,29.18277777777778,464.0
81.02638888888889,29.182500000000005,464.0
81.02666666666667,29.182222222222226,463.0
81.02694444444445,29.182222222222226,463.0
81.02722222222222,29.182222222222226,463.0
81.0275,29.182222222222226,463.0
81.02777777777779,29.182222222222226,463.0
81.02805555555555,29.182222222222226,463.0
81.02833333333334,29.182222222222226,463.0
81.02861111111112,29.182222222222226,463.0
81.02888888888889,29.182222222222226,463.0
81.02916666666667,29.182222222222226,462.0
81.02944444444445,29.181944444444447,462.0
81.02972222222222,29.181944444444447,462.0
81.03,29.181944444444447,462.0
81.03027777777778,29.182222222222226,462.0
81.03055555555555,29.182500000000005,462.0
81.03083333333333,29.18277777777778,461.0
81.03083333333333,29.18305555555556,461.0
81.03083333333333,29.183333333333337,461.0
81.03111111111112,29.183611111111116,461.0
81.03111111111112,29.18388888888889,461.0
81.03111111111112,29.18416666666667,461.0
81.0313888888889,29.18444444444445,461.0
81.03166666666667,29.184722222222227,460.0
81.03194444444445,29.185000000000002,460.0
81.03194444444445,29.18527777777778,460.0
81.03222222222223,29.18555555555556,460.0
81.0325,29.18583333333334,460.0
81.0325,29.186111111111114,460.0
81.03277777777778,29.186388888888892,460.0
81.03305555555556,29.18666666666667,459.0
81.03333333333333,29.18694444444445,459.0
81.03361111111111,29.187222222222225,459.0
81.0338888888889,29.187500000000004,459.0
81.03416666666666,29.187777777777782,459.0
81.03444444444445,29.188055555555557,458.0
81.03472222222223,29.188333333333336,458.0
81.035,29.188611111111115,458.0
81.03527777777778,29.188611111111115,458.0
81.03555555555556,29.188888888888894,458.0
81.03583333333333,29.188888888888894,458.0
81.03611111111111,29.188888888888894,457.0
81.0363888888889,29.188888888888894,459.0
81.03666666666668,29.188888888888894,458.0
81.03694444444444,29.188888888888894,457.0
81.03722222222223,29.188888888888894,457.0
81.03750000000001,29.188888888888894,457.0
81.03777777777778,29.188888888888894,457.0
81.03805555555556,29.188888888888894,457.0
81.03833333333334,29.188888888888894,457.0
81.03861111111111,29.188888888888894,458.0
81.03888888888889,29.188888888888894,458.0
81.03916666666667,29.188611111111115,458.0
81.03944444444444,29.188333333333336,457.0
81.03972222222222,29.188055555555557,457.0
81.04,29.187777777777782,458.0
81.04027777777777,29.187500000000004,458.0
81.04055555555556,29.187222222222225,458.0
81.04083333333334,29.18694444444445,458.0
81.0411111111111,29.18666666666667,459.0
81.04138888888889,29.18666666666667,461.0
81.04166666666667,29.186388888888892,459.0
81.04194444444445,29.186111111111114,459.0
81.04222222222222,29.18583333333334,459.0
81.0425,29.18555555555556,454.0
81.04277777777779,29.18527777777778,454.0
81.04305555555555,29.185000000000002,454.0
81.04333333333334,29.184722222222227,454.0
81.04361111111112,29.18444444444445,461.0
81.04388888888889,29.18416666666667,460.0
81.04416666666667,29.18388888888889,461.0
81.04416666666667,29.183611111111116,461.0
81.04444444444445,29.183333333333337,459.0
81.04444444444445,29.18305555555556,457.0
81.04444444444445,29.18277777777778,452.0
81.04444444444445,29.182500000000005,452.0
81.04444444444445,29.182222222222226,451.0
81.04444444444445,29.181944444444447,451.0
81.04444444444445,29.18166666666667,451.0
81.04444444444445,29.181388888888893,451.0
81.04444444444445,29.181111111111115,451.0
81.04444444444445,29.180833333333336,451.0
81.04444444444445,29.18055555555556,451.0
81.04444444444445,29.180277777777782,450.0
81.04444444444445,29.180000000000003,450.0
81.04444444444445,29.179722222222225,450.0
81.04444444444445,29.17944444444445,450.0
81.04444444444445,29.17916666666667,450.0
81.04444444444445,29.178888888888892,450.0
81.04444444444445,29.178611111111113,455.0
81.04444444444445,29.178333333333338,460.0
81.04416666666667,29.17805555555556,449.0
81.04416666666667,29.17777777777778,449.0
81.04416666666667,29.177500000000002,449.0
81.04416666666667,29.177222222222227,449.0
81.04388888888889,29.176944444444448,449.0
81.04388888888889,29.17666666666667,449.0
81.04388888888889,29.17638888888889,449.0
81.04388888888889,29.176111111111116,448.0
81.04388888888889,29.175833333333337,448.0
81.04388888888889,29.175555555555558,448.0
81.04388888888889,29.17527777777778,448.0
81.04388888888889,29.175000000000004,448.0
81.04388888888889,29.174722222222226,448.0
81.04388888888889,29.174444444444447,448.0
81.04388888888889,29.17416666666667,448.0
81.04416666666667,29.173888888888893,447.0
81.04444444444445,29.173611111111114,447.0
81.04472222222222,29.173333333333336,448.0
81.045,29.17305555555556,449.0
81.04527777777778,29.17277777777778,450.0
81.04555555555555,29.172500000000003,452.0
81.04583333333333,29.172222222222224,456.0
81.04611111111112,29.17194444444445,458.0
81.04638888888888,29.17166666666667,458.0
81.04666666666667,29.17138888888889,460.0
81.04694444444445,29.171111111111113,460.0
81.04722222222223,29.170833333333338,461.0
81.0475,29.17055555555556,460.0
81.04777777777778,29.17027777777778,461.0
81.04805555555556,29.17,461.0
81.04833333333333,29.169722222222227,460.0
81.04861111111111,29.169444444444448,453.0
81.04861111111111,29.16916666666667,451.0
81.04861111111111,29.168888888888894,450.0
81.04861111111111,29.168611111111115,450.0
81.04861111111111,29.168333333333337,449.0
81.04861111111111,29.168055555555558,446.0
81.04861111111111,29.167777777777783,445.0
81.04861111111111,29.167500000000004,443.0
81.04861111111111,29.167222222222225,443.0
81.04861111111111,29.166944444444447,443.0
81.04861111111111,29.16666666666667,443.0
81.04861111111111,29.166388888888893,443.0
81.04861111111111,29.166111111111114,442.0
81.04861111111111,29.165833333333335,442.0
81.04861111111111,29.16555555555556,442.0
81.04861111111111,29.16527777777778,442.0
81.04861111111111,29.165000000000003,442.0
81.04861111111111,29.164722222222224,442.0
81.04861111111111,29.16444444444445,442.0
81.04861111111111,29.16416666666667,442.0
81.04861111111111,29.16388888888889,441.0
81.04861111111111,29.163611111111116,441.0
81.0488888888889,29.163333333333338,441.0
81.04916666666666,29.16305555555556,441.0
81.04944444444445,29.16277777777778,441.0
81.04972222222223,29.16277777777778,458.0
81.05,29.162500000000005,449.0
81.05027777777778,29.162500000000005,457.0
81.05055555555556,29.162500000000005,461.0
81.05083333333333,29.162222222222226,447.0
81.05111111111111,29.162222222222226,446.0
81.0513888888889,29.162222222222226,440.0
81.05166666666666,29.162222222222226,439.0
81.05194444444444,29.162222222222226,439.0
81.05222222222223,29.162222222222226,439.0
81.05250000000001,29.162222222222226,439.0
81.05277777777778,29.162222222222226,439.0
81.05305555555556,29.162222222222226,439.0
81.05333333333334,29.162222222222226,439.0
81.05361111111111,29.162222222222226,439.0
81.05388888888889,29.162222222222226,439.0
81.05416666666667,29.162222222222226,438.0
81.05444444444444,29.162222222222226,438.0
81.05472222222222,29.162222222222226,438.0
81.055,29.162222222222226,438.0
81.05527777777777,29.162222222222226,438.0
81.05555555555556,29.162222222222226,438.0
81.05583333333334,29.162222222222226,438.0
81.05611111111111,29.161944444444448,438.0
81.05638888888889,29.16166666666667,445.0
81.05666666666667,29.161388888888894,452.0
81.05694444444444,29.161111111111115,454.0
81.05694444444444,29.160833333333336,458.0
81.05722222222222,29.160555555555558,452.0
81.0575,29.160277777777782,453.0
81.05777777777779,29.160000000000004,456.0
81.05805555555555,29.159722222222225,456.0
81.05833333333334,29.159444444444446,453.0
81.05833333333334,29.15916666666667,456.0
81.05833333333334,29.158888888888892,459.0
81.05833333333334,29.158611111111114,457.0
81.05833333333334,29.15833333333334,451.0
81.05833333333334,29.15805555555556,445.0
81.05833333333334,29.15777777777778,442.0
81.05833333333334,29.157500000000002,441.0
81.05833333333334,29.157222222222227,443.0
81.05833333333334,29.15694444444445,449.0
81.05833333333334,29.15666666666667,459.0
81.05861111111112,29.15638888888889,457.0
81.05888888888889,29.156111111111116,449.0
81.05888888888889,29.155833333333337,448.0
81.05888888888889,29.15555555555556,445.0
81.05888888888889,29.15527777777778,445.0
81.05888888888889,29.155000000000005,447.0
81.05888888888889,29.154722222222226,448.0
81.05888888888889,29.154444444444447,450.0
81.05861111111112,29.15416666666667,457.0
81.05833333333334,29.153888888888893,455.0
81.05805555555555,29.153611111111115,449.0
81.05777777777779,29.153611111111115,452.0
81.0575,29.153333333333336,440.0
81.05722222222222,29.15305555555556,434.0
81.05694444444444,29.152777777777782,432.0
81.05666666666667,29.152500000000003,434.0
81.05638888888889,29.152222222222225,436.0
81.05611111111111,29.15194444444445,442.0
81.05583333333334,29.15166666666667,449.0
81.05583333333334,29.151388888888892,459.0
81.05555555555556,29.151111111111113,446.0
81.05555555555556,29.15083333333334,456.0
81.05527777777777,29.15055555555556,453.0
81.05527777777777,29.15027777777778,457.0
81.05527777777777,29.150000000000002,457.0
81.05527777777777,29.149722222222227,457.0
81.05527777777777,29.14944444444445,459.0
81.05555555555556,29.14916666666667,459.0
81.05583333333334,29.14888888888889,461.0
81.05611111111111,29.148611111111116,461.0
81.05638888888889,29.148333333333337,456.0
81.05638888888889,29.14805555555556,455.0
81.05666666666667,29.14805555555556,452.0
81.05694444444444,29.14805555555556,445.0
81.05722222222222,29.14805555555556,437.0
81.0575,29.14805555555556,434.0
81.05777777777779,29.14805555555556,435.0
81.05805555555555,29.14805555555556,436.0
81.05833333333334,29.14805555555556,429.0
81.05861111111112,29.14805555555556,429.0
81.05888888888889,29.14805555555556,429.0
81.05916666666667,29.14805555555556,429.0
81.05944444444445,29.14805555555556,429.0
81.05972222222222,29.14805555555556,429.0
81.06,29.14805555555556,428.0
81.06027777777778,29.14805555555556,447.0
81.06055555555555,29.14777777777778,441.0
81.06083333333333,29.14777777777778,448.0
81.06111111111112,29.14777777777778,454.0
81.06138888888889,29.14777777777778,454.0
81.06166666666667,29.14777777777778,454.0
81.06194444444445,29.14777777777778,455.0
81.06222222222222,29.147500000000004,449.0
81.0625,29.147500000000004,450.0
81.06277777777778,29.147222222222226,443.0
81.06305555555556,29.146944444444447,428.0
81.06333333333333,29.146666666666672,428.0
81.06361111111111,29.146388888888893,428.0
81.0638888888889,29.146111111111114,443.0
81.06416666666667,29.145833333333336,450.0
81.06444444444445,29.14555555555556,452.0
81.06472222222223,29.145277777777782,450.0
81.065,29.145000000000003,448.0
81.065,29.144722222222224,453.0
81.065,29.14444444444445,454.0
81.06527777777778,29.14416666666667,449.0
81.06527777777778,29.143888888888892,454.0
81.06555555555556,29.143611111111113,450.0
81.06555555555556,29.143333333333338,452.0
81.06555555555556,29.14305555555556,455.0
81.06583333333333,29.14277777777778,455.0
81.06611111111111,29.142500000000002,447.0
81.06611111111111,29.142222222222227,447.0
81.06611111111111,29.141944444444448,447.0
81.06611111111111,29.14166666666667,449.0
81.06611111111111,29.14138888888889,449.0
81.06611111111111,29.141111111111115,448.0
81.06611111111111,29.140833333333337,445.0
81.06611111111111,29.140555555555558,444.0
81.06611111111111,29.140277777777783,440.0
81.06611111111111,29.140000000000004,436.0
81.06611111111111,29.139722222222225,426.0
81.06611111111111,29.139444444444447,426.0
81.06611111111111,29.13916666666667,426.0
81.06611111111111,29.138888888888893,426.0
81.06611111111111,29.138611111111114,426.0
81.06611111111111,29.138333333333335,430.0
81.06611111111111,29.13805555555556,430.0
81.06611111111111,29.13777777777778,430.0
81.06611111111111,29.137500000000003,432.0
81.06611111111111,29.137222222222224,446.0
81.06583333333333,29.13694444444445,440.0
81.06583333333333,29.13666666666667,444.0
81.06583333333333,29.13638888888889,450.0
81.06583333333333,29.136111111111113,450.0
81.06611111111111,29.135833333333338,452.0
81.0663888888889,29.13555555555556,449.0
81.06666666666666,29.13527777777778,425.0
81.06694444444445,29.13527777777778,425.0
81.06722222222223,29.13527777777778,436.0
81.0675,29.13527777777778,441.0
81.06777777777778,29.13527777777778,445.0
81.06805555555556,29.13527777777778,450.0
81.06833333333334,29.135000000000005,425.0
81.06861111111111,29.135000000000005,425.0
81.06888888888889,29.135000000000005,425.0
81.06916666666667,29.135000000000005,439.0
81.06944444444444,29.134722222222226,425.0
81.06972222222223,29.134444444444448,425.0
81.07000000000001,29.13416666666667,426.0
81.07027777777778,29.133888888888894,432.0
81.07055555555556,29.133611111111115,445.0
81.07083333333334,29.133333333333336,446.0
81.07083333333334,29.133055555555558,454.0
81.07111111111111,29.132777777777783,449.0
81.07111111111111,29.132500000000004,452.0
81.07138888888889,29.132222222222225,443.0
81.07138888888889,29.131944444444446,447.0
81.07138888888889,29.13166666666667,446.0
81.07138888888889,29.131388888888893,443.0
81.07138888888889,29.131111111111114,444.0
81.07138888888889,29.130833333333335,440.0
81.07166666666667,29.13055555555556,424.0
81.07194444444444,29.13027777777778,423.0
81.07222222222222,29.130000000000003,423.0
81.0725,29.129722222222227,422.0
81.07277777777777,29.12944444444445,423.0
81.07305555555556,29.12916666666667,426.0
81.07333333333334,29.12888888888889,430.0
81.07361111111112,29.128611111111116,432.0
81.07388888888889,29.128333333333337,435.0
81.07416666666667,29.12805555555556,440.0
81.07444444444445,29.12777777777778,449.0
81.07472222222222,29.127500000000005,450.0
81.075,29.127222222222226,453.0
81.07527777777779,29.126944444444447,451.0
81.07555555555555,29.126944444444447,454.0
81.07583333333334,29.12666666666667,452.0
81.07611111111112,29.126388888888894,452.0
81.07638888888889,29.126111111111115,448.0
81.07666666666667,29.125833333333336,444.0
81.07694444444445,29.125833333333336,453.0
81.07722222222222,29.125555555555557,443.0
81.0775,29.125277777777782,434.0
81.07777777777778,29.125000000000004,419.0
81.07805555555557,29.124722222222225,416.0
81.07833333333333,29.12444444444445,421.0
81.07861111111112,29.12416666666667,427.0
81.0788888888889,29.123888888888892,431.0
81.07916666666667,29.123611111111114,433.0
81.07944444444445,29.12333333333334,432.0
81.07972222222223,29.12305555555556,427.0
81.08,29.12277777777778,426.0
81.08027777777778,29.122500000000002,428.0
81.08055555555556,29.122222222222227,433.0
81.08083333333333,29.12194444444445,433.0
81.08111111111111,29.12166666666667,429.0
81.0813888888889,29.12138888888889,430.0
81.08166666666666,29.121111111111116,425.0
81.08194444444445,29.120833333333337,423.0
81.08222222222223,29.12055555555556,418.0
81.0825,29.12027777777778,416.0
81.08277777777778,29.120000000000005,417.0
81.08305555555556,29.119722222222226,420.0
81.08333333333334,29.119444444444447,427.0
81.08361111111111,29.11916666666667,430.0
81.0838888888889,29.118888888888893,427.0
81.08416666666668,29.118611111111115,424.0
81.08444444444444,29.118333333333336,425.0
81.08472222222223,29.11805555555556,426.0
81.08500000000001,29.117777777777782,430.0
81.08527777777778,29.117500000000003,429.0
81.08555555555556,29.117222222222225,417.0
81.08583333333334,29.11694444444445,415.0
81.08611111111111,29.11666666666667,415.0
81.08638888888889,29.116388888888892,414.0
81.08666666666667,29.116111111111113,415.0
81.08694444444444,29.115833333333338,414.0
81.08722222222222,29.11555555555556,414.0
81.0875,29.11527777777778,423.0
81.08777777777777,29.115000000000002,425.0
81.08805555555556,29.114722222222227,424.0
81.08833333333334,29.114444444444448,423.0
81.08861111111112,29.11416666666667,423.0
81.08888888888889,29.11388888888889,423.0
81.08916666666667,29.113611111111116,423.0
81.08944444444445,29.113333333333337,423.0
81.08972222222222,29.113055555555558,421.0
81.09,29.11277777777778,419.0
81.09027777777779,29.112500000000004,420.0
81.09055555555555,29.112222222222226,421.0
81.09083333333334,29.111944444444447,423.0
81.09111111111112,29.11166666666667,424.0
81.09138888888889,29.111388888888893,436.0
81.09166666666667,29.111111111111114,443.0
81.09194444444445,29.110833333333336,444.0
81.09222222222222,29.11055555555556,449.0
81.0925,29.11027777777778,447.0
81.09277777777778,29.110000000000003,444.0
81.09305555555555,29.110000000000003,451.0
81.09333333333333,29.109722222222224,440.0
81.09361111111112,29.109722222222224,448.0
81.0938888888889,29.10944444444445,444.0
81.09416666666667,29.10916666666667,441.0
81.09444444444445,29.10916666666667,449.0
81.09472222222223,29.10916666666667,455.0
81.095,29.10888888888889,452.0
81.09527777777778,29.108611111111113,446.0
81.09555555555556,29.108333333333338,436.0
81.09583333333333,29.10805555555556,421.0
81.09611111111111,29.10777777777778,410.0
81.0963888888889,29.1075,411.0
81.09666666666666,29.107222222222227,426.0
81.09694444444445,29.106944444444448,438.0
81.09722222222223,29.10666666666667,447.0
81.0975,29.106388888888894,451.0
81.09777777777778,29.106111111111115,455.0
81.09805555555556,29.105833333333337,455.0
81.09833333333333,29.105555555555558,455.0
81.09861111111111,29.105277777777783,451.0
81.09861111111111,29.105000000000004,446.0
81.09861111111111,29.104722222222225,441.0
81.0988888888889,29.104444444444447,438.0
81.09916666666668,29.10416666666667,437.0
81.09944444444444,29.103888888888893,437.0
81.09972222222223,29.103611111111114,433.0
81.10000000000001,29.103333333333335,426.0
81.10027777777778,29.10305555555556,422.0
81.10055555555556,29.10277777777778,421.0
81.10083333333334,29.102500000000003,419.0
81.10111111111111,29.102222222222224,422.0
81.10138888888889,29.10194444444445,421.0
81.10166666666667,29.10194444444445,432.0
81.10194444444444,29.10166666666667,425.0
81.10222222222222,29.10138888888889,425.0
81.1025,29.101111111111116,425.0
81.10277777777777,29.101111111111116,430.0
81.10305555555556,29.100833333333338,431.0
81.10333333333334,29.10055555555556,426.0
81.1036111111111,29.10055555555556,433.0
81.10388888888889,29.10027777777778,424.0
81.10416666666667,29.10027777777778,431.0
81.10444444444445,29.100000000000005,418.0
81.10472222222222,29.100000000000005,423.0
81.105,29.100000000000005,422.0
81.10527777777779,29.100000000000005,417.0
81.10555555555555,29.100000000000005,410.0
81.10583333333334,29.100000000000005,418.0
81.10611111111112,29.100000000000005,432.0
81.10638888888889,29.099722222222226,421.0
81.10666666666667,29.099444444444448,408.0
81.10694444444445,29.09916666666667,399.0
81.10722222222222,29.098888888888894,395.0
81.1075,29.098611111111115,403.0
81.10777777777778,29.098333333333336,409.0
81.10805555555555,29.098055555555558,417.0
81.10833333333333,29.097777777777782,419.0
81.10861111111112,29.097500000000004,415.0
81.10861111111112,29.097222222222225,428.0
81.10888888888888,29.096944444444446,416.0
81.10888888888888,29.09666666666667,425.0
81.10888888888888,29.096388888888892,432.0
81.10916666666667,29.096111111111114,427.0
81.10916666666667,29.09583333333334,430.0
81.10916666666667,29.09555555555556,430.0
81.10916666666667,29.09527777777778,432.0
81.10944444444445,29.095000000000002,431.0
81.10972222222223,29.094722222222227,433.0
81.10972222222223,29.09444444444445,433.0
81.10972222222223,29.09416666666667,424.0
81.10972222222223,29.09388888888889,417.0
81.10972222222223,29.093611111111116,412.0
81.10972222222223,29.093333333333337,410.0
81.10972222222223,29.09305555555556,405.0
81.10972222222223,29.09277777777778,403.0
81.10972222222223,29.092500000000005,405.0
81.10972222222223,29.092222222222226,406.0
81.10972222222223,29.091944444444447,405.0
81.10972222222223,29.09166666666667,404.0
81.10972222222223,29.091388888888893,404.0
81.10972222222223,29.091111111111115,405.0
81.10972222222223,29.090833333333336,407.0
81.10972222222223,29.09055555555556,408.0
81.10972222222223,29.090277777777782,407.0
81.10972222222223,29.090000000000003,405.0
81.10972222222223,29.089722222222225,412.0
81.10972222222223,29.08944444444445,417.0
81.10944444444445,29.08916666666667,411.0
81.10916666666667,29.088888888888892,415.0
81.10916666666667,29.088611111111113,422.0
81.10888888888888,29.08833333333334,417.0
81.10888888888888,29.08805555555556,422.0
81.10888888888888,29.08777777777778,425.0
81.10888888888888,29.087500000000002,419.0
81.10888888888888,29.087222222222227,412.0
81.10916666666667,29.08694444444445,407.0
81.10916666666667,29.08666666666667,404.0
81.10916666666667,29.08638888888889,403.0
81.10944444444445,29.086111111111116,408.0
81.10944444444445,29.085833333333337,405.0
81.10944444444445,29.08555555555556,403.0
81.10972222222223,29.08527777777778,408.0
81.11,29.085000000000004,402.0
81.11027777777778,29.085000000000004,401.0
81.11055555555556,29.084722222222226,395.0
81.11083333333333,29.084722222222226,396.0
81.11111111111111,29.084722222222226,400.0
81.1113888888889,29.084722222222226,401.0
81.11166666666666,29.084722222222226,393.0
81.11194444444445,29.084722222222226,393.0
81.11222222222223,29.084722222222226,393.0
81.1125,29.084722222222226,393.0
81.11277777777778,29.084722222222226,393.0
81.11305555555556,29.084722222222226,393.0
81.11333333333333,29.084722222222226,393.0
81.11361111111111,29.084722222222226,393.0
81.1138888888889,29.084722222222226,394.0
81.11416666666666,29.084722222222226,394.0
81.11444444444444,29.084722222222226,394.0
81.11472222222223,29.084722222222226,394.0
81.11500000000001,29.084722222222226,394.0
81.11527777777778,29.084722222222226,392.0
81.11555555555556,29.084722222222226,392.0
81.11583333333334,29.084722222222226,392.0
81.11611111111111,29.084722222222226,392.0
81.11638888888889,29.084722222222226,392.0
81.11666666666667,29.084444444444447,392.0
81.11694444444444,29.084444444444447,392.0
81.11722222222222,29.084444444444447,392.0
81.1175,29.084444444444447,392.0
81.11777777777777,29.084166666666672,391.0
81.11805555555556,29.084166666666672,391.0
81.11833333333334,29.084166666666672,391.0
81.11861111111111,29.084166666666672,391.0
81.11888888888889,29.084166666666672,391.0
81.11916666666667,29.084166666666672,391.0
81.11944444444444,29.084166666666672,396.0
81.11972222222222,29.084166666666672,396.0
81.12,29.084166666666672,397.0
81.12027777777779,29.084166666666672,401.0
81.12055555555555,29.083888888888893,391.0
81.12083333333334,29.083888888888893,391.0
81.12111111111112,29.083888888888893,390.0
81.12138888888889,29.083888888888893,390.0
81.12166666666667,29.083888888888893,390.0
81.12194444444445,29.083888888888893,390.0
81.12222222222222,29.083888888888893,390.0
81.1225,29.083888888888893,390.0
81.12277777777778,29.083888888888893,390.0
81.12305555555555,29.083888888888893,390.0
81.12333333333333,29.083888888888893,390.0
81.12361111111112,29.083888888888893,390.0
81.12388888888889,29.083888888888893,390.0
81.12416666666667,29.083888888888893,400.0
81.12444444444445,29.083611111111114,389.0
81.12472222222222,29.083611111111114,389.0
81.125,29.083611111111114,389.0
81.12527777777778,29.083611111111114,389.0
81.12555555555556,29.083611111111114,389.0
81.12583333333333,29.083333333333336,389.0
81.12611111111111,29.083333333333336,389.0
81.1263888888889,29.08305555555556,389.0
81.12666666666667,29.082777777777782,389.0
81.12694444444445,29.082500000000003,390.0
81.12722222222223,29.082222222222224,391.0
81.1275,29.08194444444445,392.0
81.12777777777778,29.08166666666667,395.0
81.12805555555556,29.081388888888892,395.0
81.12805555555556,29.081111111111113,397.0
81.12805555555556,29.080833333333338,399.0
81.12805555555556,29.08055555555556,396.0
81.12805555555556,29.08027777777778,394.0
81.12805555555556,29.080000000000002,390.0
81.12805555555556,29.079722222222227,389.0
81.12805555555556,29.079444444444448,387.0
81.12805555555556,29.07916666666667,387.0
81.12805555555556,29.07888888888889,387.0
81.12805555555556,29.078611111111115,387.0
81.12805555555556,29.078333333333337,387.0
81.12777777777778,29.078055555555558,387.0
81.1275,29.077777777777783,387.0
81.12722222222223,29.077500000000004,387.0
81.12694444444445,29.077222222222225,386.0
81.12666666666667,29.076944444444447,386.0
81.1263888888889,29.07666666666667,386.0
81.12611111111111,29.076388888888893,386.0
81.12583333333333,29.076111111111114,386.0
81.12555555555556,29.075833333333335,386.0
81.12527777777778,29.075833333333335,402.0
81.125,29.07555555555556,401.0
81.12472222222222,29.07527777777778,396.0
81.12444444444445,29.07527777777778,401.0
81.12416666666667,29.075000000000003,394.0
81.12388888888889,29.075000000000003,402.0
81.12361111111112,29.074722222222224,385.0
81.12333333333333,29.074722222222224,385.0
81.12305555555555,29.07444444444445,385.0
81.12277777777778,29.07416666666667,385.0
81.1225,29.07388888888889,385.0
81.12222222222222,29.073611111111113,385.0
81.12194444444445,29.073333333333338,387.0
81.12166666666667,29.07305555555556,392.0
81.12138888888889,29.07277777777778,398.0
81.12111111111112,29.072500000000005,401.0
81.12083333333334,29.072222222222226,401.0
81.12055555555555,29.071944444444448,395.0
81.12055555555555,29.07166666666667,395.0
81.12055555555555,29.071388888888894,393.0
81.12055555555555,29.071111111111115,399.0
81.12027777777779,29.070833333333336,383.0
81.12027777777779,29.070555555555558,383.0
81.12027777777779,29.070277777777783,383.0
81.12027777777779,29.070000000000004,383.0
81.12027777777779,29.069722222222225,383.0
81.12027777777779,29.069444444444446,383.0
81.12027777777779,29.06916666666667,383.0
81.12027777777779,29.068888888888893,384.0
81.12027777777779,29.068611111111114,385.0
81.12027777777779,29.068333333333335,386.0
81.12027777777779,29.06805555555556,386.0
81.12027777777779,29.06777777777778,385.0
81.12027777777779,29.067500000000003,385.0
81.12027777777779,29.067222222222227,384.0
81.12027777777779,29.06694444444445,383.0
81.12027777777779,29.06666666666667,385.0
81.12027777777779,29.06638888888889,388.0
81.12055555555555,29.066111111111116,385.0
81.12083333333334,29.065833333333337,382.0
81.12111111111112,29.06555555555556,382.0
81.12138888888889,29.06527777777778,381.0
81.12166666666667,29.065000000000005,381.0
81.12194444444445,29.064722222222226,381.0
81.12222222222222,29.064444444444447,381.0
81.1225,29.06416666666667,381.0
81.12277777777778,29.063888888888894,381.0
81.12305555555555,29.063611111111115,381.0
81.12333333333333,29.063611111111115,394.0
81.12361111111112,29.063333333333336,381.0
81.12388888888889,29.063333333333336,402.0
81.12416666666667,29.063055555555557,392.0
81.12444444444445,29.062777777777782,380.0
81.12472222222222,29.062777777777782,393.0
81.125,29.062500000000004,380.0
81.12527777777778,29.062500000000004,395.0
81.12555555555556,29.062222222222225,380.0
81.12583333333333,29.062222222222225,401.0
81.12611111111111,29.06194444444445,380.0
81.1263888888889,29.06166666666667,380.0
81.12666666666667,29.061388888888892,380.0
81.12694444444445,29.061111111111114,379.0
81.12722222222223,29.06083333333334,379.0
81.1275,29.06055555555556,383.0
81.12777777777778,29.06027777777778,389.0
81.12805555555556,29.060000000000002,392.0
81.12833333333333,29.059722222222227,393.0
81.12861111111111,29.05944444444445,395.0
81.1288888888889,29.05916666666667,392.0
81.12916666666666,29.05888888888889,393.0
81.12944444444445,29.058611111111116,394.0
81.12972222222223,29.058333333333337,395.0
81.13,29.05805555555556,401.0
81.13027777777778,29.05777777777778,396.0
81.13027777777778,29.057500000000005,392.0
81.13027777777778,29.057222222222226,393.0
81.13027777777778,29.056944444444447,401.0
81.13055555555556,29.05666666666667,389.0
81.13055555555556,29.056388888888893,391.0
81.13055555555556,29.056111111111115,393.0
81.13055555555556,29.055833333333336,395.0
81.13055555555556,29.05555555555556,398.0
81.13055555555556,29.055277777777782,401.0
81.13055555555556,29.055000000000003,401.0
81.13083333333334,29.054722222222225,388.0
81.13083333333334,29.05444444444445,389.0
81.13083333333334,29.05416666666667,391.0
81.13083333333334,29.053888888888892,394.0
81.13083333333334,29.053611111111113,394.0
81.13083333333334,29.053333333333338,394.0
81.13083333333334,29.05305555555556,397.0
81.13083333333334,29.05277777777778,400.0
81.13111111111111,29.052500000000002,384.0
81.13138888888889,29.052222222222227,378.0
81.13166666666667,29.051944444444448,379.0
81.13194444444444,29.05166666666667,379.0
81.13222222222223,29.05138888888889,378.0
81.13250000000001,29.051111111111116,379.0
81.13277777777778,29.050833333333337,388.0
81.13305555555556,29.050555555555558,389.0
81.13333333333334,29.05027777777778,392.0
81.13361111111111,29.050000000000004,394.0
81.13388888888889,29.049722222222226,391.0
81.13388888888889,29.049444444444447,400.0
81.13416666666667,29.04916666666667,394.0
81.13444444444444,29.048888888888893,397.0
81.13472222222222,29.048611111111114,397.0
81.135,29.048333333333336,394.0
81.13527777777777,29.04805555555556,395.0
81.13555555555556,29.04777777777778,398.0
81.13583333333334,29.047500000000003,402.0
81.13611111111112,29.047222222222224,399.0
81.13611111111112,29.04694444444445,398.0
81.13638888888889,29.04666666666667,394.0
81.13638888888889,29.04638888888889,386.0
81.13638888888889,29.046111111111113,382.0
81.13638888888889,29.045833333333338,381.0
81.13638888888889,29.04555555555556,378.0
81.13638888888889,29.04527777777778,378.0
81.13638888888889,29.045,379.0
81.13638888888889,29.044722222222227,381.0
81.13638888888889,29.044444444444448,387.0
81.13638888888889,29.04416666666667,392.0
81.13638888888889,29.043888888888894,392.0
81.13638888888889,29.043611111111115,388.0
81.13638888888889,29.043333333333337,383.0
81.13638888888889,29.043055555555558,380.0
81.13638888888889,29.042777777777783,379.0
81.13638888888889,29.042500000000004,377.0
81.13666666666667,29.042222222222225,372.0
81.13694444444445,29.041944444444447,371.0
81.13722222222222,29.04166666666667,375.0
81.1375,29.041388888888893,386.0
81.13777777777779,29.041111111111114,385.0
81.13805555555555,29.040833333333335,384.0
81.13833333333334,29.04055555555556,384.0
81.13861111111112,29.04027777777778,382.0
81.13888888888889,29.040000000000003,381.0
81.13916666666667,29.039722222222224,374.0
81.13944444444445,29.039722222222224,386.0
81.13972222222222,29.03944444444445,379.0
81.14,29.03916666666667,381.0
81.14027777777778,29.03916666666667,393.0
81.14055555555557,29.03888888888889,388.0
81.14083333333333,29.038611111111116,380.0
81.14111111111112,29.038333333333338,382.0
81.1413888888889,29.03805555555556,387.0
81.14166666666667,29.03777777777778,383.0
81.14194444444445,29.037500000000005,380.0
81.14222222222223,29.037222222222226,390.0
81.1425,29.036944444444448,392.0
81.14277777777778,29.03666666666667,389.0
81.14277777777778,29.036388888888894,394.0
81.14305555555556,29.036111111111115,389.0
81.14333333333333,29.035833333333336,384.0
81.14333333333333,29.035555555555558,389.0
81.14361111111111,29.035277777777782,382.0
81.14361111111111,29.035000000000004,393.0
81.1438888888889,29.034722222222225,379.0
81.1438888888889,29.034444444444446,387.0
81.1438888888889,29.03416666666667,395.0
81.14416666666666,29.033888888888892,384.0
81.14416666666666,29.033611111111114,396.0
81.14444444444445,29.03333333333334,382.0
81.14444444444445,29.03305555555556,384.0
81.14444444444445,29.03277777777778,389.0
81.14444444444445,29.032500000000002,392.0
81.14444444444445,29.032222222222227,388.0
81.14444444444445,29.03194444444445,388.0
81.14444444444445,29.03166666666667,393.0
81.14472222222223,29.03138888888889,380.0
81.14472222222223,29.031111111111116,376.0
81.14472222222223,29.030833333333337,376.0
81.14472222222223,29.03055555555556,384.0
81.14472222222223,29.03027777777778,392.0
81.145,29.030000000000005,386.0
81.145,29.029722222222226,386.0
81.145,29.029444444444447,380.0
81.145,29.02916666666667,375.0
81.145,29.028888888888893,372.0
81.145,29.028611111111115,374.0
81.145,29.028333333333336,370.0
81.145,29.02805555555556,361.0
81.145,29.027777777777782,359.0
81.145,29.027500000000003,366.0
81.145,29.027222222222225,368.0
81.145,29.02694444444445,369.0
81.145,29.02666666666667,371.0
81.145,29.026388888888892,370.0
81.145,29.026111111111113,369.0
81.145,29.02583333333334,371.0
81.145,29.02555555555556,377.0
81.145,29.02527777777778,384.0
81.145,29.025000000000002,382.0
81.145,29.024722222222227,374.0
81.145,29.02444444444445,371.0
81.145,29.02416666666667,368.0
81.145,29.02388888888889,366.0
81.145,29.023611111111116,365.0
81.145,29.023333333333337,366.0
81.145,29.02305555555556,366.0
81.145,29.02277777777778,367.0
81.145,29.022500000000004,367.0
81.145,29.022222222222226,368.0
81.145,29.021944444444447,367.0
81.145,29.021666666666672,367.0
81.145,29.021388888888893,368.0
81.145,29.021111111111114,369.0
81.145,29.020833333333336,370.0
81.145,29.02055555555556,370.0
81.145,29.020277777777782,370.0
81.145,29.020000000000003,370.0
81.145,29.019722222222224,370.0
81.145,29.01944444444445,369.0
81.145,29.01916666666667,368.0
81.145,29.018888888888892,368.0
81.145,29.018611111111113,367.0
81.145,29.018333333333338,365.0
81.145,29.01805555555556,364.0
81.145,29.01777777777778,362.0
81.145,29.017500000000002,360.0
81.145,29.017222222222227,359.0
81.145,29.016944444444448,359.0
81.145,29.01666666666667,359.0
81.145,29.01638888888889,359.0
81.145,29.016111111111115,358.0
81.145,29.015833333333337,358.0
81.145,29.015555555555558,358.0
81.145,29.015277777777783,358.0
81.145,29.015000000000004,359.0
81.145,29.014722222222225,368.0
81.145,29.014444444444447,381.0
81.145,29.01416666666667,390.0
81.145,29.013888888888893,395.0
81.14527777777778,29.013611111111114,382.0
81.14527777777778,29.013333333333335,386.0
81.14527777777778,29.01305555555556,389.0
81.14527777777778,29.01277777777778,393.0
81.14527777777778,29.012500000000003,393.0
81.14527777777778,29.012222222222224,396.0
81.14555555555556,29.01194444444445,388.0
81.14555555555556,29.01166666666667,390.0
81.14555555555556,29.01138888888889,395.0
81.14583333333334,29.011111111111113,390.0
81.14583333333334,29.010833333333338,394.0
81.14611111111111,29.01055555555556,381.0
81.14611111111111,29.01027777777778,385.0
81.1463888888889,29.010000000000005,381.0
81.14666666666668,29.009722222222226,386.0
81.14694444444444,29.009444444444448,390.0
81.14722222222223,29.00916666666667,386.0
81.14722222222223,29.008888888888894,395.0
81.14750000000001,29.008611111111115,391.0
81.14777777777778,29.008333333333336,393.0
81.14805555555556,29.008055555555558,385.0
81.14805555555556,29.007777777777783,394.0
81.14833333333334,29.007500000000004,391.0
81.14861111111111,29.007222222222225,391.0
81.14888888888889,29.006944444444446,383.0
81.14888888888889,29.00666666666667,386.0
81.14888888888889,29.006388888888893,388.0
81.14888888888889,29.006111111111114,385.0
81.14888888888889,29.005833333333335,381.0
81.14888888888889,29.00555555555556,376.0
81.14888888888889,29.00527777777778,371.0
81.14888888888889,29.005000000000003,365.0
81.14888888888889,29.004722222222227,358.0
81.14888888888889,29.00444444444445,354.0
81.14888888888889,29.00416666666667,353.0
81.14888888888889,29.00388888888889,359.0
81.14888888888889,29.003611111111116,370.0
81.14888888888889,29.003333333333337,381.0
81.14861111111111,29.00305555555556,379.0
81.14833333333334,29.00277777777778,377.0
81.14833333333334,29.002500000000005,394.0
81.14805555555556,29.002222222222226,390.0
81.14777777777778,29.001944444444447,393.0
81.14750000000001,29.00166666666667,395.0
81.14722222222223,29.001388888888894,395.0
81.14722222222223,29.001111111111115,396.0
81.14694444444444,29.000833333333336,391.0
81.14694444444444,29.000555555555557,382.0
81.14694444444444,29.000277777777782,374.0
81.14694444444444,29.000000000000004,369.0
81.14694444444444,28.999722222222225,368.0
81.14694444444444,28.99944444444445,365.0
81.14694444444444,28.99916666666667,361.0
81.14694444444444,28.998888888888892,355.0
81.14694444444444,28.998611111111114,349.0
81.14694444444444,28.99833333333334,350.0
81.14694444444444,28.99805555555556,356.0
81.14694444444444,28.99777777777778,366.0
81.14694444444444,28.997500000000002,377.0
81.14694444444444,28.997222222222227,383.0
81.14694444444444,28.99694444444445,380.0
81.14694444444444,28.99666666666667,381.0
81.14694444444444,28.99638888888889,384.0
81.14666666666668,28.996111111111116,368.0
81.1463888888889,28.995833333333337,359.0
81.14611111111111,28.99555555555556,354.0
81.14583333333334,28.99527777777778,353.0
81.14555555555556,28.995000000000005,353.0
81.14527777777778,28.994722222222226,357.0
81.145,28.994444444444447,368.0
81.14472222222223,28.99416666666667,382.0
81.14444444444445,28.993888888888893,390.0
81.14416666666666,28.993611111111115,382.0
81.1438888888889,28.993333333333336,377.0
81.14361111111111,28.99305555555556,368.0
81.14333333333333,28.992777777777782,365.0
81.14305555555556,28.992777777777782,386.0
81.14277777777778,28.992500000000003,377.0
81.1425,28.992500000000003,386.0
81.14222222222223,28.992500000000003,386.0
81.14194444444445,28.992222222222225,367.0
81.14166666666667,28.992222222222225,371.0
81.1413888888889,28.992222222222225,371.0
81.14111111111112,28.992222222222225,373.0
81.14083333333333,28.992222222222225,381.0
81.14055555555557,28.99194444444445,365.0
81.14027777777778,28.99194444444445,375.0
81.14,28.99166666666667,357.0
81.13972222222222,28.991388888888892,357.0
81.13944444444445,28.991111111111113,359.0
81.13916666666667,28.990833333333338,359.0
81.13888888888889,28.99055555555556,358.0
81.13861111111112,28.99027777777778,356.0
81.13833333333334,28.990000000000002,345.0
81.13805555555555,28.989722222222227,340.0
81.13777777777779,28.989444444444448,340.0
81.1375,28.98916666666667,348.0
81.13722222222222,28.98888888888889,357.0
81.13694444444445,28.988611111111116,361.0
81.13666666666667,28.988333333333337,362.0
81.13638888888889,28.988055555555558,362.0
81.13611111111112,28.98777777777778,362.0
81.13583333333334,28.987500000000004,361.0
81.13555555555556,28.987222222222226,358.0
81.13527777777777,28.986944444444447,353.0
81.135,28.98666666666667,353.0
81.13472222222222,28.986388888888893,368.0
81.13444444444444,28.986111111111114,383.0
81.13416666666667,28.985833333333336,384.0
81.13416666666667,28.98555555555556,389.0
81.13388888888889,28.98527777777778,381.0
81.13388888888889,28.985000000000003,387.0
81.13388888888889,28.984722222222224,389.0
81.13361111111111,28.98444444444445,385.0
81.13333333333334,28.98416666666667,387.0
81.13305555555556,28.98388888888889,388.0
81.13277777777778,28.983611111111113,383.0
81.13277777777778,28.983333333333338,387.0
81.13250000000001,28.98305555555556,387.0
81.13222222222223,28.98277777777778,388.0
81.13194444444444,28.9825,390.0
81.13166666666667,28.982222222222227,389.0
81.13138888888889,28.981944444444448,380.0
81.13111111111111,28.98166666666667,369.0
81.13111111111111,28.981388888888894,366.0
81.13083333333334,28.981111111111115,352.0
81.13055555555556,28.980833333333337,343.0
81.13027777777778,28.980833333333337,343.0
81.13,28.980833333333337,343.0
81.12972222222223,28.980833333333337,349.0
81.12944444444445,28.980555555555558,342.0
81.12916666666666,28.980555555555558,342.0
81.1288888888889,28.980555555555558,349.0
81.12861111111111,28.980277777777783,342.0
81.12833333333333,28.980277777777783,349.0
81.12805555555556,28.980000000000004,342.0
81.12777777777778,28.980000000000004,348.0
81.1275,28.979722222222225,341.0
81.12722222222223,28.979722222222225,346.0
81.12694444444445,28.979722222222225,350.0
81.12666666666667,28.979722222222225,351.0
81.1263888888889,28.979722222222225,352.0
81.12611111111111,28.979444444444447,341.0
81.12583333333333,28.979444444444447,351.0
81.12555555555556,28.97916666666667,341.0
81.12527777777778,28.978888888888893,340.0
81.125,28.978888888888893,340.0
81.12472222222222,28.978888888888893,352.0
81.12444444444445,28.978611111111114,344.0
81.12416666666667,28.978333333333335,340.0
81.12388888888889,28.97805555555556,340.0
81.12361111111112,28.97805555555556,350.0
81.12333333333333,28.97777777777778,347.0
81.12305555555555,28.977500000000003,344.0
81.12277777777778,28.977222222222224,339.0
81.1225,28.977222222222224,350.0
81.12222222222222,28.97694444444445,339.0
81.12194444444445,28.97666666666667,339.0
81.12166666666667,28.97666666666667,349.0
81.12138888888889,28.97638888888889,349.0
81.12111111111112,28.976111111111116,338.0
81.12083333333334,28.976111111111116,351.0
81.12055555555555,28.975833333333338,346.0
81.12027777777779,28.97555555555556,338.0
81.12,28.97555555555556,347.0
81.11972222222222,28.97527777777778,338.0
81.11944444444444,28.97527777777778,347.0
81.11916666666667,28.975000000000005,338.0
81.11888888888889,28.975000000000005,343.0
81.11861111111111,28.975000000000005,353.0
81.11833333333334,28.974722222222226,337.0
81.11805555555556,28.974722222222226,337.0
81.11777777777777,28.974722222222226,337.0
81.1175,28.974722222222226,337.0
81.11722222222222,28.974722222222226,337.0
81.11694444444444,28.974722222222226,337.0
81.11666666666667,28.974722222222226,336.0
81.11638888888889,28.974722222222226,336.0
81.11611111111111,28.974722222222226,336.0
81.11583333333334,28.974722222222226,336.0
81.11555555555556,28.974722222222226,336.0
81.11527777777778,28.974722222222226,336.0
81.11500000000001,28.974722222222226,336.0
81.11472222222223,28.974722222222226,336.0
81.11444444444444,28.974722222222226,340.0
81.11416666666666,28.974722222222226,352.0
81.1138888888889,28.975000000000005,342.0
81.11361111111111,28.975000000000005,351.0
81.11333333333333,28.97527777777778,335.0
81.11305555555556,28.97527777777778,347.0
81.11277777777778,28.97527777777778,352.0
81.1125,28.97555555555556,341.0
81.11222222222223,28.97555555555556,351.0
81.11194444444445,28.975833333333338,339.0
81.11166666666666,28.975833333333338,343.0
81.1113888888889,28.975833333333338,347.0
81.11111111111111,28.975833333333338,346.0
81.11083333333333,28.975833333333338,347.0
81.11055555555556,28.975833333333338,347.0
81.11027777777778,28.975833333333338,347.0
81.11,28.975833333333338,347.0
81.10972222222223,28.975833333333338,347.0
81.10944444444445,28.975833333333338,348.0
81.10916666666667,28.975833333333338,350.0
81.10888888888888,28.975833333333338,350.0
81.10861111111112,28.975833333333338,350.0
81.10833333333333,28.975833333333338,350.0
81.10805555555555,28.975833333333338,350.0
81.10777777777778,28.975833333333338,349.0
81.1075,28.97555555555556,353.0
81.10722222222222,28.97527777777778,353.0
81.10694444444445,28.975000000000005,352.0
81.10666666666667,28.974722222222226,351.0
81.10638888888889,28.974444444444448,348.0
81.10611111111112,28.97416666666667,348.0
81.10583333333334,28.973888888888894,348.0
81.10555555555555,28.973611111111115,339.0
81.10527777777779,28.973333333333336,332.0
81.105,28.973055555555558,331.0
81.10472222222222,28.972777777777782,331.0
81.10444444444445,28.972500000000004,332.0
81.10416666666667,28.972222222222225,333.0
81.10388888888889,28.971944444444446,335.0
81.1036111111111,28.97166666666667,339.0
81.10333333333334,28.971388888888892,345.0
81.10305555555556,28.971111111111114,342.0
81.10305555555556,28.97083333333334,351.0
81.10305555555556,28.97055555555556,353.0
81.10305555555556,28.97027777777778,351.0
81.10305555555556,28.970000000000002,350.0
81.10305555555556,28.969722222222227,345.0
81.10305555555556,28.96944444444445,352.0
81.10277777777777,28.96916666666667,349.0
81.10277777777777,28.96888888888889,353.0
81.10277777777777,28.968611111111116,350.0
81.10277777777777,28.968333333333337,349.0
81.10305555555556,28.96805555555556,346.0
81.10305555555556,28.96777777777778,343.0
81.10277777777777,28.967500000000005,343.0
81.10305555555556,28.967222222222226,337.0
81.10305555555556,28.966944444444447,330.0
81.10333333333334,28.966944444444447,328.0
81.10333333333334,28.96666666666667,328.0
81.10333333333334,28.966388888888893,328.0
81.10333333333334,28.966111111111115,327.0
81.10333333333334,28.965833333333336,326.0
81.10333333333334,28.96555555555556,325.0
81.10305555555556,28.965277777777782,325.0
81.10277777777777,28.965277777777782,325.0
81.1025,28.965000000000003,325.0
81.10222222222222,28.964722222222225,325.0
81.10194444444444,28.96444444444445,325.0
81.10166666666667,28.96416666666667,325.0
81.10138888888889,28.963888888888892,325.0
81.10111111111111,28.963611111111113,324.0
81.10083333333334,28.963611111111113,324.0
81.10055555555556,28.963611111111113,324.0
81.10027777777778,28.963611111111113,324.0
81.10000000000001,28.963611111111113,324.0
81.09972222222223,28.963611111111113,324.0
81.09944444444444,28.963611111111113,324.0
81.09916666666668,28.963611111111113,324.0
81.0988888888889,28.963611111111113,324.0
81.09861111111111,28.963611111111113,324.0
81.09833333333333,28.963611111111113,324.0
81.09805555555556,28.963611111111113,324.0
81.09777777777778,28.963611111111113,324.0
81.0975,28.963888888888892,324.0
81.09722222222223,28.96416666666667,324.0
81.09694444444445,28.96444444444445,324.0
81.09666666666666,28.964722222222225,323.0
81.0963888888889,28.964722222222225,323.0
81.09611111111111,28.964722222222225,323.0
81.09583333333333,28.964722222222225,323.0
81.09555555555556,28.964722222222225,323.0
81.09527777777778,28.964722222222225,323.0
81.095,28.964722222222225,323.0
81.09472222222223,28.965000000000003,323.0
81.09444444444445,28.965277777777782,323.0
81.09416666666667,28.96555555555556,323.0
81.0938888888889,28.965833333333336,323.0
81.09361111111112,28.966111111111115,323.0
81.09333333333333,28.966388888888893,323.0
81.09305555555555,28.96666666666667,323.0
81.09277777777778,28.966944444444447,322.0
81.0925,28.966944444444447,322.0
81.09222222222222,28.966944444444447,322.0
81.09194444444445,28.966944444444447,322.0
81.09166666666667,28.966944444444447,322.0
81.09138888888889,28.966944444444447,322.0
81.09111111111112,28.966944444444447,322.0
81.09083333333334,28.966944444444447,322.0
81.09055555555555,28.967222222222226,322.0
81.09027777777779,28.967222222222226,322.0
81.09,28.967500000000005,322.0
81.08972222222222,28.967500000000005,322.0
81.08944444444445,28.967500000000005,322.0
81.08916666666667,28.967500000000005,322.0
81.08888888888889,28.967500000000005,322.0
81.08861111111112,28.967500000000005,322.0
81.08833333333334,28.967500000000005,321.0
81.08805555555556,28.967500000000005,321.0
81.08777777777777,28.967500000000005,321.0
81.0875,28.967500000000005,321.0
81.08722222222222,28.967500000000005,321.0
81.08694444444444,28.967500000000005,321.0
81.08666666666667,28.967500000000005,321.0
81.08638888888889,28.967500000000005,321.0
81.08611111111111,28.967500000000005,321.0
81.08583333333334,28.967500000000005,321.0
81.08555555555556,28.967500000000005,321.0
81.08527777777778,28.967500000000005,321.0
81.08500000000001,28.967500000000005,321.0
81.08472222222223,28.967500000000005,321.0
81.08444444444444,28.967500000000005,321.0
81.08416666666668,28.967500000000005,321.0
81.0838888888889,28.967500000000005,321.0
81.08361111111111,28.967500000000005,320.0
81.08333333333334,28.967500000000005,320.0
81.08305555555556,28.967500000000005,320.0
81.08277777777778,28.967500000000005,320.0
81.0825,28.967500000000005,320.0
81.08222222222223,28.967500000000005,320.0
81.08194444444445,28.967500000000005,320.0
81.08166666666666,28.967500000000005,320.0
81.0813888888889,28.967500000000005,320.0
81.08111111111111,28.967500000000005,320.0
81.08083333333333,28.967500000000005,320.0
81.08055555555556,28.967500000000005,320.0
81.08027777777778,28.967500000000005,320.0
81.08,28.967500000000005,320.0
81.07972222222223,28.96777777777778,320.0
81.07944444444445,28.96777777777778,320.0
81.07916666666667,28.96777777777778,319.0
81.0788888888889,28.96805555555556,319.0
81.07861111111112,28.96805555555556,319.0
81.07833333333333,28.96805555555556,319.0
81.07805555555557,28.96805555555556,319.0
81.07777777777778,28.968333333333337,319.0
81.0775,28.968333333333337,319.0
81.07722222222222,28.968333333333337,319.0
81.07694444444445,28.968333333333337,319.0
81.07666666666667,28.968611111111116,319.0
81.07638888888889,28.968611111111116,319.0
81.07611111111112,28.968611111111116,319.0
81.07583333333334,28.968611111111116,319.0
81.07555555555555,28.96888888888889,319.0
81.07527777777779,28.96916666666667,319.0
81.075,28.96944444444445,318.0
81.07472222222222,28.96944444444445,318.0
81.07444444444445,28.96944444444445,318.0
81.07416666666667,28.96944444444445,318.0
81.07388888888889,28.96944444444445,318.0
81.07361111111112,28.96944444444445,318.0
81.07333333333334,28.96944444444445,318.0
81.07305555555556,28.96944444444445,318.0
81.07277777777777,28.96944444444445,318.0
81.0725,28.969722222222227,318.0
81.07222222222222,28.969722222222227,318.0
81.07194444444444,28.969722222222227,318.0
81.07166666666667,28.970000000000002,318.0
81.07138888888889,28.970000000000002,318.0
81.07111111111111,28.970000000000002,318.0
81.07083333333334,28.97027777777778,318.0
81.07055555555556,28.97027777777778,318.0
81.07027777777778,28.97027777777778,317.0
81.07000000000001,28.97027777777778,317.0
81.06972222222223,28.97027777777778,317.0
81.06944444444444,28.97027777777778,317.0
81.06916666666667,28.97027777777778,317.0
81.06888888888889,28.97027777777778,317.0
81.06861111111111,28.97027777777778,317.0
81.06833333333334,28.97027777777778,317.0
81.06805555555556,28.97027777777778,317.0
81.06777777777778,28.97027777777778,317.0
81.0675,28.97027777777778,317.0
81.06722222222223,28.97027777777778,317.0
81.06694444444445,28.97027777777778,317.0
81.06666666666666,28.97027777777778,317.0
81.0663888888889,28.97027777777778,317.0
81.06611111111111,28.97027777777778,317.0
81.06583333333333,28.97027777777778,316.0
81.06555555555556,28.97027777777778,316.0
81.06527777777778,28.97027777777778,316.0
81.065,28.97027777777778,316.0
81.06472222222223,28.97027777777778,316.0
81.06444444444445,28.97027777777778,316.0
81.06416666666667,28.97027777777778,316.0
81.0638888888889,28.97027777777778,316.0
81.06361111111111,28.97027777777778,316.0
81.06333333333333,28.97027777777778,316.0
81.06305555555556,28.97027777777778,316.0
81.06277777777778,28.97055555555556,316.0
81.0625,28.97055555555556,316.0
81.06222222222222,28.97055555555556,316.0
81.06194444444445,28.97083333333334,316.0
81.06166666666667,28.97083333333334,316.0
81.06138888888889,28.971111111111114,315.0
81.06111111111112,28.971111111111114,315.0
81.06083333333333,28.971111111111114,315.0
81.06055555555555,28.971388888888892,315.0
81.06027777777778,28.971388888888892,315.0
81.06,28.971388888888892,315.0
81.05972222222222,28.97166666666667,315.0
81.05944444444445,28.97166666666667,315.0
81.05916666666667,28.971944444444446,315.0
81.05888888888889,28.971944444444446,315.0
81.05861111111112,28.972222222222225,315.0
81.05833333333334,28.972222222222225,315.0
81.05805555555555,28.972500000000004,315.0
81.05777777777779,28.972500000000004,315.0
81.0575,28.972777777777782,315.0
81.05722222222222,28.972777777777782,314.0
81.05694444444444,28.973055555555558,314.0
81.05666666666667,28.973333333333336,314.0
81.05638888888889,28.973333333333336,314.0
81.05611111111111,28.973611111111115,314.0
81.05583333333334,28.973888888888894,314.0
81.05555555555556,28.97416666666667,314.0
81.05527777777777,28.974444444444448,314.0
81.055,28.974722222222226,314.0
81.05472222222222,28.974722222222226,314.0
81.05444444444444,28.975000000000005,314.0
81.05416666666667,28.97527777777778,314.0
81.05388888888889,28.97527777777778,314.0
81.05361111111111,28.97555555555556,313.0
81.05333333333334,28.975833333333338,313.0
81.05305555555556,28.976111111111116,313.0
81.05277777777778,28.976111111111116,313.0
81.05250000000001,28.97638888888889,313.0
81.05222222222223,28.97666666666667,313.0
81.05194444444444,28.97694444444445,313.0
81.05166666666666,28.977222222222224,313.0
81.0513888888889,28.977500000000003,313.0
81.05111111111111,28.97777777777778,317.0
81.05083333333333,28.97805555555556,317.0
81.05055555555556,28.97805555555556,317.0
81.05027777777778,28.97805555555556,317.0
81.05,28.97805555555556,315.0
81.04972222222223,28.97805555555556,312.0
81.04944444444445,28.97805555555556,312.0
81.04916666666666,28.97805555555556,312.0
81.0488888888889,28.97777777777778,313.0
81.04861111111111,28.977500000000003,315.0
81.04833333333333,28.977222222222224,317.0
81.04805555555556,28.97694444444445,317.0
81.04777777777778,28.97666666666667,316.0
81.0475,28.97638888888889,311.0
81.0475,28.976111111111116,314.0
81.04722222222223,28.975833333333338,311.0
81.04694444444445,28.97555555555556,311.0
81.04666666666667,28.97527777777778,313.0
81.04638888888888,28.975000000000005,314.0
81.04611111111112,28.974722222222226,315.0
81.04583333333333,28.974444444444448,315.0
81.04555555555555,28.97416666666667,314.0
81.04527777777778,28.973888888888894,314.0
81.045,28.973611111111115,312.0
81.04472222222222,28.973611111111115,314.0
81.04444444444445,28.973333333333336,310.0
81.04416666666667,28.973055555555558,310.0
81.04388888888889,28.972777777777782,310.0
81.04361111111112,28.972500000000004,310.0
81.04333333333334,28.972222222222225,313.0
81.04305555555555,28.971944444444446,310.0
81.04277777777779,28.97166666666667,313.0
81.0425,28.971388888888892,310.0
81.04222222222222,28.971111111111114,310.0
81.04194444444445,28.97083333333334,310.0
81.04166666666667,28.97055555555556,310.0
81.04138888888889,28.97027777777778,309.0
81.0411111111111,28.970000000000002,309.0
81.04083333333334,28.970000000000002,309.0
81.04055555555556,28.969722222222227,309.0
81.04027777777777,28.96944444444445,309.0
81.04,28.96944444444445,317.0
81.03972222222222,28.96916666666667,315.0
81.03944444444444,28.96916666666667,317.0
81.03916666666667,28.96888888888889,314.0
81.03888888888889,28.96888888888889,317.0
81.03861111111111,28.968611111111116,314.0
81.03833333333334,28.968611111111116,316.0
81.03805555555556,28.968611111111116,317.0
81.03777777777778,28.968333333333337,316.0
81.03750000000001,28.968333333333337,316.0
81.03722222222223,28.968333333333337,317.0
81.03694444444444,28.96805555555556,315.0
81.03666666666668,28.96805555555556,314.0
81.0363888888889,28.96805555555556,317.0
81.03611111111111,28.96805555555556,316.0
81.03583333333333,28.96777777777778,308.0
81.03555555555556,28.96777777777778,313.0
81.03527777777778,28.967500000000005,308.0
81.035,28.967222222222226,313.0
81.03472222222223,28.966944444444447,315.0
81.03444444444445,28.96666666666667,315.0
81.03416666666666,28.966388888888893,313.0
81.0338888888889,28.966388888888893,317.0
81.03361111111111,28.966111111111115,307.0
81.03333333333333,28.966111111111115,307.0
81.03305555555556,28.966111111111115,314.0
81.03277777777778,28.965833333333336,307.0
81.0325,28.965833333333336,307.0
81.03222222222223,28.965833333333336,315.0
81.03194444444445,28.96555555555556,307.0
81.03166666666667,28.96555555555556,315.0
81.0313888888889,28.96555555555556,315.0
81.03111111111112,28.965277777777782,316.0
81.03083333333333,28.965000000000003,313.0
81.03055555555555,28.965000000000003,317.0
81.03027777777778,28.964722222222225,313.0
81.03,28.96444444444445,307.0
81.02972222222222,28.96416666666667,307.0
81.02944444444445,28.963888888888892,311.0
81.02916666666667,28.963611111111113,316.0
81.02888888888889,28.96333333333334,316.0
81.02861111111112,28.96305555555556,310.0
81.02833333333334,28.96277777777778,309.0
81.02805555555555,28.962500000000002,317.0
81.02777777777779,28.962222222222227,312.0
81.0275,28.96194444444445,308.0
81.02722222222222,28.96166666666667,310.0
81.02694444444445,28.96138888888889,316.0
81.02666666666667,28.961111111111116,316.0
81.02638888888889,28.960833333333337,317.0
81.02611111111112,28.96055555555556,317.0
81.02583333333334,28.96027777777778,315.0
81.02583333333334,28.960000000000004,312.0
81.02555555555556,28.959722222222226,312.0
81.02555555555556,28.959444444444447,313.0
81.02555555555556,28.959166666666672,314.0
81.02555555555556,28.958888888888893,313.0
81.02555555555556,28.958611111111114,315.0
81.02527777777777,28.958333333333336,315.0
81.025,28.95805555555556,315.0
81.025,28.957777777777782,315.0
81.02472222222222,28.957500000000003,315.0
81.02444444444444,28.957222222222224,314.0
81.02416666666667,28.95694444444445,314.0
81.02416666666667,28.95666666666667,314.0
81.02388888888889,28.956388888888892,314.0
81.02361111111111,28.956111111111113,313.0
81.02333333333334,28.956111111111113,313.0
81.02305555555556,28.955833333333338,313.0
81.02277777777778,28.95555555555556,312.0
81.02250000000001,28.95527777777778,312.0
81.02250000000001,28.955000000000002,310.0
81.02222222222223,28.954722222222227,310.0
81.02194444444444,28.954444444444448,310.0
81.02166666666668,28.95416666666667,310.0
81.0213888888889,28.95388888888889,310.0
81.02111111111111,28.953611111111115,309.0
81.02083333333334,28.953333333333337,309.0
81.02055555555556,28.953333333333337,309.0
81.02027777777778,28.953055555555558,309.0
81.02,28.953055555555558,309.0
81.01972222222223,28.952777777777783,309.0
81.01944444444445,28.952500000000004,309.0
81.01916666666666,28.952500000000004,309.0
81.0188888888889,28.952500000000004,309.0
81.01861111111111,28.952500000000004,309.0
81.01833333333333,28.952500000000004,309.0
81.01805555555556,28.952500000000004,309.0
81.01777777777778,28.952500000000004,309.0
81.0175,28.952500000000004,309.0
81.01722222222223,28.952500000000004,309.0
81.01694444444445,28.952500000000004,309.0
81.01666666666667,28.952500000000004,309.0
81.0163888888889,28.952500000000004,309.0
81.01611111111112,28.952777777777783,309.0
81.01583333333333,28.953055555555558,309.0
81.01555555555557,28.953333333333337,308.0
81.01527777777778,28.953333333333337,308.0
81.015,28.953333333333337,308.0
81.01472222222222,28.953333333333337,308.0
81.01444444444445,28.953611111111115,308.0
81.01416666666667,28.95388888888889,308.0
81.01388888888889,28.95416666666667,308.0
81.01361111111112,28.954444444444448,308.0
81.01333333333334,28.954722222222227,308.0
81.01305555555555,28.954722222222227,308.0
81.01277777777779,28.955000000000002,308.0
81.0125,28.955000000000002,308.0
81.01222222222222,28.95527777777778,308.0
81.01194444444445,28.95555555555556,308.0
81.01166666666667,28.955833333333338,308.0
81.01138888888889,28.955833333333338,308.0
81.01111111111112,28.956111111111113,308.0
81.01083333333334,28.956388888888892,308.0
81.01055555555556,28.956388888888892,307.0
81.01027777777777,28.956388888888892,308.0
81.01,28.95666666666667,308.0
81.00972222222222,28.95666666666667,308.0
81.00944444444444,28.95694444444445,308.0
81.00916666666667,28.95694444444445,308.0
81.00888888888889,28.95694444444445,308.0
81.00861111111111,28.957222222222224,308.0
81.00833333333334,28.957222222222224,308.0
81.00805555555556,28.957222222222224,308.0
81.00777777777778,28.957222222222224,308.0
81.00750000000001,28.957222222222224,308.0
81.00722222222223,28.957222222222224,308.0
81.00694444444444,28.957222222222224,308.0
81.00666666666667,28.957222222222224,308.0
81.00638888888889,28.957222222222224,308.0
81.00611111111111,28.957222222222224,308.0
81.00583333333334,28.957222222222224,308.0
81.00555555555556,28.957222222222224,308.0
81.00527777777778,28.957222222222224,308.0
81.005,28.957222222222224,308.0
81.00472222222223,28.957222222222224,308.0
81.00444444444445,28.957222222222224,308.0
81.00416666666666,28.957222222222224,308.0
81.0038888888889,28.957222222222224,308.0
81.00361111111111,28.957222222222224,308.0
81.00333333333333,28.957222222222224,308.0
81.00305555555556,28.957222222222224,308.0
81.00277777777778,28.957222222222224,308.0
81.0025,28.957222222222224,308.0
81.00222222222223,28.957222222222224,308.0
81.00194444444445,28.957222222222224,308.0
81.00166666666667,28.957222222222224,308.0
81.0013888888889,28.95694444444445,308.0
81.00111111111111,28.95694444444445,308.0
81.00083333333333,28.95666666666667,308.0
81.00055555555556,28.95666666666667,308.0
81.00027777777778,28.956388888888892,308.0
81.0,28.956111111111113,308.0
80.99972222222222,28.955833333333338,308.0
80.99944444444445,28.95555555555556,308.0
80.99916666666667,28.95527777777778,308.0
80.99888888888889,28.955000000000002,308.0
80.99861111111112,28.954722222222227,308.0
80.99833333333333,28.954444444444448,308.0
80.99805555555555,28.95416666666667,307.0
80.99777777777778,28.95388888888889,307.0
80.9975,28.953611111111115,307.0
80.99722222222222,28.953333333333337,307.0
80.99694444444445,28.953055555555558,307.0
80.99666666666667,28.952777777777783,307.0
80.99638888888889,28.952500000000004,307.0
80.99611111111112,28.952222222222225,307.0
80.99583333333334,28.951944444444447,307.0
80.99555555555555,28.95166666666667,307.0
80.99527777777779,28.951388888888893,306.0
80.995,28.951111111111114,306.0
80.99472222222222,28.950833333333335,306.0
80.99444444444444,28.95055555555556,306.0
80.99416666666667,28.95027777777778,306.0
80.99388888888889,28.950000000000003,306.0
80.99361111111111,28.949722222222224,306.0
80.99333333333334,28.94944444444445,306.0
80.99305555555556,28.94916666666667,306.0
80.99277777777777,28.94888888888889,306.0
80.9925,28.948611111111113,305.0
80.9925,28.948333333333338,305.0
80.99222222222222,28.94805555555556,305.0
80.99194444444444,28.94777777777778,305.0
80.99166666666667,28.947500000000005,305.0
80.99138888888889,28.947222222222226,305.0
80.99111111111111,28.946944444444448,305.0
80.99083333333334,28.94666666666667,305.0
80.99055555555556,28.946388888888894,305.0
80.99027777777778,28.946111111111115,305.0
80.99000000000001,28.945833333333336,305.0
80.98972222222223,28.945555555555558,305.0
80.98944444444444,28.945277777777783,305.0
80.98916666666666,28.945000000000004,305.0
80.9888888888889,28.944722222222225,305.0
80.98861111111111,28.944444444444446,304.0
80.98833333333333,28.944444444444446,304.0
80.98805555555556,28.944444444444446,304.0
80.98777777777778,28.944444444444446,304.0
80.9875,28.944444444444446,304.0
80.98722222222223,28.944444444444446,304.0
80.98694444444445,28.944444444444446,304.0
80.98666666666666,28.944444444444446,304.0
80.9863888888889,28.944444444444446,304.0
80.98611111111111,28.94416666666667,304.0
80.98583333333333,28.943888888888893,304.0
80.98555555555556,28.943611111111114,304.0
80.98527777777778,28.943333333333335,304.0
80.985,28.94305555555556,304.0
80.98472222222223,28.94277777777778,304.0
80.98444444444445,28.942500000000003,304.0
80.98416666666667,28.942222222222227,304.0
80.98388888888888,28.94194444444445,304.0
80.98361111111112,28.94166666666667,304.0
80.98333333333333,28.94138888888889,304.0
80.98305555555555,28.941111111111116,304.0
80.98277777777778,28.940833333333337,304.0
80.9825,28.94055555555556,304.0
80.98222222222222,28.94027777777778,304.0
80.98222222222222,28.940000000000005,304.0
80.98222222222222,28.939722222222226,304.0
80.98194444444445,28.939444444444447,304.0
