longitude,latitude,elevation
79.88416666666667,30.691944444444445,2985.0
79.88444444444445,30.691666666666663,2973.0
79.88444444444445,30.691388888888888,2981.0
79.88444444444445,30.691111111111113,2985.0
79.88472222222224,30.690833333333337,2969.0
79.88472222222224,30.690555555555555,2967.0
79.88472222222224,30.690277777777776,2956.0
79.88472222222224,30.69,2946.0
79.88472222222224,30.689722222222223,2949.0
79.88472222222224,30.689444444444444,2958.0
79.88472222222224,30.68916666666667,2958.0
79.88472222222224,30.68888888888889,2959.0
79.88472222222224,30.68861111111111,2954.0
79.88472222222224,30.688333333333333,2945.0
79.88472222222224,30.688055555555557,2937.0
79.88472222222224,30.68777777777778,2930.0
79.88472222222224,30.6875,2927.0
79.88472222222224,30.68722222222222,2926.0
79.88472222222224,30.68694444444445,2926.0
79.88472222222224,30.686666666666667,2924.0
79.88472222222224,30.68638888888889,2920.0
79.88472222222224,30.68611111111111,2918.0
79.88472222222224,30.685833333333335,2913.0
79.88444444444445,30.685555555555556,2914.0
79.88416666666667,30.685277777777777,2923.0
79.88388888888889,30.685,2940.0
79.88361111111112,30.684722222222224,2967.0
79.88333333333334,30.684444444444445,2985.0
79.88305555555556,30.684166666666663,2981.0
79.88277777777779,30.684166666666663,2986.0
79.88250000000001,30.68388888888889,2968.0
79.88222222222223,30.68388888888889,2973.0
79.88194444444446,30.68388888888889,2981.0
79.88166666666667,30.683611111111112,2962.0
79.88138888888889,30.683611111111112,2969.0
79.88111111111112,30.683611111111112,2970.0
79.88083333333334,30.683611111111112,2966.0
79.88055555555556,30.683611111111112,2968.0
79.88027777777779,30.683611111111112,2982.0
79.88000000000001,30.683333333333337,2970.0
79.87972222222223,30.683333333333337,2972.0
79.87944444444446,30.683055555555555,2963.0
79.87916666666668,30.68277777777778,2972.0
79.8788888888889,30.6825,2984.0
79.87861111111111,30.682222222222222,2986.0
79.87833333333334,30.681944444444444,2975.0
79.87805555555556,30.681944444444444,2968.0
79.87777777777778,30.68166666666667,2962.0
79.87750000000001,30.68166666666667,2962.0
79.87722222222223,30.68166666666667,2965.0
79.87694444444445,30.68166666666667,2959.0
79.87666666666668,30.68166666666667,2953.0
79.8763888888889,30.68166666666667,2951.0
79.87611111111111,30.68138888888889,2956.0
79.87583333333335,30.68111111111111,2957.0
79.87555555555556,30.68111111111111,2945.0
79.87527777777778,30.68111111111111,2912.0
79.87500000000001,30.68111111111111,2891.0
79.87472222222223,30.68111111111111,2894.0
79.87444444444445,30.68111111111111,2903.0
79.87416666666668,30.68111111111111,2912.0
79.8738888888889,30.680833333333332,2899.0
79.87361111111112,30.680833333333332,2909.0
79.87333333333333,30.680555555555557,2897.0
79.87305555555557,30.68027777777778,2897.0
79.87277777777778,30.68,2893.0
79.8725,30.67972222222222,2908.0
79.87222222222223,30.67944444444445,2917.0
79.87194444444445,30.679166666666667,2915.0
79.87166666666667,30.679166666666667,2917.0
79.8713888888889,30.67888888888889,2916.0
79.87111111111112,30.67888888888889,2914.0
79.87083333333334,30.67888888888889,2915.0
79.87055555555557,30.67888888888889,2915.0
79.87027777777779,30.679166666666667,2903.0
79.87,30.679166666666667,2891.0
79.86972222222224,30.679166666666667,2867.0
79.86944444444445,30.679166666666667,2852.0
79.86916666666667,30.679166666666667,2847.0
79.8688888888889,30.67944444444445,2844.0
79.86861111111112,30.67972222222222,2842.0
79.86833333333334,30.67972222222222,2836.0
79.86805555555556,30.67972222222222,2835.0
79.86777777777779,30.67972222222222,2831.0
79.8675,30.67972222222222,2828.0
79.86722222222222,30.67972222222222,2828.0
79.86694444444446,30.67972222222222,2828.0
79.86666666666667,30.67972222222222,2827.0
79.86638888888889,30.67944444444445,2820.0
79.86611111111112,30.679166666666667,2821.0
79.86583333333334,30.67888888888889,2819.0
79.86583333333334,30.67861111111111,2822.0
79.86555555555556,30.678333333333335,2824.0
79.86527777777779,30.678055555555556,2828.0
79.86527777777779,30.677777777777777,2825.0
79.86500000000001,30.6775,2825.0
79.86472222222223,30.677222222222223,2817.0
79.86444444444446,30.677222222222223,2817.0
79.86416666666668,30.676944444444445,2818.0
79.8638888888889,30.676666666666662,2816.0
79.86361111111113,30.676666666666662,2819.0
79.86333333333334,30.676666666666662,2816.0
79.86305555555556,30.676666666666662,2813.0
79.86277777777778,30.676666666666662,2817.0
79.86250000000001,30.67638888888889,2818.0
79.86222222222223,30.676111111111112,2811.0
79.86194444444445,30.676111111111112,2816.0
79.86166666666668,30.675833333333333,2811.0
79.8613888888889,30.675833333333333,2816.0
79.86111111111111,30.675555555555555,2810.0
79.86083333333335,30.675555555555555,2821.0
79.86055555555556,30.67527777777778,2815.0
79.86027777777778,30.67527777777778,2817.0
79.86000000000001,30.675,2813.0
79.85972222222223,30.675,2819.0
79.85944444444445,30.674722222222226,2807.0
79.85916666666668,30.674722222222226,2813.0
79.8588888888889,30.674444444444443,2812.0
79.85861111111112,30.674444444444443,2818.0
79.85833333333335,30.674166666666668,2812.0
79.85805555555557,30.674166666666668,2817.0
79.85777777777778,30.67388888888889,2807.0
79.8575,30.67388888888889,2811.0
79.85722222222223,30.67388888888889,2814.0
79.85694444444445,30.67388888888889,2821.0
79.85666666666667,30.67361111111111,2812.0
79.8563888888889,30.67361111111111,2812.0
79.85611111111112,30.67361111111111,2811.0
79.85583333333334,30.67361111111111,2813.0
79.85555555555557,30.67361111111111,2819.0
79.85527777777779,30.673333333333332,2806.0
79.855,30.673333333333332,2818.0
79.85472222222224,30.673055555555557,2818.0
79.85444444444445,30.672777777777775,2820.0
79.85416666666667,30.672777777777775,2821.0
79.8538888888889,30.672777777777775,2818.0
79.85361111111112,30.672777777777775,2816.0
79.85333333333334,30.6725,2809.0
79.85305555555556,30.6725,2805.0
79.85277777777779,30.6725,2804.0
79.8525,30.6725,2801.0
79.85222222222222,30.6725,2796.0
79.85194444444446,30.6725,2793.0
79.85166666666667,30.6725,2790.0
79.85138888888889,30.6725,2790.0
79.85111111111112,30.6725,2795.0
79.85083333333334,30.672222222222224,2785.0
79.85055555555556,30.672222222222224,2784.0
79.85027777777779,30.672222222222224,2780.0
79.85000000000001,30.672222222222224,2780.0
79.84972222222223,30.672222222222224,2789.0
79.84944444444446,30.67194444444445,2788.0
79.84916666666668,30.671666666666667,2789.0
79.8488888888889,30.671666666666667,2796.0
79.84861111111113,30.671388888888888,2789.0
79.84833333333334,30.671388888888888,2796.0
79.84805555555556,30.671111111111113,2786.0
79.8477777777778,30.671111111111113,2790.0
79.84750000000001,30.671111111111113,2794.0
79.84722222222223,30.670833333333334,2788.0
79.84694444444445,30.670833333333334,2792.0
79.84666666666668,30.670555555555556,2790.0
79.8463888888889,30.670555555555556,2795.0
79.84611111111111,30.670277777777777,2793.0
79.84583333333335,30.670277777777777,2795.0
79.84555555555556,30.670277777777777,2795.0
79.84527777777778,30.670277777777777,2791.0
79.84500000000001,30.670277777777777,2785.0
79.84472222222223,30.670277777777777,2785.0
79.84444444444445,30.67,2783.0
79.84416666666668,30.669722222222223,2786.0
79.8438888888889,30.669444444444444,2796.0
79.84361111111112,30.669166666666666,2796.0
79.84333333333335,30.66888888888889,2779.0
79.84305555555557,30.66861111111111,2770.0
79.84277777777778,30.668333333333333,2771.0
79.8425,30.66805555555555,2771.0
79.84222222222223,30.66777777777778,2764.0
79.84194444444445,30.6675,2758.0
79.84166666666667,30.66722222222222,2752.0
79.8413888888889,30.66722222222222,2746.0
79.84111111111112,30.666944444444447,2736.0
79.84083333333334,30.666666666666668,2735.0
79.84055555555557,30.66638888888889,2732.0
79.84027777777779,30.66611111111111,2730.0
79.84,30.665833333333335,2728.0
79.83972222222224,30.665555555555557,2717.0
79.83972222222224,30.665277777777774,2719.0
79.83944444444445,30.665,2718.0
79.83916666666667,30.665,2711.0
79.83916666666667,30.664722222222224,2704.0
79.8388888888889,30.664444444444445,2696.0
79.8388888888889,30.664166666666667,2706.0
79.83861111111112,30.663888888888888,2703.0
79.83833333333334,30.663611111111113,2701.0
79.83805555555557,30.663333333333338,2700.0
79.83777777777779,30.663055555555555,2691.0
79.83777777777779,30.662777777777777,2704.0
79.8375,30.6625,2693.0
79.8375,30.662222222222223,2707.0
79.83722222222222,30.661944444444444,2700.0
79.83694444444446,30.661666666666665,2695.0
79.83694444444446,30.66138888888889,2705.0
79.83694444444446,30.66111111111111,2707.0
79.83694444444446,30.660833333333333,2705.0
79.83694444444446,30.66055555555556,2705.0
79.83694444444446,30.66027777777778,2710.0
79.83666666666667,30.66,2696.0
79.83666666666667,30.65972222222222,2706.0
79.83638888888889,30.659444444444446,2697.0
79.83638888888889,30.659166666666668,2709.0
79.83611111111112,30.65888888888889,2695.0
79.83611111111112,30.65861111111111,2707.0
79.83583333333334,30.658333333333335,2684.0
79.83555555555556,30.658055555555556,2676.0
79.83527777777779,30.657777777777778,2699.0
79.83500000000001,30.6575,2711.0
79.83472222222223,30.657222222222224,2711.0
79.83444444444446,30.656944444444445,2706.0
79.83444444444446,30.656666666666663,2693.0
79.83444444444446,30.656388888888888,2690.0
79.83444444444446,30.656111111111112,2696.0
79.83416666666668,30.655833333333337,2697.0
79.8338888888889,30.655555555555555,2697.0
79.8338888888889,30.65527777777778,2685.0
79.8338888888889,30.655,2674.0
79.8338888888889,30.654722222222222,2671.0
79.8338888888889,30.654444444444444,2668.0
79.8338888888889,30.65416666666667,2662.0
79.8338888888889,30.65388888888889,2657.0
79.8338888888889,30.65361111111111,2649.0
79.8338888888889,30.653333333333332,2638.0
79.8338888888889,30.653055555555557,2629.0
79.8338888888889,30.65277777777778,2627.0
79.8338888888889,30.6525,2628.0
79.8338888888889,30.65222222222222,2628.0
79.8338888888889,30.65194444444445,2628.0
79.8338888888889,30.651666666666667,2633.0
79.8338888888889,30.65138888888889,2643.0
79.8338888888889,30.65111111111111,2650.0
79.8338888888889,30.650833333333335,2657.0
79.8338888888889,30.650555555555556,2666.0
79.83416666666668,30.650277777777777,2666.0
79.83416666666668,30.65,2669.0
79.83416666666668,30.649722222222223,2668.0
79.83416666666668,30.649444444444445,2663.0
79.83416666666668,30.649166666666662,2652.0
79.83416666666668,30.64888888888889,2642.0
79.83416666666668,30.648611111111112,2638.0
79.8338888888889,30.648333333333333,2641.0
79.83361111111113,30.648055555555555,2637.0
79.83361111111113,30.64777777777778,2635.0
79.83333333333334,30.6475,2629.0
79.83333333333334,30.647222222222226,2630.0
79.83305555555556,30.646944444444443,2626.0
79.83305555555556,30.64666666666667,2629.0
79.83305555555556,30.64638888888889,2633.0
79.83277777777779,30.64611111111111,2629.0
79.83277777777779,30.645833333333332,2635.0
79.83250000000001,30.645555555555557,2635.0
79.83222222222223,30.64527777777778,2633.0
79.83222222222223,30.645,2631.0
79.83222222222223,30.64472222222222,2631.0
79.83194444444445,30.64444444444445,2622.0
79.83194444444445,30.644166666666667,2616.0
79.83194444444445,30.64388888888889,2614.0
79.83194444444445,30.643611111111113,2620.0
79.83194444444445,30.643333333333334,2626.0
79.83166666666668,30.643055555555556,2627.0
79.83166666666668,30.642777777777777,2628.0
79.83166666666668,30.6425,2628.0
79.83166666666668,30.642222222222223,2630.0
79.8313888888889,30.641944444444444,2628.0
79.8313888888889,30.641666666666666,2629.0
79.8313888888889,30.64138888888889,2631.0
79.83111111111111,30.641111111111112,2622.0
79.83111111111111,30.640833333333333,2627.0
79.83083333333335,30.64055555555555,2626.0
79.83083333333335,30.64027777777778,2629.0
79.83083333333335,30.64,2629.0
79.83083333333335,30.639722222222225,2630.0
79.83083333333335,30.639444444444443,2631.0
79.83083333333335,30.639166666666668,2631.0
79.83083333333335,30.63888888888889,2628.0
79.83083333333335,30.63861111111111,2624.0
79.83083333333335,30.638333333333335,2622.0
79.83083333333335,30.638055555555557,2623.0
79.83083333333335,30.637777777777774,2625.0
79.83083333333335,30.6375,2623.0
79.83083333333335,30.637222222222224,2621.0
79.83083333333335,30.636944444444445,2621.0
79.83083333333335,30.636666666666667,2620.0
79.83083333333335,30.636388888888888,2620.0
79.83083333333335,30.636111111111113,2620.0
79.83083333333335,30.635833333333338,2621.0
79.83083333333335,30.635555555555555,2622.0
79.83083333333335,30.635277777777777,2623.0
79.83083333333335,30.635,2623.0
79.83055555555556,30.634722222222223,2620.0
79.83055555555556,30.634444444444444,2623.0
79.83055555555556,30.634166666666665,2625.0
79.83027777777778,30.63388888888889,2620.0
79.83027777777778,30.63361111111111,2621.0
79.83027777777778,30.633333333333333,2622.0
79.83027777777778,30.63305555555556,2622.0
79.83027777777778,30.63277777777778,2622.0
79.83027777777778,30.6325,2622.0
79.83027777777778,30.63222222222222,2623.0
79.83000000000001,30.631944444444446,2622.0
79.83000000000001,30.631666666666668,2620.0
79.83000000000001,30.63138888888889,2616.0
79.83000000000001,30.63111111111111,2614.0
79.83000000000001,30.630833333333335,2619.0
79.82972222222223,30.630555555555556,2619.0
79.82944444444445,30.630277777777778,2618.0
79.82916666666668,30.63,2612.0
79.82916666666668,30.629722222222224,2613.0
79.8288888888889,30.629444444444445,2612.0
79.82861111111112,30.629166666666663,2619.0
79.82833333333335,30.628888888888888,2616.0
79.82833333333335,30.628611111111113,2613.0
79.82833333333335,30.628333333333337,2607.0
79.82805555555557,30.628055555555555,2614.0
79.82777777777778,30.627777777777776,2611.0
79.82750000000001,30.6275,2611.0
79.82722222222223,30.627222222222223,2614.0
79.82694444444445,30.626944444444444,2613.0
79.82666666666667,30.62666666666667,2612.0
79.8263888888889,30.62638888888889,2617.0
79.82611111111112,30.62611111111111,2619.0
79.82583333333334,30.625833333333333,2617.0
79.82555555555557,30.625555555555557,2619.0
79.82527777777779,30.62527777777778,2624.0
79.825,30.625,2624.0
79.825,30.62472222222222,2624.0
79.825,30.62444444444445,2621.0
79.825,30.624166666666667,2619.0
79.825,30.62388888888889,2621.0
79.825,30.62361111111111,2624.0
79.82472222222223,30.623333333333335,2625.0
79.82444444444445,30.623055555555556,2623.0
79.82444444444445,30.622777777777777,2620.0
79.82416666666667,30.6225,2617.0
79.8238888888889,30.622222222222224,2614.0
79.8238888888889,30.621944444444445,2611.0
79.8238888888889,30.621666666666663,2610.0
79.8238888888889,30.62138888888889,2610.0
79.8238888888889,30.621111111111112,2608.0
79.82361111111112,30.621111111111112,2609.0
79.82333333333334,30.620833333333337,2608.0
79.82305555555557,30.620555555555555,2607.0
79.82277777777779,30.62027777777778,2605.0
79.8225,30.62027777777778,2608.0
79.82222222222224,30.62,2609.0
79.82194444444445,30.619722222222222,2606.0
79.82166666666667,30.619444444444444,2602.0
79.82138888888889,30.61916666666667,2599.0
79.82111111111112,30.61916666666667,2609.0
79.82083333333334,30.61888888888889,2605.0
79.82055555555556,30.61861111111111,2603.0
79.82027777777779,30.618333333333332,2598.0
79.82000000000001,30.618055555555557,2598.0
79.81972222222223,30.61777777777778,2597.0
79.81944444444446,30.6175,2589.0
79.81916666666667,30.61722222222222,2587.0
79.81888888888889,30.61694444444445,2594.0
79.81861111111112,30.616666666666667,2595.0
79.81833333333334,30.61638888888889,2589.0
79.81805555555556,30.61638888888889,2602.0
79.81777777777779,30.61611111111111,2592.0
79.81750000000001,30.615833333333335,2592.0
79.81722222222223,30.615833333333335,2600.0
79.81694444444446,30.615555555555556,2593.0
79.81666666666668,30.615555555555556,2604.0
79.8163888888889,30.615555555555556,2609.0
79.81611111111111,30.615555555555556,2607.0
79.81583333333334,30.615555555555556,2609.0
79.81555555555556,30.615277777777777,2591.0
79.81527777777778,30.615277777777777,2598.0
79.81500000000001,30.615277777777777,2602.0
79.81472222222223,30.615277777777777,2607.0
79.81444444444445,30.615,2590.0
79.81416666666668,30.615,2594.0
79.8138888888889,30.615,2600.0
79.81361111111111,30.614722222222223,2596.0
79.81333333333335,30.614722222222223,2606.0
79.81305555555556,30.614722222222223,2609.0
79.81277777777778,30.614444444444445,2588.0
79.81250000000001,30.614166666666662,2572.0
79.81222222222223,30.61388888888889,2560.0
79.81194444444445,30.613611111111112,2546.0
79.81166666666668,30.613333333333333,2538.0
79.8113888888889,30.613055555555555,2544.0
79.81111111111112,30.61277777777778,2554.0
79.81083333333333,30.6125,2561.0
79.81055555555557,30.612222222222226,2567.0
79.81027777777778,30.611944444444443,2568.0
79.81,30.611666666666668,2562.0
79.80972222222223,30.61138888888889,2560.0
79.80944444444445,30.61111111111111,2566.0
79.80916666666667,30.610833333333332,2574.0
79.8088888888889,30.610555555555557,2572.0
79.8088888888889,30.610277777777775,2601.0
79.80861111111112,30.61,2573.0
79.80861111111112,30.609722222222224,2578.0
79.80861111111112,30.60944444444445,2579.0
79.80861111111112,30.609166666666667,2574.0
79.80861111111112,30.608888888888888,2562.0
79.80861111111112,30.608611111111113,2548.0
79.80861111111112,30.608333333333334,2537.0
79.80861111111112,30.608055555555556,2524.0
79.80861111111112,30.607777777777777,2510.0
79.80861111111112,30.6075,2501.0
79.80833333333334,30.607222222222223,2497.0
79.80805555555557,30.606944444444444,2504.0
79.80777777777779,30.606666666666666,2518.0
79.8075,30.60638888888889,2532.0
79.80722222222224,30.60611111111111,2532.0
79.80694444444445,30.605833333333333,2537.0
79.80666666666667,30.60555555555555,2547.0
79.8063888888889,30.60527777777778,2550.0
79.80611111111112,30.605,2550.0
79.80583333333334,30.60472222222222,2549.0
79.80555555555556,30.604444444444447,2542.0
79.80527777777779,30.604166666666668,2538.0
79.805,30.60388888888889,2543.0
79.80472222222222,30.60361111111111,2543.0
79.80444444444446,30.603333333333335,2541.0
79.80416666666667,30.603055555555557,2547.0
79.80388888888889,30.602777777777774,2556.0
79.80361111111112,30.6025,2564.0
79.80333333333334,30.602222222222224,2572.0
79.80305555555556,30.601944444444445,2592.0
79.80277777777779,30.601666666666667,2598.0
79.80250000000001,30.601388888888888,2600.0
79.80222222222223,30.601111111111113,2606.0
79.80194444444446,30.600833333333338,2607.0
79.80166666666668,30.600555555555555,2594.0
79.8013888888889,30.600555555555555,2599.0
79.80111111111113,30.600555555555555,2608.0
79.80083333333334,30.600277777777777,2588.0
79.80055555555556,30.600277777777777,2602.0
79.80027777777778,30.6,2563.0
79.80000000000001,30.6,2563.0
79.79972222222223,30.6,2559.0
79.79944444444445,30.6,2548.0
79.79916666666668,30.6,2538.0
79.7988888888889,30.6,2530.0
79.79861111111111,30.6,2518.0
79.79833333333335,30.6,2510.0
79.79805555555556,30.6,2508.0
79.79777777777778,30.6,2506.0
79.79750000000001,30.6,2505.0
79.79722222222223,30.6,2502.0
79.79694444444445,30.6,2496.0
79.79666666666668,30.6,2492.0
79.7963888888889,30.6,2493.0
79.79611111111112,30.6,2493.0
79.79583333333335,30.6,2500.0
79.79555555555557,30.6,2504.0
79.79527777777778,30.6,2507.0
79.795,30.6,2516.0
79.79472222222223,30.6,2521.0
79.79444444444445,30.6,2523.0
79.79416666666667,30.6,2525.0
79.7938888888889,30.6,2534.0
79.79361111111112,30.6,2550.0
79.79333333333334,30.6,2554.0
79.79305555555557,30.6,2562.0
79.79277777777779,30.6,2573.0
79.7925,30.599722222222223,2564.0
79.79222222222224,30.599444444444444,2560.0
79.79194444444445,30.599166666666665,2569.0
79.79166666666667,30.59888888888889,2576.0
79.7913888888889,30.59861111111111,2591.0
79.79111111111112,30.598333333333333,2609.0
79.79083333333334,30.59805555555556,2608.0
79.79055555555556,30.59805555555556,2582.0
79.79027777777779,30.59777777777778,2530.0
79.79,30.5975,2480.0
79.78972222222222,30.59722222222222,2444.0
79.78944444444446,30.59722222222222,2430.0
79.78916666666667,30.59722222222222,2435.0
79.78888888888889,30.59722222222222,2441.0
79.78861111111112,30.596944444444446,2442.0
79.78833333333334,30.596666666666668,2435.0
79.78805555555556,30.596666666666668,2429.0
79.78777777777779,30.596666666666668,2431.0
79.78750000000001,30.59638888888889,2426.0
79.78722222222223,30.59611111111111,2422.0
79.78694444444446,30.595833333333335,2418.0
79.78666666666668,30.595555555555556,2419.0
79.7863888888889,30.595277777777778,2422.0
79.78611111111113,30.595,2425.0
79.78583333333334,30.594722222222224,2429.0
79.78555555555556,30.594444444444445,2431.0
79.78555555555556,30.594166666666663,2427.0
79.78555555555556,30.593888888888888,2422.0
79.78555555555556,30.593611111111112,2421.0
79.7852777777778,30.593333333333337,2421.0
79.78500000000001,30.593055555555555,2418.0
79.78472222222223,30.59277777777778,2414.0
79.78444444444445,30.5925,2414.0
79.78416666666668,30.592222222222222,2404.0
79.7838888888889,30.591944444444444,2401.0
79.78361111111111,30.59166666666667,2408.0
79.78333333333335,30.59138888888889,2410.0
79.78305555555556,30.59111111111111,2411.0
79.78277777777778,30.590833333333332,2419.0
79.78250000000001,30.590555555555557,2421.0
79.78250000000001,30.59027777777778,2421.0
79.78250000000001,30.59,2421.0
79.78222222222223,30.58972222222222,2419.0
79.78222222222223,30.58944444444445,2414.0
79.78194444444445,30.589166666666667,2412.0
79.78166666666668,30.58888888888889,2412.0
79.7813888888889,30.58861111111111,2414.0
79.78111111111112,30.588333333333335,2418.0
79.78083333333335,30.588055555555556,2421.0
79.78055555555557,30.587777777777777,2419.0
79.78027777777778,30.587777777777777,2418.0
79.78,30.5875,2415.0
79.77972222222223,30.587222222222223,2412.0
79.77944444444445,30.586944444444445,2412.0
79.77944444444445,30.586666666666662,2410.0
79.77944444444445,30.58638888888889,2405.0
79.77944444444445,30.586111111111112,2396.0
79.77944444444445,30.585833333333333,2392.0
79.77916666666667,30.585555555555555,2389.0
79.77916666666667,30.58527777777778,2388.0
79.77916666666667,30.585,2384.0
79.77916666666667,30.584722222222226,2382.0
79.77916666666667,30.584444444444443,2383.0
79.77916666666667,30.58416666666667,2379.0
79.77916666666667,30.58388888888889,2374.0
79.77916666666667,30.58361111111111,2378.0
79.7788888888889,30.583333333333332,2375.0
79.77861111111112,30.583055555555557,2374.0
79.77861111111112,30.58277777777778,2381.0
79.77833333333334,30.5825,2364.0
79.77833333333334,30.58222222222222,2378.0
79.77805555555557,30.58194444444445,2377.0
79.77805555555557,30.581666666666667,2383.0
79.77777777777779,30.58138888888889,2366.0
79.77777777777779,30.581111111111113,2364.0
79.77777777777779,30.580833333333334,2360.0
79.77777777777779,30.580555555555556,2361.0
79.77777777777779,30.580277777777777,2367.0
79.7775,30.58,2372.0
79.77722222222224,30.579722222222223,2367.0
79.77694444444445,30.579444444444444,2355.0
79.77666666666667,30.579166666666666,2347.0
79.7763888888889,30.57888888888889,2353.0
79.77611111111112,30.578611111111112,2349.0
79.77583333333334,30.578333333333333,2348.0
79.77555555555557,30.57805555555555,2355.0
79.77527777777779,30.57777777777778,2356.0
79.775,30.5775,2354.0
79.77472222222222,30.577222222222225,2359.0
79.77444444444446,30.576944444444443,2359.0
79.77416666666667,30.576666666666668,2355.0
79.77388888888889,30.57638888888889,2350.0
79.77361111111112,30.57611111111111,2342.0
79.77333333333334,30.575833333333335,2343.0
79.77305555555556,30.575555555555557,2344.0
79.77277777777779,30.575277777777774,2338.0
79.77250000000001,30.575,2332.0
79.77222222222223,30.574722222222224,2338.0
79.77194444444446,30.574444444444445,2336.0
79.77166666666668,30.574166666666667,2338.0
79.7713888888889,30.573888888888888,2342.0
79.77111111111113,30.573611111111113,2349.0
79.77083333333334,30.573333333333338,2347.0
79.77055555555556,30.573055555555555,2366.0
79.77027777777779,30.572777777777777,2375.0
79.77000000000001,30.5725,2383.0
79.76972222222223,30.572222222222223,2379.0
79.76944444444445,30.571944444444444,2354.0
79.76944444444445,30.571666666666665,2346.0
79.76944444444445,30.57138888888889,2348.0
79.76944444444445,30.57111111111111,2355.0
79.76916666666668,30.570833333333333,2352.0
79.7688888888889,30.57055555555556,2353.0
79.7688888888889,30.57027777777778,2354.0
79.76861111111111,30.57,2355.0
79.76833333333335,30.56972222222222,2356.0
79.76805555555556,30.569444444444446,2348.0
79.76805555555556,30.569166666666668,2344.0
79.76777777777778,30.56888888888889,2344.0
79.76750000000001,30.56861111111111,2347.0
79.76722222222223,30.568333333333335,2345.0
79.76722222222223,30.568055555555556,2340.0
79.76722222222223,30.567777777777778,2333.0
79.76722222222223,30.5675,2330.0
79.76722222222223,30.567222222222224,2326.0
79.76722222222223,30.566944444444445,2320.0
79.76722222222223,30.566666666666663,2317.0
79.76694444444445,30.566388888888888,2310.0
79.76694444444445,30.566111111111113,2311.0
79.76666666666668,30.565833333333337,2309.0
79.7663888888889,30.565555555555555,2312.0
79.76611111111112,30.565277777777776,2318.0
79.76583333333335,30.565,2309.0
79.76583333333335,30.564722222222223,2304.0
79.76583333333335,30.564444444444444,2300.0
79.76583333333335,30.56416666666667,2292.0
79.76583333333335,30.56388888888889,2291.0
79.76583333333335,30.56361111111111,2297.0
79.76583333333335,30.563333333333333,2308.0
79.76555555555557,30.563055555555557,2309.0
79.76555555555557,30.56277777777778,2309.0
79.76555555555557,30.5625,2307.0
79.76527777777778,30.56222222222222,2299.0
79.76527777777778,30.56194444444445,2290.0
79.76527777777778,30.561666666666667,2285.0
79.76527777777778,30.56138888888889,2280.0
79.76500000000001,30.56138888888889,2278.0
79.76472222222223,30.56138888888889,2277.0
79.76444444444445,30.56138888888889,2275.0
79.76416666666667,30.56138888888889,2273.0
79.7638888888889,30.56138888888889,2272.0
79.76361111111112,30.56111111111111,2270.0
79.76333333333334,30.56111111111111,2277.0
79.76305555555557,30.560833333333335,2277.0
79.76277777777779,30.560555555555556,2275.0
79.7625,30.560277777777777,2271.0
79.76222222222223,30.56,2274.0
79.76194444444445,30.559722222222224,2277.0
79.76166666666667,30.559444444444445,2275.0
79.7613888888889,30.559166666666663,2272.0
79.76111111111112,30.55888888888889,2268.0
79.76083333333334,30.558611111111112,2264.0
79.76055555555557,30.558333333333337,2274.0
79.76027777777779,30.558055555555555,2278.0
79.76,30.55777777777778,2275.0
79.76,30.5575,2270.0
79.76,30.557222222222222,2265.0
79.76,30.556944444444444,2268.0
79.76,30.55666666666667,2274.0
79.75972222222224,30.55638888888889,2269.0
79.75944444444445,30.55611111111111,2266.0
79.75916666666667,30.555833333333332,2273.0
79.75888888888889,30.555555555555557,2274.0
79.75861111111112,30.55527777777778,2274.0
79.75833333333334,30.555,2271.0
79.75805555555556,30.55472222222222,2260.0
79.75805555555556,30.55444444444445,2253.0
79.75777777777779,30.55444444444445,2250.0
79.75750000000001,30.55444444444445,2252.0
79.75722222222223,30.554166666666667,2245.0
79.75694444444446,30.55388888888889,2241.0
79.75666666666667,30.55361111111111,2240.0
79.75638888888889,30.553333333333335,2242.0
79.75611111111112,30.553055555555556,2244.0
79.75583333333334,30.552777777777777,2250.0
79.75555555555556,30.5525,2257.0
79.75527777777779,30.552222222222223,2257.0
79.75500000000001,30.552222222222223,2256.0
79.75472222222223,30.551944444444445,2254.0
79.75444444444446,30.551944444444445,2252.0
79.75416666666668,30.551666666666662,2251.0
79.7538888888889,30.551666666666662,2247.0
79.75361111111111,30.55138888888889,2243.0
79.75333333333334,30.551111111111112,2238.0
79.75333333333334,30.550833333333333,2229.0
79.75333333333334,30.550555555555555,2226.0
79.75305555555556,30.55027777777778,2239.0
79.75277777777778,30.55,2237.0
79.75277777777778,30.549722222222226,2237.0
79.75277777777778,30.549444444444443,2236.0
79.75277777777778,30.549166666666668,2238.0
79.75250000000001,30.54888888888889,2239.0
79.75250000000001,30.54861111111111,2238.0
79.75250000000001,30.548333333333332,2233.0
79.75250000000001,30.548055555555557,2227.0
79.75222222222223,30.547777777777775,2230.0
79.75194444444445,30.5475,2233.0
79.75166666666668,30.5475,2232.0
79.7513888888889,30.5475,2232.0
79.75111111111111,30.5475,2231.0
79.75083333333335,30.547222222222224,2234.0
79.75055555555556,30.54694444444445,2233.0
79.75027777777778,30.54694444444445,2230.0
79.75000000000001,30.54694444444445,2229.0
79.74972222222223,30.546666666666667,2230.0
79.74944444444445,30.546666666666667,2229.0
79.74916666666668,30.546388888888888,2232.0
79.74916666666668,30.546111111111113,2226.0
79.7488888888889,30.545833333333334,2222.0
79.74861111111112,30.545555555555556,2219.0
79.74833333333333,30.545277777777777,2219.0
79.74833333333333,30.545,2216.0
79.74833333333333,30.544722222222223,2214.0
79.74833333333333,30.544444444444444,2213.0
79.74833333333333,30.544166666666666,2213.0
79.74833333333333,30.54388888888889,2213.0
79.74805555555557,30.54361111111111,2212.0
79.74777777777778,30.543333333333333,2211.0
79.74777777777778,30.54305555555555,2214.0
79.7475,30.54277777777778,2208.0
79.7475,30.5425,2209.0
79.74722222222223,30.54222222222222,2214.0
79.74694444444445,30.541944444444447,2211.0
79.74666666666667,30.541666666666668,2209.0
79.74666666666667,30.54138888888889,2206.0
79.74666666666667,30.54111111111111,2204.0
79.74666666666667,30.540833333333335,2203.0
79.7463888888889,30.540555555555557,2208.0
79.74611111111112,30.540277777777774,2202.0
79.74583333333334,30.54,2198.0
79.74555555555557,30.539722222222224,2205.0
79.74527777777779,30.539444444444445,2208.0
79.74527777777779,30.539166666666667,2206.0
79.74527777777779,30.538888888888888,2203.0
79.74527777777779,30.538611111111113,2198.0
79.74527777777779,30.538333333333338,2192.0
79.74527777777779,30.538055555555555,2190.0
79.74527777777779,30.537777777777777,2195.0
79.74527777777779,30.5375,2204.0
79.745,30.537222222222223,2201.0
79.745,30.536944444444444,2206.0
79.74527777777779,30.536666666666665,2205.0
79.74527777777779,30.53638888888889,2203.0
79.74527777777779,30.53611111111111,2203.0
79.745,30.535833333333333,2204.0
79.74472222222224,30.53555555555556,2202.0
79.74444444444445,30.53527777777778,2191.0
79.74444444444445,30.535,2185.0
79.74444444444445,30.53472222222222,2179.0
79.74444444444445,30.534444444444446,2175.0
79.74444444444445,30.534166666666668,2177.0
79.74444444444445,30.53388888888889,2182.0
79.74416666666667,30.53361111111111,2180.0
79.7438888888889,30.533333333333335,2183.0
79.74361111111112,30.533055555555556,2183.0
79.74333333333334,30.532777777777778,2183.0
79.74305555555556,30.5325,2180.0
79.74277777777779,30.5325,2186.0
79.7425,30.532222222222224,2181.0
79.74222222222222,30.531944444444445,2180.0
79.74194444444446,30.531666666666663,2184.0
79.74166666666667,30.531388888888888,2187.0
79.74138888888889,30.531111111111112,2187.0
79.74111111111112,30.531111111111112,2187.0
79.74083333333334,30.530833333333337,2183.0
79.74055555555556,30.530833333333337,2174.0
79.74055555555556,30.530555555555555,2172.0
79.74027777777779,30.530555555555555,2166.0
79.74000000000001,30.53027777777778,2169.0
79.73972222222223,30.53,2173.0
79.73944444444446,30.529722222222222,2172.0
79.73916666666668,30.529444444444444,2167.0
79.7388888888889,30.52916666666667,2158.0
79.73861111111113,30.52888888888889,2156.0
79.7388888888889,30.52861111111111,2155.0
79.7388888888889,30.528333333333332,2152.0
79.7388888888889,30.528055555555557,2150.0
79.7388888888889,30.52777777777778,2148.0
79.73861111111113,30.5275,2146.0
79.73861111111113,30.52722222222222,2145.0
79.73861111111113,30.52694444444445,2145.0
79.73861111111113,30.526666666666667,2144.0
79.73833333333334,30.52638888888889,2142.0
79.73805555555556,30.52611111111111,2139.0
79.73777777777778,30.525833333333335,2131.0
79.73777777777778,30.525555555555556,2127.0
79.73750000000001,30.525277777777777,2124.0
79.73750000000001,30.525,2127.0
79.73722222222223,30.524722222222223,2128.0
79.73722222222223,30.524444444444445,2124.0
79.73694444444445,30.524166666666662,2120.0
79.73666666666668,30.52388888888889,2121.0
79.7363888888889,30.523611111111112,2121.0
79.7363888888889,30.523333333333333,2122.0
79.73611111111111,30.523055555555555,2122.0
79.73611111111111,30.52277777777778,2122.0
79.73611111111111,30.5225,2122.0
79.7363888888889,30.522222222222226,2120.0
79.7363888888889,30.521944444444443,2119.0
79.73611111111111,30.52166666666667,2118.0
79.73611111111111,30.52138888888889,2116.0
79.73611111111111,30.52111111111111,2116.0
79.73583333333335,30.520833333333332,2118.0
79.73555555555556,30.520555555555557,2117.0
79.73555555555556,30.52027777777778,2116.0
79.73555555555556,30.52,2114.0
79.73555555555556,30.51972222222222,2114.0
79.73555555555556,30.51944444444445,2115.0
79.73555555555556,30.519166666666667,2114.0
79.73555555555556,30.51888888888889,2112.0
79.73555555555556,30.518611111111113,2113.0
79.73555555555556,30.518333333333334,2114.0
79.73555555555556,30.518055555555556,2113.0
79.73555555555556,30.517777777777777,2111.0
79.73555555555556,30.5175,2108.0
79.73555555555556,30.517222222222223,2106.0
79.73555555555556,30.516944444444444,2104.0
79.73555555555556,30.516666666666666,2102.0
79.73555555555556,30.51638888888889,2102.0
79.73555555555556,30.516111111111112,2104.0
79.73555555555556,30.515833333333333,2105.0
79.73555555555556,30.51555555555555,2104.0
79.73555555555556,30.51527777777778,2103.0
79.73555555555556,30.515,2102.0
79.73555555555556,30.514722222222225,2103.0
79.73527777777778,30.514444444444443,2107.0
79.73500000000001,30.514166666666668,2107.0
79.73472222222223,30.51388888888889,2106.0
79.73472222222223,30.51361111111111,2103.0
79.73472222222223,30.513333333333335,2104.0
79.73472222222223,30.513055555555557,2105.0
79.73472222222223,30.512777777777774,2102.0
79.73444444444445,30.5125,2097.0
79.73444444444445,30.512222222222224,2099.0
79.73416666666668,30.511944444444445,2097.0
79.73416666666668,30.511666666666667,2097.0
79.73416666666668,30.511388888888888,2099.0
79.7338888888889,30.511111111111113,2094.0
79.73361111111112,30.510833333333338,2094.0
79.73333333333335,30.510555555555555,2095.0
79.73333333333335,30.510277777777777,2100.0
79.73305555555557,30.51,2096.0
79.73305555555557,30.509722222222223,2093.0
79.73305555555557,30.509444444444444,2094.0
79.73305555555557,30.509166666666665,2100.0
79.73277777777778,30.50888888888889,2100.0
79.73277777777778,30.50861111111111,2099.0
79.7325,30.508333333333333,2098.0
79.73222222222223,30.50805555555556,2097.0
79.73194444444445,30.50777777777778,2099.0
79.73166666666667,30.5075,2096.0
79.7313888888889,30.5075,2095.0
79.73111111111112,30.50722222222222,2087.0
79.73083333333334,30.50722222222222,2094.0
79.73055555555557,30.506944444444446,2089.0
79.73027777777779,30.506944444444446,2094.0
79.73,30.506666666666668,2089.0
79.72972222222224,30.50638888888889,2087.0
79.72944444444445,30.50638888888889,2093.0
79.72916666666667,30.50611111111111,2088.0
79.7288888888889,30.505833333333335,2088.0
79.72861111111112,30.505555555555556,2091.0
79.72833333333334,30.505277777777778,2092.0
79.72805555555556,30.505,2088.0
79.72777777777779,30.505,2092.0
79.7275,30.504722222222224,2087.0
79.72722222222222,30.504722222222224,2092.0
79.72694444444446,30.504444444444445,2085.0
79.72666666666667,30.504444444444445,2089.0
79.72638888888889,30.504444444444445,2095.0
79.72611111111112,30.504166666666663,2083.0
79.72583333333334,30.504166666666663,2084.0
79.72555555555556,30.504166666666663,2087.0
79.72527777777779,30.504166666666663,2095.0
79.72500000000001,30.503888888888888,2089.0
79.72472222222223,30.503888888888888,2094.0
79.72444444444446,30.503611111111113,2091.0
79.72416666666668,30.503611111111113,2091.0
79.7238888888889,30.503611111111113,2091.0
79.72361111111113,30.503611111111113,2091.0
79.72333333333334,30.503611111111113,2091.0
79.72305555555556,30.503611111111113,2092.0
79.7227777777778,30.503611111111113,2092.0
79.72250000000001,30.503611111111113,2091.0
79.72222222222223,30.503611111111113,2092.0
79.72194444444445,30.503611111111113,2093.0
79.72166666666668,30.503611111111113,2090.0
79.7213888888889,30.503611111111113,2088.0
79.72111111111111,30.503611111111113,2093.0
79.72083333333335,30.503333333333337,2095.0
79.72055555555556,30.503055555555555,2090.0
79.72027777777778,30.502777777777776,2085.0
79.72000000000001,30.502777777777776,2089.0
79.71972222222223,30.502777777777776,2095.0
79.71944444444445,30.5025,2084.0
79.71916666666668,30.5025,2094.0
79.7188888888889,30.502222222222223,2082.0
79.71861111111112,30.501944444444444,2082.0
79.71833333333335,30.50166666666667,2081.0
79.71805555555557,30.50166666666667,2090.0
79.71777777777778,30.50138888888889,2079.0
79.7175,30.50111111111111,2080.0
79.71722222222223,30.50111111111111,2090.0
79.71694444444445,30.500833333333333,2075.0
79.71666666666667,30.500833333333333,2077.0
79.7163888888889,30.500833333333333,2088.0
79.71611111111112,30.500555555555557,2090.0
79.71583333333334,30.50027777777778,2089.0
79.71555555555557,30.50027777777778,2090.0
79.71527777777779,30.50027777777778,2091.0
79.715,30.50027777777778,2092.0
79.71472222222224,30.50027777777778,2094.0
79.71444444444445,30.50027777777778,2095.0
79.71416666666667,30.5,2088.0
79.7138888888889,30.5,2088.0
79.71361111111112,30.5,2090.0
79.71333333333334,30.5,2094.0
79.71305555555557,30.49972222222222,2095.0
79.71277777777779,30.49972222222222,2094.0
79.7125,30.49972222222222,2093.0
79.71222222222222,30.49972222222222,2092.0
79.71194444444446,30.49972222222222,2090.0
79.71166666666667,30.49972222222222,2089.0
79.71138888888889,30.49972222222222,2088.0
79.71111111111112,30.49944444444445,2088.0
79.71083333333334,30.49944444444445,2087.0
79.71055555555556,30.499166666666667,2086.0
79.71055555555556,30.49888888888889,2086.0
79.71027777777779,30.49861111111111,2082.0
79.71027777777779,30.498333333333335,2077.0
79.71000000000001,30.498333333333335,2077.0
79.70972222222223,30.498055555555556,2074.0
79.70944444444446,30.498055555555556,2072.0
79.70916666666668,30.498055555555556,2069.0
79.7088888888889,30.498055555555556,2066.0
79.70861111111113,30.498055555555556,2064.0
79.70833333333334,30.498055555555556,2062.0
79.70805555555556,30.498055555555556,2062.0
79.70777777777779,30.498055555555556,2063.0
79.70750000000001,30.497777777777777,2064.0
79.70722222222223,30.4975,2063.0
79.70694444444445,30.497222222222224,2063.0
79.70666666666668,30.497222222222224,2062.0
79.7063888888889,30.497222222222224,2060.0
79.70611111111111,30.497222222222224,2058.0
79.70583333333335,30.497222222222224,2057.0
79.70555555555556,30.497222222222224,2061.0
79.70527777777778,30.496944444444445,2062.0
79.70500000000001,30.496944444444445,2062.0
79.70472222222223,30.496944444444445,2062.0
79.70444444444445,30.496666666666663,2056.0
79.70416666666668,30.49638888888889,2053.0
79.7038888888889,30.49638888888889,2048.0
79.70361111111112,30.496111111111112,2042.0
79.70333333333335,30.495833333333337,2036.0
79.70305555555557,30.495833333333337,2032.0
79.70277777777778,30.495555555555555,2026.0
79.70250000000001,30.495555555555555,2022.0
79.70222222222223,30.495555555555555,2019.0
79.70194444444445,30.495555555555555,2014.0
79.70166666666667,30.495555555555555,2008.0
79.7013888888889,30.495555555555555,2004.0
79.70111111111112,30.495555555555555,2001.0
79.70083333333334,30.49527777777778,1995.0
79.70055555555557,30.49527777777778,1995.0
79.70027777777779,30.495,1994.0
79.7,30.494722222222222,1989.0
79.69972222222223,30.494444444444444,1986.0
79.69944444444445,30.49416666666667,1980.0
79.69916666666667,30.49416666666667,1978.0
79.6988888888889,30.49388888888889,1977.0
79.69861111111112,30.49388888888889,1976.0
79.69833333333334,30.49361111111111,1973.0
79.69805555555557,30.493333333333332,1976.0
79.69777777777779,30.493333333333332,1978.0
79.6975,30.493055555555557,1972.0
79.69722222222224,30.493055555555557,1972.0
79.69694444444445,30.49277777777778,1967.0
79.69666666666667,30.49277777777778,1967.0
79.69638888888889,30.49277777777778,1974.0
79.69611111111112,30.4925,1975.0
79.69583333333334,30.4925,1973.0
79.69555555555556,30.4925,1966.0
79.69527777777779,30.49222222222222,1957.0
79.69500000000001,30.49194444444445,1952.0
79.69500000000001,30.491666666666667,1950.0
79.69500000000001,30.49138888888889,1953.0
79.69472222222223,30.49111111111111,1950.0
79.69444444444446,30.490833333333335,1949.0
79.69416666666667,30.490555555555556,1952.0
79.69388888888889,30.490277777777777,1951.0
79.69361111111112,30.49,1949.0
79.69333333333334,30.489722222222223,1946.0
79.69305555555556,30.489722222222223,1951.0
79.69277777777779,30.489444444444445,1951.0
79.69250000000001,30.489166666666662,1954.0
79.69222222222223,30.48888888888889,1954.0
79.69194444444446,30.48888888888889,1953.0
79.69166666666668,30.488611111111112,1946.0
79.6913888888889,30.488333333333333,1938.0
79.69111111111111,30.488333333333333,1935.0
79.69083333333334,30.488055555555555,1936.0
79.69055555555556,30.48777777777778,1932.0
79.69027777777778,30.48777777777778,1934.0
79.69000000000001,30.4875,1930.0
79.68972222222223,30.4875,1930.0
79.68944444444445,30.4875,1932.0
79.68916666666668,30.4875,1932.0
79.6888888888889,30.4875,1934.0
79.68861111111111,30.4875,1934.0
79.68833333333335,30.48777777777778,1929.0
79.68805555555556,30.48777777777778,1928.0
79.68777777777778,30.488055555555555,1932.0
79.68750000000001,30.488055555555555,1928.0
79.68722222222223,30.488055555555555,1924.0
79.68694444444445,30.488055555555555,1923.0
79.68666666666668,30.488055555555555,1919.0
79.6863888888889,30.488055555555555,1920.0
79.68611111111112,30.488055555555555,1921.0
79.68583333333333,30.488055555555555,1922.0
79.68555555555557,30.488055555555555,1922.0
79.68527777777778,30.488055555555555,1920.0
79.685,30.488055555555555,1921.0
79.68472222222223,30.488055555555555,1920.0
79.68444444444445,30.488055555555555,1918.0
79.68416666666667,30.488055555555555,1917.0
79.6838888888889,30.488055555555555,1915.0
79.68361111111112,30.488055555555555,1915.0
79.68333333333334,30.488055555555555,1920.0
79.68305555555557,30.48777777777778,1918.0
79.68277777777779,30.48777777777778,1914.0
79.6825,30.48777777777778,1908.0
79.68222222222224,30.48777777777778,1908.0
79.68194444444445,30.48777777777778,1904.0
79.68166666666667,30.48777777777778,1898.0
79.6813888888889,30.48777777777778,1896.0
79.68111111111112,30.48777777777778,1896.0
79.68083333333334,30.48777777777778,1897.0
79.68055555555556,30.48777777777778,1898.0
79.68027777777779,30.48777777777778,1903.0
79.68,30.488055555555555,1901.0
79.67972222222222,30.488055555555555,1910.0
79.67944444444446,30.488333333333333,1910.0
79.67916666666667,30.488611111111112,1909.0
79.67888888888889,30.488611111111112,1907.0
79.67861111111112,30.488611111111112,1908.0
79.67833333333334,30.488611111111112,1909.0
79.67805555555556,30.48888888888889,1905.0
79.67777777777779,30.48888888888889,1899.0
79.67750000000001,30.48888888888889,1893.0
79.67722222222223,30.48888888888889,1887.0
79.67694444444446,30.48888888888889,1885.0
79.67666666666668,30.48888888888889,1883.0
79.6763888888889,30.48888888888889,1885.0
79.67611111111113,30.48888888888889,1884.0
79.67583333333334,30.48888888888889,1886.0
79.67555555555556,30.48888888888889,1884.0
79.67527777777778,30.48888888888889,1890.0
79.67500000000001,30.488611111111112,1886.0
79.67472222222223,30.488611111111112,1890.0
79.67444444444445,30.488611111111112,1882.0
79.67416666666668,30.488611111111112,1881.0
79.6738888888889,30.488611111111112,1878.0
79.67361111111111,30.48888888888889,1874.0
79.67333333333335,30.48888888888889,1873.0
79.67305555555556,30.48888888888889,1872.0
79.67277777777778,30.48888888888889,1873.0
79.67250000000001,30.48888888888889,1876.0
79.67222222222223,30.488611111111112,1874.0
79.67194444444445,30.488611111111112,1875.0
79.67166666666668,30.488611111111112,1874.0
79.6713888888889,30.488611111111112,1872.0
79.67111111111112,30.488611111111112,1875.0
79.67083333333335,30.48888888888889,1871.0
79.67055555555557,30.48888888888889,1868.0
79.67027777777778,30.48888888888889,1866.0
79.67,30.48888888888889,1865.0
79.66972222222223,30.489166666666662,1862.0
79.66944444444445,30.489166666666662,1863.0
79.66916666666667,30.489166666666662,1865.0
79.6688888888889,30.489444444444445,1858.0
79.66861111111112,30.489444444444445,1858.0
79.66833333333334,30.489444444444445,1859.0
79.66805555555557,30.489722222222223,1856.0
79.66777777777779,30.489722222222223,1857.0
79.6675,30.489722222222223,1858.0
79.66722222222224,30.49,1854.0
79.66694444444445,30.49,1852.0
79.66666666666667,30.49,1851.0
79.6663888888889,30.49,1851.0
79.66611111111112,30.49,1848.0
79.66583333333334,30.49,1851.0
79.66555555555556,30.49,1852.0
79.66527777777779,30.489722222222223,1847.0
79.665,30.489722222222223,1846.0
79.66472222222222,30.489722222222223,1851.0
79.66444444444446,30.489444444444445,1846.0
79.66416666666667,30.489166666666662,1847.0
79.66388888888889,30.489166666666662,1845.0
79.66361111111112,30.489166666666662,1846.0
79.66333333333334,30.489166666666662,1846.0
79.66305555555556,30.489166666666662,1846.0
79.66277777777779,30.489166666666662,1850.0
79.66250000000001,30.489166666666662,1854.0
79.66222222222223,30.489444444444445,1848.0
79.66194444444446,30.489444444444445,1849.0
79.66166666666668,30.489722222222223,1848.0
79.6613888888889,30.489722222222223,1846.0
79.66111111111113,30.489722222222223,1845.0
79.66083333333334,30.489722222222223,1842.0
79.66055555555556,30.489722222222223,1841.0
79.6602777777778,30.489722222222223,1843.0
79.66000000000001,30.489722222222223,1848.0
79.65972222222223,30.489722222222223,1846.0
79.65944444444445,30.489722222222223,1843.0
79.65916666666668,30.489722222222223,1843.0
79.6588888888889,30.489722222222223,1844.0
79.65861111111111,30.49,1841.0
79.65833333333335,30.49,1841.0
79.65805555555556,30.49,1839.0
79.65777777777778,30.49,1842.0
79.65750000000001,30.489722222222223,1841.0
79.65722222222223,30.489722222222223,1839.0
79.65694444444445,30.489722222222223,1841.0
79.65666666666668,30.489722222222223,1841.0
79.6563888888889,30.489722222222223,1843.0
79.65611111111112,30.489722222222223,1838.0
79.65583333333335,30.489722222222223,1836.0
79.65555555555557,30.489722222222223,1838.0
79.65527777777778,30.489722222222223,1844.0
79.655,30.489722222222223,1841.0
79.65472222222223,30.489722222222223,1838.0
79.65444444444445,30.489722222222223,1840.0
79.65416666666667,30.489722222222223,1842.0
79.6538888888889,30.489722222222223,1843.0
79.65361111111112,30.49,1832.0
79.65333333333334,30.49,1835.0
79.65305555555557,30.490277777777777,1834.0
79.65277777777779,30.490555555555556,1843.0
79.6525,30.490833333333335,1836.0
79.65222222222224,30.490833333333335,1835.0
79.65194444444445,30.490833333333335,1843.0
79.65166666666667,30.49111111111111,1826.0
79.6513888888889,30.49111111111111,1832.0
79.65111111111112,30.49111111111111,1837.0
79.65083333333334,30.49111111111111,1833.0
79.65055555555557,30.49111111111111,1839.0
79.65027777777779,30.49138888888889,1830.0
79.65,30.49138888888889,1838.0
79.64972222222222,30.491666666666667,1843.0
79.64944444444446,30.491666666666667,1843.0
79.64916666666667,30.491666666666667,1829.0
79.64888888888889,30.491666666666667,1826.0
79.64861111111112,30.491666666666667,1833.0
79.64833333333334,30.491666666666667,1845.0
79.64805555555556,30.49194444444445,1838.0
79.64777777777779,30.49194444444445,1833.0
79.64750000000001,30.49194444444445,1831.0
79.64722222222223,30.49194444444445,1831.0
79.64694444444446,30.49194444444445,1831.0
79.64666666666668,30.49194444444445,1830.0
79.6463888888889,30.49194444444445,1828.0
79.64611111111113,30.49194444444445,1826.0
79.64583333333334,30.49194444444445,1828.0
79.64555555555556,30.49194444444445,1824.0
79.64527777777779,30.49194444444445,1823.0
79.64500000000001,30.49194444444445,1826.0
79.64472222222223,30.49194444444445,1828.0
79.64444444444445,30.49194444444445,1827.0
79.64416666666668,30.49194444444445,1827.0
79.6438888888889,30.49194444444445,1827.0
79.64361111111111,30.49194444444445,1830.0
79.64333333333335,30.49194444444445,1835.0
79.64305555555556,30.49194444444445,1840.0
79.64277777777778,30.49194444444445,1844.0
79.64250000000001,30.49222222222222,1829.0
79.64222222222223,30.49222222222222,1832.0
79.64194444444445,30.49222222222222,1837.0
79.64166666666668,30.49222222222222,1844.0
79.6413888888889,30.4925,1831.0
79.64111111111112,30.4925,1840.0
79.64083333333335,30.49277777777778,1830.0
79.64055555555557,30.49277777777778,1837.0
79.64027777777778,30.49277777777778,1844.0
79.64000000000001,30.493055555555557,1829.0
79.63972222222223,30.493055555555557,1844.0
79.63944444444445,30.493333333333332,1834.0
79.63916666666667,30.493333333333332,1842.0
79.6388888888889,30.49361111111111,1833.0
79.63861111111112,30.49361111111111,1845.0
79.63833333333334,30.49361111111111,1845.0
79.63805555555557,30.49361111111111,1840.0
79.63777777777779,30.49361111111111,1835.0
79.6375,30.493333333333332,1824.0
79.63722222222223,30.493333333333332,1813.0
79.63694444444445,30.493333333333332,1806.0
79.63666666666667,30.493333333333332,1804.0
79.6363888888889,30.493333333333332,1806.0
79.63611111111112,30.493055555555557,1797.0
79.63583333333334,30.49277777777778,1801.0
79.63555555555557,30.49277777777778,1807.0
79.63527777777779,30.4925,1796.0
79.635,30.4925,1794.0
79.63472222222224,30.4925,1797.0
79.63444444444445,30.4925,1804.0
79.63416666666667,30.49222222222222,1794.0
79.63388888888889,30.49222222222222,1793.0
79.63361111111112,30.49222222222222,1794.0
79.63333333333334,30.49222222222222,1796.0
79.63305555555556,30.49222222222222,1794.0
79.63277777777779,30.49222222222222,1795.0
79.63250000000001,30.49222222222222,1795.0
79.63222222222223,30.49222222222222,1796.0
79.63194444444446,30.49222222222222,1798.0
79.63166666666667,30.49222222222222,1799.0
79.63138888888889,30.49222222222222,1805.0
79.63111111111112,30.4925,1795.0
79.63083333333334,30.4925,1795.0
79.63055555555556,30.4925,1797.0
79.63027777777779,30.4925,1803.0
79.63000000000001,30.49277777777778,1798.0
79.62972222222223,30.49277777777778,1803.0
79.62944444444446,30.49277777777778,1807.0
79.62916666666668,30.49277777777778,1807.0
79.6288888888889,30.493055555555557,1790.0
79.62861111111111,30.493055555555557,1791.0
79.62833333333334,30.493055555555557,1793.0
79.62805555555556,30.493055555555557,1795.0
79.62777777777778,30.493055555555557,1806.0
79.62750000000001,30.493333333333332,1796.0
79.62722222222223,30.493333333333332,1790.0
79.62694444444445,30.493333333333332,1788.0
79.62666666666668,30.49361111111111,1790.0
79.6263888888889,30.49388888888889,1795.0
79.62611111111111,30.49416666666667,1791.0
79.62583333333335,30.49416666666667,1803.0
79.62555555555556,30.494444444444444,1792.0
79.62527777777778,30.494444444444444,1792.0
79.62500000000001,30.494444444444444,1800.0
79.62472222222223,30.494444444444444,1804.0
79.62444444444445,30.494722222222222,1798.0
79.62416666666668,30.495,1789.0
79.6238888888889,30.49527777777778,1787.0
79.62361111111112,30.495555555555555,1790.0
79.62333333333333,30.495833333333337,1797.0
79.62305555555557,30.496111111111112,1796.0
79.62277777777778,30.49638888888889,1795.0
79.62277777777778,30.496666666666663,1802.0
79.6225,30.496944444444445,1804.0
79.62277777777778,30.497222222222224,1807.0
79.62305555555557,30.4975,1797.0
79.62305555555557,30.497777777777777,1794.0
79.62305555555557,30.498055555555556,1796.0
79.62333333333333,30.498333333333335,1797.0
79.62333333333333,30.49861111111111,1798.0
79.62333333333333,30.49888888888889,1794.0
79.62361111111112,30.499166666666667,1789.0
79.62361111111112,30.49944444444445,1788.0
79.62333333333333,30.49972222222222,1789.0
79.62333333333333,30.5,1788.0
79.62305555555557,30.50027777777778,1786.0
79.62277777777778,30.500555555555557,1781.0
79.6225,30.500833333333333,1773.0
79.62222222222223,30.50111111111111,1768.0
79.62222222222223,30.50138888888889,1771.0
79.62222222222223,30.50166666666667,1772.0
79.62194444444445,30.501944444444444,1769.0
79.62194444444445,30.502222222222223,1772.0
79.62166666666667,30.5025,1769.0
79.6213888888889,30.502777777777776,1768.0
79.62111111111112,30.503055555555555,1772.0
79.62083333333334,30.503333333333337,1773.0
79.62055555555557,30.503611111111113,1770.0
79.62027777777779,30.503888888888888,1768.0
79.62,30.504166666666663,1768.0
79.62,30.504444444444445,1773.0
79.61972222222224,30.504722222222224,1764.0
79.61944444444445,30.505,1768.0
79.61944444444445,30.505277777777778,1769.0
79.61916666666667,30.505555555555556,1764.0
79.6188888888889,30.505833333333335,1764.0
79.61861111111112,30.50611111111111,1772.0
79.61833333333334,30.50638888888889,1772.0
79.61833333333334,30.506666666666668,1768.0
79.61833333333334,30.506944444444446,1770.0
79.61805555555556,30.50722222222222,1756.0
79.61777777777779,30.5075,1751.0
79.6175,30.50777777777778,1749.0
79.61722222222222,30.50805555555556,1747.0
79.61694444444446,30.508333333333333,1743.0
79.61666666666667,30.50861111111111,1746.0
79.61638888888889,30.50888888888889,1746.0
79.61611111111112,30.509166666666665,1746.0
79.61583333333334,30.509444444444444,1757.0
79.61555555555556,30.509722222222223,1773.0
79.61527777777779,30.51,1773.0
79.61500000000001,30.510277777777777,1763.0
79.61472222222223,30.510555555555555,1759.0
79.61472222222223,30.510833333333338,1757.0
79.61444444444446,30.511111111111113,1755.0
79.61472222222223,30.511388888888888,1754.0
79.61472222222223,30.511666666666667,1751.0
79.61472222222223,30.511944444444445,1744.0
79.61472222222223,30.512222222222224,1738.0
79.61472222222223,30.5125,1735.0
79.61444444444446,30.512777777777774,1736.0
79.61416666666668,30.513055555555557,1739.0
79.6138888888889,30.513333333333335,1736.0
79.61361111111113,30.51361111111111,1737.0
79.61361111111113,30.51388888888889,1737.0
79.61333333333334,30.514166666666668,1734.0
79.61333333333334,30.514444444444443,1732.0
79.61305555555556,30.514722222222225,1728.0
79.61305555555556,30.515,1725.0
79.61305555555556,30.51527777777778,1720.0
79.61305555555556,30.51555555555555,1717.0
79.61305555555556,30.515833333333333,1721.0
79.61277777777778,30.516111111111112,1714.0
79.61277777777778,30.51638888888889,1718.0
79.61250000000001,30.516666666666666,1720.0
79.61222222222223,30.516944444444444,1721.0
79.61222222222223,30.517222222222223,1722.0
79.61194444444445,30.5175,1717.0
79.61166666666668,30.517777777777777,1714.0
79.6113888888889,30.518055555555556,1719.0
79.61111111111111,30.518333333333334,1722.0
79.61111111111111,30.518611111111113,1718.0
79.61083333333335,30.51888888888889,1705.0
79.61083333333335,30.519166666666667,1698.0
79.61083333333335,30.51944444444445,1700.0
79.61055555555556,30.51972222222222,1698.0
79.61055555555556,30.52,1707.0
79.61027777777778,30.52027777777778,1707.0
79.61000000000001,30.520555555555557,1704.0
79.61000000000001,30.520833333333332,1705.0
79.61000000000001,30.52111111111111,1700.0
79.61000000000001,30.52138888888889,1698.0
79.61000000000001,30.52166666666667,1700.0
79.60972222222223,30.521944444444443,1698.0
79.60944444444445,30.522222222222226,1707.0
79.60944444444445,30.5225,1706.0
79.60944444444445,30.52277777777778,1705.0
79.60944444444445,30.523055555555555,1704.0
79.60944444444445,30.523333333333333,1704.0
79.60944444444445,30.523611111111112,1705.0
79.60944444444445,30.52388888888889,1705.0
79.60944444444445,30.524166666666662,1704.0
79.60944444444445,30.524444444444445,1701.0
79.60944444444445,30.524722222222223,1699.0
79.60944444444445,30.525,1700.0
79.60944444444445,30.525277777777777,1706.0
79.60916666666668,30.525555555555556,1704.0
79.60916666666668,30.525833333333335,1707.0
79.6088888888889,30.52611111111111,1705.0
79.60861111111112,30.52638888888889,1707.0
79.60861111111112,30.526666666666667,1706.0
79.60833333333335,30.52694444444445,1705.0
79.60805555555557,30.52722222222222,1703.0
79.60777777777778,30.5275,1701.0
79.6075,30.52777777777778,1699.0
79.60722222222223,30.528055555555557,1699.0
79.60722222222223,30.528333333333332,1700.0
79.60694444444445,30.52861111111111,1702.0
79.60694444444445,30.52888888888889,1699.0
79.60666666666667,30.52916666666667,1699.0
79.60666666666667,30.529444444444444,1695.0
79.6063888888889,30.529722222222222,1690.0
79.60611111111112,30.53,1686.0
79.60583333333334,30.53,1683.0
79.60583333333334,30.53027777777778,1681.0
79.60555555555557,30.530555555555555,1672.0
79.60555555555557,30.530833333333337,1676.0
79.60555555555557,30.531111111111112,1682.0
79.60527777777779,30.531388888888888,1680.0
79.605,30.531666666666663,1685.0
79.60472222222224,30.531944444444445,1685.0
79.60472222222224,30.532222222222224,1680.0
79.60472222222224,30.5325,1677.0
79.60444444444445,30.532777777777778,1667.0
79.60416666666667,30.533055555555556,1666.0
79.6038888888889,30.533333333333335,1667.0
79.60361111111112,30.53361111111111,1658.0
79.60333333333334,30.53388888888889,1644.0
79.60305555555556,30.534166666666668,1638.0
79.60277777777779,30.534444444444446,1635.0
79.6025,30.53472222222222,1640.0
79.60222222222222,30.535,1646.0
79.60194444444446,30.53527777777778,1646.0
79.60166666666667,30.53555555555556,1652.0
79.60138888888889,30.535833333333333,1660.0
79.60111111111112,30.53611111111111,1662.0
79.60083333333334,30.53638888888889,1669.0
79.60055555555556,30.536666666666665,1683.0
79.60027777777779,30.536944444444444,1679.0
79.60000000000001,30.536944444444444,1674.0
79.59972222222223,30.537222222222223,1669.0
79.59944444444446,30.5375,1660.0
79.59916666666668,30.537777777777777,1652.0
79.5988888888889,30.538055555555555,1641.0
79.5988888888889,30.538333333333338,1631.0
79.59861111111113,30.538611111111113,1627.0
79.59833333333334,30.538888888888888,1625.0
79.59805555555556,30.539166666666667,1624.0
79.5977777777778,30.539166666666667,1621.0
79.59750000000001,30.539444444444445,1622.0
79.59722222222223,30.539722222222224,1622.0
79.59694444444445,30.54,1613.0
79.59666666666668,30.54,1613.0
79.5963888888889,30.540277777777774,1613.0
79.59611111111111,30.540555555555557,1614.0
79.59611111111111,30.540833333333335,1613.0
79.59583333333335,30.54111111111111,1612.0
79.59555555555556,30.54138888888889,1598.0
79.59527777777778,30.541666666666668,1584.0
79.59500000000001,30.541944444444447,1586.0
79.59472222222223,30.54222222222222,1583.0
79.59444444444445,30.5425,1576.0
79.59416666666668,30.5425,1574.0
79.5938888888889,30.54277777777778,1569.0
79.59361111111112,30.54305555555555,1570.0
79.59333333333335,30.543333333333333,1571.0
79.59305555555557,30.54361111111111,1573.0
79.59277777777778,30.54388888888889,1572.0
79.5925,30.544166666666666,1568.0
79.59222222222223,30.544166666666666,1573.0
79.59194444444445,30.544444444444444,1567.0
79.59166666666667,30.544722222222223,1567.0
79.5913888888889,30.545,1568.0
79.59111111111112,30.545277777777777,1570.0
79.59083333333334,30.545555555555556,1573.0
79.59055555555557,30.545833333333334,1576.0
79.59027777777779,30.546111111111113,1573.0
79.59,30.546388888888888,1569.0
79.59,30.546666666666667,1562.0
79.59,30.54694444444445,1559.0
79.58972222222224,30.54694444444445,1558.0
79.58944444444445,30.547222222222224,1558.0
79.58916666666667,30.5475,1555.0
79.5888888888889,30.547777777777775,1550.0
79.58861111111112,30.548055555555557,1555.0
79.58833333333334,30.548333333333332,1544.0
79.58805555555557,30.54861111111111,1535.0
79.58805555555557,30.54888888888889,1525.0
79.58777777777779,30.549166666666668,1521.0
79.5875,30.549444444444443,1522.0
79.58722222222222,30.549722222222226,1523.0
79.58694444444446,30.55,1520.0
79.58694444444446,30.55027777777778,1518.0
79.58694444444446,30.550555555555555,1517.0
79.58694444444446,30.550833333333333,1513.0
79.58694444444446,30.551111111111112,1511.0
79.58666666666667,30.55138888888889,1509.0
79.58666666666667,30.551666666666662,1510.0
79.58638888888889,30.551944444444445,1509.0
79.58638888888889,30.552222222222223,1511.0
79.58611111111112,30.5525,1505.0
79.58611111111112,30.552777777777777,1500.0
79.58583333333334,30.553055555555556,1496.0
79.58555555555556,30.553333333333335,1497.0
79.58527777777779,30.55361111111111,1496.0
79.58527777777779,30.55388888888889,1502.0
79.58500000000001,30.554166666666667,1502.0
79.58472222222223,30.55444444444445,1500.0
79.58444444444446,30.55472222222222,1499.0
79.58444444444446,30.555,1497.0
79.58416666666668,30.55527777777778,1492.0
79.5838888888889,30.55527777777778,1491.0
79.58361111111113,30.555555555555557,1487.0
79.58333333333334,30.555833333333332,1486.0
79.58305555555556,30.555833333333332,1484.0
79.58277777777779,30.55611111111111,1484.0
79.58250000000001,30.55638888888889,1483.0
79.58222222222223,30.55666666666667,1478.0
79.58194444444445,30.556944444444444,1478.0
79.58166666666668,30.556944444444444,1473.0
79.5813888888889,30.557222222222222,1467.0
79.58111111111111,30.5575,1466.0
79.58083333333335,30.55777777777778,1466.0
79.58055555555556,30.558055555555555,1463.0
79.58027777777778,30.558333333333337,1460.0
79.58000000000001,30.558611111111112,1458.0
79.57972222222223,30.55888888888889,1461.0
79.57944444444445,30.559166666666663,1460.0
79.57916666666668,30.559444444444445,1459.0
79.57916666666668,30.559722222222224,1459.0
79.5788888888889,30.56,1457.0
79.5788888888889,30.560277777777777,1452.0
79.5788888888889,30.560555555555556,1446.0
79.57861111111112,30.560555555555556,1444.0
79.57833333333335,30.560833333333335,1439.0
79.57805555555557,30.56111111111111,1439.0
79.57777777777778,30.56138888888889,1440.0
79.57750000000001,30.56138888888889,1446.0
79.57722222222223,30.561666666666667,1445.0
79.57694444444445,30.56194444444445,1438.0
79.57666666666667,30.56222222222222,1433.0
79.5763888888889,30.56222222222222,1433.0
79.57611111111112,30.5625,1431.0
79.57583333333334,30.5625,1434.0
79.57555555555557,30.5625,1437.0
79.57527777777779,30.56277777777778,1436.0
79.575,30.56277777777778,1432.0
79.57472222222223,30.56277777777778,1431.0
79.57444444444445,30.56277777777778,1431.0
79.57416666666667,30.56277777777778,1428.0
79.5738888888889,30.56277777777778,1422.0
79.57361111111112,30.56277777777778,1419.0
79.57333333333334,30.56277777777778,1421.0
79.57305555555557,30.563055555555557,1415.0
79.57277777777779,30.563055555555557,1415.0
79.5725,30.563055555555557,1413.0
79.57222222222224,30.563055555555557,1411.0
79.57194444444445,30.563055555555557,1410.0
79.57166666666667,30.563055555555557,1411.0
79.57138888888889,30.563055555555557,1409.0
79.57111111111112,30.563055555555557,1410.0
79.57083333333334,30.563055555555557,1410.0
79.57055555555556,30.563055555555557,1410.0
79.57027777777779,30.563055555555557,1411.0
79.57000000000001,30.563055555555557,1411.0
79.56972222222223,30.563055555555557,1410.0
79.56944444444446,30.563055555555557,1406.0
79.56916666666667,30.563055555555557,1405.0
79.56888888888889,30.563055555555557,1406.0
79.56861111111112,30.563055555555557,1404.0
79.56833333333334,30.563055555555557,1404.0
79.56805555555556,30.563055555555557,1406.0
79.56777777777779,30.563055555555557,1406.0
79.56750000000001,30.563055555555557,1407.0
79.56722222222223,30.563055555555557,1408.0
79.56694444444446,30.563055555555557,1413.0
79.56666666666668,30.563055555555557,1417.0
79.5663888888889,30.563055555555557,1419.0
79.56611111111111,30.563055555555557,1418.0
79.56583333333334,30.563333333333333,1406.0
79.56555555555556,30.563333333333333,1412.0
79.56527777777778,30.563333333333333,1415.0
79.56500000000001,30.56361111111111,1405.0
79.56472222222223,30.56361111111111,1408.0
79.56444444444445,30.56361111111111,1409.0
79.56416666666668,30.56361111111111,1416.0
79.5638888888889,30.56388888888889,1407.0
79.56361111111111,30.56388888888889,1420.0
79.56333333333335,30.56416666666667,1408.0
79.56305555555556,30.56416666666667,1414.0
79.56277777777778,30.56416666666667,1416.0
79.56250000000001,30.564444444444444,1400.0
79.56222222222223,30.564444444444444,1406.0
79.56194444444445,30.564444444444444,1409.0
79.56166666666668,30.564444444444444,1415.0
79.5613888888889,30.564722222222223,1399.0
79.56111111111112,30.564722222222223,1403.0
79.56083333333333,30.564722222222223,1406.0
79.56055555555557,30.564722222222223,1418.0
79.56027777777778,30.565,1395.0
79.56,30.565,1404.0
79.55972222222223,30.565,1411.0
79.55944444444445,30.565,1416.0
79.55916666666667,30.565277777777776,1392.0
79.5588888888889,30.565277777777776,1404.0
79.55861111111112,30.565277777777776,1415.0
79.55833333333334,30.565555555555555,1406.0
79.55805555555557,30.565555555555555,1417.0
79.55777777777779,30.565833333333337,1411.0
79.5575,30.565833333333337,1419.0
79.55722222222224,30.566111111111113,1402.0
79.55694444444445,30.566111111111113,1401.0
79.55666666666667,30.566111111111113,1401.0
79.5563888888889,30.566111111111113,1403.0
79.55611111111112,30.566111111111113,1404.0
79.55583333333334,30.566111111111113,1404.0
79.55555555555556,30.566111111111113,1402.0
79.55527777777779,30.566111111111113,1394.0
79.555,30.566111111111113,1392.0
79.55472222222222,30.566111111111113,1393.0
79.55444444444446,30.566111111111113,1392.0
79.55416666666667,30.566111111111113,1393.0
79.55388888888889,30.566111111111113,1395.0
79.55361111111112,30.566111111111113,1401.0
79.55333333333334,30.566111111111113,1407.0
79.55305555555556,30.566111111111113,1417.0
79.55277777777779,30.566388888888888,1404.0
79.55250000000001,30.566388888888888,1411.0
79.55222222222223,30.566388888888888,1420.0
79.55194444444446,30.566666666666663,1399.0
79.55166666666668,30.566666666666663,1406.0
79.5513888888889,30.566666666666663,1415.0
79.55111111111113,30.566944444444445,1404.0
79.55083333333334,30.566944444444445,1411.0
79.55055555555556,30.566944444444445,1419.0
79.55027777777778,30.567222222222224,1396.0
79.55000000000001,30.567222222222224,1391.0
79.54972222222223,30.567222222222224,1386.0
79.54944444444445,30.567222222222224,1382.0
79.54916666666668,30.567222222222224,1378.0
79.5488888888889,30.567222222222224,1374.0
79.54861111111111,30.567222222222224,1373.0
79.54833333333335,30.567222222222224,1381.0
79.54805555555556,30.567222222222224,1390.0
79.54777777777778,30.567222222222224,1395.0
79.54750000000001,30.566944444444445,1393.0
79.54722222222223,30.566666666666663,1391.0
79.54694444444445,30.566388888888888,1393.0
79.54666666666668,30.566111111111113,1402.0
79.5463888888889,30.565833333333337,1405.0
79.54611111111112,30.565555555555555,1410.0
79.54583333333335,30.565277777777776,1410.0
79.54555555555557,30.565,1413.0
79.54527777777778,30.564722222222223,1413.0
79.545,30.564444444444444,1406.0
79.54472222222223,30.564444444444444,1415.0
79.54444444444445,30.56416666666667,1399.0
79.54416666666667,30.56416666666667,1409.0
79.5438888888889,30.56416666666667,1419.0
79.54361111111112,30.56388888888889,1409.0
79.54333333333334,30.56361111111111,1402.0
79.54305555555557,30.563333333333333,1396.0
79.54277777777779,30.563055555555557,1385.0
79.5425,30.563055555555557,1415.0
79.54222222222224,30.56277777777778,1406.0
79.54194444444445,30.5625,1394.0
79.54166666666667,30.56222222222222,1377.0
79.5413888888889,30.56222222222222,1398.0
79.54111111111112,30.56194444444445,1392.0
79.54083333333334,30.561666666666667,1387.0
79.54055555555556,30.561666666666667,1418.0
79.54027777777779,30.56138888888889,1406.0
79.54,30.56111111111111,1391.0
79.53972222222222,30.560833333333335,1390.0
79.53944444444446,30.560555555555556,1393.0
79.53916666666667,30.560277777777777,1397.0
79.53888888888889,30.56,1393.0
79.53861111111112,30.56,1416.0
79.53833333333334,30.559722222222224,1405.0
79.53805555555556,30.559444444444445,1388.0
79.53777777777779,30.559444444444445,1398.0
79.53750000000001,30.559444444444445,1405.0
79.53722222222223,30.559444444444445,1414.0
79.53694444444446,30.559166666666663,1369.0
79.53666666666668,30.559166666666663,1378.0
79.5363888888889,30.559166666666663,1389.0
79.53611111111113,30.55888888888889,1348.0
79.53583333333334,30.558611111111112,1338.0
79.53555555555556,30.558333333333337,1339.0
79.5352777777778,30.558055555555555,1345.0
79.53500000000001,30.55777777777778,1342.0
79.53472222222223,30.5575,1339.0
79.53444444444445,30.557222222222222,1340.0
79.53416666666668,30.556944444444444,1339.0
79.5338888888889,30.55666666666667,1336.0
79.53361111111111,30.55638888888889,1336.0
79.53333333333335,30.55611111111111,1345.0
79.53305555555556,30.555833333333332,1356.0
79.53277777777778,30.555555555555557,1352.0
79.53250000000001,30.55527777777778,1342.0
79.53222222222223,30.555,1343.0
79.53194444444445,30.55472222222222,1339.0
79.53166666666668,30.55444444444445,1324.0
79.5313888888889,30.554166666666667,1318.0
79.53111111111112,30.55388888888889,1318.0
79.53083333333335,30.55361111111111,1320.0
79.53055555555557,30.553333333333335,1321.0
79.53027777777778,30.553055555555556,1324.0
79.53,30.552777777777777,1334.0
79.52972222222223,30.5525,1345.0
79.52944444444445,30.552222222222223,1344.0
79.52916666666667,30.551944444444445,1348.0
79.5288888888889,30.551666666666662,1355.0
79.52861111111112,30.55138888888889,1358.0
79.52833333333334,30.551111111111112,1360.0
79.52805555555557,30.550833333333333,1367.0
79.52777777777779,30.550555555555555,1373.0
79.5275,30.55027777777778,1381.0
79.52722222222224,30.55,1390.0
79.52694444444445,30.549722222222226,1394.0
79.52666666666667,30.549444444444443,1399.0
79.5263888888889,30.549166666666668,1402.0
79.52611111111112,30.54888888888889,1399.0
79.52583333333334,30.54861111111111,1398.0
79.52555555555557,30.548333333333332,1411.0
79.52527777777779,30.548055555555557,1408.0
79.525,30.547777777777775,1383.0
79.52472222222222,30.547777777777775,1385.0
79.52444444444446,30.547777777777775,1381.0
79.52416666666667,30.547777777777775,1387.0
79.52388888888889,30.5475,1394.0
79.52361111111112,30.547222222222224,1407.0
79.52333333333334,30.54694444444445,1405.0
79.52305555555556,30.546666666666667,1387.0
79.52277777777779,30.546388888888888,1378.0
79.52250000000001,30.546111111111113,1398.0
79.52222222222223,30.545833333333334,1407.0
79.52194444444446,30.545555555555556,1416.0
79.52166666666668,30.545277777777777,1421.0
79.5213888888889,30.545,1421.0
79.52111111111113,30.544722222222223,1416.0
79.52111111111113,30.544444444444444,1413.0
79.52111111111113,30.544166666666666,1414.0
79.52111111111113,30.54388888888889,1406.0
79.52111111111113,30.54361111111111,1393.0
79.52111111111113,30.543333333333333,1382.0
79.52111111111113,30.54305555555555,1371.0
79.52111111111113,30.54277777777778,1362.0
79.52111111111113,30.5425,1357.0
79.5213888888889,30.54222222222222,1348.0
79.5213888888889,30.541944444444447,1340.0
79.5213888888889,30.541666666666668,1337.0
79.5213888888889,30.54138888888889,1335.0
79.52111111111113,30.54111111111111,1338.0
79.52083333333334,30.540833333333335,1342.0
79.52055555555556,30.540555555555557,1336.0
79.52027777777779,30.540277777777774,1328.0
79.52027777777779,30.54,1325.0
79.52027777777779,30.539722222222224,1323.0
79.52027777777779,30.539444444444445,1323.0
79.52027777777779,30.539166666666667,1329.0
79.52000000000001,30.538888888888888,1316.0
79.52000000000001,30.538611111111113,1319.0
79.52000000000001,30.538333333333338,1319.0
79.52000000000001,30.538055555555555,1324.0
79.51972222222223,30.537777777777777,1307.0
79.51944444444445,30.5375,1302.0
79.51916666666668,30.537222222222223,1310.0
79.5188888888889,30.536944444444444,1316.0
79.51861111111111,30.536666666666665,1313.0
79.51833333333335,30.53638888888889,1298.0
79.51805555555556,30.53611111111111,1289.0
79.51777777777778,30.535833333333333,1290.0
79.51750000000001,30.53555555555556,1296.0
79.51722222222223,30.53527777777778,1301.0
79.51694444444445,30.535,1308.0
79.51666666666668,30.53472222222222,1315.0
79.5163888888889,30.534444444444446,1325.0
79.51611111111112,30.534166666666668,1324.0
79.51583333333335,30.534166666666668,1322.0
79.51555555555557,30.534166666666668,1317.0
79.51527777777778,30.534166666666668,1317.0
79.51500000000001,30.534166666666668,1323.0
79.51472222222223,30.53388888888889,1311.0
79.51444444444445,30.53388888888889,1330.0
79.51416666666667,30.53361111111111,1307.0
79.5138888888889,30.53361111111111,1321.0
79.51361111111112,30.533333333333335,1324.0
79.51333333333334,30.533055555555556,1309.0
79.51305555555557,30.533055555555556,1314.0
79.51277777777779,30.533055555555556,1310.0
79.5125,30.532777777777778,1283.0
79.51222222222223,30.5325,1274.0
79.51194444444445,30.532222222222224,1275.0
79.51166666666667,30.531944444444445,1281.0
79.5113888888889,30.531666666666663,1285.0
79.51111111111112,30.531388888888888,1288.0
79.51083333333334,30.531111111111112,1295.0
79.51055555555557,30.530833333333337,1306.0
79.51027777777779,30.530555555555555,1320.0
79.51,30.53027777777778,1325.0
79.50972222222224,30.53,1323.0
79.50944444444445,30.529722222222222,1319.0
79.50916666666667,30.529444444444444,1329.0
79.50888888888889,30.52916666666667,1329.0
79.50861111111112,30.52888888888889,1317.0
79.50833333333334,30.52888888888889,1329.0
79.50805555555556,30.52861111111111,1316.0
79.50777777777779,30.528333333333332,1305.0
79.50750000000001,30.528333333333332,1320.0
79.50722222222223,30.528333333333332,1331.0
79.50694444444446,30.528055555555557,1311.0
79.50666666666667,30.528055555555557,1311.0
79.50638888888889,30.528055555555557,1307.0
79.50611111111112,30.528055555555557,1307.0
79.50583333333334,30.528055555555557,1309.0
79.50555555555556,30.528055555555557,1304.0
79.50527777777779,30.528055555555557,1304.0
79.50500000000001,30.528055555555557,1311.0
79.50472222222223,30.528055555555557,1318.0
79.50444444444446,30.528055555555557,1325.0
79.50416666666668,30.52777777777778,1325.0
79.5038888888889,30.52777777777778,1332.0
79.50361111111111,30.5275,1319.0
79.50333333333334,30.5275,1321.0
79.50305555555556,30.5275,1324.0
79.50277777777778,30.52722222222222,1310.0
79.50250000000001,30.52722222222222,1322.0
79.50222222222223,30.52694444444445,1308.0
79.50194444444445,30.52694444444445,1313.0
79.50166666666668,30.52694444444445,1318.0
79.5013888888889,30.52694444444445,1325.0
79.50111111111111,30.526666666666667,1289.0
79.50083333333335,30.526666666666667,1289.0
79.50055555555556,30.526666666666667,1290.0
79.50027777777778,30.526666666666667,1295.0
79.50000000000001,30.526666666666667,1298.0
79.49972222222223,30.52638888888889,1286.0
79.49944444444445,30.52611111111111,1275.0
79.49916666666668,30.525833333333335,1277.0
79.4988888888889,30.525555555555556,1282.0
79.49861111111112,30.525277777777777,1291.0
79.49833333333333,30.525,1298.0
79.49805555555557,30.524722222222223,1301.0
79.49777777777778,30.524444444444445,1312.0
79.4975,30.524166666666662,1325.0
79.49722222222223,30.52388888888889,1332.0
79.49694444444445,30.523611111111112,1332.0
79.49666666666667,30.523333333333333,1316.0
79.49666666666667,30.523055555555555,1308.0
79.49666666666667,30.52277777777778,1305.0
79.49666666666667,30.5225,1302.0
79.4963888888889,30.522222222222226,1295.0
79.49611111111112,30.521944444444443,1293.0
79.49583333333334,30.52166666666667,1283.0
79.49583333333334,30.52138888888889,1298.0
79.49555555555557,30.52111111111111,1289.0
79.49527777777779,30.520833333333332,1287.0
79.49527777777779,30.520555555555557,1302.0
79.495,30.52027777777778,1298.0
79.495,30.52,1298.0
79.495,30.51972222222222,1303.0
79.49472222222224,30.51944444444445,1301.0
79.49444444444445,30.519166666666667,1298.0
79.49416666666667,30.51888888888889,1289.0
79.4938888888889,30.518611111111113,1284.0
79.49361111111112,30.518333333333334,1284.0
79.49333333333334,30.518055555555556,1278.0
79.49305555555556,30.517777777777777,1272.0
79.49277777777779,30.5175,1275.0
79.4925,30.517222222222223,1284.0
79.49222222222222,30.516944444444444,1300.0
79.49194444444446,30.516666666666666,1305.0
79.49166666666667,30.51638888888889,1297.0
79.49138888888889,30.516111111111112,1288.0
79.49138888888889,30.515833333333333,1283.0
79.49138888888889,30.51555555555555,1278.0
79.49138888888889,30.51527777777778,1277.0
79.49111111111112,30.515,1279.0
79.49083333333334,30.514722222222225,1281.0
79.49055555555556,30.514444444444443,1271.0
79.49055555555556,30.514166666666668,1257.0
79.49055555555556,30.51388888888889,1248.0
79.49027777777779,30.51388888888889,1248.0
79.49000000000001,30.51361111111111,1247.0
79.48972222222223,30.513333333333335,1253.0
79.48944444444446,30.513055555555557,1247.0
79.48944444444446,30.512777777777774,1245.0
79.48944444444446,30.5125,1244.0
79.48944444444446,30.512222222222224,1241.0
79.48944444444446,30.511944444444445,1239.0
79.48916666666668,30.511666666666667,1234.0
79.4888888888889,30.511388888888888,1237.0
79.48861111111113,30.511111111111113,1238.0
79.48833333333334,30.510833333333338,1238.0
79.48805555555556,30.510555555555555,1243.0
79.48777777777778,30.510277777777777,1245.0
79.48750000000001,30.51,1246.0
79.48722222222223,30.509722222222223,1248.0
79.48694444444445,30.509444444444444,1249.0
79.48666666666668,30.509166666666665,1250.0
79.4863888888889,30.50888888888889,1244.0
79.48611111111111,30.50861111111111,1242.0
79.48583333333335,30.508333333333333,1234.0
79.48555555555556,30.508333333333333,1224.0
79.48527777777778,30.50805555555556,1225.0
79.48500000000001,30.50777777777778,1220.0
79.48472222222223,30.5075,1222.0
79.48444444444445,30.50722222222222,1226.0
79.48416666666668,30.506944444444446,1221.0
79.48416666666668,30.506666666666668,1225.0
79.4838888888889,30.50638888888889,1221.0
79.48361111111112,30.50611111111111,1221.0
79.48361111111112,30.505833333333335,1222.0
79.48333333333335,30.505555555555556,1219.0
79.48333333333335,30.505277777777778,1223.0
79.48333333333335,30.505,1225.0
79.48333333333335,30.504722222222224,1223.0
79.48333333333335,30.504444444444445,1222.0
79.48333333333335,30.504166666666663,1224.0
79.48305555555557,30.503888888888888,1215.0
79.48305555555557,30.503611111111113,1213.0
79.48305555555557,30.503333333333337,1214.0
79.48305555555557,30.503055555555555,1220.0
79.48305555555557,30.502777777777776,1225.0
79.48277777777778,30.5025,1226.0
79.4825,30.502222222222223,1224.0
79.4825,30.501944444444444,1223.0
79.4825,30.50166666666667,1224.0
79.4825,30.50138888888889,1225.0
79.4825,30.50111111111111,1223.0
79.4825,30.500833333333333,1219.0
79.48222222222223,30.500555555555557,1219.0
79.48194444444445,30.50027777777778,1221.0
79.48166666666667,30.5,1224.0
79.4813888888889,30.49972222222222,1224.0
79.48111111111112,30.49944444444445,1212.0
79.48083333333334,30.49944444444445,1218.0
79.48055555555557,30.49944444444445,1222.0
79.48027777777779,30.49944444444445,1225.0
79.48,30.499166666666667,1212.0
79.47972222222224,30.499166666666667,1215.0
79.47944444444445,30.49888888888889,1205.0
79.47916666666667,30.49861111111111,1192.0
79.4788888888889,30.498333333333335,1186.0
79.47861111111112,30.498055555555556,1193.0
79.47833333333334,30.497777777777777,1197.0
79.47805555555556,30.4975,1201.0
79.47777777777779,30.497222222222224,1201.0
79.4775,30.496944444444445,1199.0
79.47722222222222,30.496666666666663,1200.0
79.47694444444446,30.49638888888889,1195.0
79.47666666666667,30.496111111111112,1193.0
79.47638888888889,30.495833333333337,1209.0
79.47611111111112,30.495555555555555,1225.0
79.47611111111112,30.49527777777778,1215.0
79.47611111111112,30.495,1201.0
79.47611111111112,30.494722222222222,1195.0
79.47611111111112,30.494444444444444,1194.0
79.47611111111112,30.49416666666667,1195.0
79.47583333333334,30.49388888888889,1193.0
79.47583333333334,30.49361111111111,1194.0
79.47583333333334,30.493333333333332,1193.0
79.47555555555556,30.493055555555557,1192.0
79.47555555555556,30.49277777777778,1190.0
79.47527777777779,30.4925,1190.0
79.47527777777779,30.49222222222222,1191.0
79.47500000000001,30.49194444444445,1192.0
79.47472222222223,30.491666666666667,1188.0
79.47444444444446,30.491666666666667,1187.0
79.47416666666668,30.49138888888889,1184.0
79.4738888888889,30.49111111111111,1187.0
79.47361111111113,30.490833333333335,1189.0
79.47333333333334,30.490555555555556,1184.0
79.47305555555556,30.490277777777777,1181.0
79.47305555555556,30.49,1173.0
79.47305555555556,30.489722222222223,1170.0
79.47305555555556,30.489444444444445,1175.0
79.4727777777778,30.489166666666662,1170.0
79.4727777777778,30.48888888888889,1175.0
79.47250000000001,30.488611111111112,1172.0
79.47222222222223,30.488333333333333,1174.0
79.47222222222223,30.488055555555555,1174.0
79.47194444444445,30.48777777777778,1175.0
79.47166666666668,30.4875,1176.0
79.47166666666668,30.487222222222226,1176.0
79.4713888888889,30.486944444444443,1172.0
79.47111111111111,30.486666666666668,1170.0
79.47083333333335,30.48638888888889,1165.0
79.47055555555556,30.48611111111111,1167.0
79.47027777777778,30.485833333333332,1173.0
79.47000000000001,30.485555555555557,1174.0
79.46972222222223,30.485277777777775,1169.0
79.46944444444445,30.485,1167.0
79.46916666666668,30.485,1165.0
79.4688888888889,30.485,1164.0
79.46861111111112,30.485,1164.0
79.46833333333335,30.485,1166.0
79.46805555555557,30.485,1168.0
79.46777777777778,30.485,1164.0
79.4675,30.485,1161.0
79.46722222222223,30.485,1158.0
79.46694444444445,30.485,1157.0
79.46666666666667,30.485,1157.0
79.4663888888889,30.485,1158.0
79.46611111111112,30.485,1159.0
79.46583333333334,30.485,1155.0
79.46555555555557,30.485,1154.0
79.46527777777779,30.485,1154.0
79.465,30.485,1153.0
79.46472222222224,30.485,1153.0
79.46444444444445,30.485,1153.0
79.46416666666667,30.485,1152.0
79.4638888888889,30.485,1157.0
79.46361111111112,30.485,1159.0
79.46333333333334,30.485,1163.0
79.46305555555557,30.485,1169.0
79.46277777777779,30.484722222222224,1166.0
79.4625,30.48444444444445,1161.0
79.46222222222222,30.48444444444445,1170.0
79.46194444444446,30.484166666666667,1165.0
79.46166666666667,30.483888888888888,1164.0
79.46138888888889,30.483611111111113,1166.0
79.46111111111112,30.483333333333334,1157.0
79.46083333333334,30.483333333333334,1164.0
79.46055555555556,30.483055555555556,1152.0
79.46027777777779,30.483055555555556,1162.0
79.46000000000001,30.482777777777777,1154.0
79.45972222222223,30.4825,1147.0
79.45944444444446,30.482222222222223,1148.0
79.45916666666668,30.481944444444444,1149.0
79.4588888888889,30.481666666666666,1153.0
79.45861111111113,30.48138888888889,1154.0
79.45833333333334,30.48111111111111,1156.0
79.45805555555556,30.48111111111111,1171.0
79.45777777777779,30.480833333333333,1165.0
79.45750000000001,30.48055555555555,1158.0
79.45722222222223,30.48027777777778,1157.0
79.45694444444445,30.48,1160.0
79.45666666666668,30.47972222222222,1146.0
79.4563888888889,30.479444444444447,1132.0
79.45611111111111,30.479166666666668,1131.0
79.45583333333335,30.47888888888889,1132.0
79.45555555555556,30.47861111111111,1132.0
79.45527777777778,30.478333333333335,1135.0
79.45500000000001,30.478055555555557,1137.0
79.45472222222223,30.477777777777774,1136.0
79.45444444444445,30.4775,1135.0
79.45416666666668,30.477222222222224,1130.0
79.4538888888889,30.476944444444445,1124.0
79.45361111111112,30.476666666666667,1130.0
79.45333333333335,30.476388888888888,1138.0
79.45305555555557,30.476111111111113,1147.0
79.45277777777778,30.475833333333338,1151.0
79.45250000000001,30.475555555555555,1159.0
79.45222222222223,30.475277777777777,1163.0
79.45194444444445,30.475,1156.0
79.45166666666667,30.474722222222223,1155.0
79.4513888888889,30.474444444444444,1156.0
79.45111111111112,30.47416666666667,1159.0
79.45083333333334,30.47388888888889,1159.0
79.45055555555557,30.47361111111111,1159.0
79.45027777777779,30.473333333333333,1166.0
79.45,30.47305555555556,1166.0
79.44972222222223,30.47277777777778,1170.0
79.44944444444445,30.4725,1170.0
79.44916666666667,30.47222222222222,1170.0
79.4488888888889,30.471944444444446,1173.0
79.44861111111112,30.471666666666668,1170.0
79.44833333333334,30.47138888888889,1156.0
79.44805555555557,30.47138888888889,1172.0
79.44777777777779,30.47111111111111,1148.0
79.4475,30.47111111111111,1162.0
79.44722222222224,30.470833333333335,1137.0
79.44694444444445,30.470833333333335,1147.0
79.44666666666667,30.470833333333335,1146.0
79.44638888888889,30.470833333333335,1150.0
79.44611111111112,30.470833333333335,1151.0
79.44583333333334,30.470833333333335,1143.0
79.44555555555556,30.470833333333335,1135.0
79.44527777777779,30.470833333333335,1135.0
79.44500000000001,30.470833333333335,1138.0
79.44472222222223,30.470833333333335,1135.0
79.44444444444446,30.470833333333335,1128.0
79.44416666666667,30.470833333333335,1122.0
79.44388888888889,30.470833333333335,1124.0
79.44361111111112,30.470833333333335,1124.0
79.44333333333334,30.470833333333335,1126.0
79.44305555555556,30.470833333333335,1134.0
79.44277777777779,30.470833333333335,1138.0
79.44250000000001,30.470833333333335,1139.0
79.44222222222223,30.470833333333335,1140.0
79.44194444444446,30.470833333333335,1139.0
79.44166666666668,30.470833333333335,1142.0
79.4413888888889,30.470833333333335,1154.0
79.44111111111111,30.470833333333335,1168.0
79.44083333333334,30.470555555555556,1158.0
79.44055555555556,30.470555555555556,1162.0
79.44027777777778,30.470555555555556,1163.0
79.44000000000001,30.470555555555556,1165.0
79.43972222222223,30.470555555555556,1170.0
79.43944444444445,30.470277777777778,1174.0
79.43916666666668,30.470277777777778,1174.0
79.4388888888889,30.47,1169.0
79.43861111111111,30.47,1161.0
79.43861111111111,30.469722222222224,1159.0
79.43833333333335,30.469722222222224,1149.0
79.43805555555556,30.469722222222224,1152.0
79.43777777777778,30.469444444444445,1156.0
79.43750000000001,30.469444444444445,1160.0
79.43722222222223,30.469444444444445,1154.0
79.43694444444445,30.469166666666663,1141.0
79.43666666666668,30.469166666666663,1130.0
79.4363888888889,30.468888888888888,1119.0
79.43611111111112,30.468611111111112,1118.0
79.43583333333333,30.468333333333337,1122.0
79.43555555555557,30.468055555555555,1130.0
79.43527777777778,30.46777777777778,1136.0
79.435,30.4675,1137.0
79.43472222222223,30.467222222222222,1131.0
79.43444444444445,30.466944444444444,1122.0
79.43444444444445,30.46666666666667,1142.0
79.43416666666667,30.46638888888889,1131.0
79.4338888888889,30.46611111111111,1124.0
79.4338888888889,30.465833333333332,1145.0
79.43361111111112,30.465555555555557,1140.0
79.43333333333334,30.46527777777778,1145.0
79.43305555555557,30.465,1139.0
79.43277777777779,30.46472222222222,1133.0
79.4325,30.46444444444445,1128.0
79.43222222222224,30.464166666666667,1124.0
79.43222222222224,30.46388888888889,1134.0
79.43222222222224,30.46361111111111,1142.0
79.43194444444445,30.463333333333335,1120.0
79.43194444444445,30.463055555555556,1148.0
79.43166666666667,30.462777777777777,1124.0
79.4313888888889,30.4625,1118.0
79.43111111111112,30.462222222222223,1122.0
79.43111111111112,30.461944444444445,1142.0
79.43083333333334,30.461666666666662,1145.0
79.43055555555556,30.46138888888889,1148.0
79.43027777777779,30.461111111111112,1144.0
79.43,30.460833333333333,1143.0
79.42972222222222,30.460555555555555,1141.0
79.42944444444446,30.46027777777778,1137.0
79.42916666666667,30.46,1135.0
79.42888888888889,30.459722222222226,1130.0
79.42888888888889,30.459444444444443,1133.0
79.42861111111112,30.45916666666667,1127.0
79.42833333333334,30.45888888888889,1118.0
79.42805555555556,30.45861111111111,1113.0
79.42777777777779,30.458333333333332,1111.0
79.42750000000001,30.458055555555557,1105.0
79.42722222222223,30.45777777777778,1099.0
79.42694444444446,30.4575,1097.0
79.42666666666668,30.45722222222222,1105.0
79.4263888888889,30.45694444444445,1118.0
79.42611111111113,30.456666666666667,1121.0
79.42583333333334,30.45638888888889,1117.0
79.42583333333334,30.456111111111113,1131.0
79.42555555555556,30.455833333333334,1115.0
79.42555555555556,30.455555555555556,1123.0
79.42555555555556,30.455277777777777,1130.0
79.42555555555556,30.455,1134.0
79.42555555555556,30.454722222222223,1129.0
79.42555555555556,30.454444444444444,1117.0
79.42555555555556,30.454166666666666,1105.0
79.42555555555556,30.45388888888889,1098.0
79.42555555555556,30.453611111111112,1105.0
79.42555555555556,30.453333333333333,1115.0
79.42555555555556,30.45305555555555,1124.0
79.42555555555556,30.45277777777778,1127.0
79.42555555555556,30.4525,1119.0
79.42555555555556,30.452222222222225,1106.0
79.42555555555556,30.451944444444443,1102.0
79.42555555555556,30.451666666666668,1108.0
79.42555555555556,30.45138888888889,1118.0
79.42555555555556,30.45111111111111,1122.0
79.42555555555556,30.450833333333335,1127.0
79.42555555555556,30.450555555555557,1127.0
79.42555555555556,30.450277777777774,1125.0
79.42555555555556,30.45,1119.0
79.42555555555556,30.449722222222224,1110.0
79.42555555555556,30.449444444444445,1102.0
79.42555555555556,30.449166666666667,1094.0
79.42555555555556,30.448888888888888,1085.0
79.42555555555556,30.448611111111113,1079.0
79.42555555555556,30.448333333333338,1078.0
79.42555555555556,30.448055555555555,1080.0
79.42555555555556,30.447777777777777,1092.0
79.42555555555556,30.4475,1104.0
79.42555555555556,30.447222222222223,1116.0
79.42583333333334,30.446944444444444,1110.0
79.42583333333334,30.446666666666665,1134.0
79.42611111111113,30.44638888888889,1118.0
79.42611111111113,30.44611111111111,1122.0
79.42611111111113,30.445833333333333,1124.0
79.42611111111113,30.44555555555556,1124.0
79.42611111111113,30.44527777777778,1123.0
79.42611111111113,30.445,1118.0
79.42611111111113,30.44472222222222,1112.0
79.42611111111113,30.444444444444446,1107.0
79.42611111111113,30.444166666666668,1111.0
79.42611111111113,30.44388888888889,1115.0
79.42611111111113,30.44361111111111,1122.0
79.4263888888889,30.443333333333335,1120.0
79.4263888888889,30.443055555555556,1133.0
79.4263888888889,30.442777777777778,1135.0
79.4263888888889,30.4425,1129.0
79.4263888888889,30.442222222222224,1124.0
79.4263888888889,30.441944444444445,1124.0
79.4263888888889,30.441666666666663,1127.0
79.4263888888889,30.441388888888888,1131.0
79.42611111111113,30.441111111111113,1095.0
79.42611111111113,30.440833333333337,1107.0
79.42611111111113,30.440555555555555,1122.0
79.42583333333334,30.440277777777776,1120.0
79.42583333333334,30.44,1124.0
79.42583333333334,30.439722222222223,1116.0
79.42583333333334,30.439444444444444,1103.0
79.42583333333334,30.43916666666667,1090.0
79.42583333333334,30.43888888888889,1083.0
79.42583333333334,30.43861111111111,1087.0
79.42583333333334,30.438333333333333,1098.0
79.42583333333334,30.438055555555557,1109.0
79.42583333333334,30.43777777777778,1118.0
79.42583333333334,30.4375,1126.0
79.42555555555556,30.43722222222222,1130.0
79.42527777777778,30.43694444444445,1131.0
79.42500000000001,30.436666666666667,1118.0
79.42500000000001,30.43638888888889,1100.0
79.42472222222223,30.43611111111111,1096.0
79.42472222222223,30.435833333333335,1092.0
79.42444444444445,30.435555555555556,1084.0
79.42444444444445,30.435277777777777,1081.0
79.42416666666668,30.435,1082.0
79.42416666666668,30.434722222222224,1080.0
79.4238888888889,30.434444444444445,1078.0
79.4238888888889,30.434166666666663,1075.0
79.4238888888889,30.43388888888889,1075.0
79.4238888888889,30.433611111111112,1075.0
79.4238888888889,30.433333333333337,1075.0
79.4238888888889,30.433055555555555,1078.0
79.4238888888889,30.43277777777778,1082.0
79.42416666666668,30.4325,1065.0
79.42416666666668,30.432222222222222,1065.0
79.42416666666668,30.431944444444444,1068.0
79.42416666666668,30.43166666666667,1072.0
79.42416666666668,30.43138888888889,1077.0
79.42416666666668,30.43111111111111,1081.0
79.42444444444445,30.430833333333332,1064.0
79.42444444444445,30.430555555555557,1064.0
79.42444444444445,30.43027777777778,1062.0
79.42444444444445,30.43,1062.0
79.42444444444445,30.42972222222222,1064.0
79.42444444444445,30.42944444444445,1070.0
79.42444444444445,30.429166666666667,1079.0
79.42444444444445,30.42888888888889,1082.0
79.42444444444445,30.42861111111111,1081.0
79.42416666666668,30.428333333333335,1080.0
79.4238888888889,30.428055555555556,1078.0
79.42361111111111,30.427777777777777,1077.0
79.42361111111111,30.4275,1076.0
79.42361111111111,30.427222222222223,1075.0
79.42333333333335,30.426944444444445,1074.0
79.42305555555556,30.426666666666662,1072.0
79.42277777777778,30.42638888888889,1071.0
79.42277777777778,30.426111111111112,1070.0
79.42250000000001,30.425833333333333,1069.0
79.42222222222223,30.425555555555555,1067.0
79.42222222222223,30.42527777777778,1066.0
79.42194444444445,30.425,1065.0
79.42166666666668,30.425,1064.0
79.4213888888889,30.424722222222226,1063.0
79.4213888888889,30.424444444444443,1062.0
79.42111111111112,30.424166666666668,1060.0
79.42083333333335,30.42388888888889,1059.0
79.42083333333335,30.42361111111111,1058.0
79.42055555555557,30.42361111111111,1058.0
79.42027777777778,30.423333333333332,1058.0
79.42,30.423333333333332,1057.0
79.41972222222223,30.423055555555557,1057.0
79.41944444444445,30.422777777777775,1057.0
79.41916666666667,30.4225,1057.0
79.4188888888889,30.4225,1057.0
79.41861111111112,30.422222222222224,1057.0
79.41833333333334,30.422222222222224,1057.0
79.41805555555557,30.422222222222224,1056.0
79.41777777777779,30.422222222222224,1057.0
79.4175,30.422222222222224,1058.0
79.41722222222224,30.42194444444445,1056.0
79.41694444444445,30.42194444444445,1056.0
79.41666666666667,30.42194444444445,1056.0
79.4163888888889,30.42194444444445,1056.0
79.41611111111112,30.42194444444445,1056.0
79.41583333333334,30.421666666666667,1056.0
79.41555555555556,30.421666666666667,1056.0
79.41527777777779,30.421388888888888,1056.0
79.415,30.421388888888888,1055.0
79.41472222222222,30.421111111111113,1055.0
79.41444444444446,30.420833333333334,1055.0
79.41416666666667,30.420555555555556,1055.0
79.41416666666667,30.420277777777777,1055.0
79.41416666666667,30.42,1055.0
79.41416666666667,30.419722222222223,1058.0
79.41388888888889,30.419444444444444,1055.0
79.41388888888889,30.419166666666666,1055.0
79.41361111111112,30.41888888888889,1055.0
79.41361111111112,30.41861111111111,1055.0
79.41333333333334,30.418333333333333,1055.0
79.41305555555556,30.41805555555555,1055.0
79.41305555555556,30.41777777777778,1055.0
79.41277777777779,30.4175,1055.0
79.41277777777779,30.41722222222222,1055.0
79.41277777777779,30.416944444444447,1055.0
79.41277777777779,30.416666666666668,1054.0
79.41277777777779,30.41638888888889,1054.0
79.41250000000001,30.41611111111111,1054.0
79.41222222222223,30.415833333333335,1054.0
79.41194444444446,30.415555555555557,1054.0
79.41166666666668,30.415277777777774,1054.0
79.4113888888889,30.415,1054.0
79.41111111111113,30.415,1054.0
79.41083333333334,30.415,1054.0
79.41055555555556,30.415,1054.0
79.4102777777778,30.415,1054.0
79.41000000000001,30.415,1054.0
79.40972222222223,30.415,1054.0
79.40944444444445,30.415,1054.0
79.40916666666668,30.415,1054.0
79.4088888888889,30.415,1054.0
79.40861111111111,30.415,1054.0
79.40833333333335,30.415,1054.0
79.40805555555556,30.415,1054.0
79.40777777777778,30.415,1053.0
79.40750000000001,30.415,1053.0
79.40722222222223,30.415,1053.0
79.40694444444445,30.415,1053.0
79.40666666666668,30.415,1053.0
79.4063888888889,30.415,1053.0
79.40611111111112,30.415,1053.0
79.40583333333335,30.415,1053.0
79.40555555555557,30.415,1053.0
79.40527777777778,30.414722222222224,1053.0
79.405,30.414722222222224,1053.0
79.40472222222223,30.414444444444445,1053.0
79.40444444444445,30.414166666666667,1053.0
79.40416666666667,30.414166666666667,1053.0
79.4038888888889,30.413888888888888,1053.0
79.40361111111112,30.413888888888888,1053.0
79.40333333333334,30.413611111111113,1053.0
79.40305555555557,30.413611111111113,1053.0
79.40277777777779,30.413611111111113,1053.0
79.4025,30.413611111111113,1053.0
79.40222222222224,30.413611111111113,1052.0
79.40194444444445,30.413611111111113,1052.0
79.40166666666667,30.413611111111113,1052.0
79.4013888888889,30.413333333333338,1052.0
79.40111111111112,30.413333333333338,1052.0
79.40083333333334,30.413333333333338,1052.0
79.40055555555557,30.413055555555555,1058.0
79.40027777777779,30.413055555555555,1052.0
79.4,30.413055555555555,1052.0
79.39972222222222,30.413055555555555,1052.0
79.39944444444446,30.412777777777777,1052.0
79.39916666666667,30.412777777777777,1052.0
79.39888888888889,30.412777777777777,1052.0
79.39861111111112,30.4125,1052.0
79.39833333333334,30.4125,1052.0
79.39805555555556,30.4125,1052.0
79.39777777777779,30.4125,1051.0
79.39750000000001,30.4125,1051.0
79.39722222222223,30.4125,1050.0
79.39694444444446,30.4125,1050.0
79.39666666666668,30.4125,1049.0
79.3963888888889,30.4125,1049.0
79.39611111111113,30.412777777777777,1048.0
79.39583333333334,30.412777777777777,1048.0
79.39555555555556,30.413055555555555,1047.0
79.39527777777779,30.413055555555555,1047.0
79.39500000000001,30.413333333333338,1046.0
79.39472222222223,30.413333333333338,1046.0
79.39444444444445,30.413333333333338,1045.0
79.39416666666668,30.413333333333338,1045.0
79.3938888888889,30.413611111111113,1044.0
79.39361111111111,30.413611111111113,1044.0
79.39333333333335,30.413611111111113,1043.0
79.39305555555556,30.413611111111113,1043.0
79.39277777777778,30.413333333333338,1042.0
79.39250000000001,30.413333333333338,1042.0
79.39222222222223,30.413333333333338,1041.0
79.39194444444445,30.413055555555555,1041.0
79.39166666666668,30.413055555555555,1040.0
79.3913888888889,30.412777777777777,1040.0
79.39111111111112,30.412777777777777,1039.0
79.39083333333335,30.4125,1039.0
79.39055555555557,30.4125,1038.0
79.39027777777778,30.412222222222223,1038.0
79.39000000000001,30.412222222222223,1037.0
79.38972222222223,30.411944444444444,1036.0
79.38944444444445,30.41166666666667,1036.0
79.38944444444445,30.41138888888889,1035.0
79.38916666666667,30.41111111111111,1035.0
79.38916666666667,30.410833333333333,1034.0
79.3888888888889,30.41055555555556,1033.0
79.3888888888889,30.41027777777778,1033.0
79.3888888888889,30.41,1032.0
79.38861111111112,30.41,1032.0
79.38833333333334,30.40972222222222,1032.0
79.38805555555557,30.409444444444446,1031.0
79.38777777777779,30.409166666666668,1030.0
79.3875,30.40888888888889,1032.0
79.38722222222223,30.40888888888889,1029.0
79.38694444444445,30.40888888888889,1029.0
79.38666666666667,30.40861111111111,1028.0
79.3863888888889,30.40861111111111,1028.0
79.38611111111112,30.40861111111111,1027.0
79.38583333333334,30.408333333333335,1027.0
79.38555555555557,30.408333333333335,1027.0
79.38527777777779,30.408333333333335,1026.0
79.385,30.408333333333335,1026.0
79.38472222222224,30.408333333333335,1026.0
79.38444444444445,30.408333333333335,1025.0
79.38416666666667,30.408333333333335,1025.0
79.38388888888889,30.408333333333335,1024.0
79.38361111111112,30.408333333333335,1024.0
79.38333333333334,30.408333333333335,1024.0
79.38305555555556,30.408333333333335,1023.0
79.38277777777779,30.408333333333335,1023.0
79.38250000000001,30.408333333333335,1023.0
79.38222222222223,30.408333333333335,1022.0
79.38194444444446,30.408333333333335,1022.0
79.38166666666667,30.408333333333335,1022.0
79.38138888888889,30.408333333333335,1021.0
79.38111111111112,30.408333333333335,1021.0
79.38083333333334,30.408333333333335,1021.0
79.38055555555556,30.408333333333335,1020.0
79.38027777777779,30.408333333333335,1020.0
79.38000000000001,30.40861111111111,1019.0
79.37972222222223,30.40861111111111,1019.0
79.37944444444446,30.40861111111111,1019.0
79.37916666666668,30.40861111111111,1018.0
79.3788888888889,30.40888888888889,1018.0
79.37861111111111,30.409166666666668,1017.0
79.37833333333334,30.409444444444446,1017.0
79.37805555555556,30.40972222222222,1016.0
79.37777777777778,30.41,1016.0
79.37750000000001,30.41027777777778,1015.0
79.37722222222223,30.41027777777778,1015.0
79.37694444444445,30.41055555555556,1014.0
79.37666666666668,30.41055555555556,1014.0
79.3763888888889,30.41055555555556,1014.0
79.37611111111111,30.410833333333333,1013.0
79.37611111111111,30.41111111111111,1013.0
79.37583333333335,30.41138888888889,1012.0
79.37555555555556,30.41138888888889,1012.0
79.37527777777778,30.41138888888889,1012.0
79.37500000000001,30.41166666666667,1011.0
79.37472222222223,30.411944444444444,1011.0
79.37444444444445,30.412222222222223,1010.0
79.37416666666668,30.412222222222223,1010.0
79.3738888888889,30.412222222222223,1010.0
79.37361111111112,30.4125,1009.0
79.37333333333333,30.4125,1009.0
79.37305555555557,30.4125,1008.0
79.37277777777778,30.4125,1008.0
79.3725,30.412777777777777,1008.0
79.37222222222223,30.412777777777777,1007.0
79.37194444444445,30.412777777777777,1007.0
79.37166666666667,30.412777777777777,1007.0
79.3713888888889,30.412777777777777,1006.0
79.37111111111112,30.412777777777777,1006.0
79.37083333333334,30.412777777777777,1006.0
79.37055555555557,30.412777777777777,1005.0
79.37027777777779,30.412777777777777,1005.0
79.37,30.4125,1005.0
79.36972222222224,30.4125,1004.0
79.36944444444445,30.4125,1004.0
79.36916666666667,30.4125,1004.0
79.3688888888889,30.412222222222223,1003.0
79.36861111111112,30.412222222222223,1003.0
79.36833333333334,30.4125,1002.0
79.36805555555556,30.4125,1002.0
79.36777777777779,30.4125,1002.0
79.3675,30.412777777777777,1001.0
79.36722222222222,30.413055555555555,1001.0
79.36694444444446,30.413055555555555,1001.0
79.36666666666667,30.413333333333338,1000.0
79.36638888888889,30.413333333333338,1000.0
79.36611111111112,30.413333333333338,999.0
79.36583333333334,30.413333333333338,999.0
79.36555555555556,30.413333333333338,999.0
79.36527777777779,30.413333333333338,998.0
79.36500000000001,30.413333333333338,998.0
79.36472222222223,30.413333333333338,998.0
79.36444444444446,30.413055555555555,997.0
79.36416666666668,30.412777777777777,997.0
79.36416666666668,30.4125,996.0
79.36416666666668,30.412222222222223,996.0
79.36416666666668,30.411944444444444,995.0
79.36416666666668,30.41166666666667,995.0
79.36444444444446,30.41138888888889,994.0
79.36444444444446,30.41111111111111,994.0
79.36444444444446,30.410833333333333,994.0
79.36444444444446,30.41055555555556,993.0
79.36444444444446,30.41027777777778,993.0
79.36416666666668,30.41,992.0
79.36416666666668,30.40972222222222,992.0
79.3638888888889,30.409444444444446,991.0
79.36361111111113,30.409444444444446,991.0
79.36333333333334,30.409166666666668,991.0
79.36305555555556,30.409166666666668,990.0
79.36277777777778,30.409166666666668,990.0
79.36250000000001,30.40888888888889,990.0
79.36222222222223,30.40888888888889,989.0
79.36194444444445,30.40888888888889,989.0
79.36166666666668,30.40888888888889,989.0
79.3613888888889,30.40888888888889,989.0
79.36111111111111,30.40888888888889,988.0
79.36083333333335,30.40888888888889,988.0
79.36055555555556,30.40861111111111,991.0
79.36027777777778,30.40861111111111,988.0
79.36000000000001,30.40861111111111,987.0
79.35972222222223,30.40861111111111,987.0
79.35944444444445,30.40861111111111,987.0
79.35916666666668,30.40861111111111,986.0
79.3588888888889,30.408333333333335,986.0
79.35861111111112,30.408055555555556,985.0
79.35833333333335,30.407777777777778,985.0
79.35805555555557,30.407777777777778,985.0
79.35777777777778,30.4075,985.0
79.3575,30.4075,984.0
79.35722222222223,30.4075,984.0
79.35694444444445,30.4075,984.0
79.35666666666667,30.4075,983.0
79.3563888888889,30.4075,983.0
79.35611111111112,30.407222222222224,983.0
79.35583333333334,30.407222222222224,982.0
79.35555555555557,30.407222222222224,982.0
79.35527777777779,30.406944444444445,982.0
79.355,30.406944444444445,982.0
79.35472222222224,30.406944444444445,981.0
79.35444444444445,30.406944444444445,981.0
79.35416666666667,30.406666666666663,981.0
79.3538888888889,30.406666666666663,980.0
79.35361111111112,30.406388888888888,980.0
79.35333333333334,30.406388888888888,980.0
79.35305555555556,30.406388888888888,980.0
79.35277777777779,30.406388888888888,979.0
79.3525,30.406111111111112,979.0
79.35222222222222,30.406111111111112,979.0
79.35194444444446,30.406111111111112,978.0
79.35166666666667,30.406388888888888,978.0
79.35138888888889,30.406666666666663,978.0
79.35111111111112,30.406944444444445,977.0
79.35083333333334,30.407222222222224,977.0
79.35055555555556,30.4075,976.0
79.35027777777779,30.407777777777778,976.0
79.35000000000001,30.407777777777778,976.0
79.34972222222223,30.408055555555556,975.0
79.34944444444446,30.408055555555556,975.0
79.34916666666668,30.408055555555556,975.0
79.3488888888889,30.408055555555556,974.0
79.34861111111113,30.408055555555556,974.0
79.34833333333334,30.408055555555556,974.0
79.34805555555556,30.408055555555556,974.0
79.3477777777778,30.408055555555556,973.0
79.34750000000001,30.408055555555556,972.0
79.34722222222223,30.408055555555556,972.0
79.34694444444445,30.408055555555556,972.0
79.34666666666668,30.408055555555556,972.0
79.3463888888889,30.408055555555556,972.0
79.34611111111111,30.407777777777778,971.0
79.34583333333335,30.407777777777778,971.0
79.34555555555556,30.407777777777778,971.0
79.34527777777778,30.407777777777778,970.0
79.34500000000001,30.407777777777778,970.0
79.34472222222223,30.407777777777778,970.0
79.34444444444445,30.407777777777778,970.0
79.34416666666668,30.4075,969.0
79.3438888888889,30.4075,969.0
79.34361111111112,30.4075,969.0
79.34333333333335,30.4075,969.0
79.34305555555557,30.4075,968.0
79.34277777777778,30.407222222222224,968.0
79.3425,30.407222222222224,968.0
79.34222222222223,30.406944444444445,968.0
79.34194444444445,30.406944444444445,967.0
79.34166666666667,30.406666666666663,967.0
79.3413888888889,30.406666666666663,967.0
79.34111111111112,30.406388888888888,966.0
79.34083333333334,30.406388888888888,966.0
79.34055555555557,30.406388888888888,966.0
79.34027777777779,30.406111111111112,965.0
79.34,30.405833333333337,965.0
79.33972222222224,30.405833333333337,965.0
79.33944444444445,30.405555555555555,965.0
79.33916666666667,30.405555555555555,964.0
79.3388888888889,30.405555555555555,964.0
79.33861111111112,30.405555555555555,964.0
79.33833333333334,30.405555555555555,963.0
79.33805555555557,30.405833333333337,963.0
79.33777777777779,30.405833333333337,963.0
79.3375,30.406111111111112,962.0
79.33722222222222,30.406111111111112,962.0
79.33694444444446,30.406111111111112,962.0
79.33666666666667,30.406111111111112,962.0
79.33638888888889,30.406111111111112,962.0
79.33611111111112,30.406111111111112,961.0
79.33583333333334,30.406111111111112,961.0
79.33555555555556,30.406111111111112,961.0
79.33527777777779,30.405833333333337,960.0
79.33500000000001,30.405833333333337,960.0
79.33472222222223,30.405833333333337,960.0
79.33444444444446,30.405833333333337,960.0
79.33416666666668,30.405833333333337,959.0
79.3338888888889,30.405833333333337,959.0
79.33361111111113,30.405833333333337,959.0
79.33333333333334,30.405833333333337,959.0
79.33305555555556,30.405833333333337,958.0
79.33277777777779,30.405833333333337,958.0
79.33250000000001,30.405833333333337,958.0
79.33222222222223,30.405833333333337,958.0
79.33194444444445,30.405833333333337,957.0
79.33166666666668,30.405833333333337,957.0
79.3313888888889,30.406111111111112,957.0
79.33111111111111,30.406111111111112,957.0
79.33083333333335,30.406111111111112,956.0
79.33055555555556,30.406111111111112,956.0
79.33027777777778,30.406111111111112,956.0
79.33000000000001,30.406111111111112,956.0
79.32972222222223,30.406111111111112,955.0
79.32972222222223,30.405833333333337,955.0
79.32944444444445,30.405555555555555,955.0
79.32944444444445,30.40527777777778,954.0
79.32916666666668,30.405,954.0
79.32916666666668,30.404722222222222,954.0
79.3288888888889,30.404444444444444,953.0
79.3288888888889,30.40416666666667,953.0
79.3288888888889,30.40388888888889,953.0
79.3288888888889,30.40361111111111,953.0
79.3288888888889,30.403333333333332,952.0
79.3288888888889,30.403055555555557,952.0
79.3288888888889,30.40277777777778,952.0
79.3288888888889,30.4025,951.0
79.3288888888889,30.40222222222222,951.0
79.3288888888889,30.40194444444445,951.0
79.32916666666668,30.401666666666667,950.0
79.32916666666668,30.40138888888889,950.0
79.32916666666668,30.40111111111111,950.0
79.32916666666668,30.400833333333335,950.0
79.32916666666668,30.400555555555556,949.0
79.32916666666668,30.400277777777777,949.0
79.3288888888889,30.4,949.0
79.32861111111112,30.399722222222223,948.0
79.32833333333335,30.399722222222223,948.0
79.32805555555557,30.399444444444445,948.0
79.32777777777778,30.399166666666662,947.0
79.32750000000001,30.39888888888889,947.0
79.32722222222223,30.398611111111112,947.0
79.32694444444445,30.398611111111112,946.0
79.32666666666667,30.398333333333333,946.0
79.3263888888889,30.398055555555555,946.0
79.32611111111112,30.398055555555555,945.0
79.32583333333334,30.39777777777778,945.0
79.32555555555557,30.3975,945.0
79.32527777777779,30.397222222222226,944.0
79.325,30.397222222222226,944.0
79.32472222222223,30.396944444444443,944.0
79.32444444444445,30.39666666666667,943.0
79.32444444444445,30.39638888888889,943.0
79.32416666666667,30.39611111111111,943.0
79.3238888888889,30.395833333333332,942.0
79.32361111111112,30.395833333333332,942.0
79.32333333333334,30.395555555555557,942.0
79.32305555555557,30.39527777777778,941.0
79.32305555555557,30.395,941.0
79.32305555555557,30.39472222222222,941.0
79.32277777777779,30.39444444444445,941.0
79.32277777777779,30.394166666666667,940.0
79.3225,30.39388888888889,940.0
79.3225,30.393611111111113,940.0
79.32222222222224,30.393333333333334,939.0
79.32222222222224,30.393055555555556,939.0
79.32194444444445,30.392777777777777,939.0
79.32166666666667,30.3925,938.0
79.32166666666667,30.392222222222223,938.0
79.32166666666667,30.391944444444444,938.0
79.32138888888889,30.391666666666666,938.0
79.32138888888889,30.39138888888889,937.0
79.32138888888889,30.391111111111112,937.0
79.32138888888889,30.390833333333333,937.0
79.32138888888889,30.39055555555555,936.0
79.32138888888889,30.39027777777778,936.0
79.32138888888889,30.39,936.0
79.32138888888889,30.389722222222225,935.0
79.32138888888889,30.389444444444443,935.0
79.32166666666667,30.389166666666668,935.0
79.32194444444445,30.38888888888889,934.0
79.32194444444445,30.38861111111111,934.0
79.32194444444445,30.388333333333335,934.0
79.32194444444445,30.388055555555557,934.0
79.32194444444445,30.387777777777774,933.0
79.32194444444445,30.3875,933.0
79.32194444444445,30.387222222222224,933.0
79.32194444444445,30.386944444444445,932.0
79.32194444444445,30.386666666666667,932.0
79.32194444444445,30.386388888888888,932.0
79.32194444444445,30.386111111111113,932.0
79.32194444444445,30.385833333333338,931.0
79.32194444444445,30.385555555555555,931.0
79.32166666666667,30.385277777777777,931.0
79.32166666666667,30.385,930.0
79.32166666666667,30.384722222222223,930.0
79.32138888888889,30.384444444444444,930.0
79.32111111111112,30.384166666666665,929.0
79.32111111111112,30.38388888888889,929.0
79.32111111111112,30.38361111111111,929.0
79.32111111111112,30.383333333333333,929.0
79.32083333333334,30.38305555555556,928.0
79.32055555555556,30.38305555555556,928.0
79.32027777777779,30.38277777777778,928.0
79.32000000000001,30.3825,927.0
79.31972222222223,30.38222222222222,927.0
79.31944444444446,30.381944444444446,927.0
79.31944444444446,30.381666666666668,926.0
79.31944444444446,30.38138888888889,926.0
79.31916666666667,30.38111111111111,926.0
79.31916666666667,30.380833333333335,925.0
79.31916666666667,30.380555555555556,925.0
79.31916666666667,30.380277777777778,925.0
79.31916666666667,30.38,924.0
79.31916666666667,30.379722222222224,924.0
79.31916666666667,30.379444444444445,924.0
79.31916666666667,30.379166666666663,924.0
79.31888888888889,30.378888888888888,923.0
79.31888888888889,30.378611111111113,923.0
79.31888888888889,30.378333333333337,923.0
79.31888888888889,30.378055555555555,922.0
79.31861111111112,30.377777777777776,922.0
79.31861111111112,30.3775,922.0
79.31861111111112,30.377222222222223,922.0
79.31861111111112,30.376944444444444,921.0
79.31833333333334,30.376944444444444,921.0
79.31805555555556,30.37666666666667,921.0
79.31777777777779,30.37638888888889,920.0
79.31750000000001,30.37638888888889,920.0
79.31722222222223,30.37611111111111,920.0
79.31694444444446,30.37611111111111,920.0
79.31666666666668,30.37611111111111,919.0
79.3163888888889,30.37611111111111,919.0
79.31611111111111,30.37611111111111,919.0
79.31583333333334,30.37611111111111,919.0
79.31555555555556,30.37611111111111,918.0
79.31527777777778,30.37611111111111,918.0
79.31500000000001,30.37611111111111,918.0
79.31472222222223,30.37611111111111,918.0
79.31444444444445,30.37611111111111,917.0
79.31416666666668,30.37611111111111,917.0
79.3138888888889,30.37611111111111,917.0
79.31361111111111,30.37638888888889,917.0
79.31333333333335,30.37638888888889,916.0
79.31305555555556,30.37638888888889,916.0
79.31277777777778,30.37638888888889,916.0
79.31250000000001,30.37638888888889,916.0
79.31222222222223,30.37638888888889,915.0
79.31194444444445,30.37638888888889,915.0
79.31166666666668,30.37638888888889,915.0
79.3113888888889,30.37638888888889,915.0
79.31111111111112,30.37638888888889,914.0
79.31083333333333,30.37638888888889,914.0
79.31055555555557,30.37638888888889,914.0
79.31027777777778,30.37638888888889,914.0
79.31,30.37638888888889,914.0
79.30972222222223,30.37638888888889,913.0
79.30944444444445,30.37638888888889,913.0
79.30916666666667,30.37611111111111,913.0
79.3088888888889,30.375833333333333,912.0
79.3088888888889,30.375555555555557,912.0
79.30861111111112,30.37527777777778,912.0
79.30861111111112,30.375,911.0
79.30833333333334,30.37472222222222,911.0
79.30833333333334,30.37444444444445,911.0
79.30805555555557,30.374166666666667,910.0
79.30805555555557,30.37388888888889,910.0
79.30777777777779,30.37361111111111,909.0
79.30777777777779,30.373333333333335,909.0
79.30777777777779,30.373055555555556,908.0
79.30777777777779,30.372777777777777,908.0
79.30777777777779,30.3725,907.0
79.30777777777779,30.372222222222224,907.0
79.30805555555557,30.371944444444445,906.0
79.30805555555557,30.371666666666663,906.0
79.30833333333334,30.37138888888889,905.0
79.30833333333334,30.371111111111112,905.0
79.30861111111112,30.370833333333337,904.0
79.30861111111112,30.370555555555555,904.0
79.3088888888889,30.37027777777778,903.0
79.3088888888889,30.37,903.0
79.30916666666667,30.369722222222222,902.0
79.30916666666667,30.369444444444444,902.0
79.30916666666667,30.36916666666667,901.0
79.30944444444445,30.36888888888889,901.0
79.30972222222223,30.36861111111111,900.0
79.30972222222223,30.368333333333332,900.0
79.30972222222223,30.368055555555557,899.0
79.31,30.36777777777778,899.0
79.31,30.3675,898.0
79.31027777777778,30.36722222222222,898.0
79.31055555555557,30.36694444444445,897.0
79.31055555555557,30.366666666666667,897.0
79.31055555555557,30.36638888888889,897.0
79.31055555555557,30.36611111111111,896.0
79.31055555555557,30.365833333333335,896.0
79.31055555555557,30.365555555555556,895.0
79.31055555555557,30.365277777777777,895.0
79.31083333333333,30.365,894.0
79.31083333333333,30.364722222222223,894.0
79.31083333333333,30.364444444444445,893.0
79.31083333333333,30.364166666666662,893.0
79.31083333333333,30.36388888888889,892.0
79.31111111111112,30.363611111111112,892.0
79.31111111111112,30.363333333333333,892.0
79.31111111111112,30.363055555555555,891.0
79.3113888888889,30.36277777777778,891.0
79.3113888888889,30.3625,891.0
79.3113888888889,30.362222222222226,891.0
79.3113888888889,30.361944444444443,891.0
79.3113888888889,30.361666666666668,891.0
79.31166666666668,30.36138888888889,890.0
79.31166666666668,30.36111111111111,890.0
79.31166666666668,30.360833333333332,890.0
79.31166666666668,30.360555555555557,890.0
79.31166666666668,30.360277777777775,890.0
79.31166666666668,30.36,890.0
79.31194444444445,30.359722222222224,889.0
79.31222222222223,30.35944444444445,889.0
79.31250000000001,30.359166666666667,889.0
79.31277777777778,30.359166666666667,889.0
79.31305555555556,30.358888888888888,889.0
79.31333333333335,30.358611111111113,888.0
79.31361111111111,30.358611111111113,888.0
79.3138888888889,30.358333333333334,888.0
79.31416666666668,30.358333333333334,888.0
79.31444444444445,30.358055555555556,888.0
79.31472222222223,30.358055555555556,888.0
79.31500000000001,30.357777777777777,887.0
79.31527777777778,30.3575,887.0
79.31555555555556,30.3575,887.0
79.31583333333334,30.357222222222223,886.0
79.31611111111111,30.356944444444444,886.0
79.3163888888889,30.356666666666666,885.0
79.31666666666668,30.356666666666666,885.0
79.31694444444446,30.35638888888889,885.0
79.31722222222223,30.35611111111111,884.0
79.31722222222223,30.355833333333333,884.0
79.31750000000001,30.35555555555555,884.0
79.31777777777779,30.35527777777778,883.0
79.31777777777779,30.355,883.0
79.31805555555556,30.35472222222222,882.0
79.31805555555556,30.354444444444447,882.0
79.31805555555556,30.354166666666668,882.0
79.31805555555556,30.35388888888889,882.0
79.31805555555556,30.35361111111111,881.0
79.31805555555556,30.353333333333335,881.0
79.31805555555556,30.353055555555557,881.0
79.31805555555556,30.352777777777774,880.0
79.31777777777779,30.3525,880.0
79.31777777777779,30.352222222222224,880.0
79.31750000000001,30.351944444444445,879.0
79.31750000000001,30.351666666666667,879.0
79.31750000000001,30.351388888888888,879.0
79.31750000000001,30.351111111111113,878.0
79.31750000000001,30.350833333333338,878.0
79.31750000000001,30.350555555555555,878.0
79.31750000000001,30.350277777777777,877.0
79.31750000000001,30.35,877.0
79.31750000000001,30.349722222222223,877.0
79.31750000000001,30.349444444444444,876.0
79.31750000000001,30.34916666666667,876.0
79.31750000000001,30.34888888888889,876.0
79.31777777777779,30.34861111111111,875.0
79.31777777777779,30.348333333333333,875.0
79.31777777777779,30.34805555555556,875.0
79.31777777777779,30.34777777777778,875.0
79.31777777777779,30.3475,874.0
79.31777777777779,30.34722222222222,874.0
79.31777777777779,30.346944444444446,874.0
79.31777777777779,30.346666666666668,873.0
79.31805555555556,30.34638888888889,873.0
79.31805555555556,30.34611111111111,873.0
79.31805555555556,30.345833333333335,872.0
79.31805555555556,30.345555555555556,872.0
79.31805555555556,30.345277777777778,872.0
79.31805555555556,30.345,871.0
79.31805555555556,30.344722222222224,871.0
79.31805555555556,30.344444444444445,871.0
79.31805555555556,30.344166666666663,870.0
79.31805555555556,30.343888888888888,870.0
79.31777777777779,30.343611111111112,870.0
79.31750000000001,30.343333333333337,869.0
79.31722222222223,30.343333333333337,869.0
79.31694444444446,30.343055555555555,869.0
79.31666666666668,30.34277777777778,868.0
79.31666666666668,30.3425,868.0
79.3163888888889,30.342222222222222,868.0
79.31611111111111,30.341944444444444,867.0
79.31583333333334,30.34166666666667,867.0
79.31555555555556,30.34138888888889,867.0
79.31527777777778,30.34111111111111,866.0
79.31500000000001,30.340833333333332,866.0
79.31472222222223,30.340555555555557,865.0
79.31472222222223,30.34027777777778,865.0
79.31472222222223,30.34,865.0
79.31472222222223,30.33972222222222,864.0
79.31500000000001,30.33972222222222,864.0
79.31527777777778,30.33944444444445,864.0
79.31555555555556,30.339166666666667,863.0
79.31583333333334,30.33888888888889,863.0
79.31583333333334,30.33861111111111,863.0
79.31611111111111,30.338333333333335,862.0
79.3163888888889,30.338055555555556,862.0
79.31666666666668,30.337777777777777,861.0
79.31666666666668,30.3375,861.0
79.31694444444446,30.337222222222223,861.0
79.31722222222223,30.336944444444445,860.0
79.31722222222223,30.336666666666662,860.0
79.31750000000001,30.33638888888889,860.0
79.31750000000001,30.336111111111112,859.0
79.31777777777779,30.335833333333333,859.0
79.31777777777779,30.335555555555555,859.0
79.31805555555556,30.33527777777778,858.0
79.31805555555556,30.335,858.0
79.31833333333334,30.334722222222226,858.0
79.31833333333334,30.334444444444443,857.0
79.31861111111112,30.33416666666667,857.0
79.31833333333334,30.33388888888889,857.0
79.31805555555556,30.33361111111111,856.0
79.31777777777779,30.333333333333332,856.0
79.31750000000001,30.333055555555557,855.0
79.31722222222223,30.333055555555557,855.0
79.31694444444446,30.33277777777778,855.0
79.31666666666668,30.3325,855.0
79.3163888888889,30.3325,854.0
79.31611111111111,30.33222222222222,854.0
79.31583333333334,30.33222222222222,854.0
79.31555555555556,30.33222222222222,854.0
79.31527777777778,30.33222222222222,853.0
79.31500000000001,30.33222222222222,853.0
79.31472222222223,30.33222222222222,853.0
79.31444444444445,30.33222222222222,853.0
79.31416666666668,30.33222222222222,852.0
79.3138888888889,30.33222222222222,852.0
79.31361111111111,30.33222222222222,852.0
79.31333333333335,30.33222222222222,852.0
79.31305555555556,30.3325,851.0
79.31277777777778,30.3325,851.0
79.31250000000001,30.3325,851.0
79.31222222222223,30.3325,851.0
79.31194444444445,30.3325,850.0
79.31166666666668,30.3325,850.0
79.3113888888889,30.33222222222222,850.0
79.31111111111112,30.33222222222222,849.0
79.31083333333333,30.33194444444445,849.0
79.31055555555557,30.331666666666667,849.0
79.31027777777778,30.33138888888889,848.0
79.31,30.331111111111113,848.0
79.30972222222223,30.331111111111113,848.0
79.30944444444445,30.330833333333334,847.0
79.30916666666667,30.330833333333334,847.0
79.3088888888889,30.330555555555556,847.0
79.30861111111112,30.330277777777777,846.0
79.30861111111112,30.33,846.0
79.30833333333334,30.329722222222223,846.0
79.30805555555557,30.329444444444444,845.0
79.30777777777779,30.329166666666666,845.0
79.3075,30.32888888888889,845.0
79.30722222222224,30.328611111111112,844.0
79.30722222222224,30.328333333333333,844.0
79.30694444444445,30.32805555555555,844.0
79.30666666666667,30.32777777777778,843.0
79.3063888888889,30.32777777777778,843.0
79.30611111111112,30.32777777777778,843.0
79.30583333333334,30.3275,843.0
79.30555555555556,30.3275,842.0
79.30527777777779,30.327222222222225,842.0
79.305,30.326944444444443,842.0
79.30472222222222,30.326666666666668,841.0
79.30444444444446,30.326666666666668,841.0
79.30416666666667,30.326666666666668,841.0
79.30388888888889,30.326666666666668,841.0
79.30361111111112,30.32638888888889,840.0
79.30333333333334,30.32638888888889,840.0
79.30305555555556,30.32638888888889,840.0
79.30277777777779,30.32638888888889,840.0
79.30250000000001,30.32611111111111,839.0
79.30250000000001,30.325833333333335,839.0
79.30222222222223,30.325555555555557,839.0
79.30194444444446,30.325277777777774,838.0
79.30166666666668,30.325,838.0
79.3013888888889,30.324722222222224,837.0
79.3013888888889,30.324444444444445,837.0
79.30111111111113,30.324166666666667,837.0
79.30111111111113,30.323888888888888,837.0
79.30083333333334,30.323611111111113,836.0
79.30083333333334,30.323333333333338,836.0
79.30055555555556,30.323055555555555,836.0
79.30055555555556,30.322777777777777,836.0
79.30027777777778,30.3225,836.0
79.30000000000001,30.322222222222223,835.0
79.30000000000001,30.321944444444444,835.0
79.30000000000001,30.321666666666665,835.0
79.30000000000001,30.32138888888889,835.0
79.29972222222223,30.32111111111111,835.0
79.29972222222223,30.320833333333333,835.0
79.29972222222223,30.32055555555556,834.0
79.29972222222223,30.32027777777778,834.0
79.29972222222223,30.32,834.0
79.29972222222223,30.31972222222222,834.0
79.29972222222223,30.319444444444446,834.0
79.29972222222223,30.319166666666668,834.0
79.29972222222223,30.31888888888889,833.0
79.29972222222223,30.31861111111111,833.0
79.29972222222223,30.318333333333335,833.0
79.29972222222223,30.318055555555556,833.0
79.30000000000001,30.317777777777778,833.0
79.30000000000001,30.3175,833.0
79.30027777777778,30.317222222222224,832.0
79.30027777777778,30.316944444444445,832.0
79.30027777777778,30.316666666666663,832.0
79.30055555555556,30.316388888888888,832.0
79.30083333333334,30.316111111111113,832.0
79.30111111111113,30.315833333333337,831.0
79.30111111111113,30.315555555555555,831.0
79.30111111111113,30.315277777777776,831.0
79.3013888888889,30.315,831.0
79.30166666666668,30.314722222222223,831.0
79.30194444444446,30.314444444444444,830.0
79.30222222222223,30.31416666666667,830.0
79.30250000000001,30.31388888888889,830.0
79.30277777777779,30.31361111111111,830.0
79.30305555555556,30.313333333333333,829.0
79.30333333333334,30.313055555555557,829.0
79.30333333333334,30.31277777777778,829.0
79.30305555555556,30.3125,829.0
79.30277777777779,30.31222222222222,828.0
79.30277777777779,30.31194444444445,828.0
79.30277777777779,30.311666666666667,828.0
79.30277777777779,30.31138888888889,828.0
79.30250000000001,30.31111111111111,828.0
79.30222222222223,30.310833333333335,827.0
79.30222222222223,30.310555555555556,827.0
79.30194444444446,30.310277777777777,827.0
79.30166666666668,30.31,827.0
79.3013888888889,30.309722222222224,826.0
79.30111111111113,30.309722222222224,826.0
79.30083333333334,30.309722222222224,826.0
79.30055555555556,30.309722222222224,826.0
79.30027777777778,30.309722222222224,826.0
79.30000000000001,30.309722222222224,826.0
79.29972222222223,30.309722222222224,825.0
79.29944444444445,30.309722222222224,825.0
79.29916666666668,30.309722222222224,825.0
79.2988888888889,30.309722222222224,825.0
79.29861111111111,30.309444444444445,824.0
79.29861111111111,30.309166666666663,824.0
79.29861111111111,30.30888888888889,824.0
79.29833333333335,30.308611111111112,824.0
79.29833333333335,30.308333333333337,824.0
79.29833333333335,30.308055555555555,823.0
79.29805555555556,30.30777777777778,823.0
79.29805555555556,30.3075,823.0
79.29777777777778,30.307222222222222,823.0
79.29750000000001,30.306944444444444,822.0
79.29750000000001,30.30666666666667,822.0
79.29722222222223,30.30638888888889,822.0
79.29722222222223,30.30611111111111,822.0
79.29694444444445,30.305833333333332,821.0
79.29694444444445,30.305555555555557,821.0
79.29666666666668,30.30527777777778,821.0
79.29666666666668,30.305,821.0
79.2963888888889,30.30472222222222,821.0
79.2963888888889,30.30444444444445,821.0
79.29611111111112,30.304166666666667,820.0
79.29611111111112,30.30388888888889,820.0
79.29611111111112,30.30361111111111,820.0
79.29583333333335,30.303333333333335,820.0
79.29583333333335,30.303055555555556,820.0
79.29583333333335,30.302777777777777,820.0
79.29583333333335,30.3025,820.0
79.29583333333335,30.302222222222223,820.0
79.29583333333335,30.301944444444445,820.0
79.29583333333335,30.301666666666662,819.0
79.29583333333335,30.30138888888889,819.0
79.29583333333335,30.301111111111112,818.0
79.29583333333335,30.300833333333333,818.0
79.29583333333335,30.300555555555555,818.0
79.29583333333335,30.30027777777778,817.0
79.29583333333335,30.3,817.0
79.29583333333335,30.299722222222226,817.0
79.29583333333335,30.299444444444443,816.0
79.29583333333335,30.299166666666668,816.0
79.29583333333335,30.29888888888889,816.0
79.29611111111112,30.29861111111111,815.0
79.2963888888889,30.298333333333332,815.0
79.2963888888889,30.298055555555557,814.0
79.29666666666668,30.297777777777775,814.0
79.29694444444445,30.2975,813.0
79.29694444444445,30.297222222222224,813.0
79.29722222222223,30.29694444444445,812.0
79.29722222222223,30.296666666666667,812.0
79.29750000000001,30.296388888888888,811.0
79.29750000000001,30.296111111111113,811.0
79.29750000000001,30.295833333333334,811.0
79.29722222222223,30.295555555555556,810.0
79.29722222222223,30.295277777777777,810.0
79.29722222222223,30.295,810.0
79.29694444444445,30.294722222222223,810.0
79.29666666666668,30.294722222222223,810.0
79.2963888888889,30.294444444444444,809.0
79.29611111111112,30.294444444444444,809.0
79.29583333333335,30.294444444444444,809.0
79.29555555555557,30.294444444444444,809.0
79.29527777777778,30.294444444444444,809.0
79.295,30.294166666666666,809.0
79.29472222222223,30.294166666666666,809.0
79.29444444444445,30.294166666666666,809.0
79.29416666666667,30.294166666666666,809.0
79.2938888888889,30.294166666666666,809.0
79.29361111111112,30.29388888888889,809.0
79.29333333333334,30.29388888888889,809.0
79.29305555555557,30.29388888888889,809.0
79.29277777777779,30.29361111111111,809.0
79.2925,30.29361111111111,809.0
79.29222222222224,30.293333333333333,809.0
79.29194444444445,30.293333333333333,809.0
79.29166666666667,30.293333333333333,808.0
79.2913888888889,30.293333333333333,808.0
79.29111111111112,30.293333333333333,808.0
79.29083333333334,30.293333333333333,808.0
79.29055555555556,30.293333333333333,808.0
79.29027777777779,30.293333333333333,808.0
79.29,30.293333333333333,808.0
79.28972222222222,30.293333333333333,808.0
79.28944444444446,30.29361111111111,808.0
79.28916666666667,30.29361111111111,808.0
79.28888888888889,30.29388888888889,808.0
79.28861111111112,30.294166666666666,808.0
79.28833333333334,30.294166666666666,808.0
79.28805555555556,30.294444444444444,807.0
79.28777777777779,30.294722222222223,807.0
79.28750000000001,30.294722222222223,807.0
79.28722222222223,30.294722222222223,807.0
79.28694444444446,30.295,806.0
79.28666666666668,30.295,806.0
79.2863888888889,30.295277777777777,806.0
79.28611111111113,30.295277777777777,806.0
79.28583333333334,30.295277777777777,806.0
79.28555555555556,30.295277777777777,805.0
79.2852777777778,30.295277777777777,805.0
79.28500000000001,30.295277777777777,805.0
79.28472222222223,30.295277777777777,805.0
79.28444444444445,30.295555555555556,804.0
79.28416666666668,30.295555555555556,804.0
79.2838888888889,30.295555555555556,804.0
79.28361111111111,30.295833333333334,804.0
79.28333333333335,30.296111111111113,803.0
79.28305555555556,30.296111111111113,803.0
79.28277777777778,30.296111111111113,803.0
79.28250000000001,30.296388888888888,803.0
79.28222222222223,30.296666666666667,802.0
79.28194444444445,30.296666666666667,802.0
79.28166666666668,30.296666666666667,802.0
79.2813888888889,30.296666666666667,802.0
79.28111111111112,30.29694444444445,802.0
79.28083333333335,30.29694444444445,801.0
79.28055555555557,30.29694444444445,801.0
79.28027777777778,30.29694444444445,801.0
79.28,30.29694444444445,801.0
79.27972222222223,30.296666666666667,800.0
79.27944444444445,30.296666666666667,800.0
79.27916666666667,30.296666666666667,800.0
79.2788888888889,30.296666666666667,800.0
79.27861111111112,30.296666666666667,800.0
79.27833333333334,30.296666666666667,799.0
79.27805555555557,30.296388888888888,799.0
79.27777777777779,30.296111111111113,799.0
79.2775,30.295833333333334,798.0
79.27722222222224,30.295555555555556,798.0
79.27694444444445,30.295277777777777,798.0
79.27666666666667,30.295,797.0
79.27666666666667,30.294722222222223,797.0
79.27666666666667,30.294444444444444,797.0
79.2763888888889,30.294166666666666,797.0
79.27611111111112,30.29388888888889,796.0
79.27583333333334,30.29361111111111,796.0
79.27555555555557,30.293333333333333,796.0
79.27527777777779,30.29305555555555,795.0
79.27527777777779,30.29277777777778,795.0
79.275,30.2925,795.0
79.27472222222222,30.29222222222222,794.0
79.27444444444446,30.291944444444447,794.0
79.27416666666667,30.291666666666668,794.0
79.27388888888889,30.29138888888889,793.0
79.27361111111112,30.29111111111111,793.0
79.27333333333334,30.290833333333335,793.0
79.27305555555556,30.290555555555557,792.0
79.27277777777779,30.290555555555557,792.0
79.27250000000001,30.290555555555557,792.0
79.27222222222223,30.290277777777774,792.0
79.27194444444446,30.29,791.0
79.27166666666668,30.289722222222224,791.0
79.2713888888889,30.289444444444445,791.0
79.27111111111113,30.289166666666667,790.0
79.27083333333334,30.289166666666667,790.0
79.27055555555556,30.289166666666667,790.0
79.27027777777779,30.289166666666667,790.0
79.27000000000001,30.289166666666667,790.0
79.26972222222223,30.289166666666667,790.0
79.26944444444445,30.289166666666667,789.0
79.26916666666668,30.289166666666667,789.0
79.2688888888889,30.289166666666667,789.0
79.26861111111111,30.289166666666667,789.0
79.26833333333335,30.289166666666667,789.0
79.26805555555556,30.289444444444445,789.0
79.26777777777778,30.289722222222224,789.0
79.26750000000001,30.289722222222224,789.0
79.26722222222223,30.29,788.0
79.26694444444445,30.29,788.0
79.26666666666668,30.290277777777774,788.0
79.2663888888889,30.290277777777774,788.0
79.26611111111112,30.290277777777774,788.0
79.26583333333335,30.290555555555557,788.0
79.26555555555557,30.290833333333335,788.0
79.26527777777778,30.29111111111111,787.0
79.26500000000001,30.29111111111111,787.0
79.26472222222223,30.29111111111111,787.0
79.26444444444445,30.29111111111111,787.0
79.26416666666667,30.29111111111111,787.0
79.2638888888889,30.29111111111111,787.0
79.26361111111112,30.29138888888889,787.0
79.26333333333334,30.291666666666668,787.0
79.26305555555557,30.291944444444447,786.0
79.26277777777779,30.291944444444447,786.0
79.2625,30.291944444444447,786.0
79.26222222222223,30.291944444444447,786.0
79.26194444444445,30.291944444444447,786.0
79.26166666666667,30.291944444444447,786.0
79.2613888888889,30.291944444444447,786.0
79.26111111111112,30.291666666666668,786.0
79.26083333333334,30.29138888888889,786.0
79.26055555555557,30.29111111111111,785.0
79.26027777777779,30.29111111111111,785.0
79.26,30.29111111111111,785.0
79.25972222222224,30.29111111111111,785.0
79.25944444444445,30.29111111111111,785.0
79.25916666666667,30.29111111111111,785.0
79.25888888888889,30.29111111111111,785.0
79.25861111111112,30.29111111111111,785.0
79.25833333333334,30.29111111111111,785.0
79.25805555555556,30.29111111111111,784.0
79.25777777777779,30.29111111111111,784.0
79.25750000000001,30.29111111111111,784.0
79.25722222222223,30.29111111111111,784.0
79.25694444444446,30.29111111111111,784.0
79.25666666666667,30.29111111111111,784.0
79.25638888888889,30.290833333333335,784.0
79.25611111111112,30.290555555555557,784.0
79.25583333333334,30.290277777777774,783.0
79.25555555555556,30.290277777777774,783.0
79.25527777777779,30.290277777777774,783.0
79.25500000000001,30.290277777777774,783.0
79.25472222222223,30.290277777777774,783.0
79.25444444444446,30.290277777777774,783.0
79.25416666666668,30.290277777777774,782.0
79.2538888888889,30.290277777777774,782.0
79.25361111111111,30.290277777777774,782.0
79.25333333333334,30.29,782.0
79.25305555555556,30.289722222222224,781.0
79.25277777777778,30.289722222222224,781.0
79.25250000000001,30.289444444444445,781.0
79.25222222222223,30.289166666666667,781.0
79.25194444444445,30.288888888888888,780.0
79.25166666666668,30.288888888888888,780.0
79.2513888888889,30.288888888888888,780.0
79.25111111111111,30.288888888888888,780.0
79.25083333333335,30.288611111111113,779.0
79.25083333333335,30.288333333333338,779.0
79.25055555555556,30.288055555555555,779.0
79.25027777777778,30.287777777777777,779.0
79.25000000000001,30.2875,778.0
79.24972222222223,30.2875,778.0
79.24944444444445,30.2875,778.0
79.24916666666668,30.287222222222223,778.0
79.2488888888889,30.286944444444444,777.0
79.24861111111112,30.286944444444444,777.0
79.24833333333333,30.28666666666667,777.0
79.24805555555557,30.28638888888889,776.0
79.24777777777778,30.28638888888889,776.0
79.2475,30.28611111111111,776.0
79.24722222222223,30.285833333333333,776.0
79.24694444444445,30.28555555555556,775.0
79.24666666666667,30.28527777777778,775.0
79.2463888888889,30.285,775.0
79.24611111111112,30.28472222222222,774.0
79.24611111111112,30.284444444444446,774.0
79.24583333333334,30.284166666666668,774.0
79.24555555555557,30.28388888888889,774.0
79.24527777777779,30.28361111111111,773.0
79.245,30.283333333333335,773.0
79.24472222222224,30.283055555555556,773.0
79.24444444444445,30.282777777777778,773.0
79.24416666666667,30.2825,772.0
79.2438888888889,30.2825,772.0
79.24361111111112,30.2825,772.0
79.24333333333334,30.282222222222224,772.0
79.24305555555556,30.282222222222224,772.0
79.24277777777779,30.281944444444445,772.0
79.2425,30.281944444444445,771.0
79.24222222222222,30.281666666666663,771.0
79.24194444444446,30.281388888888888,771.0
79.24166666666667,30.281388888888888,771.0
79.24138888888889,30.281111111111112,771.0
79.24111111111112,30.281111111111112,770.0
79.24083333333334,30.280833333333337,770.0
79.24055555555556,30.280833333333337,770.0
79.24027777777779,30.280555555555555,770.0
79.24000000000001,30.28027777777778,769.0
79.23972222222223,30.28027777777778,769.0
79.23944444444446,30.28,769.0
79.23916666666668,30.28,769.0
79.2388888888889,30.28,769.0
79.23861111111113,30.279722222222222,768.0
79.23833333333334,30.279722222222222,768.0
79.23805555555556,30.279722222222222,768.0
79.23777777777778,30.279722222222222,768.0
79.23750000000001,30.279444444444444,768.0
79.23722222222223,30.27916666666667,767.0
79.23722222222223,30.27888888888889,767.0
79.23694444444445,30.27861111111111,767.0
79.23666666666668,30.278333333333332,767.0
79.2363888888889,30.278055555555557,766.0
79.23611111111111,30.278055555555557,766.0
79.23583333333335,30.278055555555557,766.0
79.23555555555556,30.27777777777778,766.0
79.23527777777778,30.2775,765.0
79.23527777777778,30.27722222222222,765.0
79.23500000000001,30.27694444444445,765.0
79.23472222222223,30.276666666666667,765.0
79.23444444444445,30.27638888888889,765.0
79.23416666666668,30.27638888888889,764.0
79.2338888888889,30.27638888888889,764.0
79.23361111111112,30.27638888888889,764.0
79.23333333333335,30.27638888888889,764.0
79.23305555555557,30.27638888888889,764.0
79.23277777777778,30.27638888888889,763.0
79.2325,30.27638888888889,763.0
79.23222222222223,30.27638888888889,763.0
79.23194444444445,30.27638888888889,763.0
79.23166666666667,30.27638888888889,763.0
79.2313888888889,30.27638888888889,763.0
79.23111111111112,30.27638888888889,762.0
79.23083333333334,30.27638888888889,762.0
79.23055555555557,30.27638888888889,762.0
79.23027777777779,30.27638888888889,762.0
79.23,30.27638888888889,762.0
79.22972222222224,30.27638888888889,761.0
79.22944444444445,30.276666666666667,761.0
79.22916666666667,30.276666666666667,761.0
79.2288888888889,30.276666666666667,761.0
79.22861111111112,30.276666666666667,761.0
79.22833333333334,30.276666666666667,760.0
79.22805555555556,30.276666666666667,760.0
79.22777777777779,30.27638888888889,760.0
79.2275,30.27611111111111,760.0
79.22722222222222,30.275833333333335,760.0
79.22694444444446,30.275555555555556,759.0
79.22694444444446,30.275277777777777,759.0
79.22694444444446,30.275,759.0
79.22666666666667,30.274722222222223,759.0
79.22666666666667,30.274444444444445,759.0
79.22666666666667,30.274166666666662,759.0
79.22638888888889,30.27388888888889,759.0
79.22611111111112,30.273611111111112,758.0
79.22583333333334,30.273333333333333,758.0
79.22555555555556,30.273055555555555,758.0
79.22527777777779,30.27277777777778,758.0
79.22500000000001,30.2725,758.0
79.22472222222223,30.272222222222226,758.0
79.22444444444446,30.271944444444443,758.0
79.22444444444446,30.27166666666667,757.0
79.22416666666668,30.27138888888889,757.0
79.2238888888889,30.27111111111111,757.0
79.22361111111113,30.270833333333332,757.0
79.22361111111113,30.270555555555557,757.0
79.22333333333334,30.27027777777778,757.0
79.22333333333334,30.27,757.0
79.22305555555556,30.26972222222222,756.0
79.2227777777778,30.26972222222222,756.0
79.22250000000001,30.26944444444445,756.0
79.22222222222223,30.269166666666667,756.0
79.22194444444445,30.26888888888889,756.0
79.22166666666668,30.268611111111113,756.0
79.2213888888889,30.268333333333334,756.0
79.22111111111111,30.268055555555556,755.0
79.22083333333335,30.268055555555556,755.0
79.22055555555556,30.267777777777777,755.0
79.22027777777778,30.2675,755.0
79.22000000000001,30.267222222222223,755.0
79.21972222222223,30.266944444444444,755.0
79.21944444444445,30.266944444444444,755.0
79.21916666666668,30.266666666666666,754.0
79.21916666666668,30.26638888888889,754.0
79.2188888888889,30.266111111111112,754.0
79.21861111111112,30.265833333333333,754.0
79.21833333333335,30.26555555555555,754.0
79.21805555555557,30.26527777777778,754.0
79.21805555555557,30.265,754.0
79.21777777777778,30.264722222222225,753.0
79.2175,30.264722222222225,753.0
79.21722222222223,30.264722222222225,753.0
79.21694444444445,30.264444444444443,753.0
79.21666666666667,30.264166666666668,753.0
79.2163888888889,30.26388888888889,753.0
79.21611111111112,30.26388888888889,753.0
79.21583333333334,30.26388888888889,753.0
79.21555555555557,30.26388888888889,753.0
79.21527777777779,30.264166666666668,753.0
79.215,30.264444444444443,753.0
79.21472222222224,30.264444444444443,753.0
79.21444444444445,30.264722222222225,753.0
79.21416666666667,30.264722222222225,753.0
79.2138888888889,30.264722222222225,753.0
79.21361111111112,30.264722222222225,753.0
79.21333333333334,30.265,753.0
79.21305555555557,30.265,753.0
79.21277777777779,30.26527777777778,753.0
79.2125,30.26555555555555,753.0
79.21222222222222,30.265833333333333,753.0
79.21194444444446,30.266111111111112,753.0
79.21166666666667,30.266111111111112,752.0
79.21138888888889,30.26638888888889,752.0
79.21111111111112,30.26638888888889,752.0
79.21083333333334,30.26638888888889,752.0
79.21055555555556,30.266666666666666,752.0
79.21027777777779,30.266944444444444,752.0
79.21000000000001,30.266944444444444,752.0
79.20972222222223,30.267222222222223,752.0
79.20944444444446,30.267222222222223,752.0
79.20916666666668,30.267222222222223,752.0
79.2088888888889,30.2675,752.0
79.20861111111113,30.267777777777777,752.0
79.20833333333334,30.267777777777777,752.0
79.20805555555556,30.268055555555556,752.0
79.20777777777779,30.268055555555556,752.0
79.20750000000001,30.268055555555556,752.0
79.20722222222223,30.268055555555556,752.0
79.20694444444445,30.268055555555556,752.0
79.20666666666668,30.268055555555556,752.0
79.2063888888889,30.268055555555556,752.0
79.20611111111111,30.268055555555556,751.0
79.20583333333335,30.268055555555556,751.0
79.20555555555556,30.268055555555556,751.0
79.20527777777778,30.267777777777777,750.0
79.20500000000001,30.267777777777777,750.0
79.20472222222223,30.267777777777777,750.0
79.20444444444445,30.2675,749.0
79.20416666666668,30.2675,749.0
79.2038888888889,30.2675,749.0
79.20361111111112,30.2675,749.0
79.20333333333335,30.2675,748.0
79.20305555555557,30.2675,748.0
79.20277777777778,30.2675,748.0
79.20250000000001,30.2675,748.0
79.20222222222223,30.2675,747.0
79.20194444444445,30.2675,747.0
79.20166666666667,30.267222222222223,747.0
79.2013888888889,30.266944444444444,746.0
79.20111111111112,30.266944444444444,746.0
79.20083333333334,30.266944444444444,746.0
79.20055555555557,30.266944444444444,746.0
79.20027777777779,30.266944444444444,745.0
79.2,30.267222222222223,745.0
79.19972222222223,30.267222222222223,745.0
79.19944444444445,30.2675,744.0
79.19916666666667,30.2675,744.0
79.1988888888889,30.2675,744.0
79.19861111111112,30.2675,744.0
79.19833333333334,30.2675,743.0
79.19805555555557,30.267777777777777,743.0
79.19777777777779,30.267777777777777,743.0
79.1975,30.267777777777777,743.0
79.19722222222224,30.267777777777777,742.0
79.19694444444445,30.267777777777777,742.0
79.19666666666667,30.267777777777777,742.0
79.19638888888889,30.267777777777777,741.0
79.19611111111112,30.268055555555556,741.0
79.19583333333334,30.268055555555556,741.0
79.19555555555556,30.268333333333334,740.0
79.19527777777779,30.268333333333334,740.0
79.19500000000001,30.268333333333334,740.0
79.19472222222223,30.268333333333334,740.0
79.19444444444446,30.268333333333334,739.0
79.19416666666667,30.268333333333334,739.0
79.19388888888889,30.268333333333334,739.0
79.19361111111112,30.268055555555556,738.0
79.19333333333334,30.268055555555556,738.0
79.19305555555556,30.268055555555556,738.0
79.19277777777779,30.268055555555556,738.0
79.19250000000001,30.268055555555556,737.0
79.19222222222223,30.268055555555556,737.0
79.19194444444446,30.268333333333334,737.0
79.19166666666668,30.268611111111113,736.0
79.1913888888889,30.268611111111113,736.0
79.19111111111111,30.268611111111113,736.0
79.19083333333334,30.268611111111113,736.0
79.19055555555556,30.268611111111113,735.0
79.19027777777778,30.268611111111113,735.0
79.19000000000001,30.26888888888889,735.0
79.18972222222223,30.269166666666667,735.0
79.18944444444445,30.26944444444445,734.0
79.18916666666668,30.26972222222222,734.0
79.1888888888889,30.27,734.0
79.18861111111111,30.27,734.0
79.18833333333335,30.27027777777778,734.0
79.18805555555556,30.27027777777778,734.0
79.18777777777778,30.27027777777778,734.0
79.18750000000001,30.27027777777778,734.0
79.18722222222223,30.27027777777778,734.0
79.18694444444445,30.27,733.0
79.18666666666668,30.27,733.0
79.1863888888889,30.27,733.0
79.18611111111112,30.27,733.0
79.18583333333333,30.27,733.0
79.18555555555557,30.27,733.0
79.18527777777778,30.27,733.0
79.185,30.27,733.0
79.18472222222223,30.27,733.0
79.18444444444445,30.27,733.0
79.18416666666667,30.27,733.0
79.1838888888889,30.27,732.0
79.18361111111112,30.27,732.0
79.18333333333334,30.26972222222222,732.0
79.18305555555557,30.26972222222222,732.0
79.18277777777779,30.26972222222222,732.0
79.1825,30.26944444444445,732.0
79.18222222222224,30.26944444444445,732.0
79.18194444444445,30.26944444444445,732.0
79.18166666666667,30.26944444444445,732.0
79.1813888888889,30.269166666666667,732.0
79.18111111111112,30.269166666666667,732.0
79.18083333333334,30.269166666666667,731.0
79.18055555555556,30.26888888888889,731.0
79.18027777777779,30.26888888888889,731.0
79.18,30.26888888888889,731.0
79.17972222222222,30.268611111111113,731.0
79.17944444444446,30.268611111111113,731.0
79.17916666666667,30.268611111111113,731.0
79.17888888888889,30.268333333333334,731.0
79.17861111111112,30.268333333333334,731.0
79.17833333333334,30.268333333333334,731.0
79.17805555555556,30.268055555555556,730.0
79.17777777777779,30.268055555555556,730.0
79.17750000000001,30.268055555555556,730.0
79.17722222222223,30.268055555555556,730.0
79.17694444444446,30.268055555555556,730.0
79.17666666666668,30.268055555555556,730.0
79.1763888888889,30.268055555555556,730.0
79.17611111111113,30.268055555555556,730.0
79.17583333333334,30.268055555555556,730.0
79.17555555555556,30.268055555555556,730.0
79.17527777777778,30.268055555555556,729.0
79.17500000000001,30.268055555555556,729.0
79.17472222222223,30.268055555555556,729.0
79.17444444444445,30.268055555555556,729.0
79.17416666666668,30.268333333333334,729.0
79.1738888888889,30.268333333333334,729.0
79.17361111111111,30.268333333333334,729.0
79.17333333333335,30.268333333333334,729.0
79.17305555555556,30.268333333333334,729.0
79.17277777777778,30.268333333333334,728.0
79.17250000000001,30.268333333333334,728.0
79.17222222222223,30.268333333333334,728.0
79.17194444444445,30.268611111111113,728.0
79.17166666666668,30.26888888888889,728.0
79.1713888888889,30.269166666666667,728.0
79.17111111111112,30.26944444444445,727.0
79.17111111111112,30.26972222222222,727.0
79.17083333333335,30.27,727.0
79.17083333333335,30.27027777777778,727.0
79.17055555555557,30.270555555555557,727.0
79.17027777777778,30.270833333333332,727.0
79.17,30.27111111111111,727.0
79.16972222222223,30.27138888888889,726.0
79.16972222222223,30.27166666666667,726.0
79.16972222222223,30.271944444444443,726.0
79.16972222222223,30.272222222222226,726.0
79.16972222222223,30.2725,726.0
79.16972222222223,30.27277777777778,726.0
79.16944444444445,30.273055555555555,726.0
79.16916666666667,30.273333333333333,725.0
79.16916666666667,30.273611111111112,725.0
79.16916666666667,30.27388888888889,725.0
79.16916666666667,30.274166666666662,725.0
79.16916666666667,30.274444444444445,725.0
79.16916666666667,30.274722222222223,725.0
79.16916666666667,30.275,725.0
79.16916666666667,30.275277777777777,725.0
79.16916666666667,30.275555555555556,724.0
79.16916666666667,30.275833333333335,724.0
79.16916666666667,30.27611111111111,724.0
79.16916666666667,30.27638888888889,724.0
79.16916666666667,30.276666666666667,724.0
79.16916666666667,30.27694444444445,724.0
79.16944444444445,30.27722222222222,724.0
79.16972222222223,30.2775,723.0
79.17,30.2775,723.0
79.17027777777778,30.27777777777778,723.0
79.17055555555557,30.278055555555557,723.0
79.17083333333335,30.278333333333332,723.0
79.17111111111112,30.27861111111111,723.0
79.1713888888889,30.27888888888889,722.0
79.1713888888889,30.27916666666667,722.0
79.1713888888889,30.279444444444444,722.0
79.1713888888889,30.279722222222222,722.0
79.17166666666668,30.28,722.0
79.17166666666668,30.28027777777778,722.0
79.17166666666668,30.280555555555555,722.0
79.1713888888889,30.280833333333337,721.0
79.1713888888889,30.281111111111112,721.0
79.17111111111112,30.281388888888888,721.0
79.17083333333335,30.281666666666663,721.0
79.17055555555557,30.281944444444445,721.0
79.17027777777778,30.282222222222224,721.0
79.17,30.2825,720.0
79.16972222222223,30.2825,720.0
79.16944444444445,30.282777777777778,720.0
79.16916666666667,30.283055555555556,720.0
79.1688888888889,30.283333333333335,720.0
79.16861111111112,30.28361111111111,720.0
79.16833333333334,30.28388888888889,719.0
79.16833333333334,30.284166666666668,719.0
79.16833333333334,30.284444444444446,719.0
79.16833333333334,30.28472222222222,719.0
79.16833333333334,30.285,719.0
79.16805555555557,30.28527777777778,719.0
79.16777777777779,30.28555555555556,719.0
79.1675,30.285833333333333,718.0
79.1675,30.28611111111111,718.0
79.1675,30.28638888888889,718.0
79.16777777777779,30.28666666666667,718.0
79.16777777777779,30.286944444444444,718.0
79.16777777777779,30.287222222222223,718.0
79.1675,30.2875,717.0
79.1675,30.287777777777777,717.0
79.1675,30.288055555555555,717.0
79.1675,30.288333333333338,717.0
79.1675,30.288611111111113,717.0
79.1675,30.288888888888888,717.0
79.1675,30.289166666666667,716.0
79.1675,30.289444444444445,716.0
79.1675,30.289722222222224,716.0
79.1675,30.29,716.0
79.1675,30.290277777777774,716.0
79.1675,30.290555555555557,715.0
79.1675,30.290833333333335,715.0
79.1675,30.29111111111111,715.0
79.1675,30.29138888888889,715.0
79.1675,30.291666666666668,715.0
79.1675,30.291944444444447,715.0
79.1675,30.29222222222222,714.0
79.1675,30.2925,714.0
79.16722222222224,30.29277777777778,714.0
79.16694444444445,30.29305555555555,714.0
79.16666666666667,30.293333333333333,713.0
79.1663888888889,30.293333333333333,713.0
79.16611111111112,30.293333333333333,713.0
79.16583333333334,30.293333333333333,713.0
79.16555555555556,30.293333333333333,713.0
79.16527777777779,30.293333333333333,713.0
79.165,30.293333333333333,712.0
79.16472222222222,30.29361111111111,712.0
79.16444444444446,30.29361111111111,712.0
79.16416666666667,30.29361111111111,712.0
79.16388888888889,30.29361111111111,712.0
79.16361111111112,30.29361111111111,712.0
79.16333333333334,30.29361111111111,712.0
79.16305555555556,30.29361111111111,711.0
79.16277777777779,30.29361111111111,711.0
79.16250000000001,30.29361111111111,711.0
79.16222222222223,30.29361111111111,711.0
79.16194444444446,30.29361111111111,711.0
79.16166666666668,30.293333333333333,710.0
79.1613888888889,30.293333333333333,710.0
79.16111111111113,30.293333333333333,710.0
79.16083333333334,30.293333333333333,710.0
79.16055555555556,30.293333333333333,710.0
79.1602777777778,30.293333333333333,710.0
79.16000000000001,30.293333333333333,710.0
79.15972222222223,30.293333333333333,710.0
79.15944444444445,30.293333333333333,709.0
79.15916666666668,30.293333333333333,709.0
79.1588888888889,30.293333333333333,709.0
79.15861111111111,30.29361111111111,709.0
79.15833333333335,30.29388888888889,709.0
79.15805555555556,30.294166666666666,709.0
79.15777777777778,30.294444444444444,709.0
79.15750000000001,30.294722222222223,709.0
79.15722222222223,30.295,708.0
79.15722222222223,30.295277777777777,708.0
79.15722222222223,30.295555555555556,708.0
79.15722222222223,30.295833333333334,708.0
79.15694444444445,30.296111111111113,708.0
79.15666666666668,30.296388888888888,708.0
79.1563888888889,30.296388888888888,708.0
79.15611111111112,30.296666666666667,708.0
79.15583333333335,30.296666666666667,708.0
79.15555555555557,30.296666666666667,707.0
79.15527777777778,30.296666666666667,707.0
79.155,30.296666666666667,707.0
79.15472222222223,30.296666666666667,707.0
79.15444444444445,30.296666666666667,707.0
79.15416666666667,30.296666666666667,707.0
79.1538888888889,30.296666666666667,707.0
79.15361111111112,30.296388888888888,707.0
79.15333333333334,30.296111111111113,707.0
79.15305555555557,30.295833333333334,706.0
79.15305555555557,30.295555555555556,706.0
79.15305555555557,30.295277777777777,706.0
79.15277777777779,30.295,706.0
79.1525,30.294722222222223,706.0
79.15222222222224,30.294444444444444,706.0
79.15194444444445,30.294444444444444,706.0
79.15166666666667,30.294444444444444,706.0
79.1513888888889,30.294166666666666,706.0
79.15111111111112,30.294166666666666,705.0
79.15083333333334,30.294166666666666,705.0
79.15055555555557,30.294166666666666,705.0
79.15027777777779,30.294166666666666,705.0
79.15,30.294166666666666,705.0
79.14972222222222,30.294166666666666,705.0
79.14944444444446,30.294166666666666,705.0
79.14916666666667,30.29388888888889,705.0
79.14888888888889,30.29388888888889,705.0
79.14861111111112,30.29361111111111,705.0
79.14833333333334,30.293333333333333,704.0
79.14805555555556,30.293333333333333,704.0
79.14777777777779,30.293333333333333,704.0
79.14750000000001,30.29305555555555,704.0
79.14722222222223,30.29305555555555,704.0
79.14694444444446,30.29305555555555,704.0
79.14666666666668,30.29305555555555,704.0
79.1463888888889,30.29305555555555,704.0
79.14611111111113,30.29277777777778,704.0
79.14583333333334,30.29277777777778,704.0
79.14555555555556,30.2925,703.0
79.14527777777779,30.2925,703.0
79.14500000000001,30.29222222222222,703.0
79.14472222222223,30.291944444444447,703.0
79.14444444444445,30.291666666666668,703.0
79.14416666666668,30.29138888888889,703.0
79.1438888888889,30.29111111111111,703.0
79.14361111111111,30.290833333333335,702.0
79.14361111111111,30.290555555555557,702.0
79.14361111111111,30.290277777777774,702.0
79.14361111111111,30.29,702.0
79.14333333333335,30.289722222222224,702.0
79.14333333333335,30.289444444444445,702.0
79.14333333333335,30.289166666666667,702.0
79.14305555555556,30.288888888888888,702.0
79.14305555555556,30.288611111111113,702.0
79.14277777777778,30.288333333333338,701.0
79.14250000000001,30.288055555555555,701.0
79.14250000000001,30.287777777777777,701.0
79.14250000000001,30.2875,701.0
79.14250000000001,30.287222222222223,701.0
79.14222222222223,30.286944444444444,701.0
79.14194444444445,30.28666666666667,701.0
79.14166666666668,30.28666666666667,701.0
79.1413888888889,30.28638888888889,701.0
79.14111111111112,30.28611111111111,700.0
79.14083333333335,30.28611111111111,700.0
79.14055555555557,30.28611111111111,700.0
79.14027777777778,30.28611111111111,700.0
79.14000000000001,30.285833333333333,700.0
79.13972222222223,30.285833333333333,700.0
79.13944444444445,30.285833333333333,700.0
79.13916666666667,30.285833333333333,700.0
79.1388888888889,30.285833333333333,700.0
79.13861111111112,30.28555555555556,700.0
79.13833333333334,30.28527777777778,700.0
79.13805555555557,30.28527777777778,699.0
79.13777777777779,30.28527777777778,699.0
79.1375,30.28527777777778,699.0
79.13722222222223,30.28527777777778,699.0
79.13694444444445,30.28527777777778,699.0
79.13666666666667,30.28527777777778,699.0
79.1363888888889,30.28527777777778,699.0
79.13611111111112,30.28527777777778,699.0
79.13583333333334,30.28527777777778,699.0
79.13555555555557,30.28527777777778,699.0
79.13527777777779,30.28527777777778,699.0
79.135,30.28527777777778,698.0
79.13472222222224,30.28527777777778,698.0
79.13444444444445,30.28527777777778,698.0
79.13416666666667,30.28555555555556,698.0
79.13388888888889,30.28555555555556,698.0
79.13361111111112,30.285833333333333,698.0
79.13333333333334,30.28611111111111,698.0
79.13305555555556,30.28638888888889,698.0
79.13277777777779,30.28666666666667,697.0
79.13250000000001,30.28666666666667,697.0
79.13222222222223,30.286944444444444,697.0
79.13194444444446,30.287222222222223,697.0
79.13166666666667,30.2875,697.0
79.13138888888889,30.287777777777777,697.0
79.13111111111112,30.287777777777777,697.0
79.13083333333334,30.288055555555555,697.0
79.13055555555556,30.288333333333338,696.0
79.13027777777779,30.288333333333338,696.0
79.13000000000001,30.288333333333338,696.0
79.12972222222223,30.288333333333338,696.0
79.12944444444446,30.288333333333338,696.0
79.12916666666668,30.288333333333338,696.0
79.1288888888889,30.288333333333338,696.0
79.12861111111111,30.288333333333338,696.0
79.12833333333334,30.288333333333338,696.0
79.12805555555556,30.288611111111113,696.0
79.12777777777778,30.288611111111113,696.0
79.12750000000001,30.288611111111113,695.0
79.12722222222223,30.288611111111113,695.0
79.12694444444445,30.288611111111113,695.0
79.12666666666668,30.288611111111113,695.0
79.1263888888889,30.288611111111113,695.0
79.12611111111111,30.288611111111113,695.0
79.12583333333335,30.288888888888888,695.0
79.12555555555556,30.288888888888888,695.0
79.12527777777778,30.288888888888888,695.0
79.12500000000001,30.288888888888888,695.0
79.12472222222223,30.288888888888888,695.0
79.12444444444445,30.288888888888888,694.0
79.12416666666668,30.288888888888888,694.0
79.1238888888889,30.288888888888888,694.0
79.12361111111112,30.289166666666667,694.0
79.12333333333333,30.289166666666667,694.0
79.12305555555557,30.289166666666667,694.0
79.12277777777778,30.289166666666667,694.0
79.1225,30.289166666666667,694.0
79.12222222222223,30.289166666666667,694.0
79.12194444444445,30.289444444444445,694.0
79.12166666666667,30.289444444444445,694.0
79.1213888888889,30.289722222222224,693.0
79.1213888888889,30.29,693.0
79.12111111111112,30.290277777777774,693.0
79.12083333333334,30.290555555555557,693.0
79.12055555555557,30.290833333333335,693.0
79.12027777777779,30.29111111111111,693.0
79.12027777777779,30.29138888888889,693.0
79.12,30.291666666666668,693.0
79.12,30.291944444444447,692.0
79.12,30.29222222222222,692.0
79.12,30.2925,692.0
79.12,30.29277777777778,692.0
79.12,30.29305555555555,692.0
79.12,30.293333333333333,692.0
79.12,30.29361111111111,692.0
79.12,30.29388888888889,692.0
79.12,30.294166666666666,692.0
79.12,30.294444444444444,692.0
79.12,30.294722222222223,691.0
79.12,30.295,691.0
79.12,30.295277777777777,691.0
79.11972222222224,30.295555555555556,691.0
79.11972222222224,30.295833333333334,691.0
79.11972222222224,30.296111111111113,691.0
79.11972222222224,30.296388888888888,691.0
79.11944444444445,30.296666666666667,691.0
79.11916666666667,30.29694444444445,690.0
79.11916666666667,30.297222222222224,690.0
79.11916666666667,30.2975,690.0
79.11916666666667,30.297777777777775,690.0
79.11916666666667,30.298055555555557,690.0
79.11916666666667,30.298333333333332,690.0
79.11916666666667,30.29861111111111,690.0
79.11916666666667,30.29888888888889,690.0
79.1188888888889,30.299166666666668,690.0
79.1188888888889,30.299444444444443,690.0
79.1188888888889,30.299722222222226,689.0
79.1188888888889,30.3,689.0
79.1188888888889,30.30027777777778,689.0
79.1188888888889,30.300555555555555,689.0
79.1188888888889,30.300833333333333,689.0
79.1188888888889,30.301111111111112,689.0
79.11916666666667,30.30138888888889,689.0
79.11916666666667,30.301666666666662,689.0
79.11944444444445,30.301944444444445,688.0
79.11944444444445,30.302222222222223,688.0
79.11944444444445,30.3025,688.0
79.11944444444445,30.302777777777777,688.0
79.11944444444445,30.303055555555556,688.0
79.11972222222224,30.303333333333335,688.0
79.11972222222224,30.30361111111111,688.0
79.11972222222224,30.30388888888889,687.0
79.11944444444445,30.304166666666667,687.0
79.11916666666667,30.30444444444445,687.0
79.1188888888889,30.30472222222222,687.0
79.11861111111112,30.30472222222222,687.0
79.11833333333334,30.30472222222222,687.0
79.11805555555556,30.305,686.0
79.11777777777779,30.305,686.0
79.1175,30.305,686.0
79.11722222222222,30.305,686.0
79.11694444444446,30.305,686.0
79.11666666666667,30.305,686.0
79.11638888888889,30.305,686.0
79.11611111111112,30.30472222222222,685.0
79.11583333333334,30.30472222222222,685.0
79.11555555555556,30.30472222222222,685.0
79.11527777777779,30.30472222222222,685.0
79.11500000000001,30.30444444444445,685.0
79.11472222222223,30.304166666666667,685.0
79.11444444444446,30.30388888888889,685.0
79.11416666666668,30.30361111111111,684.0
79.1138888888889,30.30361111111111,684.0
79.11361111111113,30.30361111111111,684.0
79.11333333333334,30.30361111111111,684.0
79.11305555555556,30.30361111111111,684.0
79.11277777777778,30.30361111111111,684.0
79.11250000000001,30.30361111111111,684.0
79.11222222222223,30.303333333333335,684.0
79.11194444444445,30.303333333333335,683.0
79.11166666666668,30.303333333333335,683.0
79.1113888888889,30.303333333333335,683.0
79.11111111111111,30.303333333333335,683.0
79.11083333333335,30.303333333333335,683.0
79.11055555555556,30.303333333333335,683.0
79.11027777777778,30.303333333333335,683.0
79.11000000000001,30.303333333333335,683.0
79.10972222222223,30.303333333333335,682.0
79.10944444444445,30.303055555555556,682.0
79.10916666666668,30.303055555555556,682.0
79.1088888888889,30.303055555555556,682.0
79.10861111111112,30.303055555555556,682.0
79.10833333333335,30.302777777777777,682.0
79.10805555555557,30.3025,682.0
79.10777777777778,30.302222222222223,681.0
79.1075,30.302222222222223,681.0
79.10722222222223,30.302222222222223,681.0
79.10694444444445,30.302222222222223,681.0
79.10666666666667,30.302222222222223,681.0
79.1063888888889,30.302222222222223,681.0
79.10611111111112,30.302222222222223,681.0
79.10583333333334,30.302222222222223,681.0
79.10555555555557,30.302222222222223,680.0
79.10527777777779,30.302222222222223,680.0
79.105,30.302222222222223,680.0
79.10472222222224,30.3025,680.0
79.10472222222224,30.302777777777777,680.0
79.10472222222224,30.303055555555556,680.0
79.10472222222224,30.303333333333335,679.0
79.10472222222224,30.30361111111111,679.0
79.10444444444445,30.30388888888889,679.0
79.10444444444445,30.304166666666667,679.0
79.10416666666667,30.30444444444445,679.0
79.1038888888889,30.30472222222222,678.0
79.1038888888889,30.305,678.0
79.10361111111112,30.30527777777778,678.0
79.10333333333334,30.305555555555557,678.0
79.10305555555556,30.305833333333332,678.0
79.10277777777779,30.305833333333332,678.0
79.1025,30.30611111111111,677.0
79.10222222222222,30.30611111111111,677.0
79.10194444444446,30.30638888888889,677.0
79.10166666666667,30.30666666666667,677.0
79.10138888888889,30.306944444444444,677.0
79.10111111111112,30.307222222222222,677.0
79.10083333333334,30.3075,676.0
79.10055555555556,30.3075,676.0
79.10027777777779,30.3075,676.0
79.10000000000001,30.3075,676.0
79.09972222222223,30.3075,676.0
79.09944444444446,30.3075,676.0
79.09916666666668,30.3075,676.0
79.0988888888889,30.307222222222222,675.0
79.0988888888889,30.306944444444444,675.0
79.09861111111113,30.30666666666667,675.0
79.09861111111113,30.30638888888889,675.0
79.09833333333334,30.30611111111111,675.0
79.09833333333334,30.305833333333332,675.0
79.09833333333334,30.305555555555557,674.0
79.09833333333334,30.30527777777778,674.0
79.09833333333334,30.305,674.0
79.09833333333334,30.30472222222222,674.0
79.09833333333334,30.30444444444445,674.0
79.09833333333334,30.304166666666667,674.0
79.09833333333334,30.30388888888889,674.0
79.09833333333334,30.30361111111111,673.0
79.09833333333334,30.303333333333335,673.0
79.09833333333334,30.303055555555556,673.0
79.09833333333334,30.302777777777777,673.0
79.09805555555556,30.3025,673.0
79.0977777777778,30.302222222222223,673.0
79.09750000000001,30.301944444444445,672.0
79.09722222222223,30.301944444444445,672.0
79.09694444444445,30.301944444444445,672.0
79.09666666666668,30.301944444444445,672.0
79.0963888888889,30.301666666666662,672.0
79.09611111111111,30.301666666666662,672.0
79.09583333333335,30.30138888888889,672.0
79.09555555555556,30.30138888888889,671.0
79.09527777777778,30.30138888888889,671.0
79.09500000000001,30.301111111111112,671.0
79.09472222222223,30.301111111111112,671.0
79.09444444444445,30.301111111111112,671.0
79.09416666666668,30.300833333333333,671.0
79.0938888888889,30.300833333333333,671.0
79.09361111111112,30.300833333333333,670.0
79.09333333333335,30.300833333333333,670.0
79.09305555555557,30.300833333333333,670.0
79.09277777777778,30.300833333333333,670.0
79.0925,30.300833333333333,670.0
79.09222222222223,30.300833333333333,670.0
79.09194444444445,30.300555555555555,670.0
79.09166666666667,30.30027777777778,669.0
79.0913888888889,30.30027777777778,669.0
79.09111111111112,30.30027777777778,669.0
79.09083333333334,30.3,669.0
79.09055555555557,30.299722222222226,669.0
79.09027777777779,30.299444444444443,669.0
79.09,30.299166666666668,668.0
79.09,30.29888888888889,668.0
79.08972222222224,30.29861111111111,668.0
79.08944444444445,30.298333333333332,668.0
79.08916666666667,30.298055555555557,668.0
79.0888888888889,30.297777777777775,667.0
79.08861111111112,30.297777777777775,667.0
79.08833333333334,30.2975,667.0
79.08805555555557,30.297222222222224,667.0
79.08777777777779,30.29694444444445,667.0
79.0875,30.29694444444445,667.0
79.08722222222222,30.29694444444445,667.0
79.08694444444446,30.296666666666667,666.0
79.08666666666667,30.296666666666667,666.0
79.08638888888889,30.296388888888888,666.0
79.08611111111112,30.296388888888888,666.0
79.08583333333334,30.296388888888888,666.0
79.08555555555556,30.296111111111113,666.0
79.08527777777779,30.296111111111113,666.0
79.08500000000001,30.296111111111113,665.0
79.08472222222223,30.296111111111113,665.0
79.08444444444446,30.295833333333334,665.0
79.08416666666668,30.295833333333334,665.0
79.0838888888889,30.295833333333334,665.0
79.08361111111113,30.295833333333334,665.0
79.08333333333334,30.295555555555556,665.0
79.08305555555556,30.295555555555556,664.0
79.08277777777779,30.295555555555556,664.0
79.08250000000001,30.295555555555556,664.0
79.08222222222223,30.295555555555556,664.0
79.08194444444445,30.295555555555556,664.0
79.08166666666668,30.295555555555556,664.0
79.0813888888889,30.295277777777777,664.0
79.08111111111111,30.295277777777777,664.0
79.08083333333335,30.295277777777777,663.0
79.08055555555556,30.295277777777777,663.0
79.08027777777778,30.295277777777777,663.0
79.08000000000001,30.295277777777777,663.0
79.07972222222223,30.295277777777777,663.0
79.07944444444445,30.295277777777777,663.0
79.07916666666668,30.295277777777777,663.0
79.0788888888889,30.295555555555556,662.0
79.07861111111112,30.295555555555556,662.0
79.07833333333335,30.295555555555556,662.0
79.07805555555557,30.295555555555556,662.0
79.07777777777778,30.295555555555556,662.0
79.07750000000001,30.295833333333334,662.0
79.07722222222223,30.295833333333334,662.0
79.07694444444445,30.295833333333334,662.0
79.07666666666667,30.296111111111113,662.0
79.0763888888889,30.296111111111113,662.0
79.07611111111112,30.296388888888888,662.0
79.07583333333334,30.296388888888888,662.0
79.07555555555557,30.296388888888888,662.0
79.07527777777779,30.296388888888888,662.0
79.075,30.296388888888888,662.0
79.07472222222223,30.296388888888888,662.0
79.07444444444445,30.296388888888888,661.0
79.07416666666667,30.296388888888888,661.0
79.0738888888889,30.296388888888888,661.0
79.07361111111112,30.296388888888888,661.0
79.07333333333334,30.296388888888888,661.0
79.07305555555557,30.296388888888888,661.0
79.07277777777779,30.296388888888888,661.0
79.0725,30.296388888888888,661.0
79.07222222222224,30.296666666666667,661.0
79.07194444444445,30.296666666666667,661.0
79.07166666666667,30.296666666666667,661.0
79.07138888888889,30.296666666666667,661.0
79.07111111111112,30.296666666666667,661.0
79.07083333333334,30.296666666666667,661.0
79.07055555555556,30.296666666666667,661.0
79.07027777777779,30.296666666666667,661.0
79.07000000000001,30.296666666666667,661.0
79.06972222222223,30.296666666666667,661.0
79.06944444444446,30.29694444444445,660.0
79.06944444444446,30.297222222222224,660.0
79.06916666666667,30.2975,660.0
79.06888888888889,30.297777777777775,660.0
79.06888888888889,30.298055555555557,660.0
79.06888888888889,30.298333333333332,660.0
79.06861111111112,30.29861111111111,660.0
79.06833333333334,30.29888888888889,660.0
79.06805555555556,30.299166666666668,660.0
79.06777777777779,30.299444444444443,660.0
79.06750000000001,30.299722222222226,660.0
79.06722222222223,30.3,659.0
79.06722222222223,30.30027777777778,659.0
79.06722222222223,30.300555555555555,658.0
79.06722222222223,30.300833333333333,658.0
79.06722222222223,30.301111111111112,658.0
79.06722222222223,30.30138888888889,658.0
79.06722222222223,30.301666666666662,657.0
79.06694444444446,30.301666666666662,657.0
79.06666666666668,30.301944444444445,657.0
79.0663888888889,30.301944444444445,657.0
79.06611111111111,30.302222222222223,657.0
79.06583333333334,30.302222222222223,657.0
79.06555555555556,30.302222222222223,657.0
79.06527777777778,30.302222222222223,656.0
79.06500000000001,30.301944444444445,656.0
79.06472222222223,30.301944444444445,656.0
79.06444444444445,30.301944444444445,656.0
79.06416666666668,30.301944444444445,656.0
79.0638888888889,30.301666666666662,656.0
79.06361111111111,30.30138888888889,655.0
79.06333333333335,30.301111111111112,655.0
79.06305555555556,30.300833333333333,655.0
79.06277777777778,30.300555555555555,655.0
79.06250000000001,30.30027777777778,655.0
79.06222222222223,30.30027777777778,655.0
79.06194444444445,30.30027777777778,654.0
79.06166666666668,30.30027777777778,654.0
79.0613888888889,30.30027777777778,654.0
79.06111111111112,30.30027777777778,654.0
79.06083333333333,30.30027777777778,654.0
79.06055555555557,30.30027777777778,654.0
79.06027777777778,30.3,654.0
79.06,30.299722222222226,653.0
79.05972222222223,30.299722222222226,653.0
79.05944444444445,30.299444444444443,653.0
79.05916666666667,30.299444444444443,653.0
79.0588888888889,30.299166666666668,653.0
79.05861111111112,30.299166666666668,653.0
79.05833333333334,30.299166666666668,653.0
79.05805555555557,30.29888888888889,653.0
79.05777777777779,30.29888888888889,652.0
79.0575,30.29888888888889,652.0
79.05722222222224,30.29888888888889,652.0
79.05694444444445,30.29888888888889,652.0
79.05666666666667,30.29888888888889,652.0
79.0563888888889,30.29888888888889,652.0
79.05611111111112,30.29861111111111,652.0
79.05583333333334,30.29861111111111,652.0
79.05555555555556,30.29861111111111,652.0
79.05527777777779,30.29861111111111,652.0
79.055,30.29888888888889,651.0
79.05472222222222,30.29888888888889,651.0
79.05444444444446,30.299166666666668,651.0
79.05416666666667,30.299444444444443,651.0
79.05388888888889,30.299722222222226,651.0
79.05361111111112,30.3,651.0
79.05361111111112,30.30027777777778,651.0
79.05333333333334,30.300555555555555,651.0
79.05333333333334,30.300833333333333,650.0
79.05305555555556,30.300833333333333,650.0
79.05277777777779,30.301111111111112,650.0
79.05250000000001,30.30138888888889,650.0
79.05222222222223,30.30138888888889,650.0
79.05194444444446,30.301666666666662,650.0
79.05166666666668,30.301666666666662,650.0
79.0513888888889,30.301944444444445,650.0
79.05111111111113,30.302222222222223,649.0
79.05111111111113,30.3025,649.0
79.05083333333334,30.302777777777777,649.0
79.05083333333334,30.303055555555556,649.0
79.05055555555556,30.303333333333335,649.0
79.05055555555556,30.30361111111111,649.0
79.05027777777778,30.30388888888889,649.0
79.05000000000001,30.304166666666667,648.0
79.04972222222223,30.30444444444445,648.0
79.04944444444445,30.30472222222222,648.0
79.04916666666668,30.305,648.0
79.04916666666668,30.30527777777778,648.0
79.0488888888889,30.305555555555557,648.0
79.0488888888889,30.305833333333332,648.0
79.0488888888889,30.30611111111111,648.0
79.0488888888889,30.30638888888889,647.0
79.0488888888889,30.30666666666667,647.0
79.04916666666668,30.306944444444444,647.0
79.04916666666668,30.307222222222222,647.0
79.04916666666668,30.3075,647.0
79.04916666666668,30.30777777777778,647.0
79.04916666666668,30.308055555555555,647.0
79.04916666666668,30.308333333333337,647.0
79.04916666666668,30.308611111111112,646.0
79.04916666666668,30.30888888888889,646.0
79.04916666666668,30.309166666666663,646.0
79.0488888888889,30.309444444444445,646.0
79.04861111111111,30.309444444444445,646.0
79.04833333333335,30.309722222222224,646.0
79.04805555555556,30.309722222222224,646.0
79.04777777777778,30.309722222222224,646.0
79.04750000000001,30.309722222222224,646.0
79.04722222222223,30.309722222222224,645.0
79.04694444444445,30.309722222222224,645.0
79.04666666666668,30.309722222222224,645.0
79.0463888888889,30.309722222222224,645.0
79.04611111111112,30.309722222222224,645.0
79.04583333333335,30.309722222222224,645.0
79.04555555555557,30.309722222222224,645.0
79.04527777777778,30.309722222222224,645.0
79.045,30.309722222222224,645.0
79.04472222222223,30.31,644.0
79.04444444444445,30.31,644.0
79.04416666666667,30.31,644.0
79.0438888888889,30.310277777777777,644.0
79.04361111111112,30.310277777777777,644.0
79.04333333333334,30.310555555555556,644.0
79.04305555555557,30.310833333333335,644.0
79.04277777777779,30.31111111111111,644.0
79.0425,30.31138888888889,643.0
79.04222222222224,30.31138888888889,643.0
79.04194444444445,30.31138888888889,643.0
79.04166666666667,30.31138888888889,643.0
79.0413888888889,30.31138888888889,643.0
79.04111111111112,30.31138888888889,643.0
79.04083333333334,30.31138888888889,643.0
79.04055555555556,30.31138888888889,643.0
79.04027777777779,30.31138888888889,643.0
79.04,30.31138888888889,643.0
79.03972222222222,30.31111111111111,642.0
79.03944444444446,30.31111111111111,642.0
79.03916666666667,30.31111111111111,642.0
79.03888888888889,30.31111111111111,642.0
79.03861111111112,30.31111111111111,642.0
79.03833333333334,30.31111111111111,642.0
79.03805555555556,30.310833333333335,642.0
79.03777777777779,30.310555555555556,642.0
79.03750000000001,30.310277777777777,642.0
79.03722222222223,30.31,641.0
79.03694444444446,30.31,641.0
79.03666666666668,30.31,641.0
79.0363888888889,30.309722222222224,641.0
79.03611111111113,30.309444444444445,641.0
79.03583333333334,30.309166666666663,641.0
79.03555555555556,30.30888888888889,641.0
79.03527777777778,30.308611111111112,640.0
79.03527777777778,30.308333333333337,640.0
79.03500000000001,30.308055555555555,640.0
79.03472222222223,30.30777777777778,640.0
79.03444444444445,30.3075,640.0
79.03416666666668,30.307222222222222,640.0
79.0338888888889,30.306944444444444,640.0
79.03361111111111,30.30666666666667,639.0
79.03333333333335,30.30638888888889,639.0
79.03305555555556,30.30611111111111,639.0
79.03277777777778,30.305833333333332,639.0
79.03250000000001,30.305833333333332,639.0
79.03222222222223,30.305555555555557,639.0
79.03194444444445,30.305555555555557,639.0
79.03166666666668,30.30527777777778,638.0
79.0313888888889,30.30527777777778,638.0
79.03111111111112,30.305,638.0
79.03083333333335,30.305,638.0
79.03055555555557,30.305,638.0
79.03027777777778,30.305,638.0
79.03,30.30472222222222,638.0
79.02972222222223,30.30444444444445,638.0
79.02944444444445,30.304166666666667,637.0
79.02916666666667,30.304166666666667,637.0
79.0288888888889,30.30388888888889,637.0
79.02861111111112,30.30361111111111,637.0
79.02833333333334,30.30361111111111,637.0
79.02805555555557,30.303333333333335,637.0
79.02777777777779,30.303055555555556,637.0
79.0275,30.303055555555556,637.0
79.02722222222224,30.303055555555556,636.0
79.02694444444445,30.303055555555556,636.0
79.02666666666667,30.303055555555556,636.0
79.0263888888889,30.303055555555556,636.0
79.02611111111112,30.303055555555556,636.0
79.02583333333334,30.303055555555556,636.0
79.02555555555557,30.303055555555556,636.0
79.02527777777779,30.303055555555556,636.0
79.025,30.303055555555556,636.0
79.02472222222222,30.302777777777777,636.0
79.02444444444446,30.302777777777777,635.0
79.02416666666667,30.3025,635.0
79.02388888888889,30.3025,635.0
79.02361111111112,30.3025,635.0
79.02333333333334,30.302222222222223,635.0
79.02305555555556,30.302222222222223,635.0
79.02277777777779,30.301944444444445,635.0
79.02250000000001,30.301944444444445,635.0
79.02222222222223,30.301944444444445,635.0
79.02194444444446,30.301944444444445,634.0
79.02166666666668,30.301944444444445,634.0
79.0213888888889,30.301666666666662,634.0
79.02111111111113,30.301666666666662,634.0
79.02083333333334,30.301666666666662,634.0
79.02055555555556,30.30138888888889,634.0
79.02027777777779,30.301111111111112,634.0
79.02000000000001,30.300833333333333,634.0
79.01972222222223,30.300555555555555,633.0
79.01944444444445,30.300555555555555,633.0
79.01916666666668,30.300555555555555,633.0
79.0188888888889,30.300555555555555,633.0
79.01861111111111,30.30027777777778,633.0
79.01833333333335,30.3,633.0
79.01805555555556,30.3,633.0
79.01777777777778,30.299722222222226,633.0
79.01750000000001,30.299722222222226,633.0
79.01722222222223,30.299722222222226,632.0
79.01694444444445,30.299722222222226,632.0
79.01666666666668,30.299722222222226,632.0
79.0163888888889,30.299722222222226,632.0
79.01611111111112,30.299722222222226,632.0
79.01583333333335,30.299722222222226,632.0
79.01555555555557,30.3,632.0
79.01527777777778,30.3,632.0
79.01500000000001,30.3,632.0
79.01472222222223,30.3,631.0
79.01444444444445,30.3,631.0
79.01416666666667,30.3,631.0
79.0138888888889,30.3,631.0
79.01361111111112,30.3,631.0
79.01333333333334,30.3,631.0
79.01305555555557,30.3,631.0
79.01277777777779,30.3,631.0
79.0125,30.3,631.0
79.01222222222223,30.30027777777778,631.0
79.01194444444445,30.30027777777778,630.0
79.01194444444445,30.300555555555555,630.0
79.01166666666667,30.300833333333333,630.0
79.0113888888889,30.301111111111112,630.0
79.01111111111112,30.30138888888889,630.0
79.01083333333334,30.301666666666662,630.0
79.01055555555557,30.301944444444445,630.0
79.01027777777779,30.301944444444445,629.0
79.01,30.301944444444445,629.0
79.00972222222224,30.301944444444445,629.0
79.00944444444445,30.301944444444445,629.0
79.00916666666667,30.301944444444445,629.0
79.00888888888889,30.301944444444445,629.0
79.00861111111112,30.301944444444445,629.0
79.00833333333334,30.301944444444445,629.0
79.00805555555556,30.301944444444445,629.0
79.00777777777779,30.301944444444445,629.0
79.00750000000001,30.301944444444445,628.0
79.00722222222223,30.301944444444445,628.0
79.00694444444446,30.301944444444445,628.0
79.00666666666667,30.301944444444445,628.0
79.00638888888889,30.301944444444445,628.0
79.00611111111112,30.301666666666662,628.0
79.00583333333334,30.301666666666662,628.0
79.00555555555556,30.301666666666662,628.0
79.00527777777779,30.301666666666662,628.0
79.00500000000001,30.301666666666662,627.0
79.00472222222223,30.301666666666662,627.0
79.00444444444446,30.301944444444445,627.0
79.00416666666668,30.301944444444445,627.0
79.0038888888889,30.301944444444445,627.0
79.00361111111111,30.301944444444445,627.0
79.00333333333334,30.301944444444445,627.0
79.00305555555556,30.301944444444445,627.0
79.00277777777778,30.302222222222223,627.0
79.00250000000001,30.3025,626.0
79.00222222222223,30.3025,626.0
79.00194444444445,30.3025,626.0
79.00166666666668,30.3025,626.0
79.0013888888889,30.3025,626.0
79.00111111111111,30.3025,626.0
79.00083333333335,30.3025,626.0
79.00055555555556,30.3025,626.0
79.00027777777778,30.302777777777777,626.0
79.00000000000001,30.302777777777777,626.0
78.99972222222223,30.302777777777777,626.0
78.99944444444445,30.303055555555556,626.0
78.99916666666668,30.303055555555556,626.0
78.9988888888889,30.303333333333335,626.0
78.99861111111112,30.303333333333335,625.0
78.99833333333333,30.303333333333335,625.0
78.99805555555557,30.303333333333335,625.0
78.99777777777778,30.303333333333335,625.0
78.9975,30.303333333333335,625.0
78.99722222222223,30.303333333333335,625.0
78.99694444444445,30.303333333333335,625.0
78.99666666666667,30.303333333333335,625.0
78.9963888888889,30.303333333333335,625.0
78.99611111111112,30.303333333333335,624.0
78.99583333333334,30.303333333333335,624.0
78.99555555555557,30.303333333333335,624.0
78.99527777777779,30.303055555555556,624.0
78.995,30.303055555555556,624.0
78.99472222222224,30.303055555555556,624.0
78.99444444444445,30.302777777777777,624.0
78.99416666666667,30.3025,624.0
78.9938888888889,30.302222222222223,623.0
78.99361111111112,30.301944444444445,623.0
78.99361111111112,30.301666666666662,623.0
78.99361111111112,30.30138888888889,623.0
78.99361111111112,30.301111111111112,623.0
78.99333333333334,30.300833333333333,623.0
78.99305555555556,30.300555555555555,623.0
78.99305555555556,30.30027777777778,622.0
78.99277777777779,30.3,622.0
78.9925,30.299722222222226,622.0
78.99222222222222,30.299444444444443,622.0
78.99194444444446,30.299166666666668,622.0
78.99166666666667,30.29888888888889,622.0
78.99138888888889,30.29861111111111,621.0
78.99138888888889,30.298333333333332,621.0
78.99111111111112,30.298055555555557,621.0
78.99083333333334,30.297777777777775,621.0
78.99055555555556,30.2975,621.0
78.99027777777779,30.297222222222224,621.0
78.99000000000001,30.29694444444445,620.0
78.99000000000001,30.296666666666667,620.0
78.99000000000001,30.296388888888888,620.0
78.98972222222223,30.296111111111113,620.0
78.98944444444446,30.295833333333334,620.0
78.98916666666668,30.295555555555556,620.0
78.9888888888889,30.295277777777777,620.0
78.98861111111113,30.295,620.0
78.98833333333334,30.294722222222223,619.0
78.98833333333334,30.294444444444444,619.0
78.98833333333334,30.294166666666666,619.0
78.98805555555556,30.29388888888889,619.0
78.98805555555556,30.29361111111111,619.0
78.98777777777778,30.293333333333333,619.0
78.98750000000001,30.29305555555555,619.0
78.98722222222223,30.29277777777778,618.0
78.98722222222223,30.2925,618.0
78.98722222222223,30.29222222222222,618.0
78.98722222222223,30.291944444444447,618.0
78.98722222222223,30.291666666666668,618.0
78.98722222222223,30.29138888888889,618.0
78.98694444444445,30.29111111111111,618.0
78.98666666666668,30.290833333333335,618.0
78.9863888888889,30.290555555555557,617.0
78.9863888888889,30.290277777777774,617.0
78.9863888888889,30.29,617.0
78.9863888888889,30.289722222222224,617.0
78.9863888888889,30.289444444444445,617.0
78.98611111111111,30.289166666666667,617.0
78.98583333333335,30.288888888888888,617.0
78.98555555555556,30.288611111111113,616.0
78.98527777777778,30.288333333333338,616.0
78.98500000000001,30.288055555555555,616.0
78.98472222222223,30.287777777777777,616.0
78.98444444444445,30.287777777777777,616.0
78.98416666666668,30.287777777777777,616.0
78.9838888888889,30.287777777777777,616.0
78.98361111111112,30.287777777777777,616.0
78.98333333333335,30.287777777777777,616.0
78.98305555555557,30.287777777777777,615.0
78.98277777777778,30.287777777777777,615.0
78.9825,30.287777777777777,615.0
78.98222222222223,30.287777777777777,615.0
78.98194444444445,30.287777777777777,615.0
78.98166666666667,30.287777777777777,615.0
78.9813888888889,30.287777777777777,615.0
78.98111111111112,30.287777777777777,615.0
78.98083333333334,30.287777777777777,615.0
78.98055555555557,30.287777777777777,614.0
78.98027777777779,30.287777777777777,614.0
78.98,30.287777777777777,614.0
78.97972222222224,30.287777777777777,614.0
78.97944444444445,30.287777777777777,614.0
78.97916666666667,30.287777777777777,614.0
78.9788888888889,30.287777777777777,614.0
78.97861111111112,30.287777777777777,614.0
78.97833333333334,30.2875,614.0
78.97805555555557,30.287222222222223,613.0
78.97777777777779,30.286944444444444,613.0
78.9775,30.28666666666667,613.0
78.97722222222222,30.28638888888889,613.0
78.97694444444446,30.28638888888889,613.0
78.97666666666667,30.28638888888889,613.0
78.97638888888889,30.28638888888889,613.0
78.97611111111112,30.28638888888889,612.0
78.97583333333334,30.28611111111111,612.0
78.97555555555556,30.28611111111111,612.0
78.97527777777779,30.285833333333333,612.0
78.97500000000001,30.28555555555556,612.0
78.97472222222223,30.28527777777778,612.0
78.97444444444446,30.285,612.0
78.97416666666668,30.28472222222222,611.0
78.9738888888889,30.28472222222222,611.0
78.97361111111113,30.284444444444446,611.0
78.97333333333334,30.284444444444446,611.0
78.97305555555556,30.284166666666668,611.0
78.97277777777778,30.28388888888889,611.0
78.97250000000001,30.28361111111111,611.0
78.97222222222223,30.283333333333335,610.0
78.97194444444445,30.283055555555556,610.0
78.97166666666668,30.282777777777778,610.0
78.9713888888889,30.282777777777778,610.0
78.97111111111111,30.2825,610.0
78.97083333333335,30.2825,610.0
78.97055555555556,30.282222222222224,610.0
78.97027777777778,30.281944444444445,609.0
78.97000000000001,30.281666666666663,609.0
78.96972222222223,30.281388888888888,609.0
78.96944444444445,30.281111111111112,609.0
78.96916666666668,30.280833333333337,609.0
78.9688888888889,30.280555555555555,609.0
78.96861111111112,30.28027777777778,608.0
78.96861111111112,30.28,608.0
78.96861111111112,30.279722222222222,608.0
78.96861111111112,30.279444444444444,608.0
78.96833333333335,30.27916666666667,608.0
78.96833333333335,30.27888888888889,608.0
78.96833333333335,30.27861111111111,608.0
78.96833333333335,30.278333333333332,608.0
78.96833333333335,30.278055555555557,607.0
78.96805555555557,30.278055555555557,607.0
78.96777777777778,30.27777777777778,607.0
78.9675,30.2775,607.0
78.96722222222223,30.27722222222222,607.0
78.96694444444445,30.27694444444445,607.0
78.96666666666667,30.276666666666667,607.0
78.9663888888889,30.27638888888889,607.0
78.96611111111112,30.27611111111111,606.0
78.96583333333334,30.27611111111111,606.0
78.96555555555557,30.27611111111111,606.0
